idMES,DELEGACION DE TRANSITO,FECHA DEL ACCIDENTE,DIA DE LA SEMANA,HORA EN QUE SE RECIBIO LA LLAMADA REPORTANDO EL ACCIDENTE,HORA DE ARRIBO DEL PERITO AL SITIO,HORA DE REGRESO DEL PERITO A LAS INSTALACIONES DE SU DELEGACION,LOCALIDAD ACCIDENTE,MUNICIPIO ACCIDENTE,ZONA,CARRETERA/KILOMETRO DEL ACCIDENTE,NUMERO DE AVENIDA,CALLE/AVENIDA DEL ACCIDENTE,COLONIA,ENTRE CALLES,CONDICIONES DE LA VIA,CONDICIONES NATURALES,SUPERFICIE DE LA VIA,ESTADO DE LA VIA,TANGENTE,TIPO DE CONTROL DE TRANSITO,RESTRICCIONES DE LA VIA,TIPO DE ACCIDENTE,FORMA DE ACCIDENTARSE,CONTRA QUE FUE EL IMPACTO,CANTIDAD DE VEHICULOS,TIPO DE VEHICULO,MARCA,SUBMARCA,ENTIDAD FEDERATIVA DEL VEHICULO,COLOR DEL VEHICULO,MOTOR,SERIE,TIPO DE SERVICIO PARA EL QUE SE OCUPAN LOS VEHICULOS,ASEGURADO,EDAD CONDUCTOR,SEXO CONDUCTOR,TIPO LICENCIA,LICENCIA VIGENTE,CAUSA ATRIBUIBLE AL CONDUCTOR,CAUSA ATRIBUIBLE AL PEATON,DANIOS (MONTO APROXIMADO EN MXN),NUMERO DE HERIDOS,MUJER HERIDA DE 0-15 ANIOS,HOMBRE HERIDO DE 0-15 ANIOS,MUJER HERIDA DE 16-30 ANIOS,HOMBRE HERIDO DE 16-30 ANIOS,MUJER HERIDA DE 31-45 ANIOS,HOMBRE HERIDO DE 31-45 ANIOS,MUJER HERIDA DE 46-60 ANIOS,HOMBRE HERIDO DE 46-60 ANIOS,MUJER HERIDA MAS DE 60 ANIOS,HOMBRE HERIDO MAS DE 60 ANIOS,NUMERO DE MUERTOS,MUJER MUERTA DE 0-15 ANIOS,HOMBRE MUERTO DE 0-15 ANIOS,MUJER MUERTA DE 16-30 ANIOS,HOMBRE MUERTO DE 16-30 ANIOS,MUJER MUERTA DE 31-45 ANIOS,HOMBRE MUERTO DE 31-45 ANIOS,MUJER MUERTA DE 46-60 ANIOS,HOMBRE MUERTO DE 46-60 ANIOS,MUJER MUERTA MAS DE 60 ANIOS,HOMBRE MUERTO MAS DE 60 ANIOS
1,XALAPA,01/01/2014,MIÉRCOLES,,00:35,,XALAPA,XALAPA,URBANA,,,JUAN SEBASTIAN BACH,INDECO ANIMAS,,BUENO,,ASFALTO,,A NIVEL,NINGUNA,SIN RESTRICCIÓN,COLISIÓN,,VEHÍCULO ESTACIONADO,3,CC - CAMIÓN DE CARGA,CHRYSLER,D-600,VERACRUZ,BLANCO,HECHO EN MEXICO,3BGWE66363272,P - PARTICULAR,NO,,,,,,,,0,,,,,,,,,,,,,,,,,,,,,
1,,,,,,,,,,,,,,,,,,,,,,,,,,A - AUTOMÓVIL,NISSAN,TSURU,VERACRUZ,TITANIO,QG186793012,3NIEB1564242941,P - PARTICULAR,NO,33,HOMBRE,B,SI,VELOCIDAD INMODERADA,NO APLICA,1500,,,,,,,,,,,,,,,,,,,,,,
1,,,,,,,,,,,,,,,,,,,,,,,,,,A - AUTOMÓVIL,NISSAN,TSURU,VERACRUZ,PLATA,GA168725395,3NIEB3155X3445062,P - PARTICULAR,NO,,HOMBRE,,NO,,,15000,,,,,,,,,,,,,,,,,,,,,,
2,XALAPA,01/01/2014,MIÉRCOLES,,18:35,,XALAPA,XALAPA,URBANA,,,CALLE BANANAS,CASA BLANCA,,REGULAR,LLUVIA,CONCRETO,MOJADO,DESCENDENTE,NINGUNA,SIN RESTRICCIÓN,COLISIÓN,,OBJETO FIJO,1,,,,,,,,,,,,,,,,,0,,,,,,,,,,,,,,,,,,,,,
2,,,,,,,,,,,,,,,,,,,,,,,,,,C - CAMIONETA,PLYMOUNTH,VOYAGER,VERACRUZ,VERDE,HECHO EN USA,SP4625R358479,P - PARTICULAR,NO,67,HOMBRE,B,SI,NO RESPETAR CEDA EL PASO,NO APLICA,1000,,,,,,,,,,,,,,,,,,,,,,
2,,,,,,,,,,,,,,,,,,,,,,,,,,,,,,,,,,,,,,,,,1000,,,,,,,,,,,,,,,,,,,,,,
3,XALAPA,01/01/2014,MIÉRCOLES,,20:10,20:55,XALAPA,XALAPA,URBANA,,,AVENIDA LAZARO CARDENAS,ANIMAS,,BUENO,NIEBLA,CONCRETO,MOJADO,ASCENDENTE,NINGUNA,SIN RESTRICCIÓN,COLISIÓN,,OBJETO FIJO,1,,,,,,,,,,,,,,,,,0,,,,,,,,,,,,,,,,,,,,,
3,,,,,,,,,,,1,,,,,,,,,,,,,,,C - CAMIONETA,CHRYSLER,CARAVAN,PUEBLA,AZUL,HECHO EN USA,1B4CP44PCB54388,P - PARTICULAR,NO,,,,NO,NO GUARDAR DISTANCIA,NO APLICA,10000,,,,,,,,,,,,,,,,,,,,,,
4,XALAPA,01/01/2014,MIÉRCOLES,21:30,21:43,,XALAPA,XALAPA,URBANA,,,CIRCUITO PRESIDENTES,CUAUHTEMOC,,BUENO,NIEBLA,ASFALTO,SECO,DESCENDENTE,NINGUNA,SIN RESTRICCIÓN,VOLCADURA,,VEHÍCULO CIRCULANDO,1,,,,,,,,,,,,,,,,,0,,,,,,,,,,,,,,,,,,,,,
4,,,,,,,,,,,9,,,,,,,,,,,,,,,C - CAMIONETA,NISSAN,ROGUE,VERACRUZ,PLATA,HECHO EN USA,JN8A5872AW721501,P - PARTICULAR,NO,,,,NO,VELOCIDAD INMODERADA,NO APLICA,30000,,,,,,,,,,,,,,,,,,,,,,
5,XALAPA,01/01/2014,MIÉRCOLES,,17:15,,XALAPA,XALAPA,URBANA,,,ARAUCARIAS,ANIMAS,,BUENO,,CONCRETO,,DESCENDENTE,NINGUNA,SIN RESTRICCIÓN,COLISIÓN,ÁNGULO,VEHÍCULO CIRCULANDO,2,C - CAMIONETA,CHRYSLER,RAM,VERACRUZ,NEGRO,HECHO EN MEXICO,PM106170,P - PARTICULAR,NO,23,HOMBRE,,NO,,,2500,0,,,,,,,,,,,,,,,,,,,,,
5,,,,,,,,,,,,,,,,,,,,,,,,,,A - AUTOMÓVIL,HONDA,ACCORD,PUEBLA,NEGRO,1.35E+13,1HCT227A90035,P - PARTICULAR,NO,26,HOMBRE,C,SI,VELOCIDAD INMODERADA,NO APLICA,15000,,,,,,,,,,,,,,,,,,,,,,
6,XALAPA,01/02/2014,JUEVES,,00:00,,XALAPA,XALAPA,URBANA,,,BOULEVAR EUROPA Y CALLE BERNA,MONTE MAGNA,,BUENO,,CONCRETO,,A NIVEL,NINGUNA,SIN RESTRICCIÓN,COLISIÓN,ÁNGULO,VEHÍCULO CIRCULANDO,2,,,,,,,,,,,,,,,,,0,,,,,,,,,,,,,,,,,,,,,
6,,,,,,,,,,,,,,,,,,,,,,,,,,M - MOTOCICLETA,DIKON,BERLIN 125,VERACRUZ,ROJO,JK156FMIBR00080,1YHZ153000C1100158,P - PARTICULAR,SI,24,HOMBRE,,NO,NO GUARDAR DISTANCIA,NO APLICA,5000,,,,,,,,,,,,,,,,,,,,,,
6,,,,,,,,,,,,,,,,,,,,,,,,,,A - AUTOMÓVIL,NISSAN,TIDA,VERACRUZ,NEGRO,MR18291522H,3NBC11G382469019,P - PARTICULAR,SI,17,HOMBRE,C,SI,,,12000,,,,,,,,,,,,,,,,,,,,,,
7,XALAPA,01/02/2014,JUEVES,,16:00,16:35,XALAPA,XALAPA,URBANA,,,CIUDAD DE LAS FLORES,BOSQUE,,BUENO,,CONCRETO,,A NIVEL,NINGUNA,SIN RESTRICCIÓN,COLISIÓN,POR ALCANCE,VEHÍCULO CIRCULANDO,2,,,,,,,,,,,,,,,,,0,,,,,,,,,,,,,,,,,,,,,
7,,,,,,,,,,,,,,,,,,,,,,,,,,C - CAMIONETA,PEUGEOT,PALTNER,VERACRUZ,GRIS,10FX6W36411763,VF3CN6A77J006909,P - PARTICULAR,SI,34,HOMBRE,C,SI,NO GUARDAR DISTANCIA,NO APLICA,1200,,,,,,,,,,,,,,,,,,,,,,
7,,,,,,,,,,,,,,,,,,,,,,,,,,A - AUTOMÓVIL,RENAULT,LAGUNA PRILEGE,VERACRUZ,NEGRO,F160993,VFLBG3LE4SS1984,P - PARTICULAR,NO,24,HOMBRE,,NO,,,9000,,,,,,,,,,,,,,,,,,,,,,
8,XALAPA,01/02/2014,JUEVES,,14:10,,XALAPA,XALAPA,URBANA,,,AVENIDA MURILLO VIDAL,,,BUENO,,CONCRETO,,A NIVEL,NINGUNA,SIN RESTRICCIÓN,COLISIÓN,POR ALCANCE,VEHÍCULO CIRCULANDO,2,,,,,,,,,,,,,,,,,0,,,,,,,,,,,,,,,,,,,,,
8,,,,,,,,,,,11,,,,,,,,,,,,,,,A - AUTOMÓVIL,CHEVROLET,CHEVY,CHIAPAS,BLANCO,2M06120PD,3G1SF224YS252524,P - PARTICULAR,NO,32,MUJER,C,SI,NO GUARDAR DISTANCIA,NO APLICA,3000,,,,,,,,,,,,,,,,,,,,,,
8,,,,,,,,,,,,,,,,,,,,,,,,,,B - BICICLETA,FORD,EXPLORER,VERACRUZ,ROJO,SIN NUMERO,1FMDU34EVU96868,P - PARTICULAR,NO,64,HOMBRE,B,SI,,,600,,,,,,,,,,,,,,,,,,,,,,
9,XALAPA,01/02/2014,JUEVES,,10:45,,XALAPA,XALAPA,URBANA,,,CIRCUITO AGUIRRE,,,BUENO,SOLEADO,ASFALTO,SECO,ASCENDENTE,NINGUNA,SIN RESTRICCIÓN,COLISIÓN,ÁNGULO,VEHÍCULO CIRCULANDO,2,,,,,,,,,,,,,,,,,0,,,,,,,,,,,,,,,,,,,,,
9,,,,,,,,,,,,,,,,,,,,,,,,,,A - AUTOMÓVIL,NISSAN,TSURU,VERACRUZ,BLANCO/VERDE,GA18860463W,3NIEB31X9K334689,PE - PÚBLICO ESTATAL,SI,37,HOMBRE,,NO,VELOCIDAD INMODERADA,NO APLICA,2000,,,,,,,,,,,,,,,,,,,,,,
9,,,,,,,,,,,,,,,,,,,,,,,,,,A - AUTOMÓVIL,VOLKSWAGEN,POINTER,VERACRUZ,ROJO,UDH263461,9BWDCO5X02T124338,P - PARTICULAR,NO,51,HOMBRE,A,SI,,,2500,,,,,,,,,,,,,,,,,,,,,,
10,XALAPA,01/02/2014,JUEVES,,14:00,14:30,XALAPA,XALAPA,URBANA,,,AVENIDA LAZARO CARDENAS,ANIMAS,,BUENO,,ASFALTO,,ASCENDENTE,NINGUNA,SIN RESTRICCIÓN,COLISIÓN,POR ALCANCE,VEHÍCULO CIRCULANDO,2,,,,,,,,,,,,,,,,,0,,,,,,,,,,,,,,,,,,,,,
10,,,,,,,,,,,1,,,,,,,,,,,,,,,A - AUTOMÓVIL,NISSAN,TSURU,VERACRUZ,ROJO,GA16775362Y,3NIEB3158K313913,PE - PÚBLICO ESTATAL,SI,28,HOMBRE,A,SI,NO GUARDAR DISTANCIA,NO APLICA,2500,,,,,,,,,,,,,,,,,,,,,,
10,,,,,,,,,,,,,,,,,,,,,,,,,,A - AUTOMÓVIL,SUZUKI,SX-4,VERACRUZ,ROJO,12081010464,1ZYA5156300392,P - PARTICULAR,SI,33,HOMBRE,A,SI,,,3500,,,,,,,,,,,,,,,,,,,,,,
11,XALAPA,01/02/2014,JUEVES,,15:30,,XALAPA,XALAPA,URBANA,,,ENRIQUEZ,CENTRO,CARRILLO PUERTO,BUENO,,CONCRETO,,A NIVEL,NINGUNA,SIN RESTRICCIÓN,COLISIÓN,POR ALCANCE,VEHÍCULO CIRCULANDO,2,,,,,,,,,,,,,,,,,0,,,,,,,,,,,,,,,,,,,,,
11,,,,,,,,,,,,,,,,,,,,,,,,,,C - CAMIONETA,CHEVROLET,TRACKER,VERACRUZ,BLANCO,HECHO EN USA,8A11CJ203344,P - PARTICULAR,SI,34,HOMBRE,A,SI,NO GUARDAR DISTANCIA,NO APLICA,2000,,,,,,,,,,,,,,,,,,,,,,
11,,,,,,,,,,,,,,,,,,,,,,,,,,A - AUTOMÓVIL,NISSAN,TSURU,VERACRUZ,BLANCO/VERDE,GA16853868W,3NIEB3150K343933,PE - PÚBLICO ESTATAL,SI,44,HOMBRE,A,SI,,,1000,,,,,,,,,,,,,,,,,,,,,,
12,XALAPA,01/02/2014,JUEVES,,18:50,,XALAPA,XALAPA,URBANA,,,ALTAMIRANO,CENTRO,CLAVIJERO,BUENO,,CONCRETO,,A NIVEL,NINGUNA,SIN RESTRICCIÓN,COLISIÓN,ÁNGULO,VEHÍCULO CIRCULANDO,2,,,,,,,,,,,,,,,,,0,,,,,,,,,,,,,,,,,,,,,
12,,,,,,,,,,,,,,,,,,,,,,,,,,C - CAMIONETA,CHEVROLET,R3600,VERACRUZ,ROJA,3M100820,3GBJC34R53M100820,P - PARTICULAR,NO,44,HOMBRE,A,SI,CAMBIAR CARRIL SIN PRECAUCIÓN,NO APLICA,1500,,,,,,,,,,,,,,,,,,,,,,
12,,,,,,,,,,,,,,,,,,,,,,,,,,A - AUTOMÓVIL,NISSAN,TSURU,VERACRUZ,BLANCO/VERDE,GA16816307W,3NIEB3158AK,PE - PÚBLICO ESTATAL,SI,39,HOMBRE,A,SI,,,,,,,,,,,,,,,,,,,,,,,,,
13,XALAPA,01/02/2014,JUEVES,,23:10,,XALAPA,XALAPA,URBANA,,,XALAPEÑOS ILUSTRES,CENTRO,,BUENO,,CONCRETO,,A NIVEL,NINGUNA,SIN RESTRICCIÓN,COLISIÓN,LATERAL,VEHÍCULO CIRCULANDO,2,,,,,,,,,,,,,,,,,0,,,,,,,,,,,,,,,,,,,,,
13,,,,,,,,,,,,,,,,,,,,,,,,,,A - AUTOMÓVIL,NISSAN,TSURU,VERACRUZ,BLANCO,GA16864735V,3NIEB31S77303171,PE - PÚBLICO ESTATAL,SI,21,HOMBRE,A,SI,CAMBIAR CARRIL SIN PRECAUCIÓN,NO APLICA,1500,,,,,,,,,,,,,,,,,,,,,,
13,,,,,,,,,,,,,,,,,,,,,,,,,,AS - AUTOBÚS SUBURBANO,INTERNATIONAL,CHASIS,VERACRUZ,BLANCO/ROJO,470HMZU1216461,3HVBNAAN3YN,PE - PÚBLICO ESTATAL,SI,26,HOMBRE,A,SI,,,6000,,,,,,,,,,,,,,,,,,,,,,
14,XALAPA,01/02/2014,JUEVES,,13:00,,XALAPA,XALAPA,URBANA,,,AVENIDA VILLAHERMOSA,PROGRESO MACUILTEPEC,,BUENO,SOLEADO,CONCRETO,,A NIVEL,NINGUNA,SIN RESTRICCIÓN,COLISIÓN,POR ALCANCE,VEHÍCULO CIRCULANDO,2,,,,,,,,,,,,,,,,,0,,,,,,,,,,,,,,,,,,,,,
14,,,,,,,,,,,6,,,,,,,,,,,,,,,A - AUTOMÓVIL,CHEVROLET,CHEVY,VERACRUZ,BLANCO,SIN NUMERO,3G1SF61X37S118691,P - PARTICULAR,NO,55,MUJER,C,SI,VELOCIDAD INMODERADA,NO APLICA,3000,,,,,,,,,,,,,,,,,,,,,,
14,,,,,,,,,,,,,,,,,,,,,,,,,,M - MOTOCICLETA,MOTOCICLETA,CARGO 150,VERACRUZ,NEGRO,SIN NUMERO,3H1KA44179DD00859,P - PARTICULAR,NO,20,HOMBRE,,SI,,,2500,,,,,,,,,,,,,,,,,,,,,,
15,XALAPA,01/02/2014,JUEVES,,17:35,,XALAPA,XALAPA,URBANA,,,CALLE SOL,VILLA XALAPA,,BUENO,,CONCRETO,,A NIVEL,NINGUNA,SIN RESTRICCIÓN,COLISIÓN,,VEHÍCULO ESTACIONADO,2,,,,,,,,,,,,,,,,,0,,,,,,,,,,,,,,,,,,,,,
15,,,,,,,,,,,,,,,,,,,,,,,,,,C - CAMIONETA,FORD,RANGER,VERACRUZ,NEGRO,SIN NUMERO,SP4625R358479,P - PARTICULAR,NO,,,,,VELOCIDAD INMODERADA,OTRO,500,,,,,,,,,,,,,,,,,,,,,,
15,,,,,,,,,,,,,,,,,,,,,,,,,,A - AUTOMÓVIL,VOLKSWAGEN,JETTA,MORELOS,NEGRO,SIN NUMERO,SP4625R358479,P - PARTICULAR,NO,,,,,,,2500,,,,,,,,,,,,,,,,,,,,,,
16,XALAPA,01/03/2014,VIERNES,,08:15,,XALAPA,XALAPA,URBANA,,,AVENIDA 20 DE NOVIEMBRE,CENTRO,,BUENO,SOLEADO,CONCRETO,SECO,DESCENDENTE,NINGUNA,SIN RESTRICCIÓN,COLISIÓN,ÁNGULO,VEHÍCULO CIRCULANDO,2,,,,,,,,,,,,,,,,,0,,,,,,,,,,,,,,,,,,,,,
16,,,,,,,,,,,5,,,,,,,,,,,,,,,A - AUTOMÓVIL,NISSAN,TSURU,VERACRUZ,PLATA,GA16827622W,3NIEB31559K05214,P - PARTICULAR,SI,70,HOMBRE,A,SI,NO RESPETAR SEÑAL DE ALTO,NO APLICA,2500,,,,,,,,,,,,,,,,,,,,,,
16,,,,,,,,,,,,,,,,,,,,,,,,,,A - AUTOMÓVIL,CHEVROLET,SPARK,VERACRUZ,BLANCO/VERDE,HECHO EN COREA,KL0BDI872865,PE - PÚBLICO ESTATAL,SI,38,HOMBRE,A,SI,,,4000,,,,,,,,,,,,,,,,,,,,,,
17,XALAPA,01/03/2014,VIERNES,08:25,08:32,,XALAPA,XALAPA,URBANA,,,AVENIDA 28 AGOSTO NO 262,FERRER GUARDIA,,REGULAR,SOLEADO,ASFALTO,,A NIVEL,NINGUNA,SIN RESTRICCIÓN,COLISIÓN,LATERAL,VEHÍCULO CIRCULANDO,2,,,,,,,,,,,,,,,,,0,,,,,,,,,,,,,,,,,,,,,
17,,,,,,,,,,,20,,,,,,,,,,,,,,,A - AUTOMÓVIL,VOLKSWAGEN,COMBI,VERACRUZ,BLANCO,HECHO EN MEXICO,236210323,P - PARTICULAR,NO,41,HOMBRE,,NO,CAMBIAR CARRIL SIN PRECAUCIÓN,NO APLICA,,,,,,,,,,,,,,,,,,,,,,,
17,,,,,,,,,,,,,,,,,,,,,,,,,,A - AUTOMÓVIL,RENAULT,SANDERO,VERACRUZ,ROJO/BLANCO,Q03381,93YB60855AJO64287,P - PARTICULAR,NO,31,HOMBRE,A,SI,,,2000,,,,,,,,,,,,,,,,,,,,,,
18,XALAPA,01/03/2014,VIERNES,,09:30,,XALAPA,XALAPA,URBANA,,,VENUSTIANO CARRANZA,JOSE CARRILLO PUERTO,,BUENO,,CONCRETO,,A NIVEL,NINGUNA,SIN RESTRICCIÓN,COLISIÓN,LATERAL,VEHÍCULO CIRCULANDO,2,,,,,,,,,,,,,,,,,0,,,,,,,,,,,,,,,,,,,,,
18,,,,,,,,,,,,,,,,,,,,,,,,,,AS - AUTOBÚS SUBURBANO,MERCEDES BENZ,CHASIS,VERACRUZ,BLANCO,9.05E+13,5DHAAZCN51MK3292,PE - PÚBLICO ESTATAL,NO,43,HOMBRE,A,SI,CAMBIAR CARRIL SIN PRECAUCIÓN,NO APLICA,1000,,,,,,,,,,,,,,,,,,,,,,
18,,,,,,,,,,,,,,,,,,,,,,,,,,A - AUTOMÓVIL,NISSAN,MARCH,VERACRUZ,VERACRUZ,HR167898656,3NICK3CDXDL254477,P - PARTICULAR,NO,66,HOMBRE,A,SI,,,1100,,,,,,,,,,,,,,,,,,,,,,
19,XALAPA,01/03/2014,VIERNES,,10:30,,XALAPA,XALAPA,URBANA,,,AVENIDA LAZARO CARDENAS,,,BUENO,SOLEADO,CONCRETO,SECO,A NIVEL,NINGUNA,SIN RESTRICCIÓN,COLISIÓN,LATERAL,VEHÍCULO CIRCULANDO,2,,,,,,,,,,,,,,,,,0,,,,,,,,,,,,,,,,,,,,,
19,,,,,,,,,,,1,,,,,,,,,,,,,,,A - AUTOMÓVIL,FORD,FIESTA,VERACRUZ,BLANCO,HECHO EN USA,MALFP7B11997,P - PARTICULAR,SI,31,MUJER,A,SI,CAMBIAR CARRIL SIN PRECAUCIÓN,NO APLICA,500,,,,,,,,,,,,,,,,,,,,,,
19,,,,,,,,,,,,,,,,,,,,,,,,,,A - AUTOMÓVIL,NISSAN,TSURU,VERACRUZ,BLANCO/VERDE,GA16808342Y,3NIEB21516K32754,PE - PÚBLICO ESTATAL,SI,26,HOMBRE,A,SI,,,500,,,,,,,,,,,,,,,,,,,,,,
20,XALAPA,01/03/2014,VIERNES,,11:40,12:00,XALAPA,XALAPA,URBANA,,,AVENIDA LAZARO CARDENAS,RAFAEL LUCIO,,BUENO,SOLEADO,CONCRETO,SECO,ASCENDENTE,NINGUNA,SIN RESTRICCIÓN,COLISIÓN,ÁNGULO,VEHÍCULO CIRCULANDO,2,,,,,,,,,,,,,,,,,0,,,,,,,,,,,,,,,,,,,,,
20,,,,,,,,,,,1,,,,,,,,,,,,,,,A - AUTOMÓVIL,NISSAN,TSURU,VERACRUZ,ROJO/BLANCO,GA167705542,3NIEB3158K540026,PE - PÚBLICO ESTATAL,SI,26,HOMBRE,A,SI,NO RESPETAR CEDA EL PASO,NO APLICA,2000,,,,,,,,,,,,,,,,,,,,,,
20,,,,,,,,,,,,,,,,,,,,,,,,,,A - AUTOMÓVIL,RENAULT,SANDERO,VERACRUZ,AZUL,Q002631,93NP52BJ06658,P - PARTICULAR,NO,51,HOMBRE,,NO,,,2000,,,,,,,,,,,,,,,,,,,,,,
21,XALAPA,01/03/2014,VIERNES,,17:45,18:20,XALAPA,XALAPA,URBANA,,,AVENIDA IGNACIO DE LA LLAVE,CENTRO,,REGULAR,LLUVIA,CONCRETO,MOJADO,DESCENDENTE,NINGUNA,SIN RESTRICCIÓN,COLISIÓN,ÁNGULO,VEHÍCULO CIRCULANDO,2,,,,,,,,,,,,,,,,,1,,,,,,,,,,,,,,,,,,,,,
21,,,,,,,,,,,8,,,,,,,,,,,,,,,A - AUTOMÓVIL,NISSAN,TSURU,VERACRUZ,ROJO/BLANCO,GA1687174W,3NIEB315529K3456413,PE - PÚBLICO ESTATAL,SI,55,MUJER,A,SI,,,4000,,,,,,,,,,,,,,,,,,,,,,
21,,,,,,,,,,,,,,,,,,,,,,,,,,M - MOTOCICLETA,DIKON,BERLIN 125,VERACRUZ,NEGRO,1K158FM1B1270051,L4HZ1530311007,P - PARTICULAR,NO,28,HOMBRE,A,SI,NO GUARDAR DISTANCIA,NO APLICA,4000,,,,1,,,,,,,,,,,,,,,,,,
22,XALAPA,01/03/2014,VIERNES,,19:00,,XALAPA,XALAPA,URBANA,,,AVENIDA LAZARO CARDENAS,,IGNACIO DE LA LLAVE,BUENO,LLUVIA,ASFALTO,MOJADO,A NIVEL,NINGUNA,SIN RESTRICCIÓN,COLISIÓN,LATERAL,VEHÍCULO CIRCULANDO,2,,,,,,,,,,,,,,,,,0,,,,,,,,,,,,,,,,,,,,,
22,,,,,,,,,,,,,,,,,,,,,,,,,,A - AUTOMÓVIL,NISSAN,SENTRA,DISTRITO FEDERAL,GRIS,QG18623Y472P,3NICB51S0IL014203,P - PARTICULAR,NO,46,HOMBRE,A,SI,,,1000,,,,,,,,,,,,,,,,,,,,,,
22,,,,,,,,,,,,,,,,,,,,,,,,,,A - AUTOMÓVIL,CHEVROLET,ASTRA,VERACRUZ,DORADO,HECHO EN BRASIL,93C7C69B36B187460,P - PARTICULAR,NO,25,HOMBRE,A,SI,CAMBIAR CARRIL SIN PRECAUCIÓN,NO APLICA,1000,,,,,,,,,,,,,,,,,,,,,,
23,XALAPA,01/03/2014,VIERNES,,20:00,,XALAPA,XALAPA,URBANA,,,AVENIDA 28 AGOSTO NO 240,,,BUENO,,ASFALTO,,A NIVEL,NINGUNA,SIN RESTRICCIÓN,COLISIÓN,LATERAL,VEHÍCULO CIRCULANDO,2,,,,,,,,,,,,,,,,,0,,,,,,,,,,,,,,,,,,,,,
23,,,,,,,,,,,20,,,,,,,,,,,,,,,A - AUTOMÓVIL,NISSAN,VERSA,CAMPECHE,GRIS,HR16839460E,3NICN7AD9CL896009,P - PARTICULAR,NO,35,MUJER,A,SI,CAMBIAR CARRIL SIN PRECAUCIÓN,NO APLICA,5000,,,,,,,,,,,,,,,,,,,,,,
23,,,,,,,,,,,,,,,,,,,,,,,,,,AS - AUTOBÚS SUBURBANO,MERCEDES BENZ,CHASIS,VERACRUZ,BLANCO,SIN NUMERO,SIN NUMERO,PE - PÚBLICO ESTATAL,NO,26,HOMBRE,A,SI,,,1000,,,,,,,,,,,,,,,,,,,,,,
24,XALAPA,01/03/2014,VIERNES,,21:20,21:45,XALAPA,XALAPA,URBANA,,,AVENIDA LAZARO CARDENAS,ANIMAS,,BUENO,,CONCRETO,SECO,A NIVEL,NINGUNA,SIN RESTRICCIÓN,COLISIÓN,LATERAL,VEHÍCULO CIRCULANDO,2,,,,,,,,,,,,,,,,,0,,,,,,,,,,,,,,,,,,,,,
24,,,,,,,,,,,1,,,,,,,,,,,,,,,A - AUTOMÓVIL,NISSAN,TSURU,VERACRUZ,BLANCO/VERDE,GA167109Y,3NIEB31555317836,P - PARTICULAR,NO,21,HOMBRE,A,SI,VELOCIDAD INMODERADA,NO APLICA,2500,,,,,,,,,,,,,,,,,,,,,,
24,,,,,,,,,,,,,,,,,,,,,,,,,,AS - AUTOBÚS SUBURBANO,MERCEDES BENZ,CHASIS,VERACRUZ,BLANCO/VERDE,4996M248967,1BAAGCPA1F20163,PE - PÚBLICO ESTATAL,NO,41,HOMBRE,A,SI,,,1000,,,,,,,,,,,,,,,,,,,,,,
25,XALAPA,01/03/2014,VIERNES,,19:05,,XALAPA,XALAPA,URBANA,,,RIO PAPALOAPAN,CAROLINO ANAYA,,BUENO,,ASFALTO,,DESCENDENTE,NINGUNA,SIN RESTRICCIÓN,VOLCADURA,,VEHÍCULO CIRCULANDO,1,,,,,,,,,,,,,,,,,1,,,,,,,,,,,,,,,,,,,,,
25,,,,,,,,,,,,,,,,,,,,,,,,,,A - AUTOMÓVIL,CHEVROLET,CHEVY,VERACRUZ,PLATA,HECHO EN MEXICO,3G1SF24221128605,P - PARTICULAR,NO,26,HOMBRE,A,SI,NO GUARDAR DISTANCIA,NO APLICA,500,,,,,,1,,,,,,,,,,,,,,,,
26,XALAPA,01/03/2014,VIERNES,,15:20,,XALAPA,XALAPA,URBANA,PLAN DE RIO,,,,,BUENO,,CONCRETO,,A NIVEL,NINGUNA,SIN RESTRICCIÓN,COLISIÓN,POR ALCANCE,VEHÍCULO CIRCULANDO,3,A - AUTOMÓVIL,NISSAN,ESTACAS,VERACRUZ,BLANCO,KA24564329A,3N6D25T8CK037702,P - PARTICULAR,NO,38,HOMBRE,A,SI,,,10000,0,,,,,,,,,,,,,,,,,,,,,
26,,,,,,,,,,,,,,,,,,,,,,,,,,A - AUTOMÓVIL,VOLKSWAGEN,POINTER,DISTRITO FEDERAL,BLANCO,UDH348865,9BWDC05X55T,P - PARTICULAR,NO,39,HOMBRE,,NO,VELOCIDAD INMODERADA,NO APLICA,10000,,,,,,,,,,,,,,,,,,,,,,
26,,,,,,,,,,,,,,,,,,,,,,,,,,A - AUTOMÓVIL,MAZDA,MAZDA -3,VERACRUZ,GRIS,LF115529673,JMB11VFD183411,P - PARTICULAR,NO,,,,NO,,,10000,,,,,,,,,,,,,,,,,,,,,,
27,VERACRUZ,01/03/2014,VIERNES,15:48,16:07,16:25,XALAPA,XALAPA,URBANA,,,AVENIDA BOLIVIA,,,BUENO,NIEBLA,ASFALTO,MOJADO,ASCENDENTE,NINGUNA,SIN RESTRICCIÓN,COLISIÓN,POR ALCANCE,VEHÍCULO CIRCULANDO,2,,,,,,,,,,,,,,,,,2,,,,,,,,,,,,,,,,,,,,,
27,,,,,,,,,,,19,,,,,,,,,,,,,,,A - AUTOMÓVIL,NISSAN,TSURU,VERACRUZ,NEGRO,GA16708469R,3NIEB3152XL136230,P - PARTICULAR,NO,48,HOMBRE,,NO,NO GUARDAR DISTANCIA,NO APLICA,5000,,,,,,,,,,,,,,,,,,,,,,