idMES,DELEGACION DE TRANSITO,FECHA DEL ACCIDENTE,DIA DE LA SEMANA,HORA EN QUE SE RECIBIO LA LLAMADA REPORTANDO EL ACCIDENTE,HORA DE ARRIBO DEL PERITO AL SITIO,HORA DE REGRESO DEL PERITO A LAS INSTALACIONES DE SU DELEGACION,LOCALIDAD ACCIDENTE,MUNICIPIO ACCIDENTE,ZONA,CARRETERA/KILOMETRO DEL ACCIDENTE,NUMERO DE AVENIDA,CALLE/AVENIDA DEL ACCIDENTE,COLONIA,ENTRE CALLES,CONDICIONES DE LA VIA,CONDICIONES NATURALES,SUPERFICIE DE LA VIA,ESTADO DE LA VIA,TANGENTE,TIPO DE CONTROL DE TRANSITO,RESTRICCIONES DE LA VIA,TIPO DE ACCIDENTE,FORMA DE ACCIDENTARSE,CONTRA QUE FUE EL IMPACTO,CANTIDAD DE VEHICULOS,TIPO DE VEHICULO,MARCA,SUBMARCA,ENTIDAD FEDERATIVA DEL VEHICULO,COLOR DEL VEHICULO,MOTOR,SERIE,TIPO DE SERVICIO PARA EL QUE SE OCUPAN LOS VEHICULOS,ASEGURADO,EDAD CONDUCTOR,SEXO CONDUCTOR,TIPO LICENCIA,LICENCIA VIGENTE,CAUSA ATRIBUIBLE AL CONDUCTOR,CAUSA ATRIBUIBLE AL PEATON,DANIOS (MONTO APROXIMADO EN MXN),NUMERO DE HERIDOS,MUJER HERIDA DE 0-15 ANIOS,HOMBRE HERIDO DE 0-15 ANIOS,MUJER HERIDA DE 16-30 ANIOS,HOMBRE HERIDO DE 16-30 ANIOS,MUJER HERIDA DE 31-45 ANIOS,HOMBRE HERIDO DE 31-45 ANIOS,MUJER HERIDA DE 46-60 ANIOS,HOMBRE HERIDO DE 46-60 ANIOS,MUJER HERIDA MAS DE 60 ANIOS,HOMBRE HERIDO MAS DE 60 ANIOS,NUMERO DE MUERTOS,MUJER MUERTA DE 0-15 ANIOS,HOMBRE MUERTO DE 0-15 ANIOS,MUJER MUERTA DE 16-30 ANIOS,HOMBRE MUERTO DE 16-30 ANIOS,MUJER MUERTA DE 31-45 ANIOS,HOMBRE MUERTO DE 31-45 ANIOS,MUJER MUERTA DE 46-60 ANIOS,HOMBRE MUERTO DE 46-60 ANIOS,MUJER MUERTA MAS DE 60 ANIOS,HOMBRE MUERTO MAS DE 60 ANIOS
27,,,,,,,,,,,,,,,,,,,,,,,,,,A - AUTOMÓVIL,MAZDA,,DISTRITO FEDERAL,BLANCO,L510600145,JM5331487331,P - PARTICULAR,SI,39,MUJER,A,SI,,,6000,,,,,,,,2,,,,,,,,,,,,,,
28,XALAPA,01/04/2014,SÁBADO,,08:10,,XALAPA,XALAPA,URBANA,,,AVENIDA PRINCIPAL,,,REGULAR,,ASFALTO,,ASCENDENTE,NINGUNA,SIN RESTRICCIÓN,COLISIÓN,LATERAL,VEHÍCULO CIRCULANDO,2,,,,,,,,,,,,,,,,,0,,,,,,,,,,,,,,,,,,,,,
28,,,,,,,,,,,17,,,,,,,,,,,,,,,C - CAMIONETA,CHEVROLET,ESTACAS,VERACRUZ,ROJO,TV50005U8036815,51703KKCE00166,P - PARTICULAR,NO,30,HOMBRE,A,SI,CAMBIAR CARRIL SIN PRECAUCIÓN,NO APLICA,300,,,,,,,,,,,,,,,,,,,,,,
28,,,,,,,,,,,,,,,,,,,,,,,,,,C - CAMIONETA,FORD,F-150,VERACRUZ,BLANCO,SIN NUMERO,1FTDT1722W9974,P - PARTICULAR,NO,43,HOMBRE,B,SI,,,1300,,,,,,,,,,,,,,,,,,,,,,
29,XALAPA,01/04/2014,SÁBADO,12:15,12:40,13:05,XALAPA,XALAPA,URBANA,,,AVENIDA MURILLO VIDAL,,,BUENO,SOLEADO,CONCRETO,SECO,A NIVEL,NINGUNA,SIN RESTRICCIÓN,COLISIÓN,ÁNGULO,VEHÍCULO CIRCULANDO,2,,,,,,,,,,,,,,,,,0,,,,,,,,,,,,,,,,,,,,,
29,,,,,,,,,,,11,,,,,,,,,,,,,,,A - AUTOMÓVIL,NISSAN,TSURU,VERACRUZ,BLANCO/VERDE,GA16702399Y,3NIEB3158K305759,PE - PÚBLICO ESTATAL,NO,62,HOMBRE,A,SI,CAMBIAR CARRIL SIN PRECAUCIÓN,NO APLICA,1000,,,,,,,,,,,,,,,,,,,,,,
29,,,,,,,,,,,,,,,,,,,,,,,,,,C - CAMIONETA,CHEVROLET,TORNADO,VERACRUZ,ROJO,HECHO EN BRASIL,93XCM802X709638,P - PARTICULAR,SI,43,HOMBRE,B,SI,,,500,,,,,,,,,,,,,,,,,,,,,,
30,XALAPA,01/04/2014,SÁBADO,,12:45,13:20,XALAPA,XALAPA,URBANA,,,AVENIDA AMERICAS,JOSE CARDEL,,BUENO,,CONCRETO,,ASCENDENTE,NINGUNA,SIN RESTRICCIÓN,COLISIÓN,POR ALCANCE,VEHÍCULO CIRCULANDO,2,,,,,,,,,,,,,,,,,0,,,,,,,,,,,,,,,,,,,,,
30,,,,,,,,,,,3,,,,,,,,,,,,,,,AS - AUTOBÚS SUBURBANO,FREIGHTLINER,NAVISTAR,VERACRUZ,NARANJA/BLANCO,SIN NUMERO,DEJO80736,PE - PÚBLICO ESTATAL,NO,38,HOMBRE,A,SI,"VUELTA EN ""U""",NO APLICA,5000,,,,,,,,,,,,,,,,,,,,,,
30,,,,,,,,,,,,,,,,,,,,,,,,,,A - AUTOMÓVIL,VOLKSWAGEN,JETTA,VERACRUZ,PLATA,SIN NUMERO,3VWRV4CMIMOLO10353,P - PARTICULAR,NO,69,HOMBRE,C,SI,,,4500,,,,,,,,,,,,,,,,,,,,,,
31,XALAPA,01/04/2014,SÁBADO,14:17,14:30,15:40,XALAPA,XALAPA,URBANA,,,CALLE LAZARO CARDENAS,FERROCARRILERA,,BUENO,SOLEADO,CONCRETO,SECO,A NIVEL,NINGUNA,SIN RESTRICCIÓN,COLISIÓN,POR ALCANCE,VEHÍCULO CIRCULANDO,3,A - AUTOMÓVIL,NISSAN,TSURU,VERACRUZ,BLANCO/VERDE,GA16833235Y,3NIEB3154CK310394,PE - PÚBLICO ESTATAL,SI,43,HOMBRE,A,SI,,,4000,0,,,,,,,,,,,,,,,,,,,,,
31,,,,,,,,,,,,,,,,,,,,,,,,,,C - CAMIONETA,FORD,COURIER,VERACRUZ,BLANCO,SIN NUMERO,9BFBT32N497885386,P - PARTICULAR,SI,57,HOMBRE,A,SI,NO GUARDAR DISTANCIA,NO APLICA,1500,,,,,,,,,,,,,,,,,,,,,,
31,,,,,,,,,,,,,,,,,,,,,,,,,,A - AUTOMÓVIL,NISSAN,SENTRA,VERACRUZ,PLATA,MR204360284,3NIAB6AD6A44175,P - PARTICULAR,SI,33,HOMBRE,C,SI,,,2500,,,,,,,,,,,,,,,,,,,,,,
32,XALAPA,01/04/2014,SÁBADO,14:20,14:30,,XALAPA,XALAPA,URBANA,,,AVENIDA LAZARO CARDENAS,,,BUENO,SOLEADO,CONCRETO,SECO,A NIVEL,NINGUNA,SIN RESTRICCIÓN,COLISIÓN,POR ALCANCE,VEHÍCULO CIRCULANDO,2,,,,,,,,,,,,,,,,,3,,,,,,,,,,,,,,,,,,,,,
32,,,,,,,,,,,1,,,,,,,,,,,,,,,A - AUTOMÓVIL,NISSAN,TSURU,VERACRUZ,BLANCO/VERDE,GA1897258W,3NIEB313601094,PE - PÚBLICO ESTATAL,SI,37,HOMBRE,A,SI,NO GUARDAR DISTANCIA,NO APLICA,6000,,,,,,,,,,,,,,,,,,,,,,
32,,,,,,,,,,,,,,,,,,,,,,,,,,A - AUTOMÓVIL,BMW,JAGUAR,VERACRUZ,AZUL,25K4FM48134579,SAARRJ3127YM4480,P - PARTICULAR,NO,55,HOMBRE,C,SI,,,10000,,,,,,,,1,,,1,,,,,,,,,,,
33,XALAPA,01/04/2014,SÁBADO,,15:00,15:25,XALAPA,XALAPA,URBANA,,,AVENIDA ORIZABA,FRACCIONAMIENTO VERACRUZ,,BUENO,,CONCRETO,,ASCENDENTE,NINGUNA,SIN RESTRICCIÓN,COLISIÓN,ÁNGULO,VEHÍCULO CIRCULANDO,2,,,,,,,,,,,,,,,,,0,,,,,,,,,,,,,,,,,,,,,
33,,,,,,,,,,,,,,,,,,,,,,,,,,A - AUTOMÓVIL,NISSAN,TSURU,VERACRUZ,BLANCO/VERDE,GA16850067V,3NIEB3156324667,PE - PÚBLICO ESTATAL,NO,37,HOMBRE,A,SI,NO RESPETAR CEDA EL PASO,NO APLICA,1500,,,,,,,,,,,,,,,,,,,,,,
33,,,,,,,,,,,,,,,,,,,,,,,,,,A - AUTOMÓVIL,PEUGEOT,,VERACRUZ,PLATA,10FHCA138219,VF3C5S2CW004646,P - PARTICULAR,NO,40,HOMBRE,A,SI,,,2500,,,,,,,,,,,,,,,,,,,,,,
34,XALAPA,01/04/2014,SÁBADO,,16:00,,XALAPA,XALAPA,URBANA,,,LUCIO,CENTRO,TAMBORREL,BUENO,,CONCRETO,,DESCENDENTE,NINGUNA,SIN RESTRICCIÓN,COLISIÓN,LATERAL,VEHÍCULO CIRCULANDO,2,,,,,,,,,,,,,,,,,0,,,,,,,,,,,,,,,,,,,,,
34,,,,,,,,,,,,,,,,,,,,,,,,,,A - AUTOMÓVIL,CHRYSLER,ATOS,VERACRUZ,BLANCO/ROJO,HECHO EN INDIA,MAZAB851HAM10683,PE - PÚBLICO ESTATAL,SI,31,HOMBRE,A,SI,CAMBIAR CARRIL SIN PRECAUCIÓN,NO APLICA,500,,,,,,,,,,,,,,,,,,,,,,
34,,,,,,,,,,,,,,,,,,,,,,,,,,A - AUTOMÓVIL,NISSAN,TSURU,VERACRUZ,BLANCO/ROJO,GA167094812,3NIEB31590K323031,PE - PÚBLICO ESTATAL,SI,55,HOMBRE,A,SI,,,500,,,,,,,,,,,,,,,,,,,,,,
35,XALAPA,01/04/2014,SÁBADO,,17:10,,XALAPA,XALAPA,URBANA,,,ENCANTO,,COYOACAN,BUENO,SOLEADO,CONCRETO,SECO,DESCENDENTE,NINGUNA,SIN RESTRICCIÓN,COLISIÓN,ÁNGULO,VEHÍCULO CIRCULANDO,2,,,,,,,,,,,,,,,,,0,,,,,,,,,,,,,,,,,,,,,
35,,,,,,,,,,,,,,,,,,,,,,,,,,A - AUTOMÓVIL,HONDA,ACCORD,VERACRUZ,PLATA,FL3A12016509,3HGCG5641XG00161,P - PARTICULAR,SI,34,HOMBRE,,NO,NO GUARDAR DISTANCIA,NO APLICA,4000,,,,,,,,,,,,,,,,,,,,,,
35,,,,,,,,,,,,,,,,,,,,,,,,,,A - AUTOMÓVIL,NISSAN,TSURU,VERACRUZ,BLANCO/VERDE,GA16761225Y,3NIEB3158K30075,PE - PÚBLICO ESTATAL,SI,38,HOMBRE,,NO,,,7000,,,,,,,,,,,,,,,,,,,,,,
36,XALAPA,01/04/2014,SÁBADO,,17:10,,XALAPA,XALAPA,URBANA,,,AVENIDA VILLAHERMOSA,DURANGO,,BUENO,,CONCRETO,,ASCENDENTE,NINGUNA,SIN RESTRICCIÓN,COLISIÓN,POR ALCANCE,VEHÍCULO CIRCULANDO,2,,,,,,,,,,,,,,,,,0,,,,,,,,,,,,,,,,,,,,,
36,,,,,,,,,,,6,,,,,,,,,,,,,,,A - AUTOMÓVIL,NISSAN,TSURU,VERACRUZ,BLANCO/VERDE,GA1615393Y,3NIEB3156AK6081,PE - PÚBLICO ESTATAL,SI,57,HOMBRE,A,SI,NO GUARDAR DISTANCIA,NO APLICA,1500,,,,,,,,,,,,,,,,,,,,,,
36,,,,,,,,,,,,,,,,,,,,,,,,,,A - AUTOMÓVIL,FORD,FIESTA,VERACRUZ,ROJO,SIN NUMERO,98FBTD863806,P - PARTICULAR,NO,30,HOMBRE,,NO,,,2000,,,,,,,,,,,,,,,,,,,,,,
37,XALAPA,01/04/2014,SÁBADO,,21:40,,XALAPA,XALAPA,URBANA,,,AVENIDA AMERICAS,,,BUENO,,CONCRETO,,A NIVEL,NINGUNA,SIN RESTRICCIÓN,COLISIÓN,POR ALCANCE,VEHÍCULO CIRCULANDO,2,,,,,,,,,,,,,,,,,0,,,,,,,,,,,,,,,,,,,,,
37,,,,,,,,,,,3,,,,,,,,,,,,,,,A - AUTOMÓVIL,NISSAN,TSURU,VERACRUZ,BLANCO/VERDE,GA16878457N,3NIEB7715384,PE - PÚBLICO ESTATAL,SI,38,HOMBRE,A,SI,NO GUARDAR DISTANCIA,NO APLICA,6000,,,,,,,,,,,,,,,,,,,,,,
37,,,,,,,,,,,,,,,,,,,,,,,,,,A - AUTOMÓVIL,CHEVROLET,AVEO,VERACRUZ,ROJO,HECHO EN MEXICO,3GITAF0DL121361,P - PARTICULAR,SI,53,HOMBRE,C,SI,,,5000,,,,,,,,,,,,,,,,,,,,,,
38,XALAPA,01/04/2014,SÁBADO,,22:50,,XALAPA,XALAPA,URBANA,,,AVENIDA 20 DE NOVIEMBRE,CENTRO,,BUENO,,CONCRETO,,A NIVEL,NINGUNA,SIN RESTRICCIÓN,COLISIÓN,LATERAL,VEHÍCULO CIRCULANDO,2,,,,,,,,,,,,,,,,,0,,,,,,,,,,,,,,,,,,,,,
38,,,,,,,,,,,5,,,,,,,,,,,,,,,A - AUTOMÓVIL,CHRYSLER,ATOS BY,VERACRUZ,BLANCO/ROJO,HECHO EN INDIA,MALAB51HA4611,PE - PÚBLICO ESTATAL,SI,63,HOMBRE,A,SI,CAMBIAR CARRIL SIN PRECAUCIÓN,NO APLICA,3000,,,,,,,,,,,,,,,,,,,,,,
38,,,,,,,,,,,,,,,,,,,,,,,,,,M - MOTOCICLETA,SUZUKI,STROM,VERACRUZ,AZUL,SIN NUMERO,JSIVP56A4C2102290,P - PARTICULAR,SI,33,HOMBRE,,NO,,,8000,,,,,,,,,,,,,,,,,,,,,,
39,XALAPA,01/04/2014,SÁBADO,,00:30,,XALAPA,XALAPA,URBANA,,,IGNACIO DE LA LLAVE,REPRESA DEL CARMEN,,BUENO,,CONCRETO,,ASCENDENTE,NINGUNA,SIN RESTRICCIÓN,COLISIÓN,LATERAL,VEHÍCULO CIRCULANDO,2,,,,,,,,,,,,,,,,,0,,,,,,,,,,,,,,,,,,,,,
39,,,,,,,,,,,8,,,,,,,,,,,,,,,A - AUTOMÓVIL,NISSAN,TSURU,VERACRUZ,BLANCO/ROJO,GA16817259W,3NIEB3151687259W,PE - PÚBLICO ESTATAL,SI,22,HOMBRE,A,SI,REBASAR INDEBIDAMENTE,NO APLICA,10000,,,,,,,,,,,,,,,,,,,,,,
39,,,,,,,,,,,,,,,,,,,,,,,,,,A - AUTOMÓVIL,NISSAN,TSURU,VERACRUZ,BLANCO/ROJO,GA16715074,GA167115074,PE - PÚBLICO ESTATAL,SI,40,HOMBRE,A,SI,,,4000,,,,,,,,,,,,,,,,,,,,,,
40,XALAPA,01/04/2014,SÁBADO,,09:35,,XALAPA,XALAPA,URBANA,,,AVENIDA RUIZ CORTINES,CAMINOS,,BUENO,SOLEADO,CONCRETO,SECO,A NIVEL,NINGUNA,SIN RESTRICCIÓN,COLISIÓN,ÁNGULO,VEHÍCULO CIRCULANDO,2,,,,,,,,,,,,,,,,,0,,,,,,,,,,,,,,,,,,,,,
40,,,,,,,,,,,2,,,,,,,,,,,,,,,A - AUTOMÓVIL,NISSAN,TSURU,VERACRUZ,ROJO,GA16842339-R,3NIEB315224594,P - PARTICULAR,NO,36,HOMBRE,,NO,NO RESPETAR CEDA EL PASO,NO APLICA,1500,,,,,,,,,,,,,,,,,,,,,,
40,,,,,,,,,,,,,,,,,,,,,,,,,,A - AUTOMÓVIL,VOLKSWAGEN,BEATLLE,VERACRUZ,NEGRO,BP50522476,3VWYW21C6675179,P - PARTICULAR,NO,22,MUJER,,NO,,,1000,,,,,,,,,,,,,,,,,,,,,,
41,XALAPA,01/04/2014,SÁBADO,,10:00,10:40,XALAPA,XALAPA,URBANA,,,AVENIDA VILLAHERMOSA,,,BUENO,,ASFALTO,,A NIVEL,NINGUNA,SIN RESTRICCIÓN,COLISIÓN,ÁNGULO,VEHÍCULO CIRCULANDO,2,,,,,,,,,,,,,,,,,0,,,,,,,,,,,,,,,,,,,,,
41,,,,,,,,,,,6,,,,,,,,,,,,,,,C - CAMIONETA,FORD,RANGER,DISTRITO FEDERAL,ROJO,SIN NUMERO,1FTCR10A62VEA246,P - PARTICULAR,NO,25,HOMBRE,B,SI,CAMBIAR CARRIL SIN PRECAUCIÓN,NO APLICA,400,,,,,,,,,,,,,,,,,,,,,,
41,,,,,,,,,,,,,,,,,,,,,,,,,,C - CAMIONETA,DODGE,TONELADAS,VERACRUZ,CREMA,SIN NUMERO,SAARRJ3127YM4480,P - PARTICULAR,NO,33,HOMBRE,,NO,,,300,,,,,,,,,,,,,,,,,,,,,,
42,XALAPA,01/04/2014,SÁBADO,,11:20,,XALAPA,XALAPA,URBANA,,,AVENIDA AVILA CAMACHO,,,BUENO,SOLEADO,CONCRETO,SECO,DESCENDENTE,NINGUNA,SIN RESTRICCIÓN,COLISIÓN,LATERAL,VEHÍCULO CIRCULANDO,2,,,,,,,,,,,,,,,,,1,,,,,,,,,,,,,,,,,,,,,
42,,,,,,,,,,,4,,,,,,,,,,,,,,,M - MOTOCICLETA,YAMAHA,,VERACRUZ,NEHRA,SIN NUMERO,SIN NUMERO,P - PARTICULAR,NO,24,HOMBRE,,NO,REBASAR INDEBIDAMENTE,NO APLICA,1500,,,,,,,,,,,,,,,,,,,,,,
42,,,,,,,,,,,,,,,,,,,,,,,,,,A - AUTOMÓVIL,CHEVROLET,MERIVA,VERACRUZ,AZUL,SIN NUMERO,93CXE75R04C107009,P - PARTICULAR,NO,30,HOMBRE,C,SI,,,1000,,,,,1,,,,,,,,,,,,,,,,,
43,XALAPA,01/04/2014,SÁBADO,,15:00,,XALAPA,XALAPA,URBANA,,,AVENIDA LAZARO CARDENAS,ENCINAL,,BUENO,,ASFALTO,SECO,A NIVEL,NINGUNA,SIN RESTRICCIÓN,COLISIÓN,LATERAL,VEHÍCULO CIRCULANDO,2,,,,,,,,,,,,,,,,,0,,,,,,,,,,,,,,,,,,,,,
43,,,,,,,,,,,1,,,,,,,,,,,,,,,AS - AUTOBÚS SUBURBANO,INTERNATIONAL,CHASIS,VERACRUZ,BLANCO,SIN NUMERO,HECHO EN KOREA,P - PARTICULAR,SI,36,HOMBRE,A,SI,,,,,,,,,,,,,,,,,,,,,,,,,
43,,,,,,,,,,,,,,,,,,,,,,,,,,A - AUTOMÓVIL,CHRYSLER,ATOS,VERACRUZ,AZUL,SIN NUMERO,KMHA5162285412,P - PARTICULAR,NO,25,HOMBRE,C,SI,CAMBIAR CARRIL SIN PRECAUCIÓN,NO APLICA,1500,,,,,,,,,,,,,,,,,,,,,,
44,XALAPA,01/04/2014,SÁBADO,,15:10,,XALAPA,XALAPA,URBANA,,,CALLE LAZARO CARDENAS,,,BUENO,,CONCRETO,,ASCENDENTE,NINGUNA,SIN RESTRICCIÓN,COLISIÓN,,OBJETO FIJO,1,,,,,,,,,,,,,,,,,0,,,,,,,,,,,,,,,,,,,,,
44,,,,,,,,,,,,,,,,,,,,,,,,,,B - BICICLETA,FORD,PICK UP,VERACRUZ,NEGRO,SIN NUMERO,IFTCR11AJU90070,P - PARTICULAR,NO,60,HOMBRE,A,SI,VELOCIDAD INMODERADA,NO APLICA,5000,,,,,,,,,,,,,,,,,,,,,,
45,XALAPA,01/04/2014,SÁBADO,,13:15,,XALAPA,XALAPA,URBANA,,,VICTORIA 15 -B,CENTRO,AVILA CAMACHO,BUENO,SOLEADO,CONCRETO,SECO,DESCENDENTE,NINGUNA,SIN RESTRICCIÓN,COLISIÓN,POR ALCANCE,VEHÍCULO CIRCULANDO,2,,,,,,,,,,,,,,,,,0,,,,,,,,,,,,,,,,,,,,,
45,,,,,,,,,,,,,,,,,,,,,,,,,,C - CAMIONETA,CHEVROLET,BLAZER,VERACRUZ,ROJO,SIN NUMERO,SIN NUMERO,P - PARTICULAR,NO,54,HOMBRE,B,SI,NO GUARDAR DISTANCIA,NO APLICA,1000,,,,,,,,,,,,,,,,,,,,,,
45,,,,,,,,,,,,,,,,,,,,,,,,,,C - CAMIONETA,CHRYSLER,GRAN VORAGER,VERACRUZ,PLATA,SIN NUMERO,SIN NUMERO,P - PARTICULAR,NO,45,HOMBRE,C,SI,,,,,,,,,,,,,,,,,,,,,,,,,
46,XALAPA,01/04/2014,SÁBADO,,16:20,,XALAPA,XALAPA,URBANA,,,AVENIDA MURILLO VIDAL,,,BUENO,,CONCRETO,,A NIVEL,NINGUNA,SIN RESTRICCIÓN,COLISIÓN,,OBJETO FIJO,1,,,,,,,,,,,,,,,,,1,,,,,,,,,,,,,,,,,,,,,
46,,,,,,,,,,,11,,,,,,,,,,,,,,,A - AUTOMÓVIL,VOLKSWAGEN,JETTA,VERACRUZ,VERDE,AEG29671,3VWRJ042M01520,P - PARTICULAR,NO,18,HOMBRE,,NO,VELOCIDAD INMODERADA,NO APLICA,40000,,,,,1,,,,,,,,,,,,,,,,,
47,XALAPA,01/05/2014,DOMINGO,,14:25,14:50,XALAPA,XALAPA,URBANA,,,AVENIDA LAZARO CARDENAS,AGUA SANTA,,BUENO,SOLEADO,CONCRETO,SECO,DESCENDENTE,NINGUNA,SIN RESTRICCIÓN,COLISIÓN,MANIOBRA EN REVERSA,VEHÍCULO CIRCULANDO,2,A - AUTOMÓVIL,NISSAN,TSURU,VERACRUZ,BLANCO/VERDE,GA167480494,3NIEB342908,PE - PÚBLICO ESTATAL,SI,39,HOMBRE,A,SI,CIRCULAR EN SENTIDO CONTRARIO,NO APLICA,6000,0,,,,,,,,,,,,,,,,,,,,,
47,,,,,,,,,,,1,,,,,,,,,,,,,,,B - BICICLETA,FORD,EXPLORER,VERACRUZ,ROJO,SIN NUMERO,1FMDU34E81879,P - PARTICULAR,NO,40,HOMBRE,B,SI,,,5000,,,,,,,,,,,,,,,,,,,,,,
48,XALAPA,01/05/2014,DOMINGO,14:55,15:00,,XALAPA,XALAPA,URBANA,,,AVENIDA MANUEL AVILA CAMACHO,,,REGULAR,,CONCRETO,,A NIVEL,NINGUNA,SIN RESTRICCIÓN,COLISIÓN,LATERAL,VEHÍCULO CIRCULANDO,2,,,,,,,,,,,,,,,,,0,,,,,,,,,,,,,,,,,,,,,
48,,,,,,,,,,,,,,,,,,,,,,,,,,A - AUTOMÓVIL,MAZDA,MAZDA -3,VERACRUZ,GRIS,L310390707,JM1CR29338032Y3Y2,P - PARTICULAR,NO,62,HOMBRE,A,SI,VELOCIDAD INMODERADA,NO APLICA,1000,,,,,,,,,,,,,,,,,,,,,,
48,,,,,,,,,,,,,,,,,,,,,,,,,,A - AUTOMÓVIL,VOLKSWAGEN,CROSSFOX,VERACRUZ,BLANCO,BLH031473,9BWLB452X74007780,PE - PÚBLICO ESTATAL,NO,33,HOMBRE,A,SI,,,1000,,,,,,,,,,,,,,,,,,,,,,
49,XALAPA,01/05/2014,DOMINGO,,15:30,,XALAPA,XALAPA,URBANA,,,AVENIDA LAZARO CARDENAS,,,BUENO,,ASFALTO,,DESCENDENTE,NINGUNA,SIN RESTRICCIÓN,COLISIÓN,POR ALCANCE,VEHÍCULO CIRCULANDO,2,,,,,,,,,,,,,,,,,0,,,,,,,,,,,,,,,,,,,,,
49,,,,,,,,,,,1,,,,,,,,,,,,,,,A - AUTOMÓVIL,NISSAN,TSURU,VERACRUZ,BLANCO/VERDE,GA16737709Y,3NIEB3163AK334807,PE - PÚBLICO ESTATAL,NO,51,HOMBRE,A,SI,NO GUARDAR DISTANCIA,NO APLICA,1000,,,,,,,,,,,,,,,,,,,,,,
49,,,,,,,,,,,,,,,,,,,,,,,,,,A - AUTOMÓVIL,VOLKSWAGEN,DERBY,DISTRITO FEDERAL,PLATA,ADD259890,BAWJCOPE124635907,P - PARTICULAR,NO,45,HOMBRE,A,SI,,,1000,,,,,,,,,,,,,,,,,,,,,,
50,XALAPA,01/05/2014,DOMINGO,,18:45,,XALAPA,XALAPA,URBANA,CARRETERA PRINCIPAL LAS TRANCAS,,,,,BUENO,,ASFALTO,,A NIVEL,NINGUNA,SIN RESTRICCIÓN,COLISIÓN,LATERAL,VEHÍCULO CIRCULANDO,2,,,,,,,,,,,,,,,,,0,,,,,,,,,,,,,,,,,,,,,
50,,,,,,,,,,,15,,,,,,,,,,,,,,,A - AUTOMÓVIL,NISSAN,TSURU,VERACRUZ,BLANCO,GA16871349Y,3NIEB3155343601,P - PARTICULAR,NO,61,HOMBRE,A,SI,CAMBIAR CARRIL SIN PRECAUCIÓN,NO APLICA,800,,,,,,,,,,,,,,,,,,,,,,
50,,,,,,,,,,,,,,,,,,,,,,,,,,M - MOTOCICLETA,YAMAHA,,VERACRUZ,NEGRO,JYM154FM11053877,LBP´KE0979CO39460,P - PARTICULAR,NO,33,HOMBRE,D,SI,,,1000,,,,,,,,,,,,,,,,,,,,,,
51,XALAPA,01/05/2014,DOMINGO,,13:00,,XALAPA,XALAPA,URBANA,,,MANUEL BOZA,DEL MAESTRO,,BUENO,,CONCRETO,SECO,A NIVEL,NINGUNA,SIN RESTRICCIÓN,COLISIÓN,ÁNGULO,VEHÍCULO CIRCULANDO,2,,B,,,,,,,,,,,,,,,0,,,,,,,,,,,,,,,,,,,,,
51,,,,,,,,,,,,,,,,,,,,,,,,,,A - AUTOMÓVIL,CHEVROLET,CHEVY,VERACRUZ,BLANCO,HECHO EN MEXICO,3GISF2ZW5130635,P - PARTICULAR,NO,51,HOMBRE,A,SI,NO RESPETAR SEÑAL DE ALTO,NO APLICA,1000,,,,,,,,,,,,,,,,,,,,,,
51,,,,,,,,,,,,,,,,,,,,,,,,,,C - CAMIONETA,NISSAN,X-TRAIL,VERACRUZ,GRIS,QR25432575,JN85T06T67W3905,P - PARTICULAR,NO,34,HOMBRE,C,SI,,,2000,,,,,,,,,,,,,,,,,,,,,,
52,XALAPA,01/05/2014,DOMINGO,,15:50,16:15,XALAPA,XALAPA,URBANA,,,AVENIDA 28 DE AGOSTO,OBRERO CAMPESINA,,REGULAR,SOLEADO,CONCRETO,SECO,A NIVEL,NINGUNA,SIN RESTRICCIÓN,COLISIÓN,LATERAL,VEHÍCULO CIRCULANDO,2,,,,,,,,,,,,,,,,,0,,,,,,,,,,,,,,,,,,,,,
52,,,,,,,,,,,20,,,,,,,,,,,,,,,A - AUTOMÓVIL,PEUGEOT,,VERACRUZ,GRIS,10FHC13811920,VFWC5F5004250,P - PARTICULAR,SI,47,HOMBRE,A,SI,CAMBIAR CARRIL SIN PRECAUCIÓN,NO APLICA,7000,,,,,,,,,,,,,,,,,,,,,,
52,,,,,,,,,,,,,,,,,,,,,,,,,,M - MOTOCICLETA,HONDA,NX4,VERACRUZ,ROJO,07E060003,9070860003,P - PARTICULAR,NO,26,HOMBRE,A,SI,,,1000,,,,,,,,,,,,,,,,,,,,,,
53,XALAPA,01/06/2014,LUNES,,08:50,,XALAPA,XALAPA,URBANA,,,MANZANO,INFONAVIT SUMIDERO,OLIVO E HIGO,,LLUVIA,CONCRETO,MOJADO,A NIVEL,NINGUNA,SIN RESTRICCIÓN,COLISIÓN,MANIOBRA EN REVERSA,VEHÍCULO CIRCULANDO,2,A - AUTOMÓVIL,NISSAN,TSURU,VERACRUZ,BLANCO/VERDE,GA16746307Z,3N1EB31SXE313483,PE - PÚBLICO ESTATAL,SI,43,HOMBRE,A,SI,OTRO,NO APLICA,,1,,,,1,,,,,,,,,,,,,,,,,
53,,,,,,,,,,,,,,,,,,,,,,,,,,M - MOTOCICLETA,HONDA,CARGO 150,,NEGRO,JC60E66705682,8H1JC80664030,P - PARTICULAR,NO,22,HOMBRE,D,SI,,,2000,,,,,,,,,,,,,,,,,,,,,,