idMES,DELEGACION DE TRANSITO,FECHA DEL ACCIDENTE,DIA DE LA SEMANA,HORA EN QUE SE RECIBIO LA LLAMADA REPORTANDO EL ACCIDENTE,HORA DE ARRIBO DEL PERITO AL SITIO,HORA DE REGRESO DEL PERITO A LAS INSTALACIONES DE SU DELEGACION,LOCALIDAD ACCIDENTE,MUNICIPIO ACCIDENTE,ZONA,CARRETERA/KILOMETRO DEL ACCIDENTE,NUMERO DE AVENIDA,CALLE/AVENIDA DEL ACCIDENTE,COLONIA,ENTRE CALLES,CONDICIONES DE LA VIA,CONDICIONES NATURALES,SUPERFICIE DE LA VIA,ESTADO DE LA VIA,TANGENTE,TIPO DE CONTROL DE TRANSITO,RESTRICCIONES DE LA VIA,TIPO DE ACCIDENTE,FORMA DE ACCIDENTARSE,CONTRA QUE FUE EL IMPACTO,CANTIDAD DE VEHICULOS,TIPO DE VEHICULO,MARCA,SUBMARCA,ENTIDAD FEDERATIVA DEL VEHICULO,COLOR DEL VEHICULO,MOTOR,SERIE,TIPO DE SERVICIO PARA EL QUE SE OCUPAN LOS VEHICULOS,ASEGURADO,EDAD CONDUCTOR,SEXO CONDUCTOR,TIPO LICENCIA,LICENCIA VIGENTE,CAUSA ATRIBUIBLE AL CONDUCTOR,CAUSA ATRIBUIBLE AL PEATON,DANIOS (MONTO APROXIMADO EN MXN),NUMERO DE HERIDOS,MUJER HERIDA DE 0-15 ANIOS,HOMBRE HERIDO DE 0-15 ANIOS,MUJER HERIDA DE 16-30 ANIOS,HOMBRE HERIDO DE 16-30 ANIOS,MUJER HERIDA DE 31-45 ANIOS,HOMBRE HERIDO DE 31-45 ANIOS,MUJER HERIDA DE 46-60 ANIOS,HOMBRE HERIDO DE 46-60 ANIOS,MUJER HERIDA MAS DE 60 ANIOS,HOMBRE HERIDO MAS DE 60 ANIOS,NUMERO DE MUERTOS,MUJER MUERTA DE 0-15 ANIOS,HOMBRE MUERTO DE 0-15 ANIOS,MUJER MUERTA DE 16-30 ANIOS,HOMBRE MUERTO DE 16-30 ANIOS,MUJER MUERTA DE 31-45 ANIOS,HOMBRE MUERTO DE 31-45 ANIOS,MUJER MUERTA DE 46-60 ANIOS,HOMBRE MUERTO DE 46-60 ANIOS,MUJER MUERTA MAS DE 60 ANIOS,HOMBRE MUERTO MAS DE 60 ANIOS
54,XALAPA,01/06/2014,LUNES,,11:00,,XALAPA,XALAPA,URBANA,,,REVOLUCION,,JULIAN CARRILLO Y 20 DE NOVIEMBRE,MALO,LLUVIA,CONCRETO,MOJADO,ASCENDENTE,NINGUNA,SIN RESTRICCIÓN,COLISIÓN,LATERAL,VEHÍCULO CIRCULANDO,2,A - AUTOMÓVIL,NISSAN,URVAN PANEL,VERACRUZ,BLANCO/CAFÉ,ZD30260899,JN6GE5258BX011847,PE - PÚBLICO ESTATAL,SI,34,HOMBRE,A,SI,CAMBIAR CARRIL SIN PRECAUCIÓN,NO APLICA,800,0,,,,,,,,,,,,,,,,,,,,,
54,,,,,,,,,,,,,,,,,,,,,,,,,,A - AUTOMÓVIL,NISSAN,TSURU,VERACRUZ,BLANCO/VERDE,GA16857262Y,1EB31SGCK333790,PE - PÚBLICO ESTATAL,SI,38,HOMBRE,A,SI,,,700,,,,,,,,,,,,,,,,,,,,,,
55,XALAPA,01/06/2014,LUNES,,11:59,,XALAPA,XALAPA,URBANA,,,MELCHOR OCAMPO,CENTRO,CLAVIJERO,BUENO,,CONCRETO,SECO,A NIVEL,NINGUNA,ACCIDENTE PREVIO,COLISIÓN,LATERAL,VEHÍCULO CIRCULANDO,2,A - AUTOMÓVIL,NISSAN,TSURU,VERACRUZ,BLANCO/ROJO,,3N1EB31C89K332275,PE - PÚBLICO ESTATAL,SI,25,HOMBRE,A,SI,CAMBIAR CARRIL SIN PRECAUCIÓN,NO APLICA,200,0,,,,,,,,,,,,,,,,,,,,,
55,,,,,,,,,,,,,,,,,,,,,,,,,,AS - AUTOBÚS SUBURBANO,INTERNATIONAL,CHASIS,VERACRUZ,BLANCO,,,PE - PÚBLICO ESTATAL,,26,HOMBRE,A,SI,,,2000,,,,,,,,,,,,,,,,,,,,,,
56,XALAPA,01/06/2014,LUNES,,13:51,,XALAPA,XALAPA,URBANA,,,AVENIDA CHEDRAUI CARAM,PEÑASCAL,,BUENO,,CONCRETO,,ASCENDENTE,NINGUNA,ACCIDENTE PREVIO,COLISIÓN,LATERAL,VEHÍCULO CIRCULANDO,2,A - AUTOMÓVIL,CHEVROLET,CHEVY,VERACRUZ,ROJO,SIN NUMERO,3G1SF21X765149871,P - PARTICULAR,SI,27,MUJER,C,SI,CAMBIAR CARRIL SIN PRECAUCIÓN,NO APLICA,500,0,,,,,,,,,,,,,,,,,,,,,
56,,,,,,,,,,,16,,,,,,,,,,,,,,,C - CAMIONETA,FORD,EXPLORER,VERACRUZ,NEGRO,SIN NUMERO,1FMDU3ZX8VVCZ715,P - PARTICULAR,NO,55,HOMBRE,A,SI,,,3000,,,,,,,,,,,,,,,,,,,,,,
57,XALAPA,01/06/2014,LUNES,,17:00,17:20,XALAPA,XALAPA,URBANA,,,AVENIDA LAZARO CARDENAS,AGUA SANTA,REPUBLICA Y CALLE VERACRUZ,BUENO,,CONCRETO,SECO,ASCENDENTE,NINGUNA,SIN RESTRICCIÓN,COLISIÓN,POR ALCANCE,VEHÍCULO CIRCULANDO,2,CC - CAMIÓN DE CARGA,DODGE,TORTON,VERACRUZ,VERDE,11751925,L100065,P - PARTICULAR,SI,20,HOMBRE,B,SI,NO GUARDAR DISTANCIA,NO APLICA,4000,0,,,,,,,,,,,,,,,,,,,,,
57,,,,,,,,,,,1,,,,,,,,,,,,,,,A - AUTOMÓVIL,TOYOTA,YARIS,VERACRUZ,BLANCO,1N24597014,,P - PARTICULAR,NO,48,HOMBRE,B,SI,,,4000,,,,,,,,,,,,,,,,,,,,,,
58,XALAPA,01/06/2014,LUNES,,17:05,,XALAPA,XALAPA,URBANA,,,AVENIDA LAZARO CARDENAS,ANIMAS,PASEO LAS PALMAS,BUENO,,ASFALTO,SECO,ASCENDENTE,NINGUNA,SIN RESTRICCIÓN,COLISIÓN,LATERAL,VEHÍCULO CIRCULANDO,2,A - AUTOMÓVIL,NISSAN,TSURU,VERACRUZ,BLANCO/VERDE,GA16771642,3N1EB31S5AK344695,PE - PÚBLICO ESTATAL,SI,25,HOMBRE,A,SI,CAMBIAR CARRIL SIN PRECAUCIÓN,NO APLICA,3000,2,,,1,,1,,,,,,,,,,,,,,,,
58,,,,,,,,,,,1,,,,,,,,,,,,,,,AS - AUTOBÚS SUBURBANO,MERCEDES BENZ,,,,4.61E+11,3MBAAHMCX8M027120,PF- PÚBLICO FEDERAL,NO,42,HOMBRE,A,SI,,,4000,,,,,,,,,,,,,,,,,,,,,,
59,XALAPA,01/06/2014,LUNES,,18:20,,XALAPA,XALAPA,URBANA,,,AVENIDA XALAPA,,PROL. VILLA HERMOSA Y ORIZABA,BUENO,,ASFALTO,SECO,ASCENDENTE,NINGUNA,SIN RESTRICCIÓN,COLISIÓN,LATERAL,VEHÍCULO CIRCULANDO,2,A - AUTOMÓVIL,CHEVROLET,CAVALIER,MÉXICO,NEGRO,MS117659,3G5JC54W8MS117659,P - PARTICULAR,NO,45,HOMBRE,B,SI,CAMBIAR CARRIL SIN PRECAUCIÓN,NO APLICA,500,0,,,,,,,,,,,,,,,,,,,,,
59,,,,,,,,,,,7,,,,,,,,,,,,,,,A - AUTOMÓVIL,NISSAN,TSURU,VERACRUZ,BLANCO/VERDE,,3N1EB31SXAK323065,PE - PÚBLICO ESTATAL,SI,24,HOMBRE,A,SI,,,400,,,,,,,,,,,,,,,,,,,,,,
60,XALAPA,01/06/2014,LUNES,,20:30,,XALAPA,XALAPA,URBANA,,,MAZATLAN,,TIJUANA,REGULAR,,CONCRETO,,ASCENDENTE,NINGUNA,SIN RESTRICCIÓN,COLISIÓN,ÁNGULO,VEHÍCULO CIRCULANDO,2,A - AUTOMÓVIL,VOLKSWAGEN,SEAT,VERACRUZ,ROJO,SIN NUMERO,USSPK46L94R138592,P - PARTICULAR,NO,27,HOMBRE,A,SI,NO RESPETAR SEÑAL DE ALTO,NO APLICA,2000,0,,,,,,,,,,,,,,,,,,,,,
60,,,,,,,,,,,,,,,,,,,,,,,,,,C - CAMIONETA,VOLKSWAGEN,CROSSFOX,VERACRUZ,BLANCO,SIN NUMERO,9BWL54X74020125,P - PARTICULAR,SI,48,HOMBRE,B,SI,,,3000,,,,,,,,,,,,,,,,,,,,,,
61,XALAPA,01/06/2014,LUNES,,21:00,,XALAPA,XALAPA,URBANA,,,DIAZ ORDAZ,PREDIO DE LA VIRGEN,GRANADA,BUENO,,CONCRETO,SECO,DESCENDENTE,NINGUNA,SIN RESTRICCIÓN,COLISIÓN,POR ALCANCE,VEHÍCULO ESTACIONADO,2,C - CAMIONETA,GMC,JIMMY,VERACRUZ,BLANCO,SIN NUMERO,1GKCS131W5V2511638,P - PARTICULAR,NO,54,HOMBRE,A,SI,VELOCIDAD INMODERADA,NO APLICA,,0,,,,,,,,,,,,,,,,,,,,,
61,,,,,,,,,,,,,,,,,,,,,,,,,,A - AUTOMÓVIL,NISSAN,TSURU,VERACRUZ,BLANCO/ROJO,GA18764822Y,3N1EB31S8BK303821,PE - PÚBLICO ESTATAL,SI,50,HOMBRE,A,SI,,,7000,,,,,,,,,,,,,,,,,,,,,,
61,,,,,,,,,,,,,,,,,,,,,,,,,,A - AUTOMÓVIL,PEUGEOT,2063 PT,QUINTANA ROO,VERDE,,,P - PARTICULAR,NO,,,,,,,8000,,,,,,,,,,,,,,,,,,,,,,
62,XALAPA,01/06/2014,LUNES,,22:10,,XALAPA,XALAPA,URBANA,,,AVENIDA 20 DE NOVIEMBRE,BADILLO,MAESTROS VERACRUZANOS,BUENO,,CONCRETO,,DESCENDENTE,SEMÁFORO FUNCIONANDO,SIN RESTRICCIÓN,COLISIÓN,ÁNGULO,VEHÍCULO CIRCULANDO,2,A - AUTOMÓVIL,NISSAN,TSURU,VERACRUZ,BLANCO/VERDE,GA16721342W,3N1ED31S27K353847,PE - PÚBLICO ESTATAL,NO,38,HOMBRE,,SI,CAMBIAR CARRIL SIN PRECAUCIÓN,NO APLICA,1000,0,,,,,,,,,,,,,,,,,,,,,
62,,,,,,,,,,,5,,,,,,,,,,,,,,,A - AUTOMÓVIL,NISSAN,TSURU,VERACRUZ,BLANCO/VERDE,GA16855214V,3N1EB31S66K364011,PE - PÚBLICO ESTATAL,NO,26,HOMBRE,A,SI,,,1500,,,,,,,,,,,,,,,,,,,,,,
63,XALAPA,01/06/2014,LUNES,19:09,19:25,19:50,XALAPA,XALAPA,URBANA,,,XALAPEÑOS ILUSTRES,CENTRO,SANTOS DEGOLLADO Y 20 DE NOVIEMBRE,BUENO,,CONCRETO,SECO,ASCENDENTE,NINGUNA,SIN RESTRICCIÓN,COLISIÓN,ÁNGULO,VEHÍCULO CIRCULANDO,2,A - AUTOMÓVIL,CHEVROLET,PONTIAC MATIZ,VERACRUZ,NARANJA,HECHO EN COREA,KL2MD6108C098955,P - PARTICULAR,SI,38,MUJER,C,NO,NO RESPETAR SEÑAL DE ALTO,NO APLICA,8000,0,,,,,,,,,,,,,,,,,,,,,
63,,,,,,,,,,,,,,,,,,,,,,,,,,A - AUTOMÓVIL,CHEVROLET,CORSA,VERACRUZ,AZUL,HECHO EN BRASIL,93CXM1917C146323,P - PARTICULAR,NO,72,HOMBRE,C,SI,,,6000,,,,,,,,,,,,,,,,,,,,,,
64,XALAPA,01/06/2014,LUNES,20:20,20:50,,XALAPA,XALAPA,URBANA,,,MANZANO,UNIDAN HABITACIONAL SUMIDERO,PERAL,BUENO,,CONCRETO,SECO,DESCENDENTE,NINGUNA,SIN RESTRICCIÓN,COLISIÓN,ÁNGULO,VEHÍCULO CIRCULANDO,2,A - AUTOMÓVIL,FORD,MISTIQUE,MÉXICO,,WM608282,3MEBM66L69WM608282,P - PARTICULAR,NO,,,,,VELOCIDAD INMODERADA,NO APLICA,9000,3,,1,1,1,,,,,,,,,,,,,,,,,
64,,,,,,,,,,,,,,,,,,,,,,,,,,AS - AUTOBÚS SUBURBANO,MERCEDES BENZ,CHASIS,VERACRUZ,,3.91E+14,3AM68529150039541,PE - PÚBLICO ESTATAL,SI,34,HOMBRE,A,SI,,,2000,,,,,,,,,,,,,,,,,,,,,,
65,XALAPA,01/07/2014,MARTES,,11:00,11:20,XALAPA,XALAPA,URBANA,,,AVENIDA LAZARO CARDENAS,FRACCIONAMIENTO COLIBRI,ARAUCARIAS,BUENO,,CONCRETO,SECO,ASCENDENTE,SEMÁFORO FUNCIONANDO,SIN RESTRICCIÓN,COLISIÓN,LATERAL,VEHÍCULO CIRCULANDO,2,A - AUTOMÓVIL,NISSAN,TSURU,VERACRUZ,BLANCO/ROJO,GA168008034,3N1B31S6BK337103,PE - PÚBLICO ESTATAL,SI,48,HOMBRE,A,SI,CAMBIAR CARRIL SIN PRECAUCIÓN,NO APLICA,500,0,,,,,,,,,,,,,,,,,,,,,
65,,,,,,,,,,,1,,,,,,,,,,,,,,,A - AUTOMÓVIL,NISSAN,TSURU,VERACRUZ,BLANCO/VERDE,GA16720476W,3N1EB31S14K541464,PE - PÚBLICO ESTATAL,SI,34,HOMBRE,A,SI,,,200,,,,,,,,,,,,,,,,,,,,,,
66,XALAPA,01/07/2014,MARTES,,13:45,,XALAPA,XALAPA,URBANA,,,ARAUCARIAS,FRACCIONAMIENTO COLIBRI,,REGULAR,,CONCRETO,SECO,A NIVEL,NINGUNA,SIN RESTRICCIÓN,COLISIÓN,POR ALCANCE,VEHÍCULO CIRCULANDO,2,C - CAMIONETA,FORD,ESCAPE,VERACRUZ,TRIGO,SIN NUMERO,1FMYU031X3KB5307,P - PARTICULAR,SI,66,MUJER,B,SI,NO GUARDAR DISTANCIA,NO APLICA,5000,0,,,,,,,,,,,,,,,,,,,,,
66,,,,,,,,,,,,,,,,,,,,,,,,,,A - AUTOMÓVIL,NISSAN,TSURU,VERACRUZ,BLANCO/ROJO,GA167029764,3N1EB31SXAK306430,PE - PÚBLICO ESTATAL,SI,48,HOMBRE,A,SI,,,1500,,,,,,,,,,,,,,,,,,,,,,
67,XALAPA,01/07/2014,MARTES,14:30,14:45,,XALAPA,XALAPA,URBANA,,,AVENIDA 20 DE NOVIEMBRE,,SARABIA Y PIPILA,BUENO,NIEBLA,CONCRETO,SECO,ASCENDENTE,NINGUNA,SIN RESTRICCIÓN,COLISIÓN,LATERAL,VEHÍCULO CIRCULANDO,2,CC - CAMIÓN DE CARGA,DINA,CHASIS,,BLANCO/AMARILLO,,,PE - PÚBLICO ESTATAL,,29,HOMBRE,A,SI,CAMBIAR CARRIL SIN PRECAUCIÓN,NO APLICA,,0,,,,,,,,,,,,,,,,,,,,,
67,,,,,,,,,,,5,,,,,,,,,,,,,,,A - AUTOMÓVIL,CHEVROLET,MONZA,VERACRUZ,AZUL MARINO,HECHO EN MEXICO,3G1SE516425139854,P - PARTICULAR,SI,56,HOMBRE,,,,,5500,,,,,,,,,,,,,,,,,,,,,,
68,XALAPA,01/07/2014,MARTES,,17:00,,XALAPA,XALAPA,URBANA,,,AVENIDA AVILA CAMACHO,CENTRO,NEZAHUALCOYOTL,BUENO,NIEBLA,CONCRETO,MOJADO,A NIVEL,NINGUNA,SIN RESTRICCIÓN,COLISIÓN,ÁNGULO,VEHÍCULO CIRCULANDO,2,A - AUTOMÓVIL,NISSAN,PLATINA,VERACRUZ,BLANCO/ROJO,Q239977,3N1JH01537L211755,PE - PÚBLICO ESTATAL,SI,39,HOMBRE,A,SI,OTRO,NO APLICA,8000,2,,,1,,,,,,1,,,,,,,,,,,,
68,,,,,,,,,,,4,,,,,,,,,,,,,,,A - AUTOMÓVIL,CHRYSLER,ATOS,VERACRUZ,BLANCO/ROJO,HECHO EN INDIA,MALAB51H69M347577,PE - PÚBLICO ESTATAL,SI,57,HOMBRE,A,SI,,,8000,,,,,,,,,,,,,,,,,,,,,,
69,XALAPA,01/07/2014,MARTES,,18:20,,XALAPA,EMILIANO ZAPATA,URBANA,XALAPA-VERACRUZ KM. 31,,,,,BUENO,,ASFALTO,SECO,A NIVEL,NINGUNA,SIN RESTRICCIÓN,,,OBJETO FIJO,1,CC - CAMIÓN DE CARGA,KEENWORTH,TORTON,VERACRUZ,NARANJA,,3BKMHY8X53F303975,P - PARTICULAR,SI,24,HOMBRE,B,SI,OTRO,NO APLICA,5000,0,,,,,,,,,,,,,,,,,,,,,
70,XALAPA,01/07/2014,MARTES,,18:52,,XALAPA,XALAPA,URBANA,,,AVENIDA LAZARO CARDENAS,ENCINAL,ENRIQUE Z. MERCADO,BUENO,,CONCRETO,,A NIVEL,NINGUNA,SIN RESTRICCIÓN,ATROPELLAMIENTO,,,1,,,,,,,,,,,,,,,,,0,,,,,,,,,,,1,,,,,,,,,,
70,,,,,,,,,,,1,,,,,,,,,,,,,,,,,,,,,,,,,,,,,,,,,,,,,,,,,,,,,,,,,,,,
71,XALAPA,01/08/2014,MIÉRCOLES,,08:35,,XALAPA,XALAPA,URBANA,,,AVENIDA XALAPA,,,BUENO,,CONCRETO,,ASCENDENTE,NINGUNA,ACCIDENTE PREVIO,COLISIÓN,POR ALCANCE,VEHÍCULO CIRCULANDO,2,A - AUTOMÓVIL,FORD,FIESTA,VERACRUZ,ROJO,,MAJFP1GD5CC120559,P - PARTICULAR,SI,46,MUJER,C,SI,NO GUARDAR DISTANCIA,NO APLICA,100,0,,,,,,,,,,,,,,,,,,,,,
71,,,,,,,,,,,7,,,,,,,,,,,,,,,A - AUTOMÓVIL,NISSAN,TIDA,VERACRUZ,BLANCO/ROJO,SIN NUMERO,3N1CC1ASDK229755,PE - PÚBLICO ESTATAL,SI,46,HOMBRE,A,SI,,,500,,,,,,,,,,,,,,,,,,,,,,
72,XALAPA,01/08/2014,MIÉRCOLES,,08:40,,XALAPA,XALAPA,URBANA,,,EL CASTILLO,,,BUENO,SOLEADO,ASFALTO,SECO,A NIVEL,NINGUNA,SIN RESTRICCIÓN,COLISIÓN,ÁNGULO,VEHÍCULO CIRCULANDO,2,M - MOTOCICLETA,ITALIKA,RT-180,VERACRUZ,NEGRO,,LRPRPK207DA001120,P - PARTICULAR,NO,30,HOMBRE,D,SI,REBASAR INDEBIDAMENTE,NO APLICA,2000,1,,,,1,,,,,,,,,,,,,,,,,
72,,,,,,,,,,,17,,,,,,,,,,,,,,,A - AUTOMÓVIL,NISSAN,TSURU,MÉXICO,BLANCO,GA16747473Z,3N1EB31S5EK314389,P - PARTICULAR,,41,HOMBRE,B,SI,,,2500,,,,,,,,,,,,,,,,,,,,,,
73,XALAPA,01/08/2014,MIÉRCOLES,,09:20,,XALAPA,XALAPA,URBANA,,,JOAQUIN ARRONIZ,JARDINES DE XALAPA,HUIZACHE,BUENO,,CONCRETO,SECO,ASCENDENTE,NINGUNA,SIN RESTRICCIÓN,COLISIÓN,LATERAL,VEHÍCULO CIRCULANDO,2,A - AUTOMÓVIL,VOLKSWAGEN,JETTA,VERACRUZ,GRIS,CCC153160,3VW1W1AJ4DM204042,P - PARTICULAR,SI,39,MUJER,C,SI,CAMBIAR CARRIL SIN PRECAUCIÓN,NO APLICA,1500,0,,,,,,,,,,,,,,,,,,,,,
73,,,,,,,,,,,,,,,,,,,,,,,,,,A - AUTOMÓVIL,VOLKSWAGEN,SEAT,VERACRUZ,GRIS,BBX006485,VSSRK46L34RY20028,P - PARTICULAR,SI,49,MUJER,C,NO,,,2000,,,,,,,,,,,,,,,,,,,,,,
74,XALAPA,01/08/2014,MIÉRCOLES,,10:30,,XALAPA,XALAPA,URBANA,,,AVENIDA ARCO SUR,RESERVA TERRITORIAL,,BUENO,,ASFALTO,SECO,ASCENDENTE,NINGUNA,SIN RESTRICCIÓN,COLISIÓN,FALLA MECÁNICA,VEHÍCULO ESTACIONADO,2,CC - CAMIÓN DE CARGA,CHEVROLET,CODIAC,VERACRUZ,BLANCO,,,P - PARTICULAR,NO,23,HOMBRE,,,OTRO,NO APLICA,,0,,,,,,,,,,,,,,,,,,,,,
74,,,,,,,,,,,14,,,,,,,,,,,,,,,C - CAMIONETA,CHEVROLET,TRACK,VERACRUZ,BLANCO,HECHO EN MEXICO,3GNCJ8CE8DL171501,P - PARTICULAR,SI,,,,,,,2500,,,,,,,,,,,,,,,,,,,,,,
75,XALAPA,01/08/2014,MIÉRCOLES,,12:15,,XALAPA,XALAPA,URBANA,,,AVENIDA MURILLO VIDAL,CENTRO,CIRCUITO PRESIDENTES Y SANTOS DEGOLLADO,BUENO,SOLEADO,CONCRETO,SECO,A NIVEL,NINGUNA,SIN RESTRICCIÓN,COLISIÓN,POR ALCANCE,VEHÍCULO CIRCULANDO,2,A - AUTOMÓVIL,NISSAN,TSURU,VERACRUZ,BLANCO/ROJO,GA16730116Y,3N1EB31S3CK319149,PE - PÚBLICO ESTATAL,,58,HOMBRE,A,SI,NO GUARDAR DISTANCIA,NO APLICA,1000,0,,,,,,,,,,,,,,,,,,,,,
75,,,,,,,,,,,11,,,,,,,,,,,,,,,A - AUTOMÓVIL,BMW,MINI COOPER,VERACRUZ,HORIZON BLUE,A7651880,WMWS5V3105BTY67337,P - PARTICULAR,SI,59,HOMBRE,B,SI,,,2500,,,,,,,,,,,,,,,,,,,,,,
76,XALAPA,01/08/2014,MIÉRCOLES,14:20,14:35,14:50,XALAPA,XALAPA,URBANA,,,7 DE NOVIEMBRE,BENITO JUAREZ,IGNACIO DE LA LLAVE Y BERISTAIN,BUENO,SOLEADO,CONCRETO,SECO,A NIVEL,MARCA EN PAVIMENTO,SIN RESTRICCIÓN,COLISIÓN,LATERAL,VEHÍCULO CIRCULANDO,2,AS - AUTOBÚS SUBURBANO,NAVISTAR,INTERNATIONAL,VERACRUZ,BLANCO/AZUL,470HM2J1370929,3HVBNAAN53N5995769,PE - PÚBLICO ESTATAL,,36,HOMBRE,A,SI,CAMBIAR CARRIL SIN PRECAUCIÓN,NO APLICA,,0,,,,,,,,,,,,,,,,,,,,,
76,,,,,,,,,,,,,,,,,,,,,,,,,,A - AUTOMÓVIL,NISSAN,TSURU,VERACRUZ,BLANCO/ROJO,GA116757746W,3N1EB31S68K316141,PE - PÚBLICO ESTATAL,,23,HOMBRE,A,SI,,,5000,,,,,,,,,,,,,,,,,,,,,,
77,XALAPA,01/08/2014,MIÉRCOLES,,15:50,,XALAPA,XALAPA,URBANA,,,AVENIDA CIRCUITO PRESIDENTES,EMILIANO ZAPATA,ANGEL CARVAJAL Y BOLIVIA,BUENO,,ASFALTO,SECO,DESCENDENTE,NINGUNA,SIN RESTRICCIÓN,COLISIÓN,POR ALCANCE,VEHÍCULO CIRCULANDO,2,A - AUTOMÓVIL,VOLKSWAGEN,JETTA,VERACRUZ,BLANCO CANDY,CBP155893,3VWRV09MBAM0306,P - PARTICULAR,NO,39,HOMBRE,C,SI,NO GUARDAR DISTANCIA,NO APLICA,6000,0,,,,,,,,,,,,,,,,,,,,,
77,,,,,,,,,,,9,,,,,,,,,,,,,,,C - CAMIONETA,NISSAN,ROGUE,DISTRITO FEDERAL,VINO,QR25500738B,JN8AS58V1DW880340,P - PARTICULAR,SI,36,HOMBRE,A,SI,,,4000,,,,,,,,,,,,,,,,,,,,,,
78,XALAPA,01/08/2014,MIÉRCOLES,,15:20,,XALAPA,XALAPA,URBANA,,,CIRCUITO PRESIDENTES,EMILIANO ZAPATA,CIRCUITO AGUIRRE BELTRAN Y REBSAMEN,BUENO,,CONCRETO,,ASCENDENTE,NINGUNA,SIN RESTRICCIÓN,COLISIÓN,LATERAL,VEHÍCULO CIRCULANDO,2,AS - AUTOBÚS SUBURBANO,INTERNATIONAL,CHASIS,VERACRUZ,BLANCO/VERDE,SIN NUMERO,3HVBPAAN32N544470,PE - PÚBLICO ESTATAL,SI,68,HOMBRE,A,SI,CAMBIAR CARRIL SIN PRECAUCIÓN,NO APLICA,100,1,,,,,,,,,,,,,,,,,,,,,
78,,,,,,,,,,,9,,,,,,,,,,,,,,,B - BICICLETA,BENETTON,RODADA 28,,,,,P - PARTICULAR,,20,HOMBRE,,,,,1000,,,,,1,,,,,,,,,,,,,,,,,
79,XALAPA,01/08/2014,MIÉRCOLES,,05:25,,XALAPA,XALAPA,URBANA,,,AVENIDA ARCO SUR,FRACCIONAMIENTO LAS FUENTES,,BUENO,NIEBLA,CONCRETO,,,NINGUNA,SIN RESTRICCIÓN,COLISIÓN,DE FRENTE,VEHÍCULO CIRCULANDO,2,A - AUTOMÓVIL,VOLKSWAGEN,BORA,DISTRITO FEDERAL,PLATA,BTK019005,3VWPN11K66M831169,P - PARTICULAR,SI,21,HOMBRE,,,OTRO,NO APLICA,18000,0,,,,,,,,,,,,,,,,,,,,,
79,,,,,,,,,,,14,,,,,,,,,,,,,,,A - AUTOMÓVIL,NISSAN,TSURU,,BLANCO,GA16772793W,3N1EB31SX8K329023,P - PARTICULAR,SI,25,HOMBRE,B,SI,,,28000,,,,,,,,,,,,,,,,,,,,,,
80,XALAPA,01/08/2014,MIÉRCOLES,19:30,19:55,,XALAPA,XALAPA,URBANA,,,JUAN SEBASTIAN BACH,INDECO ANIMAS,FRESNOS,BUENO,,CONCRETO,SECO,DESCENDENTE,NINGUNA,SIN RESTRICCIÓN,COLISIÓN,,VEHÍCULO ESTACIONADO,2,A - AUTOMÓVIL,NISSAN,TSURU,VERACRUZ,BLANCO/ROJO,GA16723997Y,3N1EB31SXAK324460,PE - PÚBLICO ESTATAL,SI,,,,,OTRO,NO APLICA,400,1,,,,,,,,1,,,,,,,,,,,,,
80,,,,,,,,,,,,,,,,,,,,,,,,,,A - AUTOMÓVIL,NISSAN,TSURU,VERACRUZ,BLANCO/ROJO,GA16785147Y,3N1EB31SX8K3041100,PE - PÚBLICO ESTATAL,SI,53,HOMBRE,A,SI,,,900,,,,,,,,,,,,,,,,,,,,,,
81,XALAPA,01/08/2014,MIÉRCOLES,13:00,13:15,13:40,XALAPA,XALAPA,URBANA,,,AVENIDA LAZARO CARDENAS,SEBASTIAN LERDO DE TEJADA,PROL. VERACRUZ,BUENO,,CONCRETO,SECO,ASCENDENTE,NINGUNA,SIN RESTRICCIÓN,ATROPELLAMIENTO,,VEHÍCULO CIRCULANDO,1,A - AUTOMÓVIL,CHEVROLET,CHEVY,VERACRUZ,ROJO,C14SE19191878,VSX000078R4270800,P - PARTICULAR,,54,HOMBRE,A,SI,OTRO,NO APLICA,600,1,,,,,,,,,,1,,,,,,,,,,,
81,,,,,,,,,,,1,,,,,,,,,,,,,,,,,,,,,,,,,,,,,,,,,,,,,,,,,,,,,,,,,,,,
82,XALAPA,01/09/2014,JUEVES,,11:55,12:10,XALAPA,XALAPA,URBANA,,,AVENIDA LAZARO CARDENAS,RAFAEL LUCIO,GILDARDO AVILES,BUENO,SOLEADO,CONCRETO,SECO,A NIVEL,NINGUNA,SIN RESTRICCIÓN,COLISIÓN,ÁNGULO,VEHÍCULO CIRCULANDO,2,A - AUTOMÓVIL,NISSAN,TSURU,VERACRUZ,BLANCO/VERDE,GA16836740V,3N1EB31G96K348045,PE - PÚBLICO ESTATAL,SI,30,HOMBRE,A,SI,CAMBIAR CARRIL SIN PRECAUCIÓN,NO APLICA,600,0,,,,,,,,,,,,,,,,,,,,,
82,,,,,,,,,,,1,,,,,,,,,,,,,,,A - AUTOMÓVIL,SUZUKI,125 HU,VERACRUZ,BLANCO/ROJO,F461A2501394,LCGPCJK62CB010001,P - PARTICULAR,NO,35,HOMBRE,D,SI,,,500,,,,,,,,,,,,,,,,,,,,,,