idMES,DELEGACION DE TRANSITO,FECHA DEL ACCIDENTE,DIA DE LA SEMANA,HORA EN QUE SE RECIBIO LA LLAMADA REPORTANDO EL ACCIDENTE,HORA DE ARRIBO DEL PERITO AL SITIO,HORA DE REGRESO DEL PERITO A LAS INSTALACIONES DE SU DELEGACION,LOCALIDAD ACCIDENTE,MUNICIPIO ACCIDENTE,ZONA,CARRETERA/KILOMETRO DEL ACCIDENTE,NUMERO DE AVENIDA,CALLE/AVENIDA DEL ACCIDENTE,COLONIA,ENTRE CALLES,CONDICIONES DE LA VIA,CONDICIONES NATURALES,SUPERFICIE DE LA VIA,ESTADO DE LA VIA,TANGENTE,TIPO DE CONTROL DE TRANSITO,RESTRICCIONES DE LA VIA,TIPO DE ACCIDENTE,FORMA DE ACCIDENTARSE,CONTRA QUE FUE EL IMPACTO,CANTIDAD DE VEHICULOS,TIPO DE VEHICULO,MARCA,SUBMARCA,ENTIDAD FEDERATIVA DEL VEHICULO,COLOR DEL VEHICULO,MOTOR,SERIE,TIPO DE SERVICIO PARA EL QUE SE OCUPAN LOS VEHICULOS,ASEGURADO,EDAD CONDUCTOR,SEXO CONDUCTOR,TIPO LICENCIA,LICENCIA VIGENTE,CAUSA ATRIBUIBLE AL CONDUCTOR,CAUSA ATRIBUIBLE AL PEATON,DANIOS (MONTO APROXIMADO EN MXN),NUMERO DE HERIDOS,MUJER HERIDA DE 0-15 ANIOS,HOMBRE HERIDO DE 0-15 ANIOS,MUJER HERIDA DE 16-30 ANIOS,HOMBRE HERIDO DE 16-30 ANIOS,MUJER HERIDA DE 31-45 ANIOS,HOMBRE HERIDO DE 31-45 ANIOS,MUJER HERIDA DE 46-60 ANIOS,HOMBRE HERIDO DE 46-60 ANIOS,MUJER HERIDA MAS DE 60 ANIOS,HOMBRE HERIDO MAS DE 60 ANIOS,NUMERO DE MUERTOS,MUJER MUERTA DE 0-15 ANIOS,HOMBRE MUERTO DE 0-15 ANIOS,MUJER MUERTA DE 16-30 ANIOS,HOMBRE MUERTO DE 16-30 ANIOS,MUJER MUERTA DE 31-45 ANIOS,HOMBRE MUERTO DE 31-45 ANIOS,MUJER MUERTA DE 46-60 ANIOS,HOMBRE MUERTO DE 46-60 ANIOS,MUJER MUERTA MAS DE 60 ANIOS,HOMBRE MUERTO MAS DE 60 ANIOS
83,XALAPA,01/09/2014,JUEVES,,15:15,,XALAPA,XALAPA,URBANA,,,7 DE NOVIEMBRE,BENITO JUAREZ,,BUENO,SOLEADO,CONCRETO,SECO,A NIVEL,NINGUNA,SIN RESTRICCIÓN,COLISIÓN,LATERAL,VEHÍCULO CIRCULANDO,2,AS - AUTOBÚS SUBURBANO,INTERNATIONAL,CHASIS,,BLANCO/AMARILLO,SIN NUMERO,3HBBN1AAN24L68970,PE - PÚBLICO ESTATAL,NO,34,HOMBRE,A,SI,CAMBIAR CARRIL SIN PRECAUCIÓN,NO APLICA,2000,0,,,,,,,,,,,,,,,,,,,,,
83,,,,,,,,,,,,,,,,,,,,,,,,,,A - AUTOMÓVIL,CHEVROLET,AVEO,VERACRUZ,PLATA,HECHO EN MEXICO,BP1JAF3OLI30635,P - PARTICULAR,SI,60,HOMBRE,B,SI,,,3000,,,,,,,,,,,,,,,,,,,,,,
84,XALAPA,01/09/2014,JUEVES,,17:50,,XALAPA,XALAPA,URBANA,,,AVENIDA LAZARO CARDENAS,ENCINAL,,BUENO,SOLEADO,CONCRETO,SECO,A NIVEL,MARCA EN PAVIMENTO,SIN RESTRICCIÓN,COLISIÓN,LATERAL,VEHÍCULO CIRCULANDO,2,AS - AUTOBÚS SUBURBANO,DAIMLER CHRYSLER,,VERACRUZ,VERDE,9.05E+13,3MBAA2W17M024148,PE - PÚBLICO ESTATAL,,31,HOMBRE,A,SI,CAMBIAR CARRIL SIN PRECAUCIÓN,NO APLICA,3000,0,,,,,,,,,,,,,,,,,,,,,
84,,,,,,,,,,,,,,,,,,,,,,,,,,AS - AUTOBÚS SUBURBANO,VOLKSWAGEN,CHASIS CONTROL,,BLANCO/AMARILLO,1.53E+12,3N1N1U5ZRZCD700118,PF- PÚBLICO FEDERAL,,36,HOMBRE,A,SI,,,5000,,,,,,,,,,,,,,,,,,,,,,
85,XALAPA,01/09/2014,JUEVES,,21:05,21:45,XALAPA,XALAPA,URBANA,,,AVENIDA AMERICAS,PROGRESO MACUILTEPEC,PRIV. AJUSCO,BUENO,,CONCRETO,SECO,A NIVEL,NINGUNA,SIN RESTRICCIÓN,COLISIÓN,POR ALCANCE,VEHÍCULO CIRCULANDO,3,A - AUTOMÓVIL,PEUGEOT,,VERACRUZ,NEGRO,10FSV9541444Z,6AD2AKFW376003006,P - PARTICULAR,NO,43,HOMBRE,B,NO,NO GUARDAR DISTANCIA,NO APLICA,1000,0,,,,,,,,,,,,,,,,,,,,,
85,,,,,,,,,,,3,,,,,,,,,,,,,,,A - AUTOMÓVIL,NISSAN,TSURU,VERACRUZ,BLANCO/VERDE,GA16741323Y,3N1EB31S6AK337285,PE - PÚBLICO ESTATAL,SI,41,HOMBRE,A,SI,,,3500,,,,,,,,,,,,,,,,,,,,,,
85,,,,,,,,,,,,,,,,,,,,,,,,,,A - AUTOMÓVIL,NISSAN,TSURU,VERACRUZ,BLANCO/ROJO,GA167264004,3N1EB31S4AK325801,PE - PÚBLICO ESTATAL,SI,39,MUJER,A,SI,,,2000,,,,,,,,,,,,,,,,,,,,,,
86,XALAPA,01/09/2014,JUEVES,21:50,22:00,22:15,XALAPA,XALAPA,URBANA,,,AVENIDA LAZARO CARDENAS,ENCINAL,CHAPULTEPEC,BUENO,NIEBLA,ASFALTO,SECO,A NIVEL,NINGUNA,SIN RESTRICCIÓN,COLISIÓN,LATERAL,VEHÍCULO CIRCULANDO,2,C - CAMIONETA,DODGE,CHASIS,,BLANCO,HECHO EN MEXICO,3DGWN56C57G727726,PF- PÚBLICO FEDERAL,NO,52,HOMBRE,B,SI,CAMBIAR CARRIL SIN PRECAUCIÓN,NO APLICA,,0,,,,,,,,,,,,,,,,,,,,,
86,,,,,,,,,,,1,,,,,,,,,,,,,,,A - AUTOMÓVIL,NISSAN,TSURU,VERACRUZ,BLANCO/VERDE,GA1673086642,3N1EB31S7EK307315,PE - PÚBLICO ESTATAL,SI,42,HOMBRE,A,SI,,,3000,,,,,,,,,,,,,,,,,,,,,,
87,XALAPA,01/09/2014,JUEVES,,22:45,,XALAPA,XALAPA,URBANA,,,CLAVIJERO,,ISAURO ACOSTA,BUENO,,CONCRETO,,A NIVEL,NINGUNA,SIN RESTRICCIÓN,COLISIÓN,ÁNGULO,VEHÍCULO CIRCULANDO,2,A - AUTOMÓVIL,VOLKSWAGEN,POINTER,VERACRUZ,PLATA,UDH100661,9BVWDC0SX410018571,P - PARTICULAR,NO,42,HOMBRE,B,SI,CAMBIAR CARRIL SIN PRECAUCIÓN,NO APLICA,2000,0,,,,,,,,,,,,,,,,,,,,,
87,,,,,,,,,,,,,,,,,,,,,,,,,,M - MOTOCICLETA,ITALIKA,125 CC,,NEGRO/ROJO,,3SCPFTDE1C1001859,P - PARTICULAR,NO,24,HOMBRE,B,SI,,,1500,,,,,,,,,,,,,,,,,,,,,,
88,XALAPA,01/09/2014,JUEVES,,12:45,,XALAPA,XALAPA,URBANA,,,IGNACIO ALLENDE,CENTRO,,BUENO,,CONCRETO,SECO,A NIVEL,NINGUNA,SIN RESTRICCIÓN,COLISIÓN,POR ALCANCE,VEHÍCULO CIRCULANDO,2,C - CAMIONETA,JEEP,GRAND CHEROKEE,VERACRUZ,,,1J4GW58N01C543594,P - PARTICULAR,SI,24,MUJER,,,NO GUARDAR DISTANCIA,NO APLICA,1000,0,,,,,,,,,,,,,,,,,,,,,
88,,,,,,,,,,,,,,,,,,,,,,,,,,A - AUTOMÓVIL,VOLKSWAGEN,SEAT,VERACRUZ,,,VSSPK46LX7R064309,P - PARTICULAR,SI,26,HOMBRE,C,SI,,,2000,,,,,,,,,,,,,,,,,,,,,,
89,XALAPA,01/09/2014,JUEVES,,13:10,,XALAPA,XALAPA,URBANA,,,AVENIDA ARAUCARIAS,ANIMAS,,BUENO,,CONCRETO,SECO,A NIVEL,NINGUNA,SIN RESTRICCIÓN,COLISIÓN,LATERAL,VEHÍCULO CIRCULANDO,2,A - AUTOMÓVIL,NISSAN,TSURU,VERACRUZ,BLANCO/ROJO,GA16761560Y,3N1EB31S5BK301010,PE - PÚBLICO ESTATAL,SI,50,HOMBRE,A,SI,OTRO,NO APLICA,1000,0,,,,,,,,,,,,,,,,,,,,,
89,,,,,,,,,,,,,,,,,,,,,,,,,,A - AUTOMÓVIL,VOLKSWAGEN,GOL,VERACRUZ,VERDE,CFZ857137,9BWAB05VICP072188,P - PARTICULAR,SI,37,HOMBRE,A,SI,,,500,,,,,,,,,,,,,,,,,,,,,,
90,XALAPA,01/09/2014,JUEVES,20:55,21:00,,XALAPA,XALAPA,URBANA,,,AVENIDA LAZARO CARDENAS,POMONA,VERACRUZ,BUENO,,ASFALTO,SECO,DESCENDENTE,NINGUNA,SIN RESTRICCIÓN,COLISIÓN,POR ALCANCE,VEHÍCULO CIRCULANDO,1,C - CAMIONETA,CHRYSLER,H-100,VERACRUZ,BLANCO,HECHO EN USA,KMFZB17H66U17392,P - PARTICULAR,SI,19,HOMBRE,,,OTRO,NO APLICA,7000,2,,,,,,,,,,,,,,,,,,,,,
90,,,,,,,,,,,1,,,,,,,,,,,,,,,A - AUTOMÓVIL,CHRYSLER,SPIRIT,VERACRUZ,DORADO,HECHO EN MEXICO,3C3B146B4MT586771,P - PARTICULAR,SI,32,HOMBRE,,,,,5000,,,,,1,,1,,,,,,,,,,,,,,,
91,XALAPA,01/10/2014,VIERNES,,09:30,,XALAPA,XALAPA,URBANA,,,CLAVIJERO SAYAGO,CENTRO,,BUENO,SOLEADO,CONCRETO,SECO,A NIVEL,NINGUNA,SIN RESTRICCIÓN,COLISIÓN,LATERAL,VEHÍCULO CIRCULANDO,2,,,,,,,,,,,,,,,,,0,,,,,,,,,,,,,,,,,,,,,
91,,,,,,,,,,,,,,,,,,,,,,,,,,AS - AUTOBÚS SUBURBANO,INTERNATIONAL,CHASIS,VERACRUZ,BLANCO/VERDE,470HM147323,HECHO EN MEXICO,PE - PÚBLICO ESTATAL,SI,28,HOMBRE,A,SI,CAMBIAR CARRIL SIN PRECAUCIÓN,NO APLICA,1000,,,,,,,,,,,,,,,,,,,,,,
91,,,,,,,,,,,,,,,,,,,,,,,,,,A - AUTOMÓVIL,CHEVROLET,CHEVY,VERACRUZ,ROJO,3HBBNAAN25L141808,3G1SEX9A5137573,P - PARTICULAR,NO,46,HOMBRE,A,SI,,,800,,,,,,,,,,,,,,,,,,,,,,
92,XALAPA,01/10/2014,VIERNES,,10:00,,XALAPA,XALAPA,URBANA,,,AVENIDA LAZARO CARDENAS,,,BUENO,,CONCRETO,,A NIVEL,NINGUNA,ACCIDENTE PREVIO,COLISIÓN,ÁNGULO,VEHÍCULO CIRCULANDO,2,,,,,,,,,,,,,,,,,0,,,,,,,,,,,,,,,,,,,,,
92,,,,,,,,,,,1,,,,,,,,,,,,,,,C - CAMIONETA,NISSAN,NP-300,VERACRUZ,ROJO,SIN NUMERO,3NBD098K017715,P - PARTICULAR,SI,29,HOMBRE,A,SI,CAMBIAR CARRIL SIN PRECAUCIÓN,OTRO,8000,,,,,,,,,,,,,,,,,,,,,,
92,,,,,,,,,,,,,,,,,,,,,,,,,,C - CAMIONETA,CHRYSLER,XW-66490,VERACRUZ,BLANCO,SIN NUMERO,007B773696,P - PARTICULAR,SI,21,HOMBRE,,NO,,,5000,,,,,,,,,,,,,,,,,,,,,,
93,XALAPA,01/10/2014,VIERNES,,14:10,,XALAPA,XALAPA,URBANA,,,AVENIDA XALAPA,OBRERO CAMPESINA,,BUENO,SOLEADO,ASFALTO,,ASCENDENTE,NINGUNA,OBRA EN CONSTRUCCIÓN,COLISIÓN,ÁNGULO,VEHÍCULO CIRCULANDO,2,,,,,,,,,,,,,,,,,0,,,,,,,,,,,,,,,,,,,,,
93,,,,,,,,,,,7,,,,,,,,,,,,,,,A - AUTOMÓVIL,VOLKSWAGEN,POINTER,VERACRUZ,GRIS,UDH294141,SIN NUMERO,P - PARTICULAR,NO,21,HOMBRE,A,SI,NO RESPETAR SEÑAL DE ALTO,NO APLICA,500,,,,,,,,,,,,,,,,,,,,,,
93,,,,,,,,,,,,,,,,,,,,,,,,,,A - AUTOMÓVIL,NISSAN,VERSA,VERACRUZ,NEGRO,9BWCC05X03T014,SIN NUMERO,P - PARTICULAR,NO,45,HOMBRE,A,SI,,,500,,,,,,,,,,,,,,,,,,,,,,
94,XALAPA,01/10/2014,VIERNES,,15:10,,XALAPA,XALAPA,URBANA,,,AVENIDA REBSAMEN,MARTIRES DE CHICAGO,,BUENO,,CONCRETO,,A NIVEL,NINGUNA,SIN RESTRICCIÓN,COLISIÓN,POR ALCANCE,VEHÍCULO CIRCULANDO,2,,,,,,,,,,,,,,,,,0,,,,,,,,,,,,,,,,,,,,,
94,,,,,,,,,,,10,,,,,,,,,,,,,,,AS - AUTOBÚS SUBURBANO,INTERNATIONAL,CHASIS,VERACRUZ,NEGRO,470HMANN2U1324189,34VNA325154,PE - PÚBLICO ESTATAL,NO,25,HOMBRE,A,SI,VELOCIDAD INMODERADA,NO APLICA,800,,,,,,,,,,,,,,,,,,,,,,
94,,,,,,,,,,,,,,,,,,,,,,,,,,A - AUTOMÓVIL,VOLKSWAGEN,SEDAN,VERACRUZ,ARENA,HECHO EN MEXICO,SIN NUMERO,P - PARTICULAR,NO,20,HOMBRE,A,SI,,,,,,,,,,,,,,,,,,,,,,,,,
95,XALAPA,01/10/2014,VIERNES,,10:05,,XALAPA,XALAPA,URBANA,,,AVENIDA AMERICAS,2 DE ABRIL,,BUENO,,CONCRETO,SECO,DESCENDENTE,NINGUNA,SIN RESTRICCIÓN,COLISIÓN,ÁNGULO,VEHÍCULO CIRCULANDO,2,,,,,,,,,,,,,,,,,0,,,,,,,,,,,,,,,,,,,,,
95,,,,,,,,,,,3,,,,,,,,,,,,,,,CC - CAMIÓN DE CARGA,FORD,F-200,VERACRUZ,BLANCO,SIN NUMERO,AC2MFA60362,P - PARTICULAR,SI,44,HOMBRE,,NO,VELOCIDAD INMODERADA,NO APLICA,700,,,,,,,,,,,,,,,,,,,,,,
95,,,,,,,,,,,,,,,,,,,,,,,,,,A - AUTOMÓVIL,NISSAN,TSURU,VERACRUZ,BLANCO/ROJO,SIN NUMERO,3NIEB31S9AK325228,PE - PÚBLICO ESTATAL,SI,32,HOMBRE,A,SI,,,4000,,,,,,,,,,,,,,,,,,,,,,
96,XALAPA,01/10/2014,VIERNES,,19:40,,XALAPA,XALAPA,URBANA,,,JUSTO SIERRA,CENTRO,ARTEAGA,BUENO,,CONCRETO,,A NIVEL,NINGUNA,SIN RESTRICCIÓN,COLISIÓN,,VEHÍCULO ESTACIONADO,2,,,,,,,,,,,,,,,,,0,,,,,,,,,,,,,,,,,,,,,
96,,,,,,,,,,,,,,,,,,,,,,,,,,AS - AUTOBÚS SUBURBANO,INTERNATIONAL,CHASIS,VERACRUZ,NEGRO,SIN NUMERO,9.05E+13,PE - PÚBLICO ESTATAL,NO,40,HOMBRE,,NO,VELOCIDAD INMODERADA,NO APLICA,500,,,,,,,,,,,,,,,,,,,,,,
96,,,,,,,,,,,,,,,,,,,,,,,,,,A - AUTOMÓVIL,CHRYSLER,VERNA,VERACRUZ,BLANCO/ROJO,SIN NUMERO,KMHCH41C25606045,P - PARTICULAR,NO,,,,,,,500,,,,,,,,,,,,,,,,,,,,,,
97,XALAPA,01/10/2014,VIERNES,,20:00,,XALAPA,XALAPA,URBANA,,,AVENIDA LAZARO CARDENAS,BADILLO,,BUENO,,ASFALTO,,DESCENDENTE,NINGUNA,SIN RESTRICCIÓN,COLISIÓN,POR ALCANCE,VEHÍCULO CIRCULANDO,3,A - AUTOMÓVIL,PEUGEOT,,VERACRUZ,ROJO,IQDBTHO35717,9362XNA668002132,P - PARTICULAR,SI,37,HOMBRE,A,SI,,,12000,0,,,,,,,,,,,,,,,,,,,,,
97,,,,,,,,,,,1,,,,,,,,,,,,,,,A - AUTOMÓVIL,CHEVROLET,CHEVY,VERACRUZ,BLANCO,HECHO EN MEXICO,3G1SF2XI5132259,P - PARTICULAR,NO,26,HOMBRE,,NO,VELOCIDAD INMODERADA,NO APLICA,10000,,,,,,,,,,,,,,,,,,,,,,
97,,,,,,,,,,,,,,,,,,,,,,,,,,A - AUTOMÓVIL,NISSAN,VERSA,VERACRUZ,NEGRO,HR167595590,3NICN7AD3DK402914,P - PARTICULAR,SI,17,HOMBRE,A,SI,,,5000,,,,,,,,,,,,,,,,,,,,,,
98,XALAPA,01/10/2014,VIERNES,,07:30,08:00,XALAPA,XALAPA,URBANA,,,BOLIVIA PARAGUAY,BENITO JUAREZ,,REGULAR,SOLEADO,CONCRETO,SECO,ASCENDENTE,NINGUNA,SIN RESTRICCIÓN,COLISIÓN,ÁNGULO,VEHÍCULO CIRCULANDO,2,,,,,,,,,,,,,,,,,0,,,,,,,,,,,,,,,,,,,,,
98,,,,,,,,,,,,,,,,,,,,,,,,,,A - AUTOMÓVIL,VOLKSWAGEN,SEDAN,VERACRUZ,VINO,11NOO58769,11N0058769,P - PARTICULAR,NO,37,HOMBRE,A,SI,CAMBIAR CARRIL SIN PRECAUCIÓN,NO APLICA,3000,,,,,,,,,,,,,,,,,,,,,,
98,,,,,,,,,,,,,,,,,,,,,,,,,,C - CAMIONETA,HONDA,CRV,VERACRUZ,AZUL,K24291026083,3HGR3839CG00866,P - PARTICULAR,SI,29,HOMBRE,A,SI,,,8000,,,,,,,,,,,,,,,,,,,,,,
99,XALAPA,01/10/2014,VIERNES,,13:30,,XALAPA,XALAPA,URBANA,,,AVENIDA REBSAMEN,MARTIRES DE CHICAGO,,BUENO,,,,A NIVEL,NINGUNA,SIN RESTRICCIÓN,COLISIÓN,ÁNGULO,VEHÍCULO CIRCULANDO,2,,,,,,,,,,,,,,,,,0,,,,,,,,,,,,,,,,,,,,,
99,,,,,,,,,,,10,,,,,,,,,,,,,,,A - AUTOMÓVIL,VOLKSWAGEN,JETTA,VERACRUZ,ROJO,AEG439693,3VWRH09M170606,P - PARTICULAR,NO,67,HOMBRE,A,SI,VELOCIDAD INMODERADA,NO APLICA,8000,,,,,,,,,,,,,,,,,,,,,,
99,,,,,,,,,,,,,,,,,,,,,,,,,,A - AUTOMÓVIL,NISSAN,TSURU,VERACRUZ,BLANCO/VERDE,GA16874131W,3NIEB315H47097,PE - PÚBLICO ESTATAL,SI,28,HOMBRE,A,SI,,,2000,,,,,,,,,,,,,,,,,,,,,,
100,XALAPA,01/10/2014,VIERNES,,07:25,,XALAPA,XALAPA,URBANA,,,AVENIDA LAZARO CARDENAS,RAFAEL LUCIO,,BUENO,,CONCRETO,,A NIVEL,NINGUNA,SIN RESTRICCIÓN,ATROPELLAMIENTO,,VEHÍCULO CIRCULANDO,1,,,,,,,,,,,,,,,,,1,,,1,,,,,,,,,,,,,,,,,,
100,,,,,,,,,,,1,,,,,,,,,,,,,,,A - AUTOMÓVIL,PEUGEOT,,VERACRUZ,GRIS,10FSV95405989,8AD2AKFW67G003260,P - PARTICULAR,SI,15,HOMBRE,A,SI,VELOCIDAD INMODERADA,NO USABA ZONA PEATONAL,6000,,,,,,,,,,,,,,,,,,,,,,
101,XALAPA,01/11/2014,SÁBADO,08:20,08:35,,XALAPA,XALAPA,URBANA,,,JOAQUIN ARRONIZ,7 DE NOVIEMBRE,,BUENO,NIEBLA,CONCRETO,SECO,A NIVEL,NINGUNA,SIN RESTRICCIÓN,COLISIÓN,POR ALCANCE,VEHÍCULO CIRCULANDO,2,C - CAMIONETA,NISSAN,N9300,VERACRUZ,PLATA,KA24512866A,3N6DD25T08K037045,P - PARTICULAR,NO,20,HOMBRE,B,SI,,,,0,,,,,,,,,,,,,,,,,,,,,
101,,,,,,,,,,,,,,,,,,,,,,,,,,A - AUTOMÓVIL,VOLKSWAGEN,SEDAN,VERACRUZ,ROJO,YAF831157,11ED0106752,P - PARTICULAR,NO,40,HOMBRE,A,SI,NO GUARDAR DISTANCIA,NO APLICA,,,,,,,,,,,,,,,,,,,,,,,
101,,,,,,,,,,,,,,,,,,,,,,,,,,,,,,,,,,,,,,,,,700,,,,,,,,,,,,,,,,,,,,,,
102,XALAPA,01/11/2014,SÁBADO,,13:10,,XALAPA,XALAPA,URBANA,,,AVENIDA 20 DE NOVIEMBRE,CENTRO,,BUENO,SOLEADO,CONCRETO,,ASCENDENTE,NINGUNA,SIN RESTRICCIÓN,COLISIÓN,LATERAL,VEHÍCULO CIRCULANDO,2,,,,,,,,,,,,,,,,,0,,,,,,,,,,,,,,,,,,,,,
102,,,,,,,,,,,5,,,,,,,,,,,,,,,A - AUTOMÓVIL,VOLKSWAGEN,JETTA,VERACRUZ,BLANCO,CBP503904,3VWIM1AJ6M206804,P - PARTICULAR,SI,27,HOMBRE,A,SI,CAMBIAR CARRIL SIN PRECAUCIÓN,NO APLICA,1500,,,,,,,,,,,,,,,,,,,,,,
102,,,,,,,,,,,,,,,,,,,,,,,,,,C - CAMIONETA,CHEVROLET,CHASIS,VERACRUZ,BLANCO,5M115141,3GBKC68M115141,P - PARTICULAR,SI,40,HOMBRE,A,SI,,,,,,,,,,,,,,,,,,,,,,,,,
103,XALAPA,01/11/2014,SÁBADO,,15:10,,XALAPA,XALAPA,URBANA,,,AVENIDA LAZARO CARDENAS,BENITO JUAREZ,,BUENO,SOLEADO,CONCRETO,SECO,A NIVEL,NINGUNA,SIN RESTRICCIÓN,COLISIÓN,,VEHÍCULO ESTACIONADO,2,,,,,,,,,,,,,,,,,0,,,,,,,,,,,,,,,,,,,,,
103,,,,,,,,,,,,,,,,,,,,,,,,,,A - AUTOMÓVIL,NISSAN,TSURU,VERACRUZ,BLANCO,GA16736086,3NIEB315288208,P - PARTICULAR,NO,36,HOMBRE,A,SI,VELOCIDAD INMODERADA,NO APLICA,500,,,,,,,,,,,,,,,,,,,,,,
103,,,,,,,,,,,,,,,,,,,,,,,,,,A - AUTOMÓVIL,PONTIAC,SURFIRE,VERACRUZ,NEGRO,SIN NUMERO,3623BIHT517748,P - PARTICULAR,NO,27,HOMBRE,B,SI,,,500,,,,,,,,,,,,,,,,,,,,,,
104,XALAPA,01/11/2014,SÁBADO,,15:35,,XALAPA,XALAPA,URBANA,,,AVENIDA AMERICAS,POMONA,,BUENO,SOLEADO,ASFALTO,SECO,A NIVEL,NINGUNA,SIN RESTRICCIÓN,COLISIÓN,LATERAL,VEHÍCULO CIRCULANDO,3,AS - AUTOBÚS SUBURBANO,NISSAN,TSURU,VERACRUZ,BLANCO/VERDE,GA1672246762,3NIEB3158K33375,PE - PÚBLICO ESTATAL,SI,31,HOMBRE,A,SI,,,10000,0,,,,,,,,,,,,,,,,,,,,,
104,,,,,,,,,,,3,,,,,,,,,,,,,,,A - AUTOMÓVIL,INTERNATIONAL,CHASIS,VERACRUZ,NARANJA/BLANCO,SIN NUMERO,3HVBNAAN4202193,PE - PÚBLICO ESTATAL,SI,24,HOMBRE,A,SI,CAMBIAR CARRIL SIN PRECAUCIÓN,NO APLICA,,,,,,,,,,,,,,,,,,,,,,,
104,,,,,,,,,,,,,,,,,,,,,,,,,,A - AUTOMÓVIL,NISSAN,TSURU,VERACRUZ,VERDE,GA16782966W,3NIEB98K337243,PE - PÚBLICO ESTATAL,SI,,,,,,,7000,,,,,,,,,,,,,,,,,,,,,,
105,XALAPA,01/11/2014,SÁBADO,,15:40,,XALAPA,XALAPA,URBANA,,,AVENIDA ORIZABA,OBRERO CAMPESINA,,BUENO,SOLEADO,CONCRETO,SECO,A NIVEL,NINGUNA,SIN RESTRICCIÓN,COLISIÓN,LATERAL,VEHÍCULO CIRCULANDO,2,,,,,,,,,,,,,,,,,0,,,,,,,,,,,,,,,,,,,,,
105,,,,,,,,,,,,,,,,,,,,,,,,,,A - AUTOMÓVIL,FORD,FOCUS,VERACRUZ,BLANCO,SIN NUMERO,WF472110634,P - PARTICULAR,NO,59,HOMBRE,A,SI,CAMBIAR CARRIL SIN PRECAUCIÓN,NO APLICA,2000,,,,,,,,,,,,,,,,,,,,,,
105,,,,,,,,,,,,,,,,,,,,,,,,,,C - CAMIONETA,FORD,CAJA CERRADA,DISTRITO FEDERAL,AMARILLO,SIN NUMERO,3F3615MA35921,P - PARTICULAR,SI,28,HOMBRE,A,SI,,,1000,,,,,,,,,,,,,,,,,,,,,,
106,XALAPA,01/11/2014,SÁBADO,,15:45,,XALAPA,XALAPA,URBANA,,,AVENIDA CHEDRAUI CARAM,,,BUENO,SOLEADO,ASFALTO,,A NIVEL,NINGUNA,SIN RESTRICCIÓN,COLISIÓN,POR ALCANCE,VEHÍCULO CIRCULANDO,2,,,,,,,,,,,,,,,,,0,,,,,,,,,,,,,,,,,,,,,
106,,,,,,,,,,,16,,,,,,,,,,,,,,,AS - AUTOBÚS SUBURBANO,INTERNATIONAL,CHASIS,VERACRUZ,NARANJA/BLANCO,SIN NUMERO,SIN NUMERO,PE - PÚBLICO ESTATAL,NO,58,HOMBRE,A,SI,NO GUARDAR DISTANCIA,NO APLICA,4000,,,,,,,,,,,,,,,,,,,,,,
106,,,,,,,,,,,,,,,,,,,,,,,,,,A - AUTOMÓVIL,NISSAN,ALTIMA,VERACRUZ,VERDE,SIN NUMERO,QR25159297,P - PARTICULAR,NO,31,HOMBRE,C,SI,,,1000,,,,,,,,,,,,,,,,,,,,,,
107,XALAPA,01/11/2014,SÁBADO,,17:25,,XALAPA,XALAPA,URBANA,,,AVENIDA ARAUCARIAS,,,BUENO,,CONCRETO,,ASCENDENTE,NINGUNA,SIN RESTRICCIÓN,COLISIÓN,ÁNGULO,VEHÍCULO CIRCULANDO,2,,,,,,,,,,,,,,,,,0,,,,,,,,,,,,,,,,,,,,,
107,,,,,,,,,,,,,,,,,,,,,,,,,,A - AUTOMÓVIL,VOLKSWAGEN,SEDAN,VERACRUZ,ROJO,AF1162080,11M0068993,P - PARTICULAR,NO,41,HOMBRE,A,SI,"VUELTA EN ""U""",NO APLICA,1000,,,,,,,,,,,,,,,,,,,,,,
107,,,,,,,,,,,,,,,,,,,,,,,,,,A - AUTOMÓVIL,NISSAN,TSURU,VERACRUZ,BLANCO/VERDE,GA16885950T,3NIEB31S96K302540,PE - PÚBLICO ESTATAL,NO,46,HOMBRE,A,SI,,,1200,,,,,,,,,,,,,,,,,,,,,,
108,XALAPA,01/11/2014,SÁBADO,,18:40,19:20,XALAPA,XALAPA,URBANA,,,MANZANO PERAL,SUMIDERO,,BUENO,,CONCRETO,SECO,A NIVEL,NINGUNA,SIN RESTRICCIÓN,COLISIÓN,ÁNGULO,VEHÍCULO CIRCULANDO,2,,,,,,,,,,,,,,,,,0,,,,,,,,,,,,,,,,,,,,,
108,,,,,,,,,,,,,,,,,,,,,,,,,,A - AUTOMÓVIL,NISSAN,TSURU,VERACRUZ,ROJO/BLANCO,GA16819794,3NIEB3157BK5486,PE - PÚBLICO ESTATAL,SI,60,HOMBRE,A,SI,NO RESPETAR CEDA EL PASO,NO APLICA,1500,,,,,,,,,,,,,,,,,,,,,,
108,,,,,,,,,,,,,,,,,,,,,,,,,,M - MOTOCICLETA,DINAMO,,VERACRUZ,AZUL,162FM1090094,3CT2ABF8A00890,P - PARTICULAR,NO,27,HOMBRE,,NO,,,1500,,,,,,,,,,,,,,,,,,,,,,
109,XALAPA,01/11/2014,SÁBADO,18:46,18:48,10:55,XALAPA,XALAPA,URBANA,,,IGNACIO DE LA LLAVE,CENTRO,,BUENO,NIEBLA,CONCRETO,SECO,A NIVEL,NINGUNA,SIN RESTRICCIÓN,COLISIÓN,POR ALCANCE,VEHÍCULO CIRCULANDO,2,,,,,,,,,,,,,,,,,0,,,,,,,,,,,,,,,,,,,,,