idMES,DELEGACION DE TRANSITO,FECHA DEL ACCIDENTE,DIA DE LA SEMANA,HORA EN QUE SE RECIBIO LA LLAMADA REPORTANDO EL ACCIDENTE,HORA DE ARRIBO DEL PERITO AL SITIO,HORA DE REGRESO DEL PERITO A LAS INSTALACIONES DE SU DELEGACION,LOCALIDAD ACCIDENTE,MUNICIPIO ACCIDENTE,ZONA,CARRETERA/KILOMETRO DEL ACCIDENTE,NUMERO DE AVENIDA,CALLE/AVENIDA DEL ACCIDENTE,COLONIA,ENTRE CALLES,CONDICIONES DE LA VIA,CONDICIONES NATURALES,SUPERFICIE DE LA VIA,ESTADO DE LA VIA,TANGENTE,TIPO DE CONTROL DE TRANSITO,RESTRICCIONES DE LA VIA,TIPO DE ACCIDENTE,FORMA DE ACCIDENTARSE,CONTRA QUE FUE EL IMPACTO,CANTIDAD DE VEHICULOS,TIPO DE VEHICULO,MARCA,SUBMARCA,ENTIDAD FEDERATIVA DEL VEHICULO,COLOR DEL VEHICULO,MOTOR,SERIE,TIPO DE SERVICIO PARA EL QUE SE OCUPAN LOS VEHICULOS,ASEGURADO,EDAD CONDUCTOR,SEXO CONDUCTOR,TIPO LICENCIA,LICENCIA VIGENTE,CAUSA ATRIBUIBLE AL CONDUCTOR,CAUSA ATRIBUIBLE AL PEATON,DANIOS (MONTO APROXIMADO EN MXN),NUMERO DE HERIDOS,MUJER HERIDA DE 0-15 ANIOS,HOMBRE HERIDO DE 0-15 ANIOS,MUJER HERIDA DE 16-30 ANIOS,HOMBRE HERIDO DE 16-30 ANIOS,MUJER HERIDA DE 31-45 ANIOS,HOMBRE HERIDO DE 31-45 ANIOS,MUJER HERIDA DE 46-60 ANIOS,HOMBRE HERIDO DE 46-60 ANIOS,MUJER HERIDA MAS DE 60 ANIOS,HOMBRE HERIDO MAS DE 60 ANIOS,NUMERO DE MUERTOS,MUJER MUERTA DE 0-15 ANIOS,HOMBRE MUERTO DE 0-15 ANIOS,MUJER MUERTA DE 16-30 ANIOS,HOMBRE MUERTO DE 16-30 ANIOS,MUJER MUERTA DE 31-45 ANIOS,HOMBRE MUERTO DE 31-45 ANIOS,MUJER MUERTA DE 46-60 ANIOS,HOMBRE MUERTO DE 46-60 ANIOS,MUJER MUERTA MAS DE 60 ANIOS,HOMBRE MUERTO MAS DE 60 ANIOS
109,,,,,,,,,,,8,,,,,,,,,,,,,,,C - CAMIONETA,FORD,,VERACRUZ,BLANCO,SIN NUMERO,3FTE72941668,P - PARTICULAR,NO,54,HOMBRE,A,SI,ALCOHOL / DROGAS,NO APLICA,,,,,,,,,,,,,,,,,,,,,,,
109,,,,,,,,,,,,,,,,,,,,,,,,,,C - CAMIONETA,NISSAN,PATHFINDER,VERACRUZ,PLATA,VQ404409880A,9NIAR18U87603595,P - PARTICULAR,SI,19,HOMBRE,C,SI,,,2500,,,,,,,,,,,,,,,,,,,,,,
110,XALAPA,01/11/2014,SÁBADO,,22:15,,XALAPA,XALAPA,URBANA,CARRETERA PRINCIPAL LAS TRANCAS,,,,,BUENO,,ASFALTO,,A NIVEL,NINGUNA,SIN RESTRICCIÓN,ATROPELLAMIENTO,,,1,,,,,,,,,,,,,,,,,0,,,,,,,,,,,,,,,,,,,,,
110,,,,,,,,,,,15,,,,,,,,,,,,,,,M - MOTOCICLETA,DIKON,BERLIN 125,VERACRUZ,ROJO,JK156FM1B1,LYHZ153004C1100101,P - PARTICULAR,NO,21,HOMBRE,,NO,NO RESPETAR CEDA EL PASO,NO APLICA,1000,,,,,,,,,,,,,,,,,,,,,,
111,XALAPA,01/11/2014,SÁBADO,,01:30,02:20,XALAPA,XALAPA,URBANA,,,CIRCUITO PRESIDENTES,,,BUENO,,CONCRETO,SECO,A NIVEL,NINGUNA,SIN RESTRICCIÓN,COLISIÓN,POR ALCANCE,VEHÍCULO CIRCULANDO,3,A - AUTOMÓVIL,FORD,SEDAN,VERACRUZ,CASTAÑO,SIN NUMERO,1FABP03361W9886,P - PARTICULAR,SI,23,HOMBRE,A,SI,,,1800,0,,,,,,,,,,,,,,,,,,,,,
111,,,,,,,,,,,,,,,,,,,,,,,,,,A - AUTOMÓVIL,NISSAN,SENTRA,VERACRUZ,AZUL,Q618656519P,3NIEB5121K4218,P - PARTICULAR,NO,48,HOMBRE,A,SI,VELOCIDAD INMODERADA,NO APLICA,1800,,,,,,,,,,,,,,,,,,,,,,
111,,,,,,,,,,,9,,,,,,,,,,,,,,,C - CAMIONETA,FORD,RANGER,VERACRUZ,PLATA,HECHO EN USA,BAFE5A61500,P - PARTICULAR,SI,59,HOMBRE,A,SI,,,4000,,,,,,,,,,,,,,,,,,,,,,
112,XALAPA,01/11/2014,SÁBADO,,11:00,,XALAPA,XALAPA,URBANA,,,AVENIDA LAZARO CARDENAS,,,BUENO,SOLEADO,CONCRETO,SECO,A NIVEL,NINGUNA,SIN RESTRICCIÓN,COLISIÓN,LATERAL,VEHÍCULO CIRCULANDO,2,,,,,,,,,,,,,,,,,0,,,,,,,,,,,,,,,,,,,,,
112,,,,,,,,,,,1,,,,,,,,,,,,,,,M - MOTOCICLETA,ITALIKA,,VERACRUZ,ROJO,LC161129449,LLCPS6718797,P - PARTICULAR,NO,36,HOMBRE,,NO,VELOCIDAD INMODERADA,NO APLICA,2000,,,,,,,,,,,,,,,,,,,,,,
112,,,,,,,,,,,,,,,,,,,,,,,,,,A - AUTOMÓVIL,VOLKSWAGEN,POINTER,VERACRUZ,PLATA,UD154872,9BWDC05114947,P - PARTICULAR,NO,18,HOMBRE,,NO,,,3000,,,,,,,,,,,,,,,,,,,,,,
113,XALAPA,01/11/2014,SÁBADO,,21:10,,XALAPA,XALAPA,URBANA,,,SAN ANTONIO NO 24,SANTA FE,,BUENO,,CONCRETO,SECO,A NIVEL,NINGUNA,SIN RESTRICCIÓN,COLISIÓN,,VEHÍCULO ESTACIONADO,2,,,,,,,,,,,,,,,,,0,,,,,,,,,,,,,,,,,,,,,
113,,,,,,,,,,,,,,,,,,,,,,,,,,A - AUTOMÓVIL,FORD,ESCORT,VERACRUZ,VERDE,HECHO EN MEXICO,1FABPI0P8VW230922,P - PARTICULAR,NO,,,,NO,VELOCIDAD INMODERADA,NO APLICA,3000,,,,,,,,,,,,,,,,,,,,,,
113,,,,,,,,,,,,,,,,,,,,,,,,,,M - MOTOCICLETA,HONDA,,VERACRUZ,NEGRO,JC30E6714868,LTMJD19179C328443,P - PARTICULAR,NO,,,,NO,,,5000,,,,,,,,,,,,,,,,,,,,,,
114,XALAPA,01/11/2014,SÁBADO,,04:45,,XALAPA,XALAPA,URBANA,,,AVENIDA MURILLO VIDAL,ALVARO OBREGON,,BUENO,,CONCRETO,,A NIVEL,NINGUNA,SIN RESTRICCIÓN,COLISIÓN,,OBJETO FIJO,1,,,,,,,,,,,,,,,,,1,,,,,,,,,,,,,,,,,,,,,
114,,,,,,,,,,,11,,,,,,,,,,,,,,,A - AUTOMÓVIL,VOLKSWAGEN,BORA,DISTRITO FEDERAL,ROJO,SIN NUMERO,SIN NUMERO,P - PARTICULAR,NO,,,,NO,VELOCIDAD INMODERADA,NO APLICA,50000,,,,,,,1,,,,,,,,,,,,,,,
115,XALAPA,01/12/2014,DOMINGO,,13:15,,XALAPA,XALAPA,URBANA,,,AVENIDA 1 DE MAYO,UNIDAD MAGISTERIAL,,BUENO,SOLEADO,ASFALTO,SECO,A NIVEL,NINGUNA,SIN RESTRICCIÓN,COLISIÓN,LATERAL,VEHÍCULO CIRCULANDO,2,C - CAMIONETA,CHRYSLER,DAKOTA,VERACRUZ,ROJO,HECHO EN USA,107HEBK495820763,P - PARTICULAR,NO,42,MUJER,,NO,CAMBIAR CARRIL SIN PRECAUCIÓN,NO APLICA,600,0,,,,,,,,,,,,,,,,,,,,,
115,,,,,,,,,,,,,,,,,,,,,,,,,,A - AUTOMÓVIL,NISSAN,TSURU,VERACRUZ,BLANCO/ROJO,GA16852495Y,3NIEB3150CK327273,PE - PÚBLICO ESTATAL,SI,52,HOMBRE,A,SI,,,500,,,,,,,,,,,,,,,,,,,,,,
116,XALAPA,01/12/2014,DOMINGO,12:55,13:15,,XALAPA,XALAPA,URBANA,,,AVENIDA LAZARO CARDENAS,SEBASTIAN LERDO DE TEJADA,,BUENO,SOLEADO,ASFALTO,SECO,A NIVEL,NINGUNA,SIN RESTRICCIÓN,COLISIÓN,LATERAL,VEHÍCULO CIRCULANDO,2,A - AUTOMÓVIL,TOYOTA,CRMRY,VERACRUZ,BLANCO,ZARD913180,431BFX5CU98864,P - PARTICULAR,SI,29,HOMBRE,A,SI,CAMBIAR CARRIL SIN PRECAUCIÓN,NO APLICA,2500,0,,,,,,,,,,,,,,,,,,,,,
116,,,,,,,,,,,1,,,,,,,,,,,,,,,A - AUTOMÓVIL,FORD,FIESTA,DISTRITO FEDERAL,BLANCO,SIN NUMERO,9BFTB08NX4821639,P - PARTICULAR,NO,42,HOMBRE,A,SI,,,2000,,,,,,,,,,,,,,,,,,,,,,
117,XALAPA,01/12/2014,DOMINGO,14:46,15:05,15:28,XALAPA,XALAPA,URBANA,,,ATENAS VERACRUZANAS,REVOLUCION,,BUENO,SOLEADO,CONCRETO,SECO,A NIVEL,NINGUNA,SIN RESTRICCIÓN,COLISIÓN,ÁNGULO,VEHÍCULO CIRCULANDO,2,A - AUTOMÓVIL,FORD,FOCUS,JALISCO,ROJO,M317069,1FABP3314W317069,P - PARTICULAR,NO,59,HOMBRE,A,SI,,,3000,0,,,,,,,,,,,,,,,,,,,,,
117,,,,,,,,,,,,,,,,,,,,,,,,,,A - AUTOMÓVIL,CHEVROLET,MATIZ,VERACRUZ,BLANCO/VERDE,HECHO EN KOREA,KLIMD6A07CC148375,PE - PÚBLICO ESTATAL,SI,38,HOMBRE,A,SI,CAMBIAR CARRIL SIN PRECAUCIÓN,OTRO,4000,,,,,,,,,,,,,,,,,,,,,,
118,XALAPA,01/12/2014,DOMINGO,,17:35,18:00,XALAPA,XALAPA,URBANA,,,AVENIDA AVILA CAMACHO,CENTRO,AGUSTIN MELGAR,BUENO,,CONCRETO,,A NIVEL,NINGUNA,SIN RESTRICCIÓN,COLISIÓN,ÁNGULO,VEHÍCULO CIRCULANDO,2,C - CAMIONETA,NISSAN,PATHFINDER,VERACRUZ,BLANCO,VK561577002,5N1AA0865N7009,P - PARTICULAR,NO,38,HOMBRE,B,SI,,,1000,0,,,,,,,,,,,,,,,,,,,,,
118,,,,,,,,,,,4,,,,,,,,,,,,,,,A - AUTOMÓVIL,NISSAN,TIDA,VERACRUZ,PLATA,MR18619267H,3NIEB1ASPB3940,P - PARTICULAR,SI,62,HOMBRE,C,SI,CAMBIAR CARRIL SIN PRECAUCIÓN,NO APLICA,35000,,,,,,,,,,,,,,,,,,,,,,
119,XALAPA,01/12/2014,DOMINGO,,20:40,,XALAPA,XALAPA,URBANA,,,AVENIDA MEXICO,REVOLUCION,DIVISION DEL NORTE,BUENO,,CONCRETO,,A NIVEL,NINGUNA,SIN RESTRICCIÓN,COLISIÓN,ÁNGULO,VEHÍCULO CIRCULANDO,2,A - AUTOMÓVIL,VOLKSWAGEN,COMBI,VERACRUZ,BLANCO,AF1019404,CFZ153189,P - PARTICULAR,NO,26,MUJER,C,SI,NO GUARDAR DISTANCIA,NO APLICA,2500,0,,,,,,,,,,,,,,,,,,,,,
119,,,,,,,,,,,,,,,,,,,,,,,,,,A - AUTOMÓVIL,VOLKSWAGEN,GOL,VERACRUZ,BLANCO/VERDE,23E0070814,9BWDB05U9DT281362,PE - PÚBLICO ESTATAL,NO,21,HOMBRE,A,SI,,,6000,,,,,,,,,,,,,,,,,,,,,,
120,XALAPA,01/12/2014,DOMINGO,,13:30,,XALAPA,XALAPA,URBANA,,,AVENIDA REBSAMEN,,,BUENO,,ASFALTO,,A NIVEL,NINGUNA,SIN RESTRICCIÓN,COLISIÓN,ÁNGULO,VEHÍCULO CIRCULANDO,2,,,,,,,,,,,,,,,,,0,,,,,,,,,,,,,,,,,,,,,
120,,,,,,,,,,,10,,,,,,,,,,,,,,,A - AUTOMÓVIL,VOLKSWAGEN,JETTA,VERACRUZ,ROJO,AEG439693,3VWRH09MIY170606,P - PARTICULAR,NO,67,HOMBRE,A,SI,VELOCIDAD INMODERADA,NO APLICA,8000,,,,,,,,,,,,,,,,,,,,,,
120,,,,,,,,,,,,,,,,,,,,,,,,,,A - AUTOMÓVIL,NISSAN,TSURU,VERACRUZ,BLANCO/ROJO,GA16874131W,3NIEB315347097,PE - PÚBLICO ESTATAL,SI,28,HOMBRE,A,SI,,,2000,,,,,,,,,,,,,,,,,,,,,,
121,XALAPA,13/01/2014,LUNES,,10:20,,XALAPA,XALAPA,URBANA,,,AVENIDA LAZARO CARDENAS,,,BUENO,SOLEADO,CONCRETO,SECO,A NIVEL,SEMÁFORO FUNCIONANDO,SIN RESTRICCIÓN,COLISIÓN,LATERAL,VEHÍCULO CIRCULANDO,2,,,,,,,,,,,,,,,,,0,,,,,,,,,,,,,,,,,,,,,
121,,,,,,,,,,,1,,,,,,,,,,,,,,,A - AUTOMÓVIL,CHEVROLET,ASTRO,VERACRUZ,AZUL,HECHO EN USA,470H12UY6302,P - PARTICULAR,NO,27,HOMBRE,A,SI,VELOCIDAD INMODERADA,NO APLICA,1000,,,,,,,,,,,,,,,,,,,,,,
121,,,,,,,,,,,,,,,,,,,,,,,,,,AS - AUTOBÚS SUBURBANO,NAVISTAR,INTERNATIONAL,VERACRUZ,BLANCO,16B419WB1720776,3HBBPAANLI20300,PE - PÚBLICO ESTATAL,NO,36,HOMBRE,A,SI,,,1000,,,,,,,,,,,,,,,,,,,,,,
122,XALAPA,13/01/2014,LUNES,,11:50,,XALAPA,XALAPA,URBANA,,,AVENIDA 20 DE NOVIEMBRE,ALVARO OBREGON,,BUENO,SOLEADO,CONCRETO,SECO,A NIVEL,NINGUNA,SIN RESTRICCIÓN,COLISIÓN,,OBJETO FIJO,1,,,,,,,,,,,,,,,,,0,,,,,,,,,,,,,,,,,,,,,
122,,,,,,,,,,,,,,,,,,,,,,,,,,CC - CAMIÓN DE CARGA,FREIGTLADER,TRACTO,DISTRITO FEDERAL,AZUL,0GR104710,3AKLA6K922863,PF- PÚBLICO FEDERAL,SI,60,HOMBRE,A,SI,VELOCIDAD INMODERADA,NO APLICA,,,,,,,,,,,,,,,,,,,,,,,
123,XALAPA,13/01/2014,LUNES,,14:00,,XALAPA,XALAPA,URBANA,,,AVENIDA AVILA CAMACHO,CENTRO,,BUENO,SOLEADO,CONCRETO,SECO,A NIVEL,MARCA EN PAVIMENTO,SIN RESTRICCIÓN,COLISIÓN,POR ALCANCE,VEHÍCULO CIRCULANDO,2,C - CAMIONETA,TOYOTA,TACOMA,PUEBLA,ROJO,1CR8047554,CCC208230,P - PARTICULAR,NO,30,HOMBRE,,NO,,,,0,,,,,,,,,,,,,,,,,,,,,
123,,,,,,,,,,,4,,,,,,,,,,,,,,,A - AUTOMÓVIL,VOLKSWAGEN,JETTA,VERACRUZ,GRIS,CCC208230,3VW2A173591,P - PARTICULAR,SI,39,HOMBRE,A,SI,NO GUARDAR DISTANCIA,NO APLICA,500,,,,,,,,,,,,,,,,,,,,,,
123,,,,,,,,,,,,,,,,,,,,,,,,,,,,,,,,,,,,,,,,,5000,,,,,,,,,,,,,,,,,,,,,,
124,XALAPA,13/01/2014,LUNES,,14:10,,XALAPA,XALAPA,URBANA,,,AVENIDA AVILA CAMACHO,UNIDAD VERACRUZANA,,BUENO,SOLEADO,CONCRETO,SECO,A NIVEL,NINGUNA,SIN RESTRICCIÓN,COLISIÓN,LATERAL,VEHÍCULO CIRCULANDO,2,C - CAMIONETA,GENERAL MOTORS,S-10,PUEBLA,NEGRO,IMPORTADO,3G12WK184841,P - PARTICULAR,SI,39,HOMBRE,A,SI,,,,0,,,,,,,,,,,,,,,,,,,,,
124,,,,,,,,,,,4,,,,,,,,,,,,,,,A - AUTOMÓVIL,VOLKSWAGEN,BORA,VERACRUZ,BLANCO,CCC041143,3VWRG11K79M37661,P - PARTICULAR,NO,57,HOMBRE,A,SI,CAMBIAR CARRIL SIN PRECAUCIÓN,NO APLICA,1000,,,,,,,,,,,,,,,,,,,,,,
124,,,,,,,,,,,,,,,,,,,,,,,,,,,,,,,,,,,,,,,,,5000,,,,,,,,,,,,,,,,,,,,,,
125,XALAPA,13/01/2014,LUNES,16:15,16:40,,XALAPA,XALAPA,URBANA,,,AVENIDA LAZARO CARDENAS,ANIMAS,,BUENO,LLUVIA,ASFALTO,SECO,A NIVEL,NINGUNA,SIN RESTRICCIÓN,COLISIÓN,MANIOBRA EN REVERSA,VEHÍCULO CIRCULANDO,2,,,,,,,,,,,,,,,,,0,,,,,,,,,,,,,,,,,,,,,
125,,,,,,,,,,,1,,,,,,,,,,,,,,,CC - CAMIÓN DE CARGA,VOLVO,CHASIS,DISTRITO FEDERAL,PLATA,650986,3CE8G1235137060,P - PARTICULAR,NO,50,HOMBRE,A,SI,CAMBIAR CARRIL SIN PRECAUCIÓN,NO APLICA,3000,,,,,,,,,,,,,,,,,,,,,,
125,,,,,,,,,,,,,,,,,,,,,,,,,,C - CAMIONETA,CHEVROLET,SUBURBAN,VERACRUZ,PLATA,HECHO EN USA,1GNSC3BR331538,P - PARTICULAR,SI,35,HOMBRE,,NO,,,3000,,,,,,,,,,,,,,,,,,,,,,
126,XALAPA,13/01/2014,LUNES,,17:00,,XALAPA,XALAPA,URBANA,,,AVENIDA MIGUEL ALEMAN,AGUACATAL,,BUENO,,ASFALTO,,A NIVEL,NINGUNA,SIN RESTRICCIÓN,COLISIÓN,LATERAL,VEHÍCULO CIRCULANDO,2,,,,,,,,,,,,,,,,,0,,,,,,,,,,,,,,,,,,,,,
126,,,,,,,,,,,,,,,,,,,,,,,,,,A - AUTOMÓVIL,NISSAN,TSURU,VERACRUZ,BLANCO/VERDE,GA16802174Y,ACD3715509,PE - PÚBLICO ESTATAL,SI,70,HOMBRE,A,SI,NO GUARDAR DISTANCIA,NO APLICA,400,,,,,,,,,,,,,,,,,,,,,,
126,,,,,,,,,,,,,,,,,,,,,,,,,,A - AUTOMÓVIL,VOLKSWAGEN,SEDAN,VERACRUZ,NEGRO,3NIEB58BK338312,3VWS1A1B5YM934544,P - PARTICULAR,SI,47,HOMBRE,A,SI,,,800,,,,,,,,,,,,,,,,,,,,,,
127,XALAPA,13/01/2014,LUNES,,07:20,,XALAPA,XALAPA,URBANA,,,RAFAEL VALENZUELA,,,REGULAR,,ASFALTO,SECO,A NIVEL,NINGUNA,SIN RESTRICCIÓN,COLISIÓN,POR ALCANCE,VEHÍCULO CIRCULANDO,2,,,,,,,,,,,,,,,,,0,,,,,,,,,,,,,,,,,,,,,
127,,,,,,,,,,,,,,,,,,,,,,,,,,M - MOTOCICLETA,HONDA,CARGO,VERACRUZ,BLANCO,WH157FMJ12G41438,3HIK77DD001590,P - PARTICULAR,NO,34,HOMBRE,,NO,NO RESPETAR CEDA EL PASO,NO APLICA,1000,,,,,,,,,,,,,,,,,,,,,,
127,,,,,,,,,,,,,,,,,,,,,,,,,,C - CAMIONETA,CHRYSLER,PLYMOUNTH,VERACRUZ,GRIS,SIN NUMERO,1P4GP44R3VB2900042,P - PARTICULAR,NO,35,HOMBRE,A,SI,,,1000,,,,,,,,,,,,,,,,,,,,,,
128,XALAPA,13/01/2014,LUNES,,13:30,,XALAPA,XALAPA,URBANA,,,AVENIDA REBSAMEN,MARTIRES DE CHICAGO,,BUENO,,ASFALTO,MOJADO,A NIVEL,NINGUNA,SIN RESTRICCIÓN,COLISIÓN,ÁNGULO,VEHÍCULO CIRCULANDO,2,,,,,,,,,,,,,,,,,0,,,,,,,,,,,,,,,,,,,,,
128,,,,,,,,,,,10,,,,,,,,,,,,,,,A - AUTOMÓVIL,VOLKSWAGEN,JETTA,VERACRUZ,ROJO,AEB439693,3VWRHM170606,P - PARTICULAR,NO,67,HOMBRE,A,SI,VELOCIDAD INMODERADA,NO APLICA,8000,,,,,,,,,,,,,,,,,,,,,,
128,,,,,,,,,,,,,,,,,,,,,,,,,,A - AUTOMÓVIL,NISSAN,TSURU,VERACRUZ,BLANCO/VERDE,GA16874131W,3NIEBBH347049,PE - PÚBLICO ESTATAL,SI,28,HOMBRE,A,SI,,,2000,,,,,,,,,,,,,,,,,,,,,,
129,XALAPA,13/01/2014,LUNES,,16:45,,XALAPA,XALAPA,URBANA,CARRETERA  VIA BRIONES XALAPA-COATEPEC,,,,,BUENO,,ASFALTO,SECO,A NIVEL,NINGUNA,SIN RESTRICCIÓN,COLISIÓN,ÁNGULO,VEHÍCULO CIRCULANDO,2,,,,,,,,,,,,,,,,,4,,,,,,,,,,,,,,,,,,,,,
129,,,,,,,,,,,,,,,,,,,,,,,,,,AS - AUTOBÚS SUBURBANO,DAIMLER CHRYSLER,OMNIBUS,VERACRUZ,AZUL,9.07E+13,3NBBAA6DN8AM07365,PE - PÚBLICO ESTATAL,SI,41,HOMBRE,A,SI,VELOCIDAD INMODERADA,NO APLICA,120000,,,,,,,,,,,,,,,,,,,,,,
129,,,,,,,,,,,,,,,,,,,,,,,,,,AS - AUTOBÚS SUBURBANO,INTERNATIONAL,MERCEDES BENZ,VERACRUZ,GRIS,9.07E+13,3ALAAXES83DK49217,PE - PÚBLICO ESTATAL,SI,36,HOMBRE,A,SI,,,8000,,,,,,,,,,,,,,,,,,,,,,
130,XALAPA,13/01/2014,LUNES,,15:00,,XALAPA,XALAPA,URBANA,,,ENCANTO Y AV . LAZARO CARDENAS,,,BUENO,,CONCRETO,,DESCENDENTE,NINGUNA,SIN RESTRICCIÓN,COLISIÓN,ÁNGULO,VEHÍCULO CIRCULANDO,2,,,,,,,,,,,,,,,,,0,,,,,,,,,,,,,,,,,,,,,
130,,,,,,,,,,,,,,,,,,,,,,,,,,C - CAMIONETA,FORD,ESCAPE,VERACRUZ,GRIS,SIN NUMERO,SIN NUMERO,P - PARTICULAR,NO,40,HOMBRE,A,SI,NO RESPETAR SEÑAL DE ALTO,NO APLICA,10000,,,,,,,,,,,,,,,,,,,,,,
130,,,,,,,,,,,,,,,,,,,,,,,,,,AS - AUTOBÚS SUBURBANO,INTERNATIONAL,CHASIS,VERACRUZ,BLANCO,1FMY002Z55KB2221,SIN NUMERO,PE - PÚBLICO ESTATAL,NO,26,HOMBRE,A,SI,,,10000,,,,,,,,,,,,,,,,,,,,,,
131,XALAPA,13/01/2014,LUNES,,19:00,,XALAPA,XALAPA,URBANA,,,AVENIDA LAZARO CARDENAS,,,BUENO,,CONCRETO,,A NIVEL,NINGUNA,SIN RESTRICCIÓN,COLISIÓN,POR ALCANCE,VEHÍCULO CIRCULANDO,3,A - AUTOMÓVIL,NISSAN,SENTRA,VERACRUZ,BLANCO,KA24673149A,3N6DD23YIEK031466,P - PARTICULAR,NO,33,HOMBRE,A,SI,,,10000,2,,,,,,,,,,,,,,,,,,,,,
131,,,,,,,,,,,1,,,,,,,,,,,,,,,C - CAMIONETA,NISSAN,NP-300,BAJA CALIFORNIA,VERDE,SIN NUMERO,2GCEC19R5V,P - PARTICULAR,NO,28,HOMBRE,,NO,VELOCIDAD INMODERADA,NO APLICA,3000,,,,,,,,,,,,,,,,,,,,,,
131,,,,,,,,,,,,,,,,,,,,,,,,,,C - CAMIONETA,CHEVROLET,PICK UP,VERACRUZ,TITANIO,QG187786135,3NICB51S96,P - PARTICULAR,NO,63,HOMBRE,A,SI,,,8000,,,,,1,1,,,,,,,,,,,,,,,,
132,XALAPA,14/01/2014,MARTES,09:05,09:25,,XALAPA,XALAPA,URBANA,,,BOLIVIA Y ALLENDE,FRANSCISCO I. MADERO,,BUENO,SOLEADO,CONCRETO,SECO,A NIVEL,NINGUNA,SIN RESTRICCIÓN,COLISIÓN,ÁNGULO,VEHÍCULO CIRCULANDO,2,,,,,,,,,,,,,,,,,0,,,,,,,,,,,,,,,,,,,,,
132,,,,,,,,,,,,,,,,,,,,,,,,,,C - CAMIONETA,CHRYSLER,VOYAGER,DISTRITO FEDERAL,ARENA,HECHO EN MEXICO,470HMZU1459952,P - PARTICULAR,NO,37,HOMBRE,,NO,CAMBIAR CARRIL SIN PRECAUCIÓN,NO APLICA,200,,,,,,,,,,,,,,,,,,,,,,
132,,,,,,,,,,,,,,,,,,,,,,,,,,AS - AUTOBÚS SUBURBANO,INTERNATIONAL,NAVISTAR,VERACRUZ,BLANCO,1C4GJ5R81B143360,3HBBPAAN84L689581,PE - PÚBLICO ESTATAL,NO,24,HOMBRE,A,SI,,,4000,,,,,,,,,,,,,,,,,,,,,,
133,XALAPA,14/01/2014,MARTES,,11:55,,XALAPA,XALAPA,URBANA,,,AVENIDA RUIZ CORTINES,VIRGINIA CORDERO,,BUENO,SOLEADO,ASFALTO,SECO,A NIVEL,NINGUNA,SIN RESTRICCIÓN,COLISIÓN,LATERAL,VEHÍCULO CIRCULANDO,2,,,,,,,,,,,,,,,,,0,,,,,,,,,,,,,,,,,,,,,
133,,,,,,,,,,,2,,,,,,,,,,,,,,,AS - AUTOBÚS SUBURBANO,INTERNATIONAL,MERCEDES BENZ,VERACRUZ,BLANCO,9.05E+13,3NBAACN06M015576,PE - PÚBLICO ESTATAL,SI,35,HOMBRE,A,SI,CAMBIAR CARRIL SIN PRECAUCIÓN,NO APLICA,,,,,,,,,,,,,,,,,,,,,,,
133,,,,,,,,,,,,,,,,,,,,,,,,,,A - AUTOMÓVIL,CHRYSLER,PT,VERACRUZ,NEGRO,HECHO EN MEXICO,3C4F248B24T222923,P - PARTICULAR,NO,22,HOMBRE,C,SI,,,800,,,,,,,,,,,,,,,,,,,,,,
134,XALAPA,14/01/2014,MARTES,,13:10,,XALAPA,XALAPA,URBANA,,,AVENIDA VILLAHERMOSA,PROGRESO MACUILTEPEC,ACAPULCO,BUENO,SOLEADO,ASFALTO,SECO,A NIVEL,NINGUNA,SIN RESTRICCIÓN,COLISIÓN,ÁNGULO,VEHÍCULO CIRCULANDO,2,,,,,,,,,,,,,,,,,0,,,,,,,,,,,,,,,,,,,,,
134,,,,,,,,,,,6,,,,,,,,,,,,,,,A - AUTOMÓVIL,NISSAN,TSURU,VERACRUZ,BLANCO/VERDE,CA16767762Y,3NIEB3159K306789,PE - PÚBLICO ESTATAL,SI,32,HOMBRE,A,SI,"VUELTA EN ""U""",NO APLICA,1500,,,,,,,,,,,,,,,,,,,,,,
134,,,,,,,,,,,,,,,,,,,,,,,,,,A - AUTOMÓVIL,NISSAN,TSURU,VERACRUZ,BLANCO/ROJO,GA16813930Y,3NIEB3154B399240,PE - PÚBLICO ESTATAL,SI,66,HOMBRE,A,SI,,,2500,,,,,,,,,,,,,,,,,,,,,,
135,XALAPA,14/01/2014,MARTES,,13:50,,XALAPA,XALAPA,URBANA,,,NUEVO LEON,PROGRESO MACUILTEPEC,,BUENO,,CONCRETO,,DESCENDENTE,NINGUNA,SIN RESTRICCIÓN,COLISIÓN,POR ALCANCE,VEHÍCULO CIRCULANDO,2,,,,,,,,,,,,,,,,,0,,,,,,,,,,,,,,,,,,,,,
135,,,,,,,,,,,,,,,,,,,,,,,,,,C - CAMIONETA,CHEVROLET,PICK UP,VERACRUZ,AZUL,SIN NUMERO,1G142XR123,P - PARTICULAR,NO,40,HOMBRE,A,SI,NO GUARDAR DISTANCIA,NO APLICA,3000,,,,,,,,,,,,,,,,,,,,,,
135,,,,,,,,,,,,,,,,,,,,,,,,,,A - AUTOMÓVIL,NISSAN,TSURU,VERACRUZ,ROJO/BLANCO,GA16808748T,3NIEB231514K581771,PE - PÚBLICO ESTATAL,NO,22,HOMBRE,A,SI,,,1500,,,,,,,,,,,,,,,,,,,,,,