idMES,DELEGACION DE TRANSITO,FECHA DEL ACCIDENTE,DIA DE LA SEMANA,HORA EN QUE SE RECIBIO LA LLAMADA REPORTANDO EL ACCIDENTE,HORA DE ARRIBO DEL PERITO AL SITIO,HORA DE REGRESO DEL PERITO A LAS INSTALACIONES DE SU DELEGACION,LOCALIDAD ACCIDENTE,MUNICIPIO ACCIDENTE,ZONA,CARRETERA/KILOMETRO DEL ACCIDENTE,NUMERO DE AVENIDA,CALLE/AVENIDA DEL ACCIDENTE,COLONIA,ENTRE CALLES,CONDICIONES DE LA VIA,CONDICIONES NATURALES,SUPERFICIE DE LA VIA,ESTADO DE LA VIA,TANGENTE,TIPO DE CONTROL DE TRANSITO,RESTRICCIONES DE LA VIA,TIPO DE ACCIDENTE,FORMA DE ACCIDENTARSE,CONTRA QUE FUE EL IMPACTO,CANTIDAD DE VEHICULOS,TIPO DE VEHICULO,MARCA,SUBMARCA,ENTIDAD FEDERATIVA DEL VEHICULO,COLOR DEL VEHICULO,MOTOR,SERIE,TIPO DE SERVICIO PARA EL QUE SE OCUPAN LOS VEHICULOS,ASEGURADO,EDAD CONDUCTOR,SEXO CONDUCTOR,TIPO LICENCIA,LICENCIA VIGENTE,CAUSA ATRIBUIBLE AL CONDUCTOR,CAUSA ATRIBUIBLE AL PEATON,DANIOS (MONTO APROXIMADO EN MXN),NUMERO DE HERIDOS,MUJER HERIDA DE 0-15 ANIOS,HOMBRE HERIDO DE 0-15 ANIOS,MUJER HERIDA DE 16-30 ANIOS,HOMBRE HERIDO DE 16-30 ANIOS,MUJER HERIDA DE 31-45 ANIOS,HOMBRE HERIDO DE 31-45 ANIOS,MUJER HERIDA DE 46-60 ANIOS,HOMBRE HERIDO DE 46-60 ANIOS,MUJER HERIDA MAS DE 60 ANIOS,HOMBRE HERIDO MAS DE 60 ANIOS,NUMERO DE MUERTOS,MUJER MUERTA DE 0-15 ANIOS,HOMBRE MUERTO DE 0-15 ANIOS,MUJER MUERTA DE 16-30 ANIOS,HOMBRE MUERTO DE 16-30 ANIOS,MUJER MUERTA DE 31-45 ANIOS,HOMBRE MUERTO DE 31-45 ANIOS,MUJER MUERTA DE 46-60 ANIOS,HOMBRE MUERTO DE 46-60 ANIOS,MUJER MUERTA MAS DE 60 ANIOS,HOMBRE MUERTO MAS DE 60 ANIOS
136,XALAPA,14/01/2014,MARTES,,14:30,15:00,XALAPA,XALAPA,URBANA,,,CALLE DEL CAFÉ,ARBOLEDAS DEL SUMIDERO,,BUENO,,CONCRETO,,ASCENDENTE,NINGUNA,SIN RESTRICCIÓN,COLISIÓN,ÁNGULO,VEHÍCULO CIRCULANDO,2,,,,,,,,,,,,,,,,,1,,,,,,,,,,,,,,,,,,,,,
136,,,,,,,,,,,,,,,,,,,,,,,,,,A - AUTOMÓVIL,NISSAN,TSURU,VERACRUZ,BLANCO/VERDE,QA16782937W,3NIEB31578K39068,PE - PÚBLICO ESTATAL,NO,42,HOMBRE,A,SI,NO RESPETAR SEÑAL DE ALTO,NO APLICA,1500,,,,,,,,,,,,,,,,,,,,,,
136,,,,,,,,,,,,,,,,,,,,,,,,,,A - AUTOMÓVIL,CHEVROLET,CHEVY,VERACRUZ,NEGRO,252080006,3G1S7613X25208006,P - PARTICULAR,NO,23,HOMBRE,A,SI,,,2500,,,,,,1,,,,,,,,,,,,,,,,
137,XALAPA,14/01/2014,MARTES,,15:45,,XALAPA,XALAPA,URBANA,,,AVENIDA BOLIVIA,,CIRCUITO PRESIDENTES,BUENO,SOLEADO,ASFALTO,SECO,ASCENDENTE,NINGUNA,SIN RESTRICCIÓN,COLISIÓN,ÁNGULO,VEHÍCULO CIRCULANDO,2,,,,,,,,,,,,,,,,,0,,,,,,,,,,,,,,,,,,,,,
137,,,,,,,,,,,19,,,,,,,,,,,,,,,C - CAMIONETA,NISSAN,URBAN,VERACRUZ,BLANCO,KA24923646,JNFE5659BX40399,P - PARTICULAR,SI,37,HOMBRE,A,SI,CAMBIAR CARRIL SIN PRECAUCIÓN,NO APLICA,2500,,,,,,,,,,,,,,,,,,,,,,
137,,,,,,,,,,,,,,,,,,,,,,,,,,C - CAMIONETA,CHRYSLER,MITSUNISH,VERACRUZ,GRAFITO,DK8963,JE4J52IW5AZ004991,P - PARTICULAR,NO,39,HOMBRE,A,SI,,,8000,,,,,,,,,,,,,,,,,,,,,,
138,XALAPA,14/01/2014,MARTES,,16:00,16:30,XALAPA,XALAPA,URBANA,,,FERROCARRIL INTEROCEANICO,7 DE NOVIEMBRE,,BUENO,,CONCRETO,,ASCENDENTE,NINGUNA,SIN RESTRICCIÓN,COLISIÓN,ÁNGULO,VEHÍCULO CIRCULANDO,2,,,,,,,,,,,,,,,,,0,,,,,,,,,,,,,,,,,,,,,
138,,,,,,,,,,,,,,,,,,,,,,,,,,A - AUTOMÓVIL,VOLKSWAGEN,SEDAN,DISTRITO FEDERAL,BLANCO,ACD222910,SIN NUMERO,P - PARTICULAR,NO,19,HOMBRE,,NO,NO RESPETAR CEDA EL PASO,NO APLICA,1500,,,,,,,,,,,,,,,,,,,,,,
138,,,,,,,,,,,,,,,,,,,,,,,,,,AS - AUTOBÚS SUBURBANO,DINA,RECTAR,VERACRUZ,BLANCO,3VWZZ113TM5222,SIN NUMERO,PE - PÚBLICO ESTATAL,SI,32,HOMBRE,A,SI,,,500,,,,,,,,,,,,,,,,,,,,,,
139,XALAPA,14/01/2014,MARTES,18:42,18:50,,XALAPA,XALAPA,URBANA,,,AVENIDA CHEDRAUI CARAM,SEBASTIAN LERDO DE TEJADA,,BUENO,NIEBLA,CONCRETO,,A NIVEL,NINGUNA,SIN RESTRICCIÓN,COLISIÓN,FALLA MECÁNICA,VEHÍCULO CIRCULANDO,2,,,,,,,,,,,,,,,,,0,,,,,,,,,,,,,,,,,,,,,
139,,,,,,,,,,,16,,,,,,,,,,,,,,,CC - CAMIÓN DE CARGA,FORD,CAMION,VERACRUZ,AMARILLO,SIN NUMERO,Q115176,P - PARTICULAR,NO,28,HOMBRE,A,SI,,,500,,,,,,,,,,,,,,,,,,,,,,
139,,,,,,,,,,,,,,,,,,,,,,,,,,A - AUTOMÓVIL,NISSAN,PLATINA,VERACRUZ,CAPUCHINO,SIN NUMERO,3NIJH01D04L20207,P - PARTICULAR,SI,58,HOMBRE,A,SI,CAMBIAR CARRIL SIN PRECAUCIÓN,NO APLICA,1500,,,,,,,,,,,,,,,,,,,,,,
140,XALAPA,14/01/2014,MARTES,,20:45,,XALAPA,XALAPA,URBANA,,,AVENIDA BOLIVIA,FRANSCISCO I. MADERO,,BUENO,,ASFALTO,,A NIVEL,NINGUNA,SIN RESTRICCIÓN,COLISIÓN,ÁNGULO,VEHÍCULO CIRCULANDO,2,,,,,,,,,,,,,,,,,0,,,,,,,,,,,,,,,,,,,,,
140,,,,,,,,,,,19,,,,,,,,,,,,,,,A - AUTOMÓVIL,CHRYSLER,ATOS,VERACRUZ,ROJO/BLANCO,HECHO EN INDIA,ACC051036,PE - PÚBLICO ESTATAL,SI,55,HOMBRE,A,SI,VELOCIDAD INMODERADA,NO APLICA,6000,,,,,,,,,,,,,,,,,,,,,,
140,,,,,,,,,,,,,,,,,,,,,,,,,,A - AUTOMÓVIL,VOLKSWAGEN,GOLF,VERACRUZ,ROJO,MALA051493373,1HRM905423,P - PARTICULAR,SI,55,HOMBRE,C,SI,,,5000,,,,,,,,,,,,,,,,,,,,,,
141,XALAPA,14/01/2014,MARTES,,20:20,,XALAPA,XALAPA,URBANA,,,PRINCIPAL LAS TRANCAS,,,BUENO,,CONCRETO,,A NIVEL,NINGUNA,SIN RESTRICCIÓN,COLISIÓN,LATERAL,VEHÍCULO CIRCULANDO,2,,,,,,,,,,,,,,,,,0,,,,,,,,,,,,,,,,,,,,,
141,,,,,,,,,,,15,,,,,,,,,,,,,,,A - AUTOMÓVIL,NISSAN,TSURU,VERACRUZ,BLANCO,GA16839936W,3NIEB149KS51592,P - PARTICULAR,SI,57,HOMBRE,B,SI,CAMBIAR CARRIL SIN PRECAUCIÓN,NO APLICA,6000,,,,,,,,,,,,,,,,,,,,,,
141,,,,,,,,,,,,,,,,,,,,,,,,,,A - AUTOMÓVIL,VOLKSWAGEN,SEDAN,VERACRUZ,VERDE,BAH197818,VSSMI873066,P - PARTICULAR,SI,54,HOMBRE,B,SI,,,5000,,,,,,,,,,,,,,,,,,,,,,
142,XALAPA,14/01/2014,MARTES,,20:10,,XALAPA,XALAPA,URBANA,,,AVENIDA LAZARO CARDENAS,BADILLO,,BUENO,SOLEADO,CONCRETO,,A NIVEL,NINGUNA,SIN RESTRICCIÓN,COLISIÓN,POR ALCANCE,VEHÍCULO CIRCULANDO,2,,,,,,,,,,,,,,,,,1,,,,,,,,,,,,,,,,,,,,,
142,,,,,,,,,,,1,,,,,,,,,,,,,,,C - CAMIONETA,GMC,ACADIA,MORELOS,BLANCO,SIN NUMERO,1GKKV9KD5DJ180563,P - PARTICULAR,SI,40,HOMBRE,C,SI,VELOCIDAD INMODERADA,NO APLICA,20000,,,,,,1,,,,,,,,,,,,,,,,
142,,,,,,,,,,,,,,,,,,,,,,,,,,A - AUTOMÓVIL,NISSAN,TSURU,VERACRUZ,BLANCO/VERDE,SIN NUMERO,3NIEB31S1DK328210,PE - PÚBLICO ESTATAL,SI,47,HOMBRE,A,SI,,,10000,,,,,,,,,,,,,,,,,,,,,,
143,XALAPA,14/01/2014,MARTES,,19:50,,XALAPA,XALAPA,URBANA,,,INDEPENDENCIA FRENTE AL NO 161,MARIA ESTHER,,BUENO,,CONCRETO,,A NIVEL,NINGUNA,SIN RESTRICCIÓN,COLISIÓN,,VEHÍCULO CIRCULANDO,2,,,,,,,,,,,,,,,,,0,,,,,,,,,,,,,,,,,,,,,
143,,,,,,,,,,,,,,,,,,,,,,,,,,AS - AUTOBÚS SUBURBANO,NAVISTAR,CHASIS,VERACRUZ,BLANCO,SIN NUMERO,3HVPAAN82N502683,PE - PÚBLICO ESTATAL,NO,37,HOMBRE,A,SI,VELOCIDAD INMODERADA,NO APLICA,2000,,,,,,,,,,,,,,,,,,,,,,
143,,,,,,,,,,,,,,,,,,,,,,,,,,C - CAMIONETA,CHEVROLET,TORNADO,VERACRUZ,NEGRO,SIN NUMERO,93CXM80297C137424,P - PARTICULAR,NO,35,HOMBRE,B,SI,,,3500,,,,,,,,,,,,,,,,,,,,,,
144,XALAPA,14/01/2014,MARTES,,16:55,,XALAPA,XALAPA,URBANA,,,AVENIDA LAZARO CARDENAS,RAFAEL LUCIO,,BUENO,,CONCRETO,,A NIVEL,NINGUNA,SIN RESTRICCIÓN,ATROPELLAMIENTO,,,1,,,,,,,,,,,,,,,,,1,,,,,,,,,,,,,,,,,,,,,
144,,,,,,,,,,,1,,,,,,,,,,,,,,,C - CAMIONETA,JEEP,CHEROKEE,VERACRUZ,VERDE,SIN NUMERO,1J4FT68SBWLI09642,P - PARTICULAR,NO,36,HOMBRE,,NO,VELOCIDAD INMODERADA,NO APLICA,3000,,,,,,,,,,,,,,,,,,,,,,1
145,XALAPA,14/01/2014,MARTES,,00:40,,XALAPA,XALAPA,URBANA,,,ANGEL NUÑEZ BELTRAN,BUENA VISTA,,BUENO,,CONCRETO,,ASCENDENTE,NINGUNA,SIN RESTRICCIÓN,COLISIÓN,,VEHÍCULO ESTACIONADO,2,,,,,,,,,,,,,,,,,0,,,,,,,,,,,,,,,,,,,,,
145,,,,,,,,,,,,,,,,,,,,,,,,,,A - AUTOMÓVIL,VOLKSWAGEN,GOL,VERACRUZ,ROJO/BLANCO,SIN NUMERO,SIN NUMERO,PE - PÚBLICO ESTATAL,NO,,,,NO,,,15000,,,,,,,,,,,,,,,,,,,,,,
145,,,,,,,,,,,,,,,,,,,,,,,,,,C - CAMIONETA,FORD,EXPLORER,VERACRUZ,AZU MARINO,SIN NUMERO,1FMDU32E4VZBA7825,P - PARTICULAR,NO,,,,NO,VELOCIDAD INMODERADA,NO APLICA,5000,,,,,,,,,,,,,,,,,,,,,,
146,XALAPA,14/01/2014,MARTES,,00:05,,XALAPA,XALAPA,URBANA,PLAN DEL RIO 30,,,,,BUENO,,CONCRETO,,A NIVEL,NINGUNA,SIN RESTRICCIÓN,SALIDA DE CAMINO,,VEHÍCULO CIRCULANDO,1,,,,,,,,,,,,,,,,,0,,,,,,,,,,,,,,,,,,,,,
146,,,,,,,,,,,,,,,,,,,,,,,,,,A - AUTOMÓVIL,VOLKSWAGEN,GOL,VERACRUZ,PLATA,CF22139430,96WWPB5UT127494,P - PARTICULAR,NO,40,HOMBRE,B,SI,VELOCIDAD INMODERADA,NO APLICA,25000,,,,,,,,,,,,,,,,,,,,,,
147,XALAPA,15/01/2014,MIÉRCOLES,,07:20,,XALAPA,XALAPA,URBANA,,,AVENIDA AVILA CAMACHO,CENTRO,,REGULAR,,CONCRETO,SECO,DESCENDENTE,NINGUNA,SIN RESTRICCIÓN,COLISIÓN,ÁNGULO,VEHÍCULO CIRCULANDO,2,C - CAMIONETA,CHEVROLET,EQUINOX,VERACRUZ,GRIS,IMPORTADO,2CN0L63F256089,P - PARTICULAR,NO,22,HOMBRE,B,SI,,,500,0,,,,,,,,,,,,,,,,,,,,,
147,,,,,,,,,,,4,,,,,,,,,,,,,,,A - AUTOMÓVIL,HONDA,CIVIC,VERACRUZ,AZUL,D17A224805,1HGESI5552L904973,P - PARTICULAR,NO,58,HOMBRE,B,SI,NO RESPETAR SEMÁFORO,NO APLICA,3000,,,,,,,,,,,,,,,,,,,,,,
148,XALAPA,15/01/2014,MIÉRCOLES,,08:50,,XALAPA,XALAPA,URBANA,,,ESTEBAN MASCAREÑAS,MARTIRES DE CHICAGO,,REGULAR,,ASFALTO,SECO,DESCENDENTE,SEMÁFORO FUNCIONANDO,SIN RESTRICCIÓN,COLISIÓN,,VEHÍCULO ESTACIONADO,2,A - AUTOMÓVIL,VOLKSWAGEN,SEDAN,VERACRUZ,BLANCO,AF981871,11J0018007,P - PARTICULAR,NO,45,HOMBRE,B,SI,,,,0,,,,,,,,,,,,,,,,,,,,,
148,,,,,,,,,,,,,,,,,,,,,,,,,,A - AUTOMÓVIL,CHEVROLET,CHEVY,VERACRUZ,ROJO,1MO62680E,3G1S426W190606,P - PARTICULAR,NO,35,HOMBRE,B,SI,REBASAR INDEBIDAMENTE,NO APLICA,1000,,,,,,,,,,,,,,,,,,,,,,
148,,,,,,,,,,,,,,,,,,,,,,,,,,,,,,,,,,,,,,,,,4000,,,,,,,,,,,,,,,,,,,,,,
149,XALAPA,15/01/2014,MIÉRCOLES,,09:00,,XALAPA,XALAPA,URBANA,,,MARIANO MATAMORES NO 202,2 DE ABRIL,,BUENO,,EMPEDRADO,SECO,A NIVEL,NINGUNA,SIN RESTRICCIÓN,COLISIÓN,ÁNGULO,VEHÍCULO CIRCULANDO,2,,,,,,,,,,,,,,,,,0,,,,,,,,,,,,,,,,,,,,,
149,,,,,,,,,,,,,,,,,,,,,,,,,,C - CAMIONETA,FORD,ESTACAS,VERACRUZ,AZUL,SIN NUMERO,K24A11902Y06,P - PARTICULAR,NO,40,HOMBRE,A,SI,,,1000,,,,,,,,,,,,,,,,,,,,,,
149,,,,,,,,,,,,,,,,,,,,,,,,,,C - CAMIONETA,HONDA,CRV,DISTRITO FEDERAL,PLATA,SIN NUMERO,JHLR8832C600627,P - PARTICULAR,NO,40,HOMBRE,C,SI,VELOCIDAD INMODERADA,NO APLICA,1000,,,,,,,,,,,,,,,,,,,,,,
150,XALAPA,15/01/2014,MIÉRCOLES,,09:30,,XALAPA,XALAPA,URBANA,,,AVENIDA RUIZ CORTINES,UNIDAD DEL BOSQUE,,BUENO,,CONCRETO,SECO,A NIVEL,NINGUNA,SIN RESTRICCIÓN,COLISIÓN,LATERAL,VEHÍCULO CIRCULANDO,2,,,,,,,,,,,,,,,,,0,,,,,,,,,,,,,,,,,,,,,
150,,,,,,,,,,,2,,,,,,,,,,,,,,,CC - CAMIÓN DE CARGA,FORD,F-600,VERACRUZ,BLANCO,464GMZU855644,FSCK8308,P - PARTICULAR,SI,33,HOMBRE,A,SI,,,100,,,,,,,,,,,,,,,,,,,,,,
150,,,,,,,,,,,,,,,,,,,,,,,,,,A - AUTOMÓVIL,DODGE,STRATUS,VERACRUZ,CHANPANGE,SIN NUMERO,1BEJ48X6450,P - PARTICULAR,NO,31,MUJER,A,SI,CAMBIAR CARRIL SIN PRECAUCIÓN,NO APLICA,2000,,,,,,,,,,,,,,,,,,,,,,
151,XALAPA,15/01/2014,MIÉRCOLES,,13:20,,XALAPA,XALAPA,URBANA,,,PROLONGACION NAVARRETE NO 197,,,BUENO,,CONCRETO,SECO,A NIVEL,NINGUNA,SIN RESTRICCIÓN,COLISIÓN,LATERAL,VEHÍCULO CIRCULANDO,2,,,,,,,,,,,,,,,,,0,,,,,,,,,,,,,,,,,,,,,
151,,,,,,,,,,,,,,,,,,,,,,,,,,C - CAMIONETA,FORD,PICK UP,VERACRUZ,ROJO,SIN NUMERO,SIN NUMERO,P - PARTICULAR,NO,39,HOMBRE,A,SI,,,1000,,,,,,,,,,,,,,,,,,,,,,
151,,,,,,,,,,,,,,,,,,,,,,,,,,C - CAMIONETA,MITSUBIDHI,OUTLANDER,VERACRUZ,BLANCO,6374,SIN NUMERO,P - PARTICULAR,NO,33,HOMBRE,C,SI,NO GUARDAR DISTANCIA,NO APLICA,1000,,,,,,,,,,,,,,,,,,,,,,
152,XALAPA,15/01/2014,MIÉRCOLES,,16:10,,XALAPA,XALAPA,URBANA,,,AVENIDA LAZARO CARDENAS,,,BUENO,SOLEADO,ASFALTO,SECO,A NIVEL,NINGUNA,SIN RESTRICCIÓN,COLISIÓN,POR ALCANCE,VEHÍCULO CIRCULANDO,2,,,,,,,,,,,,,,,,,0,,,,,,,,,,,,,,,,,,,,,
152,,,,,,,,,,,1,,,,,,,,,,,,,,,C - CAMIONETA,CHEVROLET,PICK UP,VERACRUZ,BLANCO/AZUL,SIN NUMERO,3GCN9CX234610,P - PARTICULAR,SI,36,HOMBRE,A,SI,,,3000,,,,,,,,,,,,,,,,,,,,,,
152,,,,,,,,,,,,,,,,,,,,,,,,,,A - AUTOMÓVIL,CHEVROLET,ASTRA,VERACRUZ,GRIS,IMPORTADO,WULTG213246703,P - PARTICULAR,NO,25,HOMBRE,,NO,NO GUARDAR DISTANCIA,NO APLICA,10000,,,,,,,,,,,,,,,,,,,,,,
153,XALAPA,15/01/2014,MIÉRCOLES,,16:20,,XALAPA,XALAPA,URBANA,,,DIAZ ORDAZ,UNIDAD DEL VALLE,,BUENO,,ASFALTO,SECO,A NIVEL,NINGUNA,SIN RESTRICCIÓN,COLISIÓN,LATERAL,VEHÍCULO CIRCULANDO,2,,,,,,,,,,,,,,,,,0,,,,,,,,,,,,,,,,,,,,,
153,,,,,,,,,,,,,,,,,,,,,,,,,,A - AUTOMÓVIL,NISSAN,TSURU,VERACRUZ,BLANCO/ROJO,GA16879164Y,3NIEB31SCK350362,PE - PÚBLICO ESTATAL,SI,33,HOMBRE,A,SI,"VUELTA EN ""U""",NO APLICA,1500,,,,,,,,,,,,,,,,,,,,,,
153,,,,,,,,,,,,,,,,,,,,,,,,,,M - MOTOCICLETA,ITALIKA,,VERACRUZ,ROJO,LC162FMJ1A097617,3SCPFTEE6A1028583,P - PARTICULAR,NO,35,HOMBRE,,NO,,,1000,,,,,,,,,,,,,,,,,,,,,,
154,XALAPA,15/01/2014,MIÉRCOLES,,16:30,,XALAPA,XALAPA,URBANA,,,INDEPENDENCIA,ENCINAL,,REGULAR,,ASFALTO,SECO,A NIVEL,NINGUNA,SIN RESTRICCIÓN,ATROPELLAMIENTO,,,1,,,,,,,,,,,,,,,,,0,,,,,,,,,,,,,,,,,,,,,
154,,,,,,,,,,,,,,,,,,,,,,,,,,A - AUTOMÓVIL,NISSAN,TSURU,VERACRUZ,BLANCO/ROJO,MR185C487391,3NBCIAS2A443975,PE - PÚBLICO ESTATAL,SI,46,HOMBRE,A,SI,VELOCIDAD INMODERADA,NO APLICA,,,,,,,,,,,,,,,,,,,,,,,
155,XALAPA,15/01/2014,MIÉRCOLES,,17:30,,XALAPA,XALAPA,URBANA,CARRETERA COATEPEC-XALAPA,,,,,BUENO,,ASFALTO,,A NIVEL,NINGUNA,SIN RESTRICCIÓN,COLISIÓN,ÁNGULO,VEHÍCULO CIRCULANDO,2,A - AUTOMÓVIL,NISSAN,SENTRA,VERACRUZ,BLANCO,MR20206122H,3NIEAB61D88L681402,PE - PÚBLICO ESTATAL,NO,29,HOMBRE,C,SI,NO GUARDAR DISTANCIA,NO APLICA,2000,0,,,,,,,,,,,,,,,,,,,,,
155,,,,,,,,,,,,,,,,,,,,,,,,,,M - MOTOCICLETA,YAMAHA,Z11AD,VERACRUZ,AZUL,JYM154FM12043107,LBPKE0977D04449673,P - PARTICULAR,NO,27,HOMBRE,D,SI,,,7000,,,,,,,,,,,,,,,,,,,,,,
156,XALAPA,15/01/2014,MIÉRCOLES,,21:45,,XALAPA,XALAPA,URBANA,,,PASEO DE LAS PALMAS,,ORIZABA,BUENO,,CONCRETO,SECO,A NIVEL,NINGUNA,SIN RESTRICCIÓN,COLISIÓN,ÁNGULO,VEHÍCULO CIRCULANDO,2,,,,,,,,,,,,,,,,,0,,,,,,,,,,,,,,,,,,,,,
156,,,,,,,,,,,,,,,,,,,,,,,,,,A - AUTOMÓVIL,NISSAN,TSURU,VERACRUZ,BLANCO/ROJO,GA167575934,3NIEB155AK0674,PE - PÚBLICO ESTATAL,SI,24,HOMBRE,A,SI,NO RESPETAR SEÑAL DE ALTO,NO APLICA,5000,,,,,,,,,,,,,,,,,,,,,,
156,,,,,,,,,,,,,,,,,,,,,,,,,,A - AUTOMÓVIL,NISSAN,SENTRA,VERACRUZ,VERDE,GA16781102B,BAYBI4003730,P - PARTICULAR,NO,25,HOMBRE,A,SI,,,5000,,,,,,,,,,,,,,,,,,,,,,
157,XALAPA,15/01/2014,MIÉRCOLES,,18:25,,XALAPA,XALAPA,URBANA,CARRETERA TRANCAS /COATEPEC,,,,,BUENO,SOLEADO,ASFALTO,SECO,A NIVEL,NINGUNA,SIN RESTRICCIÓN,VOLCADURA,,,2,,,,,,,,,,,,,,,,,2,,,,,,,,,,,,,,,,,,,,,
157,,,,,,,,,,,,,,,,,,,,,,,,,,CC - CAMIÓN DE CARGA,FREIGHTLINER,REDILAS,DISTRITO FEDERAL,BLANCO,460934U0945095,3ALHF0CV9CDBK9575,PF- PÚBLICO FEDERAL,SI,,,,NO,VELOCIDAD INMODERADA,NO APLICA,100000,,,,,,,,,,,,,,,,,,,,,,
157,,,,,,,,,,,,,,,,,,,,,,,,,,A - AUTOMÓVIL,CHEVROLET,CHEVY,VERACRUZ,CAFÉ,HECHO EN MEXICO,3G1SF21XXS117152,P - PARTICULAR,SI,34,HOMBRE,,NO,,,60000,,,,,,,2,,,,,,,,,,,,,,,
158,XALAPA,15/01/2014,MIÉRCOLES,,11:20,,XALAPA,XALAPA,URBANA,,,VICENTE SUAREZ Y JUAN DE LA BARRERA,,,BUENO,,CONCRETO,SECO,A NIVEL,NINGUNA,SIN RESTRICCIÓN,COLISIÓN,DE FRENTE,VEHÍCULO CIRCULANDO,2,,,,,,,,,,,,,,,,,2,,,,,,,,,,,,,,,,,,,,,
158,,,,,,,,,,,,,,,,,,,,,,,,,,C - CAMIONETA,FORD,PICK UP,VERACRUZ,ROJO,SIN NUMERO,HECHO EN MEXICO,P - PARTICULAR,NO,45,HOMBRE,A,SI,VELOCIDAD INMODERADA,NO APLICA,5000,,,,,,,,,,,,,,,,,,,,,,
158,,,,,,,,,,,,,,,,,,,,,,,,,,A - AUTOMÓVIL,CHEVROLET,CHEVY,VERACRUZ,BLANCO,SIN NUMERO,3G1SF21XX7511772,P - PARTICULAR,NO,40,HOMBRE,B,SI,,,20000,,,,,,,,,2,,,,,,,,,,,,,
159,XALAPA,15/01/2014,MIÉRCOLES,04:50,05:00,06:20,XALAPA,XALAPA,URBANA,,,AVENIDA LAZARO CARDENAS,FERROCARRILERA,,BUENO,,CONCRETO,SECO,A NIVEL,NINGUNA,SIN RESTRICCIÓN,COLISIÓN,,VEHÍCULO ESTACIONADO,2,,,,,,,,,,,,,,,,,0,,,,,,,,,,,,,,,,,,,,,
159,,,,,,,,,,,,,,,,,,,,,,,,,,A - AUTOMÓVIL,OLSMOUN,CUTLASS,DISTRITO FEDERAL,VERDE,SIN NUMERO,GA16725077R,P - PARTICULAR,SI,,,,NO,VELOCIDAD INMODERADA,NO APLICA,20000,,,,,,,,,,,,,,,,,,,,,,
159,,,,,,,,,,,,,,,,,,,,,,,,,,A - AUTOMÓVIL,NISSAN,TSURU,VERACRUZ,VERDE,SIN NUMERO,5BAYO1328512,P - PARTICULAR,NO,,,,NO,,,500,,,,,,,,,,,,,,,,,,,,,,
160,XALAPA,16/01/2014,JUEVES,,14:40,,XALAPA,XALAPA,URBANA,,,AVENIDA LAZARO CARDENAS,RAFAEL LUCIO,,BUENO,,CONCRETO,,A NIVEL,NINGUNA,SIN RESTRICCIÓN,COLISIÓN,LATERAL,VEHÍCULO CIRCULANDO,2,,,,,,,,,,,,,,,,,0,,,,,,,,,,,,,,,,,,,,,
160,,,,,,,,,,,1,,,,,,,,,,,,,,,C - CAMIONETA,JEEP,JEEP,VERACRUZ,MARRON,SIN NUMERO,1JFT3651ML6517,P - PARTICULAR,NO,43,HOMBRE,A,SI,VELOCIDAD INMODERADA,NO APLICA,1000,,,,,,,,,,,,,,,,,,,,,,
160,,,,,,,,,,,,,,,,,,,,,,,,,,A - AUTOMÓVIL,RENAULT,MEGANE,VERACRUZ,GRIS,C015843,VF1LAIH24ES7670,P - PARTICULAR,SI,26,HOMBRE,C,SI,,,2500,,,,,,,,,,,,,,,,,,,,,,
161,XALAPA,16/01/2014,JUEVES,,18:00,19:00,XALAPA,XALAPA,URBANA,,,PROLONGACION BOLIVIA,FRANSCISCO I. MADERO,,BUENO,,ASFALTO,,ASCENDENTE,NINGUNA,SIN RESTRICCIÓN,COLISIÓN,ÁNGULO,VEHÍCULO CIRCULANDO,2,,,,,,,,,,,,,,,,,1,,,,,,,,,,,,,,,,,,,,,
161,,,,,,,,,,,19,,,,,,,,,,,,,,,A - AUTOMÓVIL,NISSAN,TSURU,VERACRUZ,BLANCO,GA1678913Y,3NIEB3158327279,P - PARTICULAR,SI,62,HOMBRE,B,SI,,,6000,,,,,,,,,,,,,,,,,,,,,,
161,,,,,,,,,,,,,,,,,,,,,,,,,,A - AUTOMÓVIL,NISSAN,TSURU,VERACRUZ,ROJO/BLANCO,GA16814960,3NIEB15KC350042,PE - PÚBLICO ESTATAL,SI,40,HOMBRE,A,SI,NO RESPETAR CEDA EL PASO,NO APLICA,2500,,,,,,,,,,,1,,,,,,,,,,,
162,XALAPA,16/01/2014,JUEVES,,20:05,,XALAPA,XALAPA,URBANA,,,PIPILA,MIRADOR,NIÑOS HEROES,BUENO,,ASFALTO,,ASCENDENTE,NINGUNA,SIN RESTRICCIÓN,COLISIÓN,ÁNGULO,VEHÍCULO CIRCULANDO,2,,,,,,,,,,,,,,,,,0,,,,,,,,,,,,,,,,,,,,,
162,,,,,,,,,,,,,,,,,,,,,,,,,,A - AUTOMÓVIL,NISSAN,APRIO,VERACRUZ,BLANCO/VERDE,Q027596,93YL60BS100236,PE - PÚBLICO ESTATAL,SI,25,HOMBRE,A,SI,NO RESPETAR CEDA EL PASO,NO APLICA,1000,,,,,,,,,,,,,,,,,,,,,,
162,,,,,,,,,,,,,,,,,,,,,,,,,,C - CAMIONETA,FORD,LOBO,VERACRUZ,PLATA,SIN NUMERO,1FTPX04575KB46570,P - PARTICULAR,SI,33,HOMBRE,B,SI,,,2000,,,,,,,,,,,,,,,,,,,,,,