idMES,DELEGACION DE TRANSITO,FECHA DEL ACCIDENTE,DIA DE LA SEMANA,HORA EN QUE SE RECIBIO LA LLAMADA REPORTANDO EL ACCIDENTE,HORA DE ARRIBO DEL PERITO AL SITIO,HORA DE REGRESO DEL PERITO A LAS INSTALACIONES DE SU DELEGACION,LOCALIDAD ACCIDENTE,MUNICIPIO ACCIDENTE,ZONA,CARRETERA/KILOMETRO DEL ACCIDENTE,NUMERO DE AVENIDA,CALLE/AVENIDA DEL ACCIDENTE,COLONIA,ENTRE CALLES,CONDICIONES DE LA VIA,CONDICIONES NATURALES,SUPERFICIE DE LA VIA,ESTADO DE LA VIA,TANGENTE,TIPO DE CONTROL DE TRANSITO,RESTRICCIONES DE LA VIA,TIPO DE ACCIDENTE,FORMA DE ACCIDENTARSE,CONTRA QUE FUE EL IMPACTO,CANTIDAD DE VEHICULOS,TIPO DE VEHICULO,MARCA,SUBMARCA,ENTIDAD FEDERATIVA DEL VEHICULO,COLOR DEL VEHICULO,MOTOR,SERIE,TIPO DE SERVICIO PARA EL QUE SE OCUPAN LOS VEHICULOS,ASEGURADO,EDAD CONDUCTOR,SEXO CONDUCTOR,TIPO LICENCIA,LICENCIA VIGENTE,CAUSA ATRIBUIBLE AL CONDUCTOR,CAUSA ATRIBUIBLE AL PEATON,DANIOS (MONTO APROXIMADO EN MXN),NUMERO DE HERIDOS,MUJER HERIDA DE 0-15 ANIOS,HOMBRE HERIDO DE 0-15 ANIOS,MUJER HERIDA DE 16-30 ANIOS,HOMBRE HERIDO DE 16-30 ANIOS,MUJER HERIDA DE 31-45 ANIOS,HOMBRE HERIDO DE 31-45 ANIOS,MUJER HERIDA DE 46-60 ANIOS,HOMBRE HERIDO DE 46-60 ANIOS,MUJER HERIDA MAS DE 60 ANIOS,HOMBRE HERIDO MAS DE 60 ANIOS,NUMERO DE MUERTOS,MUJER MUERTA DE 0-15 ANIOS,HOMBRE MUERTO DE 0-15 ANIOS,MUJER MUERTA DE 16-30 ANIOS,HOMBRE MUERTO DE 16-30 ANIOS,MUJER MUERTA DE 31-45 ANIOS,HOMBRE MUERTO DE 31-45 ANIOS,MUJER MUERTA DE 46-60 ANIOS,HOMBRE MUERTO DE 46-60 ANIOS,MUJER MUERTA MAS DE 60 ANIOS,HOMBRE MUERTO MAS DE 60 ANIOS
163,XALAPA,16/01/2014,JUEVES,,07:00,,XALAPA,XALAPA,URBANA,,,AVENIDA LAZARO CARDENAS,CUAUHTEMOC,,BUENO,,ASFALTO,,DESCENDENTE,NINGUNA,SIN RESTRICCIÓN,COLISIÓN,ÁNGULO,VEHÍCULO CIRCULANDO,2,,,,,,,,,,,,,,,,,0,,,,,,,,,,,,,,,,,,,,,
163,,,,,,,,,,,1,,,,,,,,,,,,,,,C - CAMIONETA,FORD,EXPLORER,VERACRUZ,NEGRO,SIN NUMERO,1FMZU32P7W2A5486,P - PARTICULAR,NO,28,HOMBRE,A,SI,CAMBIAR CARRIL SIN PRECAUCIÓN,NO APLICA,3000,,,,,,,,,,,,,,,,,,,,,,
163,,,,,,,,,,,,,,,,,,,,,,,,,,A - AUTOMÓVIL,DODGE,NEON,VERACRUZ,CHEDRON,SIN NUMERO,1BESRC31D559037,P - PARTICULAR,NO,33,HOMBRE,B,SI,,,1000,,,,,,,,,,,,,,,,,,,,,,
164,XALAPA,16/01/2014,JUEVES,,08:20,,XALAPA,XALAPA,URBANA,,,JOAQUIN ARRONIZ,JARDINES DE XALAPA,,BUENO,,CONCRETO,,A NIVEL,NINGUNA,SIN RESTRICCIÓN,ATROPELLAMIENTO,,,1,,,,,,,,,,,,,,,,,1,,,,,,,,,,,,,,,,,,,,,
164,,,,,,,,,,,,,,,,,,,,,,,,,,C - CAMIONETA,CHRYSLER,JEEP,VERACRUZ,PLATA,HECHO EN USA,46K4865W633764,P - PARTICULAR,SI,27,HOMBRE,C,SI,VELOCIDAD INMODERADA,NO USABA ZONA PEATONAL,5000,,,,,,,,,,1,,,,,,,,,,,,
165,XALAPA,16/01/2014,JUEVES,,09:58,,XALAPA,XALAPA,URBANA,,,AVENIDA MIGUEL ALEMAN,MODELO,16 DE SEPTIEMBRE,REGULAR,,CONCRETO,,A NIVEL,NINGUNA,SIN RESTRICCIÓN,COLISIÓN,ÁNGULO,VEHÍCULO CIRCULANDO,2,C - CAMIONETA,CHEVROLET,COLORADO,VERACRUZ,NEGRO,SIN NUMERO,MMM148D6DH678408,P - PARTICULAR,SI,27,MUJER,C,SI,,,2000,0,,,,,,,,,,,,,,,,,,,,,
165,,,,,,,,,,,,,,,,,,,,,,,,,,C - CAMIONETA,DODGE,GRAN CARAVAN,VERACRUZ,BLANCO,SIN NUMERO,1B4GH2435SX523593,P - PARTICULAR,SI,45,HOMBRE,,NO,NO GUARDAR DISTANCIA,NO APLICA,,,,,,,,,,,,,,,,,,,,,,,
166,XALAPA,16/01/2014,JUEVES,,08:40,,XALAPA,XALAPA,URBANA,,,AVENIDA RUIZ CORTINES,,,REGULAR,,CONCRETO,,A NIVEL,NINGUNA,SIN RESTRICCIÓN,COLISIÓN,POR ALCANCE,VEHÍCULO CIRCULANDO,2,,,,,,,,,,,,,,,,,0,,,,,,,,,,,,,,,,,,,,,
166,,,,,,,,,,,2,,,,,,,,,,,,,,,A - AUTOMÓVIL,NISSAN,URVAN,VERACRUZ,BLANCO/VERDE,SIN NUMERO,JN6AE52S5AX022552,PE - PÚBLICO ESTATAL,NO,39,HOMBRE,A,SI,VELOCIDAD INMODERADA,OTRO,20000,,,,,,,,,,,,,,,,,,,,,,
166,,,,,,,,,,,,,,,,,,,,,,,,,,AS - AUTOBÚS SUBURBANO,INTERNATIONAL,CHASIS,VERACRUZ,BLANCO,SIN NUMERO,3HVBPAAM2W9104444,PE - PÚBLICO ESTATAL,NO,29,HOMBRE,,NO,,,2000,,,,,,,,,,,,,,,,,,,,,,
167,XALAPA,16/01/2014,JUEVES,,11:40,,XALAPA,XALAPA,URBANA,,,AVENIDA AVILA CAMACHO,CENTRO,POZA RICA,BUENO,,CONCRETO,,A NIVEL,NINGUNA,SIN RESTRICCIÓN,COLISIÓN,ÁNGULO,VEHÍCULO CIRCULANDO,2,,,,,,,,,,,,,,,,,0,,,,,,,,,,,,,,,,,,,,,
167,,,,,,,,,,,4,,,,,,,,,,,,,,,A - AUTOMÓVIL,VOLKSWAGEN,PASSAT,VERACRUZ,BLANCO,CDVD15793,1VWCM7431DC09531,P - PARTICULAR,SI,30,HOMBRE,C,SI,VELOCIDAD INMODERADA,NO APLICA,8000,,,,,,,,,,,,,,,,,,,,,,
167,,,,,,,,,,,,,,,,,,,,,,,,,,A - AUTOMÓVIL,NISSAN,TSURU,VERACRUZ,BLANCO/ROJO,GA16887065W,3NNIEB31SK360212,PE - PÚBLICO ESTATAL,SI,21,HOMBRE,A,SI,,,3000,,,,,,,,,,,,,,,,,,,,,,
168,XALAPA,16/01/2014,JUEVES,,08:50,,XALAPA,XALAPA,URBANA,,,FERNANDO GUTIERREZ BARRIOS,LUZ DEL BARRIO,LIBERTY,REGULAR,,CONCRETO,SECO,A NIVEL,NINGUNA,SIN RESTRICCIÓN,ATROPELLAMIENTO,,,1,,,,,,,,,,,,,,,,,1,,,,,,,,,,,,,,,,,,,,,
168,,,,,,,,,,,,,,,,,,,,,,,,,,A - AUTOMÓVIL,VOLKSWAGEN,SEDAN,VERACRUZ,ROJO,AF887253,11F0015408,P - PARTICULAR,NO,28,HOMBRE,,NO,OTRO,NO APLICA,,,1,,,,,,,,,,,,,,,,,,,,
169,XALAPA,16/01/2014,JUEVES,,00:30,,XALAPA,XALAPA,URBANA,,,CAÑADA LARGA,EMILIANO ZAPATA,LAURELES,BUENO,,TERRACERÍA,,DESCENDENTE,NINGUNA,SIN RESTRICCIÓN,VOLCADURA,,,1,,,,,,,,,,,,,,,,,1,,,,,,,,,,,,,,,,,1,,,,
169,,,,,,,,,,,,,,,,,,,,,,,,,,A - AUTOMÓVIL,NISSAN,TSURU,VERACRUZ,ROJO/BLANCO,SIN NUMERO,SIN NUMERO,PE - PÚBLICO ESTATAL,NO,36,HOMBRE,,NO,VELOCIDAD INMODERADA,NO APLICA,5000,,,,,,,,,,,,,,,,,,,,,,
170,XALAPA,17/01/2014,VIERNES,09:01,09:02,09:07,XALAPA,XALAPA,URBANA,,,RUBEN BOUCHEZ,TAMBORREL,,BUENO,SOLEADO,CONCRETO,SECO,A NIVEL,NINGUNA,SIN RESTRICCIÓN,COLISIÓN,ÁNGULO,VEHÍCULO CIRCULANDO,2,A - AUTOMÓVIL,VOLKSWAGEN,GOL,VERACRUZ,PLATA,CFZ951689,9BWDB05UQDT132404,P - PARTICULAR,,49,HOMBRE,C,SI,NO RESPETAR CEDA EL PASO,NO APLICA,4000,0,,,,,,,,,,,,,,,,,,,,,
170,,,,,,,,,,,,,,,,,,,,,,,,,,A - AUTOMÓVIL,HONDA,ACCORD,VERACRUZ,VERDE,K24A434,3HGCM56895G000254,P - PARTICULAR,NO,69,MUJER,B,SI,,,4000,,,,,,,,,,,,,,,,,,,,,,
171,XALAPA,17/01/2014,VIERNES,,10:15,,XALAPA,XALAPA,URBANA,,,AVENIDA AMERICAS,,ATZALAN,BUENO,SOLEADO,ASFALTO,SECO,A NIVEL,NINGUNA,SIN RESTRICCIÓN,COLISIÓN,ÁNGULO,VEHÍCULO CIRCULANDO,2,A - AUTOMÓVIL,NISSAN,PICK UP,VERACRUZ,ROJO,MB40F0405,72006367,P - PARTICULAR,NO,65,HOMBRE,B,SI,OTRO,NO APLICA,1000,0,,,,,,,,,,,,,,,,,,,,,
171,,,,,,,,,,,3,,,,,,,,,,,,,,,C - CAMIONETA,CHEVROLET,C 20,VERACRUZ,ROJO,LM112751,3GCEC3016LM11281,P - PARTICULAR,SI,64,HOMBRE,B,SI,,,2000,,,,,,,,,,,,,,,,,,,,,,
172,XALAPA,17/01/2014,VIERNES,,09:40,10:00,XALAPA,XALAPA,URBANA,,,MIGUEL ALEMAN,7 DE NOVIEMBRE,FERROCARRIL INTEROCEANICO,REGULAR,SOLEADO,CONCRETO,SECO,DESCENDENTE,NINGUNA,SIN RESTRICCIÓN,COLISIÓN,POR ALCANCE,VEHÍCULO CIRCULANDO,2,A - AUTOMÓVIL,NISSAN,TSURU,VERACRUZ,BLANCO/ROJO,GA16703383Y,3N1EB31S5AK3404617,PE - PÚBLICO ESTATAL,SI,46,HOMBRE,A,SI,NO GUARDAR DISTANCIA,NO APLICA,1500,0,,,,,,,,,,,,,,,,,,,,,
172,,,,,,,,,,,,,,,,,,,,,,,,,,AS - AUTOBÚS SUBURBANO,VOLVO,,VERACRUZ,VERDE/GRIS,45784358,3CDW76V19X3800741,P - PARTICULAR,SI,23,HOMBRE,A,SI,,,1000,,,,,,,,,,,,,,,,,,,,,,
173,XALAPA,17/01/2014,VIERNES,,10:45,,XALAPA,XALAPA,URBANA,,,LUCIO BLANCO,CENTRO,POETA,BUENO,SOLEADO,CONCRETO,SECO,DESCENDENTE,NINGUNA,SIN RESTRICCIÓN,COLISIÓN,,VEHÍCULO ESTACIONADO,2,A - AUTOMÓVIL,NISSAN,TSURU,VERACRUZ,BLANCO/ROJO,GA16860719W,3N1EB31S69K334433,PE - PÚBLICO ESTATAL,SI,53,HOMBRE,A,SI,OTRO,NO APLICA,1000,0,,,,,,,,,,,,,,,,,,,,,
173,,,,,,,,,,,,,,,,,,,,,,,,,,A - AUTOMÓVIL,HONDA,CRV,PUEBLA,,K24261504297,3CZR63858A6001847,P - PARTICULAR,SI,,,,,,,1000,,,,,,,,,,,,,,,,,,,,,,
174,XALAPA,17/01/2014,VIERNES,,12:25,,XALAPA,XALAPA,URBANA,,,MAESTROS VERACRUZANOS,,XALAPA,BUENO,,CONCRETO,,DESCENDENTE,NINGUNA,SIN RESTRICCIÓN,COLISIÓN,POR ALCANCE,VEHÍCULO CIRCULANDO,2,A - AUTOMÓVIL,SATURN,SEDAN,VERACRUZ,VERDE,SIN NUMERO,1G82K5278TZ161117,P - PARTICULAR,SI,35,HOMBRE,A,SI,NO GUARDAR DISTANCIA,NO APLICA,1500,0,,,,,,,,,,,,,,,,,,,,,
174,,,,,,,,,,,,,,,,,,,,,,,,,,A - AUTOMÓVIL,NISSAN,TSURU,VERACRUZ,BLANCO/VERDE,GA16702452Z,3N1EB31S4DK317153,PE - PÚBLICO ESTATAL,SI,29,HOMBRE,A,SI,,,8000,,,,,,,,,,,,,,,,,,,,,,
175,XALAPA,17/01/2014,VIERNES,,13:00,,XALAPA,XALAPA,URBANA,,,REVOLUCION,CENTRO,,BUENO,SOLEADO,ASFALTO,SECO,ASCENDENTE,NINGUNA,SIN RESTRICCIÓN,COLISIÓN,LATERAL,VEHÍCULO CIRCULANDO,2,A - AUTOMÓVIL,NISSAN,TSURU,VERACRUZ,BLANCO/ROJO,GA167602441,3N1EB31S1BK30078,PE - PÚBLICO ESTATAL,SI,50,HOMBRE,A,SI,CAMBIAR CARRIL SIN PRECAUCIÓN,NO APLICA,5000,1,1,,,,,,,,,,,,,,,,,,,,
175,,,,,,,,,,,,,,,,,,,,,,,,,,AS - AUTOBÚS SUBURBANO,INTERNATIONAL,CHASIS,,BLANCO,470HMV1353490,3HUBNAAN93N552444,P - PARTICULAR,NO,28,HOMBRE,A,SI,,,100,,,,,,,,,,,,,,,,,,,,,,
176,XALAPA,17/01/2014,VIERNES,11:50,12:00,,XALAPA,XALAPA,URBANA,,,AVENIDA AVILA CAMACHO,CENTRO,,BUENO,,CONCRETO,SECO,A NIVEL,NINGUNA,SIN RESTRICCIÓN,COLISIÓN,POR ALCANCE,VEHÍCULO CIRCULANDO,2,A - AUTOMÓVIL,CHRYSLER,SPIRIT,VERACRUZ,CHANPANGE,LT047225,LS047225,P - PARTICULAR,NO,36,MUJER,B,SI,NO GUARDAR DISTANCIA,NO APLICA,5000,0,,,,,,,,,,,,,,,,,,,,,
176,,,,,,,,,,,4,,,,,,,,,,,,,,,A - AUTOMÓVIL,MERCEDES BENZ,C 200,VERACRUZ,BLANCO,SIN NUMERO,WDDGF4JBCA655783,P - PARTICULAR,NO,45,MUJER,,,,,8000,,,,,,,,,,,,,,,,,,,,,,
177,XALAPA,17/01/2014,VIERNES,06:30,07:10,,XALAPA,XALAPA,URBANA,,,XALAPEÑOS ILUSTRES,CENTRO,LANDERO,BUENO,,CONCRETO,SECO,DESCENDENTE,NINGUNA,SIN RESTRICCIÓN,COLISIÓN,ÁNGULO,VEHÍCULO CIRCULANDO,2,M - MOTOCICLETA,LONCIN,LX 100,VERACRUZ,AZUL,LC150FMGB0357347,LLCLPL90641B00001,P - PARTICULAR,SI,43,HOMBRE,,,NO RESPETAR SEMÁFORO,NO APLICA,3000,1,,,,,1,,,,,,,,,,,,,,,,
177,,,,,,,,,,,,,,,,,,,,,,,,,,A - AUTOMÓVIL,VOLKSWAGEN,JETTA,VERACRUZ,BLANCO,CCC096,3VW1W11K9BM012458,P - PARTICULAR,SI,53,HOMBRE,B,SI,,,10000,,,,,,,,,,,,,,,,,,,,,,
178,XALAPA,17/01/2014,VIERNES,00:45,00:55,,XALAPA,XALAPA,URBANA,,,AVENIDA LAZARO CARDENAS,,,BUENO,,ASFALTO,SECO,ASCENDENTE,NINGUNA,SIN RESTRICCIÓN,COLISIÓN,,OBJETO FIJO,1,A - AUTOMÓVIL,VOLKSWAGEN,JETTA,VERACRUZ,BLANCO,,,,,28,HOMBRE,,,VELOCIDAD INMODERADA,NO APLICA,15000,1,,,,1,,,,,,,,,,,,,,,,,
178,,,,,,,,,,,1,,,,,,,,,,,,,,,,,,,,,,,,,,,,,,,,,,,,,,,,,,,,,,,,,,,,
179,XALAPA,18/01/2014,SÁBADO,,09:20,,XALAPA,XALAPA,URBANA,,,HORTENCIA,SALUD,,BUENO,SOLEADO,ASFALTO,SECO,A NIVEL,NINGUNA,SIN RESTRICCIÓN,COLISIÓN,LATERAL,VEHÍCULO CIRCULANDO,2,A - AUTOMÓVIL,NISSAN,TSURU,VERACRUZ,BLANCO/VERDE,GA16799269Y,3N1EB3132BK335485,PE - PÚBLICO ESTATAL,SI,29,HOMBRE,A,SI,OTRO,NO APLICA,,0,,,,,,,,,,,,,,,,,,,,,
179,,,,,,,,,,,,,,,,,,,,,,,,,,AS - AUTOBÚS SUBURBANO,FAMSA,INTERNATIONAL,VERACRUZ,NARANJA,3.91E+14,3.91E+14,PE - PÚBLICO ESTATAL,NO,36,HOMBRE,B,SI,,,3000,,,,,,,,,,,,,,,,,,,,,,
180,XALAPA,18/01/2014,SÁBADO,,10:30,,XALAPA,XALAPA,URBANA,,,AVENIDA IGNACIO DE LA LLAVE,CENTRO,,BUENO,SOLEADO,ASFALTO,,ASCENDENTE,NINGUNA,SIN RESTRICCIÓN,COLISIÓN,POR ALCANCE,VEHÍCULO CIRCULANDO,2,M - MOTOCICLETA,ITALIKA,RT-180,VERACRUZ,NEGRO,LC162PM1KB187365,3SCPFTBB4C102Z169,P - PARTICULAR,NO,19,HOMBRE,,,NO GUARDAR DISTANCIA,NO APLICA,1900,0,,,,,,,,,,,,,,,,,,,,,
180,,,,,,,,,,,8,,,,,,,,,,,,,,,A - AUTOMÓVIL,HONDA,ACCORD,VERACRUZ,NEGRO,K24232806514,1HGCP26718A900892,P - PARTICULAR,SI,35,HOMBRE,C,SI,,,9000,,,,,,,,,,,,,,,,,,,,,,
181,XALAPA,18/01/2014,SÁBADO,,10:45,,XALAPA,XALAPA,URBANA,,,AVENIDA LAZARO CARDENAS,ANIMAS,,BUENO,,ASFALTO,,DESCENDENTE,NINGUNA,SIN RESTRICCIÓN,COLISIÓN,POR ALCANCE,VEHÍCULO CIRCULANDO,2,A - AUTOMÓVIL,VOLKSWAGEN,BORA,VERACRUZ,PLATINO,0CC00419,3VMG1HG11K18M015861,P - PARTICULAR,NO,26,HOMBRE,C,SI,NO GUARDAR DISTANCIA,NO APLICA,2000,0,,,,,,,,,,,,,,,,,,,,,
181,,,,,,,,,,,1,,,,,,,,,,,,,,,C - CAMIONETA,CHRYSLER,CRUSIER,MÉXICO,,HECHO EN MEXICO,3A4F258B57T544038,P - PARTICULAR,NO,44,HOMBRE,A,SI,,,2800,,,,,,,,,,,,,,,,,,,,,,
182,XALAPA,18/01/2014,SÁBADO,,10:50,,XALAPA,XALAPA,URBANA,,,AVENIDA REBSAMEN,MARTIRES DE CHICAGO,MONTES DE XALAPA,BUENO,,ASFALTO,SECO,ASCENDENTE,NINGUNA,SIN RESTRICCIÓN,COLISIÓN,ÁNGULO,VEHÍCULO CIRCULANDO,2,AS - AUTOBÚS SUBURBANO,INTERNATIONAL,NAVISTAR,VERACRUZ,BLANCO,,,,,38,HOMBRE,A,SI,CAMBIAR CARRIL SIN PRECAUCIÓN,NO APLICA,500,0,,,,,,,,,,,,,,,,,,,,,
182,,,,,,,,,,,10,,,,,,,,,,,,,,,A - AUTOMÓVIL,NISSAN,TSURU,VERACRUZ,BLANCO/ROJO,GA1671339A2,3N1EB31S3DK325390,PE - PÚBLICO ESTATAL,SI,36,HOMBRE,A,SI,,,3000,,,,,,,,,,,,,,,,,,,,,,
183,XALAPA,18/01/2014,SÁBADO,,13:00,,XALAPA,XALAPA,URBANA,,,CARRILLO PUERTO,CENTRO,ENRIQUEZ,BUENO,,CONCRETO,,A NIVEL,NINGUNA,SIN RESTRICCIÓN,COLISIÓN,ÁNGULO,VEHÍCULO CIRCULANDO,2,C - CAMIONETA,CHRYSLER,MITSUBISHI,VERACRUZ,BEIGE,3504,JE4LS31R865003369,P - PARTICULAR,SI,48,HOMBRE,B,SI,CAMBIAR CARRIL SIN PRECAUCIÓN,NO APLICA,4000,0,,,,,,,,,,,,,,,,,,,,,
183,,,,,,,,,,,,,,,,,,,,,,,,,,A - AUTOMÓVIL,NISSAN,TSURU,VERACRUZ,BLANCO/ROJO,GA16896919W,3N1EB31544K300865,PE - PÚBLICO ESTATAL,SI,37,HOMBRE,A,SI,,,3000,,,,,,,,,,,,,,,,,,,,,,
184,XALAPA,18/01/2014,SÁBADO,,15:50,,XALAPA,XALAPA,URBANA,,,AVENIDA LAZARO CARDENAS,LAGUNILLA,XALAPA,BUENO,SOLEADO,CONCRETO,,DESCENDENTE,NINGUNA,SIN RESTRICCIÓN,COLISIÓN,ÁNGULO,VEHÍCULO CIRCULANDO,2,A - AUTOMÓVIL,NISSAN,TSURU,VERACRUZ,BLANCO/ROJO,GA16712752,3N1EB31594K562386,PE - PÚBLICO ESTATAL,,32,HOMBRE,A,SI,OTRO,NO APLICA,1000,0,,,,,,,,,,,,,,,,,,,,,
184,,,,,,,,,,,1,,,,,,,,,,,,,,,C - CAMIONETA,FORD,ECO-SPORT,VERACRUZ,ROJO,SIN NUMERO,9BFUT35F998989234,P - PARTICULAR,,45,MUJER,C,SI,,,700,,,,,,,,,,,,,,,,,,,,,,
185,XALAPA,18/01/2014,SÁBADO,,19:00,20:00,XALAPA,XALAPA,URBANA,,,AVENIDA LAZARO CARDENAS,PASTORESA,,BUENO,,ASFALTO,SECO,A NIVEL,NINGUNA,SIN RESTRICCIÓN,COLISIÓN,FALLA MECÁNICA,VEHÍCULO CIRCULANDO,1,C - CAMIONETA,CHRYSLER,RAM,VERACRUZ,BLANCO,IMPORTADO,3DGWN5ET2BG512699,P - PARTICULAR,SI,49,HOMBRE,B,SI,OTRO,NO APLICA,4500,0,,,,,,,,,,,,,,,,,,,,,
185,,,,,,,,,,,1,,,,,,,,,,,,,,,,,,,,,,,,,,,,,,,,,,,,,,,,,,,,,,,,,,,,
186,XALAPA,18/01/2014,SÁBADO,21:15,21:50,23:30,XALAPA,XALAPA,URBANA,LIBRAMIENTO PLAN DEL RIO KM 23+400,,,,,BUENO,,ASFALTO,SECO,ASCENDENTE,NINGUNA,OBJETO SOBRE CAMINO,COLISIÓN,,OBJETO FIJO,1,A - AUTOMÓVIL,NISSAN,VERSA,VERACRUZ,ROJO,HR16751724E,3N1CN7AD0CL831288,P - PARTICULAR,SI,24,HOMBRE,C,SI,VELOCIDAD INMODERADA,NO APLICA,22000,0,,,,,,,,,,,,,,,,,,,,,
187,XALAPA,18/01/2014,SÁBADO,,01:10,,XALAPA,XALAPA,URBANA,,,RIO CONSULADO,CAROLINO ANAYA,RIO TECOLUTLA,BUENO,,CONCRETO,SECO,DESCENDENTE,NINGUNA,SIN RESTRICCIÓN,COLISIÓN,LATERAL,VEHÍCULO CIRCULANDO,2,A - AUTOMÓVIL,CHEVROLET,CHEVY,VERACRUZ,AZUL,HECHO EN MEXICO,3G1SF245YS166423,P - PARTICULAR,NO,25,HOMBRE,B,SI,OTRO,NO APLICA,2000,0,,,,,,,,,,,,,,,,,,,,,
187,,,,,,,,,,,,,,,,,,,,,,,,,,A - AUTOMÓVIL,NISSAN,TSURU,VERACRUZ,BLANCO/ROJO,GA16728428Y,3N1EB31S5AK3272033039,PE - PÚBLICO ESTATAL,,22,HOMBRE,A,SI,,,1500,,,,,,,,,,,,,,,,,,,,,,
188,XALAPA,18/01/2014,SÁBADO,,03:05,,XALAPA,XALAPA,URBANA,,,ORIZABA,FRACCIONAMIENTO VERACRUZ,PASEO LAS PALMAS,BUENO,,CONCRETO,SECO,A NIVEL,NINGUNA,SIN RESTRICCIÓN,COLISIÓN,ÁNGULO,VEHÍCULO CIRCULANDO,2,A - AUTOMÓVIL,FORD,VOLVO,DISTRITO FEDERAL,AZUL MARINO,HECHO EN USA,YV1VS37601F705885,P - PARTICULAR,NO,37,HOMBRE,,,NO RESPETAR SEÑAL DE ALTO,NO APLICA,10000,0,,,,,,,,,,,,,,,,,,,,,
188,,,,,,,,,,,,,,,,,,,,,,,,,,A - AUTOMÓVIL,NISSAN,TSURU,VERACRUZ,BLANCO/ROJO,GA16704495Y,2N1EB3155AK307274,PE - PÚBLICO ESTATAL,SI,43,HOMBRE,A,SI,,,8000,,,,,,,,,,,,,,,,,,,,,,
189,XALAPA,18/01/2014,SÁBADO,,04:30,,XALAPA,XALAPA,URBANA,,,PASEO DE LAS PALMAS,ANIMAS,TULIPANES,BUENO,,CONCRETO,SECO,A NIVEL,NINGUNA,SIN RESTRICCIÓN,COLISIÓN,,OBJETO FIJO,1,A - AUTOMÓVIL,VOLKSWAGEN,JETTA,VERACRUZ,BLANCO,BEK71133,3VWAE29M3AM002313,P - PARTICULAR,,26,HOMBRE,,,OTRO,NO APLICA,4000,0,,,,,,,,,,,,,,,,,,,,,
190,XALAPA,18/01/2014,SÁBADO,03:05,03:15,,XALAPA,XALAPA,URBANA,,,AVENIDA LAZARO CARDENAS,ARBOLEDAS DEL SUMIDERO,VILLAHERMOSA,BUENO,,CONCRETO,SECO,DESCENDENTE,NINGUNA,SIN RESTRICCIÓN,COLISIÓN,ÁNGULO,VEHÍCULO CIRCULANDO,2,A - AUTOMÓVIL,RENAULT,FLUENCE,VERACRUZ,,N185298,VF1LZ32T9CC257462,P - PARTICULAR,SI,,HOMBRE,C,SI,VELOCIDAD INMODERADA,NO APLICA,9500,0,,,,,,,,,,,,,,,,,,,,,
190,,,,,,,,,,,1,,,,,,,,,,,,,,,A - AUTOMÓVIL,NISSAN,TSURU,VERACRUZ,BLANCO/VERDE,GA16747979Z,3N1EB31S7EK314815,PE - PÚBLICO ESTATAL,SI,24,HOMBRE,A,SI,,,6500,,,,,,,,,,,,,,,,,,,,,,
191,XALAPA,18/01/2014,SÁBADO,12:00,12:20,,XALAPA,XALAPA,URBANA,PLAN DEL RIO KM. 28,,,,,BUENO,,ASFALTO,SECO,A NIVEL,NINGUNA,SIN RESTRICCIÓN,SALIDA DE CAMINO,,VEHÍCULO CIRCULANDO,1,C - CAMIONETA,FORD,EXPLORER,VERACRUZ,ROJO,HECHO EN MEXICO,1FMYU22E7WUD16990,P - PARTICULAR,SI,65,HOMBRE,A,SI,VELOCIDAD INMODERADA,NO APLICA,35000,0,,,,,,,,,,,,,,,,,,,,,
192,XALAPA,19/01/2014,DOMINGO,,13:15,,XALAPA,XALAPA,URBANA,,,AVENIDA CHEDRAUI CARAM,ENCINAL,,REGULAR,,CONCRETO,SECO,A NIVEL,NINGUNA,SIN RESTRICCIÓN,COLISIÓN,LATERAL,VEHÍCULO CIRCULANDO,2,A - AUTOMÓVIL,VOLKSWAGEN,JETTA,VERACRUZ,BLANCO,,,P - PARTICULAR,NO,21,HOMBRE,B,SI,CAMBIAR CARRIL SIN PRECAUCIÓN,NO APLICA,500,0,,,,,,,,,,,,,,,,,,,,,
192,,,,,,,,,,,16,,,,,,,,,,,,,,,A - AUTOMÓVIL,VOLKSWAGEN,POINTER,CHIAPAS,AZUL MARINO,,,P - PARTICULAR,NO,53,HOMBRE,,,,,2000,,,,,,,,,,,,,,,,,,,,,,
193,XALAPA,19/01/2014,DOMINGO,,13:50,,XALAPA,XALAPA,URBANA,,,AVENIDA LAZARO CARDENAS,,,BUENO,,ASFALTO,SECO,A NIVEL,NINGUNA,SIN RESTRICCIÓN,COLISIÓN,POR ALCANCE,VEHÍCULO CIRCULANDO,2,C - CAMIONETA,JEEP,CHEROKEE,VERACRUZ,BLANCO,SIN NUMERO,1J4FX58SRSC585460,P - PARTICULAR,NO,24,MUJER,B,SI,NO GUARDAR DISTANCIA,NO APLICA,500,0,,,,,,,,,,,,,,,,,,,,,
193,,,,,,,,,,,1,,,,,,,,,,,,,,,A - AUTOMÓVIL,NISSAN,TSURU,VERACRUZ,BLANCO/VERDE,GA16842122Y,3N1EB31S3CK18048,PE - PÚBLICO ESTATAL,NO,30,HOMBRE,A,SI,,,500,,,,,,,,,,,,,,,,,,,,,,