idMES,DELEGACION DE TRANSITO,FECHA DEL ACCIDENTE,DIA DE LA SEMANA,HORA EN QUE SE RECIBIO LA LLAMADA REPORTANDO EL ACCIDENTE,HORA DE ARRIBO DEL PERITO AL SITIO,HORA DE REGRESO DEL PERITO A LAS INSTALACIONES DE SU DELEGACION,LOCALIDAD ACCIDENTE,MUNICIPIO ACCIDENTE,ZONA,CARRETERA/KILOMETRO DEL ACCIDENTE,NUMERO DE AVENIDA,CALLE/AVENIDA DEL ACCIDENTE,COLONIA,ENTRE CALLES,CONDICIONES DE LA VIA,CONDICIONES NATURALES,SUPERFICIE DE LA VIA,ESTADO DE LA VIA,TANGENTE,TIPO DE CONTROL DE TRANSITO,RESTRICCIONES DE LA VIA,TIPO DE ACCIDENTE,FORMA DE ACCIDENTARSE,CONTRA QUE FUE EL IMPACTO,CANTIDAD DE VEHICULOS,TIPO DE VEHICULO,MARCA,SUBMARCA,ENTIDAD FEDERATIVA DEL VEHICULO,COLOR DEL VEHICULO,MOTOR,SERIE,TIPO DE SERVICIO PARA EL QUE SE OCUPAN LOS VEHICULOS,ASEGURADO,EDAD CONDUCTOR,SEXO CONDUCTOR,TIPO LICENCIA,LICENCIA VIGENTE,CAUSA ATRIBUIBLE AL CONDUCTOR,CAUSA ATRIBUIBLE AL PEATON,DANIOS (MONTO APROXIMADO EN MXN),NUMERO DE HERIDOS,MUJER HERIDA DE 0-15 ANIOS,HOMBRE HERIDO DE 0-15 ANIOS,MUJER HERIDA DE 16-30 ANIOS,HOMBRE HERIDO DE 16-30 ANIOS,MUJER HERIDA DE 31-45 ANIOS,HOMBRE HERIDO DE 31-45 ANIOS,MUJER HERIDA DE 46-60 ANIOS,HOMBRE HERIDO DE 46-60 ANIOS,MUJER HERIDA MAS DE 60 ANIOS,HOMBRE HERIDO MAS DE 60 ANIOS,NUMERO DE MUERTOS,MUJER MUERTA DE 0-15 ANIOS,HOMBRE MUERTO DE 0-15 ANIOS,MUJER MUERTA DE 16-30 ANIOS,HOMBRE MUERTO DE 16-30 ANIOS,MUJER MUERTA DE 31-45 ANIOS,HOMBRE MUERTO DE 31-45 ANIOS,MUJER MUERTA DE 46-60 ANIOS,HOMBRE MUERTO DE 46-60 ANIOS,MUJER MUERTA MAS DE 60 ANIOS,HOMBRE MUERTO MAS DE 60 ANIOS
194,XALAPA,19/01/2014,DOMINGO,,14:30,,XALAPA,XALAPA,URBANA,,,AVENIDA LAZARO CARDENAS,,,BUENO,SOLEADO,ASFALTO,SECO,DESCENDENTE,MARCA EN PAVIMENTO,SIN RESTRICCIÓN,COLISIÓN,POR ALCANCE,VEHÍCULO CIRCULANDO,2,C - CAMIONETA,NISSAN,X-TRAIL,VERACRUZ,BEIGE,QR25623565,JN8AT18T19W510629,P - PARTICULAR,NO,38,HOMBRE,,,NO GUARDAR DISTANCIA,NO APLICA,200,0,,,,,,,,,,,,,,,,,,,,,
194,,,,,,,,,,,1,,,,,,,,,,,,,,,A - AUTOMÓVIL,CHEVROLET,PONTIAC,VERACRUZ,NEGRO,HECHO EN MEXICO,3G2J614T0XS162548,P - PARTICULAR,NO,73,HOMBRE,B,SI,,,700,,,,,,,,,,,,,,,,,,,,,,
195,XALAPA,19/01/2014,DOMINGO,,15:10,,XALAPA,XALAPA,URBANA,,,ABASOLO,CENTRO,REVOLUCION,BUENO,,CONCRETO,SECO,ASCENDENTE,NINGUNA,SIN RESTRICCIÓN,COLISIÓN,ÁNGULO,VEHÍCULO CIRCULANDO,2,C - CAMIONETA,CHRYSLER,SPARK,VERACRUZ,PLATA,HECHO EN KOREA,KL8CD6AD9DC536576,P - PARTICULAR,,37,MUJER,C,SI,OTRO,NO APLICA,500,0,,,,,,,,,,,,,,,,,,,,,
195,,,,,,,,,,,,,,,,,,,,,,,,,,A - AUTOMÓVIL,NISSAN,URBAN,VERACRUZ,BLANCO,QR25465372,JN6AE52SX8X001030,PE - PÚBLICO ESTATAL,,45,HOMBRE,A,SI,,,500,,,,,,,,,,,,,,,,,,,,,,
196,XALAPA,19/01/2014,DOMINGO,,16:40,,XALAPA,XALAPA,URBANA,,,GILDARDO AVILES,RAFAEL LUCIO,LAZARO CARDENAS,BUENO,SOLEADO,CONCRETO,SECO,A NIVEL,MARCA EN PAVIMENTO,SIN RESTRICCIÓN,COLISIÓN,ÁNGULO,VEHÍCULO CIRCULANDO,2,C - CAMIONETA,CHEVROLET,SPARK,VERACRUZ,GRIS,HECHO EN KOREA,KL1CM6CD3CC692235,P - PARTICULAR,SI,23,HOMBRE,C,SI,NO RESPETAR CEDA EL PASO,NO APLICA,10000,1,,,,,1,,,,,,,,,,,,,,,,
196,,,,,,,,,,,,,,,,,,,,,,,,,,A - AUTOMÓVIL,NISSAN,TSURU,VERACRUZ,BLANCO/VERDE,GA16857883W,3N1EB31S49K333151,PE - PÚBLICO ESTATAL,SI,31,HOMBRE,A,SI,,,5000,,,,,,,,,,,,,,,,,,,,,,
197,XALAPA,19/01/2014,DOMINGO,,19:45,20:05,XALAPA,XALAPA,URBANA,,,RIO COLOMBIA,CAROLINO ANAYA,RIO CONSULADO,REGULAR,,CONCRETO,SECO,A NIVEL,NINGUNA,SIN RESTRICCIÓN,COLISIÓN,ÁNGULO,VEHÍCULO CIRCULANDO,2,A - AUTOMÓVIL,NISSAN,TSURU,VERACRUZ,BLANCO,E16389587M,1LB1241546,P - PARTICULAR,NO,19,HOMBRE,B,SI,VELOCIDAD INMODERADA,NO APLICA,1500,0,,,,,,,,,,,,,,,,,,,,,
197,,,,,,,,,,,,,,,,,,,,,,,,,,A - AUTOMÓVIL,CHEVROLET,CORSA,VERACRUZ,VINO,HECHO EN USA,93CXM19R23C191276,P - PARTICULAR,NO,26,HOMBRE,B,SI,,,2500,,,,,,,,,,,,,,,,,,,,,,
198,XALAPA,19/01/2014,DOMINGO,,14:45,,XALAPA,XALAPA,URBANA,,,MARTIRES DE XALAPA,CARRILLO PUERTO,RODRIGUEZ CLARA,BUENO,,CONCRETO,SECO,A NIVEL,NINGUNA,SIN RESTRICCIÓN,COLISIÓN,ÁNGULO,VEHÍCULO CIRCULANDO,3,A - AUTOMÓVIL,VOLKSWAGEN,SEDAN,VERACRUZ,BLANCO,SE DESCONOCE,SE DESCONOCE,P - PARTICULAR,NO,22,HOMBRE,,,VELOCIDAD INMODERADA,NO APLICA,2000,0,,,,,,,,,,,,,,,,,,,,,
198,,,,,,,,,,,,,,,,,,,,,,,,,,A - AUTOMÓVIL,HONDA,FIT,VERACRUZ,BLANCO,L15A672900430,93HGD378872900434,P - PARTICULAR,NO,,,,,,,1000,,,,,,,,,,,,,,,,,,,,,,
198,,,,,,,,,,,,,,,,,,,,,,,,,,A - AUTOMÓVIL,FIESTA,FIESTA,VERACRUZ,ROJO,SIN NUMERO,9BFBT08N758313772,P - PARTICULAR,NO,56,HOMBRE,B,SI,,,1500,,,,,,,,,,,,,,,,,,,,,,
199,XALAPA,19/01/2014,DOMINGO,02:25,02:45,,XALAPA,XALAPA,URBANA,,,AVENIDA RUIZ CORTINES,,REYES HEROLES,BUENO,,ASFALTO,SECO,A NIVEL,NINGUNA,SIN RESTRICCIÓN,COLISIÓN,,OBJETO FIJO,1,C - CAMIONETA,FORD,EXPLORER,VERACRUZ,VINO,,,,,,,,,VELOCIDAD INMODERADA,NO APLICA,20000,0,,,,,,,,,,,2,,,,2,,,,,,
199,,,,,,,,,,,2,,,,,,,,,,,,,,,,,,,,,,,,,,,,,,,,,,,,,,,,,,,,,,,,,,,,
200,XALAPA,20/01/2014,LUNES,,08:30,09:20,XALAPA,XALAPA,URBANA,,,AVENIDA RUIZ CORTINES,AMPLIACION MURILLO VIDAL,ARBOLEDAS Y PELICANO,BUENO,,ASFALTO,SECO,DESCENDENTE,NINGUNA,SIN RESTRICCIÓN,COLISIÓN,POR ALCANCE,VEHÍCULO CIRCULANDO,2,M - MOTOCICLETA,KEEWAY,RKV 200,VERACRUZ,ROJO,KWY16AFML3515257,LBBPEMZB3P9J301985,P - PARTICULAR,NO,19,HOMBRE,,,NO GUARDAR DISTANCIA,NO APLICA,2500,0,,,,,,,,,,,,,,,,,,,,,
200,,,,,,,,,,,2,,,,,,,,,,,,,,,A - AUTOMÓVIL,HONDA,CITY,VERACRUZ,BLANCO,L15A77805859,MRHGM264XDP090682,P - PARTICULAR,SI,41,MUJER,,,,,6500,,,,,,,,,,,,,,,,,,,,,,
201,XALAPA,20/01/2014,LUNES,,09:10,,XALAPA,XALAPA,URBANA,,,AVENIDA IGNACIO DE LA LLAVE,SALUD,RUIZ CORTINES,BUENO,SOLEADO,CONCRETO,SECO,A NIVEL,NINGUNA,SIN RESTRICCIÓN,COLISIÓN,POR ALCANCE,VEHÍCULO CIRCULANDO,2,A - AUTOMÓVIL,NISSAN,TSURU,VERACRUZ,BLANCO/ROJO,GA16895978Y,3N1EB31S8DK311548,PE - PÚBLICO ESTATAL,SI,30,HOMBRE,A,SI,NO GUARDAR DISTANCIA,NO APLICA,3000,0,,,,,,,,,,,,,,,,,,,,,
201,,,,,,,,,,,8,,,,,,,,,,,,,,,C - CAMIONETA,GMC,PICK UP,DISTRITO FEDERAL,,HECHO EN USA,1GCEC14W72Z107918,P - PARTICULAR,SI,40,HOMBRE,C,SI,,,4000,,,,,,,,,,,,,,,,,,,,,,
202,XALAPA,20/01/2014,LUNES,09:05,09:20,,XALAPA,XALAPA,URBANA,,,AVENIDA REBSAMEN,,XALAPA 2000,BUENO,SOLEADO,ASFALTO,,DESCENDENTE,NINGUNA,SIN RESTRICCIÓN,COLISIÓN,MANIOBRA EN REVERSA,VEHÍCULO CIRCULANDO,2,A - AUTOMÓVIL,NISSAN,TSURU,VERACRUZ,BLANCO/ROJO,GA1678122Y,3N1EB3190BKG17,PE - PÚBLICO ESTATAL,SI,42,HOMBRE,A,SI,NO GUARDAR DISTANCIA,NO APLICA,1500,0,,,,,,,,,,,,,,,,,,,,,
202,,,,,,,,,,,10,,,,,,,,,,,,,,,A - AUTOMÓVIL,NISSAN,APRIO,VERACRUZ,BLANCO/VERDE,G027059,93YL09B5SA105747,PE - PÚBLICO ESTATAL,SI,29,HOMBRE,A,SI,,,300,,,,,,,,,,,,,,,,,,,,,,
203,XALAPA,20/01/2014,LUNES,,09:45,,XALAPA,XALAPA,URBANA,,,ERNESTO ORTIZ MEDINA,OBRERO CAMPESINA,XALAPA Y ORIZABA,BUENO,,ASFALTO,SECO,ASCENDENTE,NINGUNA,SIN RESTRICCIÓN,COLISIÓN,ÁNGULO,VEHÍCULO CIRCULANDO,2,A - AUTOMÓVIL,TOYOTA,COROLLA,VERACRUZ,VERDE,,2T1BK32EG7C753251,P - PARTICULAR,NO,39,HOMBRE,C,NO,OTRO,NO APLICA,1000,0,,,,,,,,,,,,,,,,,,,,,
203,,,,,,,,,,,,,,,,,,,,,,,,,,A - AUTOMÓVIL,NISSAN,VERSA,VERACRUZ,BLANCO/VERDE,HR16862618G,3N1CN7AD4EK417505,P - PARTICULAR,SI,43,HOMBRE,A,SI,,,10000,,,,,,,,,,,,,,,,,,,,,,
204,XALAPA,20/01/2014,LUNES,,10:05,,XALAPA,XALAPA,URBANA,,,AVENIDA 20 DE NOVIEMBRE,TATAHUICAPAN,MAESTROS VERACRUZANOS,BUENO,SOLEADO,CONCRETO,SECO,A NIVEL,NINGUNA,SIN RESTRICCIÓN,COLISIÓN,ÁNGULO,VEHÍCULO CIRCULANDO,2,A - AUTOMÓVIL,NISSAN,TSURU,VERACRUZ,BLANCO/VERDE,GA16872028W,3N1EB31S69K3457682967,PE - PÚBLICO ESTATAL,SI,46,HOMBRE,A,SI,NO RESPETAR CEDA EL PASO,NO APLICA,1500,0,,,,,,,,,,,,,,,,,,,,,
204,,,,,,,,,,,5,,,,,,,,,,,,,,,C - CAMIONETA,CHRYSLER,VOYAGER,VERACRUZ,ARENA,HECHO EN USA,1A4GJ25R46B670129,P - PARTICULAR,NO,65,HOMBRE,B,SI,,,2500,,,,,,,,,,,,,,,,,,,,,,
205,XALAPA,20/01/2014,LUNES,,13:15,,XALAPA,XALAPA,URBANA,,,JORGE CERDAN,EL MIRADOR,FERROCARRIL INTEROCEANICO Y ENCANTO,BUENO,SOLEADO,EMPEDRADO,SECO,DESCENDENTE,NINGUNA,SIN RESTRICCIÓN,COLISIÓN,LATERAL,VEHÍCULO ESTACIONADO,2,CC - CAMIÓN DE CARGA,DINA,CHASIS CORAZA,VERACRUZ,NARANJA,TK120M00542N01,414844B7,P - PARTICULAR,NO,,,,,OTRO,NO APLICA,SIN DAÑOS,0,,,,,,,,,,,,,,,,,,,,,
205,,,,,,,,,,,,,,,,,,,,,,,,,,A - AUTOMÓVIL,NISSAN,VERSA,VERACRUZ,AZUL,HR16827170F,3N1CN7AD5EK428237,P - PARTICULAR,SI,34,MUJER,C,SI,,,1500,,,,,,,,,,,,,,,,,,,,,,
206,XALAPA,20/01/2014,LUNES,,13:30,,XALAPA,XALAPA,URBANA,,,AVENIDA XALAPA,AGUACATAL,AMERICAS,BUENO,,CONCRETO,,A NIVEL,NINGUNA,SIN RESTRICCIÓN,COLISIÓN,LATERAL,VEHÍCULO CIRCULANDO,2,A - AUTOMÓVIL,NISSAN,SENTRA,VERACRUZ,BLANCO,MRZ003511617,3N1AB61D47263384,P - PARTICULAR,SI,57,HOMBRE,C,SI,CAMBIAR CARRIL SIN PRECAUCIÓN,NO APLICA,5000,0,,,,,,,,,,,,,,,,,,,,,
206,,,,,,,,,,,7,,,,,,,,,,,,,,,AS - AUTOBÚS SUBURBANO,NAVISTAR,CHASIS,VERACRUZ,BLANCO/AZUL,470HMZU1364743,3HVBNAAN63N568284,PE - PÚBLICO ESTATAL,NO,36,HOMBRE,A,SI,,,1200,,,,,,,,,,,,,,,,,,,,,,
207,XALAPA,20/01/2014,LUNES,14:05,,,XALAPA,XALAPA,URBANA,,,AVENIDA IGNACIO DE LA LLAVE,REPRESA DEL CARMEN,RUIZ CORTINEZ Y MIGUEL ALEMAN,BUENO,SOLEADO,CONCRETO,SECO,A NIVEL,SEMÁFORO FUNCIONANDO,SIN RESTRICCIÓN,COLISIÓN,ÁNGULO,VEHÍCULO CIRCULANDO,2,C - CAMIONETA,ISUZU,CHASIS,VERACRUZ,BLANCO,828516,JAANMR85XA7500083,P - PARTICULAR,SI,29,HOMBRE,A,SI,OTRO,NO APLICA,3000,0,,,,,,,,,,,,,,,,,,,,,
207,,,,,,,,,,,8,,,,,,,,,,,,,,,C - CAMIONETA,NISSAN,NP-300,VERACRUZ,BLANCO,KA24418404A,3NGDD25T59K028951,P - PARTICULAR,NO,30,HOMBRE,B,SI,,,20000,,,,,,,,,,,,,,,,,,,,,,
208,XALAPA,20/01/2014,LUNES,,18:00,,XALAPA,XALAPA,URBANA,,,AVENIDA AVILA CAMACHO,,,BUENO,SOLEADO,CONCRETO,SECO,A NIVEL,NINGUNA,SIN RESTRICCIÓN,COLISIÓN,POR ALCANCE,VEHÍCULO CIRCULANDO,2,A - AUTOMÓVIL,NISSAN,TSURU,VERACRUZ,BLANCO/ROJO,GA16714982Y,3N1EB3159AK315832,PE - PÚBLICO ESTATAL,NO,59,HOMBRE,A,SI,NO GUARDAR DISTANCIA,NO APLICA,5500,0,,,,,,,,,,,,,,,,,,,,,
208,,,,,,,,,,,4,,,,,,,,,,,,,,,C - CAMIONETA,MAZDA,CX 7,VERACRUZ,AZUL,SIN NUMERO,JM3GR293080211286,P - PARTICULAR,NO,27,HOMBRE,C,SI,,,1200,,,,,,,,,,,,,,,,,,,,,,
209,XALAPA,20/01/2014,LUNES,,19:40,,XALAPA,XALAPA,URBANA,,,AVENIDA RUIZ CORTINES,,,BUENO,SOLEADO,ASFALTO,SECO,A NIVEL,NINGUNA,SIN RESTRICCIÓN,COLISIÓN,POR ALCANCE,VEHÍCULO CIRCULANDO,2,A - AUTOMÓVIL,SEAT,CORDOBA,VERACRUZ,GRIS,85X016227,V85KYEL65RD3764,P - PARTICULAR,NO,33,HOMBRE,,,NO GUARDAR DISTANCIA,NO APLICA,6000,0,,,,,,,,,,,,,,,,,,,,,
209,,,,,,,,,,,2,,,,,,,,,,,,,,,A - AUTOMÓVIL,NISSAN,VERSA,VERACRUZ,BLANCO,HR16735008G,3N1CA17AD80K399565,P - PARTICULAR,SI,45,MUJER,C,SI,,,SIN DAÑOS,,,,,,,,,,,,,,,,,,,,,,
210,XALAPA,20/01/2014,LUNES,,21:40,,XALAPA,XALAPA,URBANA,,,JUAN ANTONIO TORRES,REVOLUCION,MEXICO,BUENO,,CONCRETO,SECO,ASCENDENTE,NINGUNA,SIN RESTRICCIÓN,COLISIÓN,LATERAL,VEHÍCULO CIRCULANDO,2,A - AUTOMÓVIL,CHEVROLET,CAVALIER,DISTRITO FEDERAL,VERDE,SIN NUMERO,3G1JX5445TS130968,P - PARTICULAR,NO,53,HOMBRE,,,OTRO,NO APLICA,1000,0,,,,,,,,,,,,,,,,,,,,,
210,,,,,,,,,,,,,,,,,,,,,,,,,,A - AUTOMÓVIL,CHRYSLER,SERBING,VERACRUZ,CEREZA,HECHO EN USA,3C3EL45X3WT31480,P - PARTICULAR,NO,18,HOMBRE,B,SI,,,500,,,,,,,,,,,,,,,,,,,,,,
211,XALAPA,20/01/2014,LUNES,,08:40,,XALAPA,XALAPA,URBANA,,,TERESA PEÑAFIEL,EMILIANO ZAPATA,,BUENO,,CONCRETO,SECO,A NIVEL,NINGUNA,SIN RESTRICCIÓN,ATROPELLAMIENTO,,,1,C - CAMIONETA,PEUGEOT,PARTHNER,VERACRUZ,VERDE,10FX5W3064647,VF3GJN6A87J006647,P - PARTICULAR,NO,63,MUJER,C,SI,OTRO,OTRO,3000,1,,,,,,,,1,,,,,,,,,,,,,
212,XALAPA,20/01/2014,LUNES,,13:30,,XALAPA,XALAPA,URBANA,,,AVENIDA LAZARO CARDENAS,ANIMAS,,BUENO,,ASFALTO,SECO,A NIVEL,NINGUNA,SIN RESTRICCIÓN,COLISIÓN,POR ALCANCE,VEHÍCULO CIRCULANDO,2,CC - CAMIÓN DE CARGA,DINA,CHASIS,VERACRUZ,,,69155994B1,P - PARTICULAR,SI,26,HOMBRE,C,SI,NO GUARDAR DISTANCIA,NO APLICA,500,0,,,,,,,,,,,,,,,,,,,,,
212,,,,,,,,,,,1,,,,,,,,,,,,,,,A - AUTOMÓVIL,PEUGEOT,,VERACRUZ,AZUL,10FHCA1426722,VF3WC5FS3CT014748,P - PARTICULAR,SI,41,MUJER,C,SI,,,9000,,,,,,,,,,,,,,,,,,,,,,
213,XALAPA,20/01/2014,LUNES,,22:50,,XALAPA,XALAPA,URBANA,,,GUSTAVO DIAZ ORDAZ,PREDIO DE LA VIRGEN,,BUENO,,CONCRETO,SECO,A NIVEL,NINGUNA,SIN RESTRICCIÓN,COLISIÓN,ÁNGULO,VEHÍCULO CIRCULANDO,2,A - AUTOMÓVIL,NISSAN,TSURU,VERACRUZ,BLANCO/ROJO,,3N1EB31S89K333749,PE - PÚBLICO ESTATAL,SI,23,HOMBRE,A,SI,NO RESPETAR CEDA EL PASO,NO APLICA,2000,0,,,,,,,,,,,,,,,,,,,,,
213,,,,,,,,,,,,,,,,,,,,,,,,,,M - MOTOCICLETA,KURAZAI,GALAXI 110,,,,LB411P100DC008467,P - PARTICULAR,NO,18,HOMBRE,D,SI,,,3000,,,,,,,,,,,,,,,,,,,,,,
214,XALAPA,20/01/2014,LUNES,,05:10,,XALAPA,XALAPA,URBANA,,,AVENIDA LAZARO CARDENAS,ANIMAS,,BUENO,,ASFALTO,SECO,A NIVEL,NINGUNA,SIN RESTRICCIÓN,SALIDA DE CAMINO,,VEHÍCULO CIRCULANDO,1,M - MOTOCICLETA,ITALIKA,MOTONETA,,,,,P - PARTICULAR,NO,23,HOMBRE,,,VELOCIDAD INMODERADA,NO APLICA,1000,0,,,,,,,,,,,,,,,,,,,,,
214,,,,,,,,,,,1,,,,,,,,,,,,,,,,,,,,,,,,,,,,,,,,,,,,,,,,,,,,,,,,,,,,
215,XALAPA,20/01/2014,LUNES,01:20,02:20,,XALAPA,XALAPA,URBANA,,,FRAY ANDRES DE OLMOS,RAFAEL LUCIO,DELFINO VALENZUELA Y MARIA ENRIQUETA,BUENO,,CONCRETO,SECO,DESCENDENTE,NINGUNA,SIN RESTRICCIÓN,COLISIÓN,,OBJETO FIJO,1,TC - TRANSPORTE DE CARGA,KEENWORTH,TRAYLER,,BLANCO,12023668,3WKDD60X81F601084,PF- PÚBLICO FEDERAL,SI,31,HOMBRE,B,SI,OTRO,NO APLICA,4000,0,,,,,,,,,,,,,,,,,,,,,
216,XALAPA,21/01/2014,MARTES,,09:30,,XALAPA,XALAPA,URBANA,,,AVENIDA MEXICO,,DIVISION DEL NORTE,BUENO,,CONCRETO,SECO,A NIVEL,NINGUNA,SIN RESTRICCIÓN,COLISIÓN,LATERAL,VEHÍCULO CIRCULANDO,2,C - CAMIONETA,CHEVROLET,OUTLANDER,VERACRUZ,AZUL,HECHO EN USA,1GNDU23137D100934,P - PARTICULAR,,52,MUJER,C,SI,CAMBIAR CARRIL SIN PRECAUCIÓN,NO APLICA,3000,0,,,,,,,,,,,,,,,,,,,,,
216,,,,,,,,,,,,,,,,,,,,,,,,,,AS - AUTOBÚS SUBURBANO,INTERNATIONAL,,VERACRUZ,BLANCO/AZUL,470HM2U1355875,3HVBNAAN63N558971,PE - PÚBLICO ESTATAL,,28,HOMBRE,A,SI,,,500,,,,,,,,,,,,,,,,,,,,,,
217,XALAPA,21/01/2014,MARTES,,10:15,,XALAPA,XALAPA,URBANA,,,AVILA CAMACHO,CENTRO,BENTANCOURT,BUENO,,CONCRETO,,A NIVEL,NINGUNA,SIN RESTRICCIÓN,COLISIÓN,POR ALCANCE,VEHÍCULO CIRCULANDO,2,M - MOTOCICLETA,YAMAHA,,PUEBLA,,JYM154FML110590621,L8PKE1240C0047683,P - PARTICULAR,,21,HOMBRE,D,SI,NO GUARDAR DISTANCIA,NO APLICA,1000,0,,,,,,,,,,,,,,,,,,,,,
217,,,,,,,,,,,4,,,,,,,,,,,,,,,A - AUTOMÓVIL,DODGE,ATOS,DISTRITO FEDERAL,,HECHO EN KOREA,MALABS1H45M564408,P - PARTICULAR,,29,HOMBRE,,,,,1500,,,,,,,,,,,,,,,,,,,,,,
218,XALAPA,21/01/2014,MARTES,,10:40,,XALAPA,XALAPA,URBANA,,,ZARAGOZA,CENTRO,PRIMO VERDAD,BUENO,SOLEADO,CONCRETO,SECO,A NIVEL,SEMÁFORO FUNCIONANDO,SIN RESTRICCIÓN,COLISIÓN,POR ALCANCE,VEHÍCULO CIRCULANDO,2,C - CAMIONETA,CHRYSLER,JEEP,VERACRUZ,BLANCO,HECHO EN USA,1CHAJPCB9CD544016,P - PARTICULAR,NO,50,HOMBRE,A,SI,NO GUARDAR DISTANCIA,NO APLICA,1000,0,,,,,,,,,,,,,,,,,,,,,
218,,,,,,,,,,,,,,,,,,,,,,,,,,A - AUTOMÓVIL,NISSAN,TSURU,VERACRUZ,BLANCO/ROJO,GA16792539Y,3N1EB31S1BK369421,PE - PÚBLICO ESTATAL,SI,34,HOMBRE,A,SI,,,3000,,,,,,,,,,,,,,,,,,,,,,
219,XALAPA,21/01/2014,MARTES,,10:40,,XALAPA,XALAPA,URBANA,,,AVENIDA ORIZABA,,,BUENO,,ASFALTO,SECO,A NIVEL,NINGUNA,SIN RESTRICCIÓN,COLISIÓN,LATERAL,VEHÍCULO CIRCULANDO,2,AS - AUTOBÚS SUBURBANO,SCANIA,,VERACRUZ,ROSADO,6420737,,,,38,HOMBRE,A,SI,CAMBIAR CARRIL SIN PRECAUCIÓN,NO APLICA,2000,0,,,,,,,,,,,,,,,,,,,,,
219,,,,,,,,,,,,,,,,,,,,,,,,,,A - AUTOMÓVIL,CHEVROLET,ASTRA,VERACRUZ,AZUL,SIN NUMERO,,P - PARTICULAR,,73,HOMBRE,B,SI,,,3000,,,,,,,,,,,,,,,,,,,,,,
220,XALAPA,21/01/2014,MARTES,,11:10,,XALAPA,XALAPA,URBANA,,,LAS SAUCES,,,BUENO,,CONCRETO,SECO,A NIVEL,NINGUNA,SIN RESTRICCIÓN,COLISIÓN,MANIOBRA EN REVERSA,VEHÍCULO CIRCULANDO,2,AS - AUTOBÚS SUBURBANO,MERCEDES BENZ,,VERACRUZ,AZUL,9.07E+13,,PE - PÚBLICO ESTATAL,,33,HOMBRE,A,SI,OTRO,NO APLICA,500,0,,,,,,,,,,,,,,,,,,,,,
220,,,,,,,,,,,,,,,,,,,,,,,,,,A - AUTOMÓVIL,NISSAN,TSURU,VERACRUZ,BLANCO/VERDE,,,PE - PÚBLICO ESTATAL,SI,34,HOMBRE,A,SI,,,1500,,,,,,,,,,,,,,,,,,,,,,
221,XALAPA,21/01/2014,MARTES,,12:45,,XALAPA,XALAPA,URBANA,,,JOAQUIN RAMIREZ CABAÑAS,,,BUENO,SOLEADO,CONCRETO,SECO,ASCENDENTE,NINGUNA,SIN RESTRICCIÓN,COLISIÓN,ÁNGULO,VEHÍCULO CIRCULANDO,2,C - CAMIONETA,HONDA,ACURA,PUEBLA,GRIS,135A54042935,2HHYD187964900248,P - PARTICULAR,SI,44,HOMBRE,B,SI,OTRO,NO APLICA,2000,0,,,,,,,,,,,,,,,,,,,,,
221,,,,,,,,,,,,,,,,,,,,,,,,,,A - AUTOMÓVIL,NISSAN,TSURU,VERACRUZ,BLANCO/VERDE,GA16822063W,3N1EB31S39K301154,PE - PÚBLICO ESTATAL,SI,58,HOMBRE,A,SI,,,500,,,,,,,,,,,,,,,,,,,,,,
222,XALAPA,21/01/2014,MARTES,,13:30,,XALAPA,XALAPA,URBANA,,,5 DE FEBRERO,CENTRO,GENERAL ANAYA,BUENO,SOLEADO,CONCRETO,SECO,DESCENDENTE,SEÑAL DE ALTO,SIN RESTRICCIÓN,COLISIÓN,ÁNGULO,VEHÍCULO CIRCULANDO,2,C - CAMIONETA,GMC,SUBURBAN,VERACRUZ,AZUL,HECHO EN USA,3NGNEC1GTS4G228274,O - OFICIAL,SI,39,MUJER,A,SI,OTRO,NO APLICA,500,0,,,,,,,,,,,,,,,,,,,,,
222,,,,,,,,,,,,,,,,,,,,,,,,,,A - AUTOMÓVIL,NISSAN,PLATINA,VERACRUZ,AZUL,A168184,1JH026+5241930,P - PARTICULAR,SI,56,MUJER,C,SI,,,3000,,,,,,,,,,,,,,,,,,,,,,
223,XALAPA,21/01/2014,MARTES,,15:15,,XALAPA,XALAPA,URBANA,,,HIDALGO,CENTRO,DIAZ MIRON,REGULAR,SOLEADO,CONCRETO,SECO,A NIVEL,SEMÁFORO FUNCIONANDO,SIN RESTRICCIÓN,COLISIÓN,LATERAL,VEHÍCULO CIRCULANDO,2,A - AUTOMÓVIL,VOLKSWAGEN,JETTA,VERACRUZ,PLATA,BEJ027762,3VESV29M72M194759,P - PARTICULAR,NO,42,MUJER,,,CAMBIAR CARRIL SIN PRECAUCIÓN,NO APLICA,3000,0,,,,,,,,,,,,,,,,,,,,,
223,,,,,,,,,,,,,,,,,,,,,,,,,,AS - AUTOBÚS SUBURBANO,NAVISTAR,NAVISTAR,VERACRUZ,BLANCO,470HM2U1395822,3HBBPAAN63L598274,PE - PÚBLICO ESTATAL,NO,34,HOMBRE,A,SI,,,1000,,,,,,,,,,,,,,,,,,,,,,