idMES,DELEGACION DE TRANSITO,FECHA DEL ACCIDENTE,DIA DE LA SEMANA,HORA EN QUE SE RECIBIO LA LLAMADA REPORTANDO EL ACCIDENTE,HORA DE ARRIBO DEL PERITO AL SITIO,HORA DE REGRESO DEL PERITO A LAS INSTALACIONES DE SU DELEGACION,LOCALIDAD ACCIDENTE,MUNICIPIO ACCIDENTE,ZONA,CARRETERA/KILOMETRO DEL ACCIDENTE,NUMERO DE AVENIDA,CALLE/AVENIDA DEL ACCIDENTE,COLONIA,ENTRE CALLES,CONDICIONES DE LA VIA,CONDICIONES NATURALES,SUPERFICIE DE LA VIA,ESTADO DE LA VIA,TANGENTE,TIPO DE CONTROL DE TRANSITO,RESTRICCIONES DE LA VIA,TIPO DE ACCIDENTE,FORMA DE ACCIDENTARSE,CONTRA QUE FUE EL IMPACTO,CANTIDAD DE VEHICULOS,TIPO DE VEHICULO,MARCA,SUBMARCA,ENTIDAD FEDERATIVA DEL VEHICULO,COLOR DEL VEHICULO,MOTOR,SERIE,TIPO DE SERVICIO PARA EL QUE SE OCUPAN LOS VEHICULOS,ASEGURADO,EDAD CONDUCTOR,SEXO CONDUCTOR,TIPO LICENCIA,LICENCIA VIGENTE,CAUSA ATRIBUIBLE AL CONDUCTOR,CAUSA ATRIBUIBLE AL PEATON,DANIOS (MONTO APROXIMADO EN MXN),NUMERO DE HERIDOS,MUJER HERIDA DE 0-15 ANIOS,HOMBRE HERIDO DE 0-15 ANIOS,MUJER HERIDA DE 16-30 ANIOS,HOMBRE HERIDO DE 16-30 ANIOS,MUJER HERIDA DE 31-45 ANIOS,HOMBRE HERIDO DE 31-45 ANIOS,MUJER HERIDA DE 46-60 ANIOS,HOMBRE HERIDO DE 46-60 ANIOS,MUJER HERIDA MAS DE 60 ANIOS,HOMBRE HERIDO MAS DE 60 ANIOS,NUMERO DE MUERTOS,MUJER MUERTA DE 0-15 ANIOS,HOMBRE MUERTO DE 0-15 ANIOS,MUJER MUERTA DE 16-30 ANIOS,HOMBRE MUERTO DE 16-30 ANIOS,MUJER MUERTA DE 31-45 ANIOS,HOMBRE MUERTO DE 31-45 ANIOS,MUJER MUERTA DE 46-60 ANIOS,HOMBRE MUERTO DE 46-60 ANIOS,MUJER MUERTA MAS DE 60 ANIOS,HOMBRE MUERTO MAS DE 60 ANIOS
224,XALAPA,21/01/2014,MARTES,,16:30,,XALAPA,XALAPA,URBANA,,,CENTRAL 41,10 DE MAYO,CHEDRAUI CARAM Y HERIBERTO JARA,BUENO,,CONCRETO,SECO,A NIVEL,NINGUNA,SIN RESTRICCIÓN,COLISIÓN,FALLA MECÁNICA,OBJETO FIJO,1,C - CAMIONETA,CHEVROLET,SILVERADO,VERACRUZ,GRIS,SIN NUMERO,2GCEC19TX11132298,P - PARTICULAR,,32,HOMBRE,,,OTRO,NO APLICA,4000,0,,,,,,,,,,,,,,,,,,,,,
224,,,,,,,,,,,,,,,,,,,,,,,,,,,,,,,,,,,,,,,,,2000,,,,,,,,,,,,,,,,,,,,,,
225,XALAPA,21/01/2014,MARTES,,17:40,,XALAPA,XALAPA,URBANA,,,AGUASCALIENTES,AGUACATAL,SOCONUSCO,BUENO,,CONCRETO,SECO,A NIVEL,NINGUNA,SIN RESTRICCIÓN,COLISIÓN,ÁNGULO,VEHÍCULO CIRCULANDO,2,C - CAMIONETA,HONDA,,VERACRUZ,BLANCO,WH157FMJ12L4239,3H1KA4175DDC009381,P - PARTICULAR,,22,HOMBRE,D,SI,"VUELTA EN ""U""",NO APLICA,500,0,,,,,,,,,,,,,,,,,,,,,
225,,,,,,,,,,,,,,,,,,,,,,,,,,A - AUTOMÓVIL,NISSAN,MARCH,VERACRUZ,ROJO,HR168192316,3N1CK3CSDL258722,P - PARTICULAR,,26,HOMBRE,C,SI,,,800,,,,,,,,,,,,,,,,,,,,,,
226,XALAPA,21/01/2014,MARTES,,19:40,,XALAPA,XALAPA,URBANA,,,AVENIDA LAZARO CARDENAS,ANIMAS,,BUENO,,ASFALTO,,A NIVEL,NINGUNA,SIN RESTRICCIÓN,COLISIÓN,POR ALCANCE,VEHÍCULO CIRCULANDO,2,A - AUTOMÓVIL,NISSAN,ALTIMA,VERACRUZ,PLATINO,QR256151562,1N4AL11E34C177387,P - PARTICULAR,,35,HOMBRE,C,SI,NO GUARDAR DISTANCIA,NO APLICA,500,0,,,,,,,,,,,,,,,,,,,,,
226,,,,,,,,,,,1,,,,,,,,,,,,,,,A - AUTOMÓVIL,CHEVROLET,PONTIAC,VERACRUZ,ROJO,,3G2TU61E09L146059,P - PARTICULAR,,34,HOMBRE,C,SI,,,800,,,,,,,,,,,,,,,,,,,,,,
227,XALAPA,21/01/2014,MARTES,,21:40,,XALAPA,XALAPA,URBANA,,,AVENIDA IGNACIO DE LA LLAVE,BENITO JUAREZ,LAZARO CARDENAS,BUENO,,CONCRETO,SECO,A NIVEL,NINGUNA,SIN RESTRICCIÓN,COLISIÓN,ÁNGULO,VEHÍCULO CIRCULANDO,2,A - AUTOMÓVIL,NISSAN,TSURU,VERACRUZ,BLANCO/VERDE,GA16885950T,3N1EBS96K302540,PE - PÚBLICO ESTATAL,SI,46,HOMBRE,A,SI,NO RESPETAR CEDA EL PASO,NO APLICA,2000,0,,,,,,,,,,,,,,,,,,,,,
227,,,,,,,,,,,8,,,,,,,,,,,,,,,C - CAMIONETA,FORD,EXPLORER,VERACRUZ,VERDE,HECHO EN USA,1FMDU32X05ZB14950,P - PARTICULAR,NO,47,HOMBRE,,,,,1000,,,,,,,,,,,,,,,,,,,,,,
228,XALAPA,21/01/2014,MARTES,,07:20,,XALAPA,XALAPA,URBANA,,,ACAPULCO,PROGRESO MACUILTEPEC,,BUENO,,CONCRETO,SECO,A NIVEL,NINGUNA,SIN RESTRICCIÓN,COLISIÓN,MANIOBRA EN REVERSA,VEHÍCULO CIRCULANDO,2,A - AUTOMÓVIL,TOYOTA,YARIS,VERACRUZ,PLATA,1nz5110643,JTDBT923584034516,P - PARTICULAR,NO,56,HOMBRE,,,OTRO,NO APLICA,3000,0,,,,,,,,,,,,,,,,,,,,,
228,,,,,,,,,,,,,,,,,,,,,,,,,,C - CAMIONETA,FORD,F-250,VERACRUZ,VERDE,F25YRS22908,F25YRS22908,P - PARTICULAR,NO,33,HOMBRE,,,,,500,,,,,,,,,,,,,,,,,,,,,,
229,XALAPA,21/01/2014,MARTES,,16:10,,XALAPA,XALAPA,URBANA,,,AVENIDA 20 DE NOVIEMBRE,FRACCIONAMIENTO LOS ANGELES,,BUENO,,CONCRETO,SECO,ASCENDENTE,NINGUNA,SIN RESTRICCIÓN,COLISIÓN,POR ALCANCE,VEHÍCULO CIRCULANDO,2,CC - CAMIÓN DE CARGA,FORD,F-700,PUEBLA,,,AF5JJE16983,P - PARTICULAR,,36,HOMBRE,A,SI,NO GUARDAR DISTANCIA,NO APLICA,SIN DAÑOS,0,,,,,,,,,,,,,,,,,,,,,
229,,,,,,,,,,,5,,,,,,,,,,,,,,,A - AUTOMÓVIL,VOLKSWAGEN,SEAT,VERACRUZ,,,VSSPK46L75R07792,P - PARTICULAR,,19,HOMBRE,C,SI,,,3000,,,,,,,,,,,,,,,,,,,,,,
230,XALAPA,21/01/2014,MARTES,09:50,10:05,,XALAPA,XALAPA,URBANA,,,AVENIDA REBSAMEN,MARTIRES DE CHICAGO,,BUENO,SOLEADO,ASFALTO,SECO,ASCENDENTE,NINGUNA,SIN RESTRICCIÓN,COLISIÓN,LATERAL,VEHÍCULO CIRCULANDO,2,A - AUTOMÓVIL,NISSAN,TSURU,VERACRUZ,DORADO,GA16801895S,3N1EB31543K482344,P - PARTICULAR,NO,58,HOMBRE,B,SI,CAMBIAR CARRIL SIN PRECAUCIÓN,NO APLICA,3500,2,,,,2,,,,,,,,,,,,,,,,,
230,,,,,,,,,,,10,,,,,,,,,,,,,,,M - MOTOCICLETA,ITALIKA,ITALIKA,,ROJO/NEG,LC62FMJHA001507,3SCPFTEEX91013399,P - PARTICULAR,NO,18,HOMBRE,,,,,4500,,,,,,,,,,,,,,,,,,,,,,
231,XALAPA,21/01/2014,MARTES,,05:05,,XALAPA,XALAPA,URBANA,,,AVENIDA MIGUEL ALEMAN,FEDERAL,CHILPANCINGO,REGULAR,,ASFALTO,SECO,DESCENDENTE,MARCA EN PAVIMENTO,SIN RESTRICCIÓN,COLISIÓN,,VEHÍCULO ESTACIONADO,2,C - CAMIONETA,CHEVROLET,SILVERADO,,BLANCO/AZUL,,3GCN9CX30L2412,O - OFICIAL,SI,24,HOMBRE,B,SI,OTRO,NO APLICA,2000,0,,,,,,,,,,,,,,,,,,,,,
231,,,,,,,,,,,,,,,,,,,,,,,,,,A - AUTOMÓVIL,CHEVROLET,OPTRA,VERACRUZ,VERDE,HECHO EN USA,L1JJ51297K667601,P - PARTICULAR,NO,,,,,,,20000,,,,,,,,,,,,,,,,,,,,,,
232,XALAPA,22/01/2014,MIÉRCOLES,,10:15,10:50,XALAPA,XALAPA,URBANA,,,ALLENDE,CENTRO,GALEANA Y AYUNTAMIETO,BUENO,,CONCRETO,SECO,A NIVEL,NINGUNA,ACCIDENTE PREVIO,COLISIÓN,LATERAL,VEHÍCULO CIRCULANDO,2,AS - AUTOBÚS SUBURBANO,INTERNATIONAL,MERCEDES BENZ,VERACRUZ,BLANCO,,,PE - PÚBLICO ESTATAL,,30,HOMBRE,A,SI,CAMBIAR CARRIL SIN PRECAUCIÓN,NO APLICA,400,0,,,,,,,,,,,,,,,,,,,,,
232,,,,,,,,,,,,,,,,,,,,,,,,,,CC - CAMIÓN DE CARGA,FORD,,,CAFÉ,NACIONAL,3FDLF46535MA04586,PF- PÚBLICO FEDERAL,,35,HOMBRE,B,SI,,,600,,,,,,,,,,,,,,,,,,,,,,
233,XALAPA,22/01/2014,MIÉRCOLES,10:10,10:45,11:30,XALAPA,XALAPA,URBANA,,,AVENIDA RUIZ CORTINES,REPRESA DEL CARMEN,,BUENO,SOLEADO,ASFALTO,SECO,A NIVEL,NINGUNA,SIN RESTRICCIÓN,COLISIÓN,POR ALCANCE,VEHÍCULO CIRCULANDO,2,C - CAMIONETA,TOYOTA,HILUX,VERACRUZ,PLATA,2TR6999894,8AJEX32G9B4031013,P - PARTICULAR,SI,21,HOMBRE,D,SI,NO GUARDAR DISTANCIA,NO APLICA,10000,0,,,,,,,,,,,,,,,,,,,,,
233,,,,,,,,,,,2,,,,,,,,,,,,,,,A - AUTOMÓVIL,CHEVROLET,CRUZA,VERACRUZ,GRIS,HECHO EN KOREA,KL1PJ5C56BK017044,P - PARTICULAR,SI,45,HOMBRE,C,SI,,,2000,,,,,,,,,,,,,,,,,,,,,,
234,XALAPA,22/01/2014,MIÉRCOLES,,14:00,,XALAPA,XALAPA,URBANA,,,ENRIQUEZ,CENTRO,CLAVIJERO,BUENO,,CONCRETO,,DESCENDENTE,NINGUNA,SIN RESTRICCIÓN,COLISIÓN,POR ALCANCE,VEHÍCULO CIRCULANDO,2,A - AUTOMÓVIL,VOLKSWAGEN,JETTA,VERACRUZ,GRIS,CBPS06197,3VWBV49M6EMQ04823,P - PARTICULAR,SI,18,HOMBRE,B,SI,NO GUARDAR DISTANCIA,NO APLICA,1500,0,,,,,,,,,,,,,,,,,,,,,
234,,,,,,,,,,,,,,,,,,,,,,,,,,M - MOTOCICLETA,KURAZAI,,,AZUL/NEGRO,,,P - PARTICULAR,NO,23,HOMBRE,,,,,1000,,,,,,,,,,,,,,,,,,,,,,
235,XALAPA,22/01/2014,MIÉRCOLES,15:40,15:55,,XALAPA,XALAPA,URBANA,,,ERNESTO ORTIZ MEDINA,,FCO. MORALES,BUENO,SOLEADO,ASFALTO,SECO,DESCENDENTE,NINGUNA,SIN RESTRICCIÓN,COLISIÓN,MANIOBRA EN REVERSA,VEHÍCULO CIRCULANDO,2,A - AUTOMÓVIL,VOLKSWAGEN,JETTA,VERACRUZ,AZUL,CBP018341,3VWYV49M58M61871,P - PARTICULAR,SI,55,HOMBRE,B,SI,OTRO,NO APLICA,2500,0,,,,,,,,,,,,,,,,,,,,,
235,,,,,,,,,,,,,,,,,,,,,,,,,,C - CAMIONETA,CHRYSLER,VERNA,VERACRUZ,PLATA,HECHO EN KOREA,KMHCG41C94U557735,P - PARTICULAR,,20,HOMBRE,B,SI,,,1000,,,,,,,,,,,,,,,,,,,,,,
236,XALAPA,22/01/2014,MIÉRCOLES,,17:00,,XALAPA,XALAPA,URBANA,,,JUSTINO SARMIENTO,JOSE CARDEL,PICO DE ORIZABA,BUENO,,CONCRETO,,A NIVEL,NINGUNA,SIN RESTRICCIÓN,COLISIÓN,DE FRENTE,VEHÍCULO CIRCULANDO,2,C - CAMIONETA,CHRYSLER,JEEP,MÉXICO,BLANCO,SIN NUMERO,1J4GZ78Y3RC305389,P - PARTICULAR,NO,23,HOMBRE,,,OTRO,NO APLICA,1500,0,,,,,,,,,,,,,,,,,,,,,
236,,,,,,,,,,,,,,,,,,,,,,,,,,A - AUTOMÓVIL,NISSAN,TSURU,VERACRUZ,BLANCO/VERDE,GA16772163W,3N1EB31S38K328375,PE - PÚBLICO ESTATAL,SI,46,HOMBRE,A,SI,,,5000,,,,,,,,,,,,,,,,,,,,,,
237,XALAPA,22/01/2014,MIÉRCOLES,19:30,19:50,20:10,XALAPA,XALAPA,URBANA,,,XALAPEÑOS ILUSTRES,CENTRO,,BUENO,,CONCRETO,SECO,A NIVEL,NINGUNA,SIN RESTRICCIÓN,COLISIÓN,LATERAL,VEHÍCULO CIRCULANDO,2,AS - AUTOBÚS SUBURBANO,MERCEDES BENZ,CHASIS CORAZA,VERACRUZ,BLANCO,3.91E+14,3AMBEMEB5WS042946,PE - PÚBLICO ESTATAL,,30,HOMBRE,A,SI,CAMBIAR CARRIL SIN PRECAUCIÓN,NO APLICA,2000,0,,,,,,,,,,,,,,,,,,,,,
237,,,,,,,,,,,,,,,,,,,,,,,,,,A - AUTOMÓVIL,NISSAN,SENTRA,VERACRUZ,NEGRO,QG18766575S,3N1CB51D2GL517093,P - PARTICULAR,NO,63,HOMBRE,B,SI,,,2500,,,,,,,,,,,,,,,,,,,,,,
238,XALAPA,22/01/2014,MIÉRCOLES,,21:40,,XALAPA,XALAPA,URBANA,,,AVENIDA JUSTINO SARMIENTO,LADERAS DE MACUILTEPEC,PICO DE ORIZABA Y VOLCAN DE COLIMA,BUENO,,CONCRETO,SECO,A NIVEL,NINGUNA,SIN RESTRICCIÓN,COLISIÓN,LATERAL,VEHÍCULO CIRCULANDO,2,M - MOTOCICLETA,ITALIKA,,,ROJO/NEGRO,,,P - PARTICULAR,,17,HOMBRE,,,VELOCIDAD INMODERADA,NO APLICA,2000,0,,,,,,,,,,,,,,,,,,,,,
238,,,,,,,,,,,,,,,,,,,,,,,,,,A - AUTOMÓVIL,CHRYSLER,VERNA,VERACRUZ,ROJO,,KMHCF31G040317876,P - PARTICULAR,SI,21,HOMBRE,,,,,3000,,,,,,,,,,,,,,,,,,,,,,
239,XALAPA,22/01/2014,MIÉRCOLES,21:50,22:05,22:45,XALAPA,XALAPA,URBANA,,,LAZARO CARDENAS,LAS TRANCAS,,BUENO,,ASFALTO,SECO,ASCENDENTE,NINGUNA,SIN RESTRICCIÓN,COLISIÓN,ÁNGULO,VEHÍCULO CIRCULANDO,2,A - AUTOMÓVIL,NISSAN,TSURU,VERACRUZ,BLANCO/VERDE,GA16780575Y,3N1EB31S0BK3185,PE - PÚBLICO ESTATAL,SI,54,HOMBRE,A,SI,CAMBIAR CARRIL SIN PRECAUCIÓN,NO APLICA,900,0,,,,,,,,,,,,,,,,,,,,,
239,,,,,,,,,,,,,,,,,,,,,,,,,,C - CAMIONETA,FORD,F-350,VERACRUZ,BLANCO,HECHO EN MEXICO,3FPKF36L72MA27962,P - PARTICULAR,SI,24,HOMBRE,,,,,300,,,,,,,,,,,,,,,,,,,,,,
240,XALAPA,22/01/2014,MIÉRCOLES,,23:25,,XALAPA,XALAPA,URBANA,,,MIGUEL ALEMAN,BUROCRATAS,JOSE PAGES,BUENO,,CONCRETO,SECO,A NIVEL,NINGUNA,SIN RESTRICCIÓN,COLISIÓN,ÁNGULO,VEHÍCULO CIRCULANDO,2,A - AUTOMÓVIL,VOLKSWAGEN,JETTA,VERACRUZ,NEGRO,ABA018966,3VWRL21H4PMM018682,P - PARTICULAR,NO,,HOMBRE,A,SI,"VUELTA EN ""U""",NO APLICA,1500,0,,,,,,,,,,,,,,,,,,,,,
240,,,,,,,,,,,,,,,,,,,,,,,,,,M - MOTOCICLETA,DINAMO,200 CL,,,SIN NUMERO,,P - PARTICULAR,,21,HOMBRE,,,,,3000,,,,,,,,,,,,,,,,,,,,,,
241,XALAPA,22/01/2014,MIÉRCOLES,,19:45,,XALAPA,XALAPA,URBANA,,,AVENIDA REBSAMEN,MARTIRES DE CHICAGO,MASCAREÑAS Y DIAZ ORDAS,BUENO,,ASFALTO,SECO,DESCENDENTE,NINGUNA,SIN RESTRICCIÓN,COLISIÓN,LATERAL,VEHÍCULO CIRCULANDO,2,A - AUTOMÓVIL,NISSAN,TSURU,VERACRUZ,BLANCO,GA16163488Y,3N1EB31S1DK302299,P - PARTICULAR,SI,38,HOMBRE,B,SI,OTRO,NO APLICA,4000,1,,,,,,,,,,,,,,,,,,,,,
241,,,,,,,,,,,10,,,,,,,,,,,,,,,M - MOTOCICLETA,VENTO,TRITON,,NEGRO,SE IGNORA,,P - PARTICULAR,NO,,HOMBRE,,,,,7000,,,,,1,,,,,,,,,,,,,,,,,
242,XALAPA,22/01/2014,MIÉRCOLES,,13:20,,XALAPA,XALAPA,URBANA,,,AVENIDA MURILLO VIDAL,CUAUHTEMOC,RIO TESECHOACAN,BUENO,,CONCRETO,SECO,A NIVEL,NINGUNA,SIN RESTRICCIÓN,COLISIÓN,ÁNGULO,VEHÍCULO CIRCULANDO,2,A - AUTOMÓVIL,CHRYSLER,PT. CRUSIER,PUEBLA,ROJO,HECHO EN MEXICO,3CF278G33T591897,P - PARTICULAR,,25,HOMBRE,,,"VUELTA EN ""U""",NO APLICA,15000,1,,,,,,,,,,,,,,,,,,,,,
242,,,,,,,,,,,11,,,,,,,,,,,,,,,C - CAMIONETA,ISUZU,CHASIS CABINA,VERACRUZ,BLANCO,222113,JAANMR858C7500716,P - PARTICULAR,,28,HOMBRE,A,SI,,,40000,,,,1,,,,,,,,,,,,,,,,,,
243,XALAPA,23/01/2014,JUEVES,,09:30,,XALAPA,XALAPA,URBANA,,,AVENIDA AVILA CAMACHO,,XALAPA Y 20 DE NOVIEMBRE,BUENO,SOLEADO,ASFALTO,SECO,DESCENDENTE,SEMÁFORO FUNCIONANDO,SIN RESTRICCIÓN,COLISIÓN,LATERAL,VEHÍCULO CIRCULANDO,2,AS - AUTOBÚS SUBURBANO,NAVISTAR,CHASIS,VERACRUZ,BLANCO,470HMZU13489B,3HVBNAAN92U548366,PE - PÚBLICO ESTATAL,NO,15,HOMBRE,A,SI,CAMBIAR CARRIL SIN PRECAUCIÓN,NO APLICA,100,0,,,,,,,,,,,,,,,,,,,,,
243,,,,,,,,,,,4,,,,,,,,,,,,,,,A - AUTOMÓVIL,CHEVROLET,CORSA,VERACRUZ,AZUL,HECHO EN BRASIL,93XCM19287C170229,P - PARTICULAR,SI,40,MUJER,C,SI,,,1000,,,,,,,,,,,,,,,,,,,,,,
244,XALAPA,23/01/2014,JUEVES,,09:50,,XALAPA,XALAPA,URBANA,,,MURILLO VIDAL,FRACCIONAMIENTO LOS ANGELES,ZEMPOALA,BUENO,,CONCRETO,SECO,A NIVEL,NINGUNA,SIN RESTRICCIÓN,COLISIÓN,LATERAL,VEHÍCULO CIRCULANDO,2,C - CAMIONETA,CHEVROLET,BLAZER,VERACRUZ,NEGRO,HECHO EN USA,1GNDS13S752238560,P - PARTICULAR,NO,59,HOMBRE,B,SI,CAMBIAR CARRIL SIN PRECAUCIÓN,NO APLICA,600,0,,,,,,,,,,,,,,,,,,,,,
244,,,,,,,,,,,,,,,,,,,,,,,,,,M - MOTOCICLETA,APRISSA,,,BLANCO,,,P - PARTICULAR,NO,52,HOMBRE,,,,,1000,,,,,,,,,,,,,,,,,,,,,,
245,XALAPA,23/01/2014,JUEVES,,13:50,14:25,XALAPA,XALAPA,URBANA,,,AVENIDA LAZARO CARDENAS,RAFAEL LUCIO,FELIX Z LICONA Y GRACIANO VALENZUELA,BUENO,SOLEADO,CONCRETO,SECO,A NIVEL,NINGUNA,SIN RESTRICCIÓN,COLISIÓN,POR ALCANCE,VEHÍCULO CIRCULANDO,2,C - CAMIONETA,FORD,EXPLORER,VERACRUZ,BLANCO,SIN NUMERO,1FMYU60ED1UA71601,P - PARTICULAR,SI,33,MUJER,C,SI,NO GUARDAR DISTANCIA,NO APLICA,2500,0,,,,,,,,,,,,,,,,,,,,,
245,,,,,,,,,,,,,,,,,,,,,,,,,,A - AUTOMÓVIL,DODGE,NEON,DISTRITO FEDERAL,NEGRO,HECHO EN MEXICO,1B3BSH6C440660365,P - PARTICULAR,NO,32,MUJER,,,,,7000,,,,,,,,,,,,,,,,,,,,,,
245,,,,,,,,,,,,,,,,,,,,,,,,,,A - AUTOMÓVIL,VOLKSWAGEN,SEDAN,VERACRUZ,NEGRO,HECHO EN MEXICO,117273408,P - PARTICULAR,NO,64,HOMBRE,C,SI,,,2000,,,,,,,,,,,,,,,,,,,,,,
246,XALAPA,23/01/2014,JUEVES,,19:00,,XALAPA,XALAPA,URBANA,,,AVENIDA AVILA CAMACHO,,,BUENO,,CONCRETO,SECO,DESCENDENTE,NINGUNA,SIN RESTRICCIÓN,COLISIÓN,LATERAL,VEHÍCULO CIRCULANDO,2,C - CAMIONETA,FORD,,,CAFÉ,SIN NUMERO,3FDKF36LXXMA33514,PF- PÚBLICO FEDERAL,SI,25,MUJER,B,SI,CAMBIAR CARRIL SIN PRECAUCIÓN,NO APLICA,1000,0,,,,,,,,,,,,,,,,,,,,,
246,,,,,,,,,,,,,,,,,,,,,,,,,,A - AUTOMÓVIL,NISSAN,TIDA,VERACRUZ,BLANCO,MR18069668H,3N1BC11G47K192756,P - PARTICULAR,SI,38,MUJER,C,SI,,,5000,,,,,,,,,,,,,,,,,,,,,,
247,XALAPA,23/01/2014,JUEVES,,19:25,,XALAPA,XALAPA,URBANA,,,AVENIDA PRINCIPAL LAS TRANCAS,,,BUENO,,ASFALTO,,A NIVEL,NINGUNA,SIN RESTRICCIÓN,COLISIÓN,MANIOBRA EN REVERSA,VEHÍCULO CIRCULANDO,2,A - AUTOMÓVIL,FORD,F-350,PUEBLA,GRIS,HECHO EN MEXICO,3CEKF38L08MA2943,P - PARTICULAR,NO,32,HOMBRE,B,SI,NO GUARDAR DISTANCIA,NO APLICA,SIN DAÑOS,0,,,,,,,,,,,,,,,,,,,,,
247,,,,,,,,,,,15,,,,,,,,,,,,,,,A - AUTOMÓVIL,FORD,IKON,VERACRUZ,PLATA,SIN NUMERO,3FABP05B31M106249,P - PARTICULAR,NO,40,MUJER,C,SI,,,1000,,,,,,,,,,,,,,,,,,,,,,
248,XALAPA,23/01/2014,JUEVES,,20:30,,XALAPA,XALAPA,URBANA,,,AMERICAS,AGUACATAL,NUEVO LEON,BUENO,,CONCRETO,SECO,A NIVEL,NINGUNA,SIN RESTRICCIÓN,COLISIÓN,LATERAL,VEHÍCULO CIRCULANDO,2,A - AUTOMÓVIL,VOLKSWAGEN,SEAT,VERACRUZ,AZUL,BAH249111,VSSHM16L36R024536,P - PARTICULAR,NO,28,HOMBRE,B,SI,CAMBIAR CARRIL SIN PRECAUCIÓN,NO APLICA,600,0,,,,,,,,,,,,,,,,,,,,,
248,,,,,,,,,,,,,,,,,,,,,,,,,,A - AUTOMÓVIL,NISSAN,TSURU,VERACRUZ,BLANCO/ROJO,GA16851077Y,3N1EB31S9CK325800,PE - PÚBLICO ESTATAL,SI,30,HOMBRE,A,SI,,,300,,,,,,,,,,,,,,,,,,,,,,
249,XALAPA,23/01/2014,JUEVES,,05:50,,XALAPA,XALAPA,URBANA,,,AVENIDA LAZARO CARDENAS,BENITO JUAREZ,,BUENO,,ASFALTO,SECO,ASCENDENTE,NINGUNA,SIN RESTRICCIÓN,COLISIÓN,,VEHÍCULO ESTACIONADO,3,C - CAMIONETA,CHEVROLET,COLORADO,VERACRUZ,,,1GCHT9CE5B8103666,P - PARTICULAR,,32,HOMBRE,,,VELOCIDAD INMODERADA,NO APLICA,30000,0,,,,,,,,,,,,,,,,,,,,,
249,,,,,,,,,,,1,,,,,,,,,,,,,,,A - AUTOMÓVIL,CHRYSLER,DART,VERACRUZ,,,T827411,P - PARTICULAR,,,,,,,,15000,,,,,,,,,,,,,,,,,,,,,,
249,,,,,,,,,,,,,,,,,,,,,,,,,,A - AUTOMÓVIL,NISSAN,TSURU,,,,,P - PARTICULAR,,,,,,,,2500,,,,,,,,,,,,,,,,,,,,,,
250,XALAPA,23/01/2014,JUEVES,,13:30,,XALAPA,XALAPA,URBANA,,,MAESTROS VERACRUZANOS,,,BUENO,,CONCRETO,SECO,A NIVEL,NINGUNA,SIN RESTRICCIÓN,COLISIÓN,LATERAL,VEHÍCULO CIRCULANDO,2,A - AUTOMÓVIL,NISSAN,SENTRA,VERACRUZ,PLATA,,31CB51S84K243769,P - PARTICULAR,,42,HOMBRE,B,SI,ABRIR PUERTA SIN PRECAUCIÓN,NO APLICA,1000,1,,,,,1,,,,,,,,,,,,,,,,
250,,,,,,,,,,,,,,,,,,,,,,,,,,M - MOTOCICLETA,HONDA,,,ARENA,,,P - PARTICULAR,,44,MUJER,,,,,2000,,,,,,,,,,,,,,,,,,,,,,
251,XALAPA,23/01/2014,JUEVES,20:50,21:05,21:20,XALAPA,XALAPA,URBANA,,,HUAMANTLA,PROGRESO MACUILTEPEC,MAZATLAN,BUENO,NIEBLA,CONCRETO,SECO,ASCENDENTE,NINGUNA,SIN RESTRICCIÓN,COLISIÓN,ÁNGULO,VEHÍCULO CIRCULANDO,2,A - AUTOMÓVIL,NISSAN,PLATINA,VERACRUZ,GRIS,,3N1JH01S52L013204,P - PARTICULAR,NO,62,MUJER,,,CAMBIAR CARRIL SIN PRECAUCIÓN,NO APLICA,1000,0,,,,,,,,,,,,,,,,,,,,,
251,,,,,,,,,,,,,,,,,,,,,,,,,,A - AUTOMÓVIL,TOYOTA,COROLA,VERACRUZ,BLANCO,2ZR0188802,2T1BU42E790002831,P - PARTICULAR,NO,30,MUJER,D,SI,,,4500,,,,,,,,,,,,,,,,,,,,,,
252,XALAPA,23/01/2014,JUEVES,,19:20,20:30,XALAPA,XALAPA,URBANA,,,CHEDRAUI CARAM,LERDO DE TEJADA,CIRCUITO TAJIN,REGULAR,,ASFALTO,SECO,DESCENDENTE,NINGUNA,SIN RESTRICCIÓN,COLISIÓN,DE FRENTE,VEHÍCULO CIRCULANDO,2,A - AUTOMÓVIL,NISSAN,TSURU,VERACRUZ,AZUK,,3N1EB31S93K480315,P - PARTICULAR,NO,29,HOMBRE,B,SI,CAMBIAR CARRIL SIN PRECAUCIÓN,NO APLICA,2000,0,,,,,,,,,,,,,,,,,,,,,
252,,,,,,,,,,,16,,,,,,,,,,,,,,,M - MOTOCICLETA,VENTO,,,ROJO,V1E40QMB4106829,SKMM561V0V5042861,P - PARTICULAR,NO,54,HOMBRE,,,,,5000,,,,,,,,,,,,,,,,,,,,,,