idMES,DELEGACION DE TRANSITO,FECHA DEL ACCIDENTE,DIA DE LA SEMANA,HORA EN QUE SE RECIBIO LA LLAMADA REPORTANDO EL ACCIDENTE,HORA DE ARRIBO DEL PERITO AL SITIO,HORA DE REGRESO DEL PERITO A LAS INSTALACIONES DE SU DELEGACION,LOCALIDAD ACCIDENTE,MUNICIPIO ACCIDENTE,ZONA,CARRETERA/KILOMETRO DEL ACCIDENTE,NUMERO DE AVENIDA,CALLE/AVENIDA DEL ACCIDENTE,COLONIA,ENTRE CALLES,CONDICIONES DE LA VIA,CONDICIONES NATURALES,SUPERFICIE DE LA VIA,ESTADO DE LA VIA,TANGENTE,TIPO DE CONTROL DE TRANSITO,RESTRICCIONES DE LA VIA,TIPO DE ACCIDENTE,FORMA DE ACCIDENTARSE,CONTRA QUE FUE EL IMPACTO,CANTIDAD DE VEHICULOS,TIPO DE VEHICULO,MARCA,SUBMARCA,ENTIDAD FEDERATIVA DEL VEHICULO,COLOR DEL VEHICULO,MOTOR,SERIE,TIPO DE SERVICIO PARA EL QUE SE OCUPAN LOS VEHICULOS,ASEGURADO,EDAD CONDUCTOR,SEXO CONDUCTOR,TIPO LICENCIA,LICENCIA VIGENTE,CAUSA ATRIBUIBLE AL CONDUCTOR,CAUSA ATRIBUIBLE AL PEATON,DANIOS (MONTO APROXIMADO EN MXN),NUMERO DE HERIDOS,MUJER HERIDA DE 0-15 ANIOS,HOMBRE HERIDO DE 0-15 ANIOS,MUJER HERIDA DE 16-30 ANIOS,HOMBRE HERIDO DE 16-30 ANIOS,MUJER HERIDA DE 31-45 ANIOS,HOMBRE HERIDO DE 31-45 ANIOS,MUJER HERIDA DE 46-60 ANIOS,HOMBRE HERIDO DE 46-60 ANIOS,MUJER HERIDA MAS DE 60 ANIOS,HOMBRE HERIDO MAS DE 60 ANIOS,NUMERO DE MUERTOS,MUJER MUERTA DE 0-15 ANIOS,HOMBRE MUERTO DE 0-15 ANIOS,MUJER MUERTA DE 16-30 ANIOS,HOMBRE MUERTO DE 16-30 ANIOS,MUJER MUERTA DE 31-45 ANIOS,HOMBRE MUERTO DE 31-45 ANIOS,MUJER MUERTA DE 46-60 ANIOS,HOMBRE MUERTO DE 46-60 ANIOS,MUJER MUERTA MAS DE 60 ANIOS,HOMBRE MUERTO MAS DE 60 ANIOS
253,XALAPA,23/01/2014,JUEVES,16:10,16:30,,XALAPA,XALAPA,URBANA,,,DIAZ MIRON,CENTRO,,BUENO,,ASFALTO,SECO,A NIVEL,NINGUNA,SIN RESTRICCIÓN,COLISIÓN,DE FRENTE,VEHÍCULO CIRCULANDO,2,C - CAMIONETA,FORD,RANGER,VERACRUZ,ROJO,SIN NUMERO,1FTCRDAXVU14136,P - PARTICULAR,,32,HOMBRE,B,SI,OTRO,NO APLICA,3000,1,,,,,,1,,,,,,,,,,,,,,,
253,,,,,,,,,,,,,,,,,,,,,,,,,,M - MOTOCICLETA,SUZUKI,,,NARANJA,,,P - PARTICULAR,,32,HOMBRE,,,,,10000,,,,,,,,,,,,,,,,,,,,,,
254,XALAPA,23/01/2014,JUEVES,01:40,01:50,,XALAPA,XALAPA,URBANA,,,AVENIDA LAZARO CARDENAS,RAFAEL LUCIO,RAFAEL VALENZUELA,BUENO,,CONCRETO,SECO,A NIVEL,NINGUNA,SIN RESTRICCIÓN,COLISIÓN,,OBJETO FIJO,1,A - AUTOMÓVIL,NISSAN,MARCH,VERACRUZ,BLANCO,,,P - PARTICULAR,,,,,,VELOCIDAD INMODERADA,NO APLICA,30000,0,,,,,,,,,,,,,,,,,,,,,
254,,,,,,,,,,,1,,,,,,,,,,,,,,,,,,,,,,,,,,,,,,,,,,,,,,,,,,,,,,,,,,,,
255,XALAPA,24/01/2014,VIERNES,,08:30,,XALAPA,XALAPA,URBANA,,,RIO CONSULADO,CAROLINO ANAYA,RIO GRANDE,BUENO,,CONCRETO,,ASCENDENTE,NINGUNA,SIN RESTRICCIÓN,COLISIÓN,ÁNGULO,,2,A - AUTOMÓVIL,CHEVROLET,MERIVA,VERACRUZ,AZUL MARINO,HECHO EN USA,SIN NUMERO,P - PARTICULAR,NO,43,HOMBRE,A,SI,OTRO,NO APLICA,5000,0,,,,,,,,,,,,,,,,,,,,,
255,,,,,,,,,,,,,,,,,,,,,,,,,,A - AUTOMÓVIL,NISSAN,TSURU,VERACRUZ,PLATA METALICO,WDLXC9130844016172,SIN NUMERO,P - PARTICULAR,NO,50,HOMBRE,A,SI,,,4000,,,,,,,,,,,,,,,,,,,,,,
256,XALAPA,24/01/2014,VIERNES,,14:20,,XALAPA,XALAPA,URBANA,,,AVENIDA LAZARO CARDENAS,,,BUENO,SOLEADO,ASFALTO,SECO,A NIVEL,MARCA EN PAVIMENTO,SIN RESTRICCIÓN,COLISIÓN,POR ALCANCE,,2,,,,,,,,,,,,,,,,,0,,,,,,,,,,,,,,,,,,,,,
256,,,,,,,,,,,1,,,,,,,,,,,,,,,A - AUTOMÓVIL,NISSAN,TSURU,VERACRUZ,AZUL,SIN NUMERO,SIN NUMERO,P - PARTICULAR,NO,51,HOMBRE,A,SI,NO GUARDAR DISTANCIA,NO APLICA,7500,,,,,,,,,,,,,,,,,,,,,,
256,,,,,,,,,,,,,,,,,,,,,,,,,,C - CAMIONETA,NISSAN,ROQUE,VERACRUZ,NEGRO,SIN NUMERO,CR25060804,P - PARTICULAR,NO,29,HOMBRE,C,SI,,,5500,,,,,,,,,,,,,,,,,,,,,,
257,XALAPA,24/01/2014,VIERNES,,17:00,17:30,XALAPA,XALAPA,URBANA,,,AVENIDA LAZARO CARDENAS,,UNIDAD DEL BOSQUE,BUENO,,CONCRETO,,ASCENDENTE,NINGUNA,ACCIDENTE PREVIO,COLISIÓN,LATERAL,,2,,,,,,,,,,,,,,,,,0,,,,,,,,,,,,,,,,,,,,,
257,,,,,,,,,,,1,,,,,,,,,,,,,,,AS - AUTOBÚS SUBURBANO,INTERNATIONAL,NAVISTAR,VERACRUZ,AMARILLO,470HM201356617,3HVBNANO558382,PE - PÚBLICO ESTATAL,NO,29,HOMBRE,A,SI,CAMBIAR CARRIL SIN PRECAUCIÓN,NO APLICA,300,,,,,,,,,,,,,,,,,,,,,,
257,,,,,,,,,,,,,,,,,,,,,,,,,,C - CAMIONETA,FORD,EXPEDITION,VERACRUZ,ROJO,IMPORTADO,1FMPV8LZ859256,P - PARTICULAR,NO,38,HOMBRE,A,SI,,,1200,,,,,,,,,,,,,,,,,,,,,,
258,XALAPA,24/01/2014,JUEVES,19:30,19:50,,XALAPA,XALAPA,URBANA,,,AVENIDA RUIZ CORTINES,,,BUENO,,ASFALTO,SECO,A NIVEL,NINGUNA,SIN RESTRICCIÓN,COLISIÓN,ÁNGULO,,2,,,,,,,,,,,,,,,,,0,,,,,,,,,,,,,,,,,,,,,
258,,,,,,,,,,,2,,,,,,,,,,,,,,,A - AUTOMÓVIL,VOLKSWAGEN,SEDAN,VERACRUZ,BLANCO,ACD432316,3VW51A1802M916,P - PARTICULAR,NO,40,HOMBRE,A,SI,CAMBIAR CARRIL SIN PRECAUCIÓN,NO APLICA,5000,,,,,,,,,,,,,,,,,,,,,,
258,,,,,,,,,,,,,,,,,,,,,,,,,,A - AUTOMÓVIL,GENERAL MOTOR,SEDAN,PUEBLA,GRIS,25134774,3915F613225134774,P - PARTICULAR,NO,40,HOMBRE,A,SI,,,350,,,,,,,,,,,,,,,,,,,,,,
259,XALAPA,24/01/2014,VIERNES,,19:50,,XALAPA,XALAPA,URBANA,,,CHILPANCINGO,PROGRESO MACUILTEPEC,CHIHUAHA,BUENO,,CONCRETO,,A NIVEL,NINGUNA,SIN RESTRICCIÓN,COLISIÓN,ÁNGULO,,2,,,,,,,,,,,,,,,,,0,,,,,,,,,,,,,,,,,,,,,
259,,,,,,,,,,,,,,,,,,,,,,,,,,A - AUTOMÓVIL,VOLKSWAGEN,SEDAN,DISTRITO FEDERAL,AMARILLO,AF107334,1142474366,P - PARTICULAR,NO,30,HOMBRE,A,SI,CAMBIAR CARRIL SIN PRECAUCIÓN,NO APLICA,3000,,,,,,,,,,,,,,,,,,,,,,
259,,,,,,,,,,,,,,,,,,,,,,,,,,C - CAMIONETA,NISSAN,CHASIS,VERACRUZ,BLANCO,KA24265678A,3N6DD14565K06879,P - PARTICULAR,NO,23,HOMBRE,A,SI,,,2000,,,,,,,,,,,,,,,,,,,,,,
260,XALAPA,24/01/2014,VIERNES,,21:30,,XALAPA,XALAPA,URBANA,,,AVENIDA LAZARO CARDENAS,RAFAEL LUCIO,,BUENO,,CONCRETO,,A NIVEL,NINGUNA,SIN RESTRICCIÓN,COLISIÓN,ÁNGULO,,3,A - AUTOMÓVIL,NISSAN,TSURU,VERACRUZ,BLANCO/ROJO,SIN NUMERO,3NIEB31S9BK300751,PE - PÚBLICO ESTATAL,NO,60,HOMBRE,A,SI,,,6000,5,,,,,,,,,,,,,,,,,,,,,
260,,,,,,,,,,,1,,,,,,,,,,,,,,,A - AUTOMÓVIL,VOLKSWAGEN,SEAT,VERACRUZ,NEGRO,SIN NUMERO,VSSHM16L08R032676,P - PARTICULAR,NO,26,HOMBRE,,NO,VELOCIDAD INMODERADA,OTRO,5000,,,,,,,,,,,,,,,,,,,,,,
260,,,,,,,,,,,,,,,,,,,,,,,,,,A - AUTOMÓVIL,NISSAN,TSURU,VERACRUZ,BLANCO,SIN NUMERO,3NIEB31S68K337684,P - PARTICULAR,NO,64,HOMBRE,A,SI,,,5000,,,,,,,,5,,,,,,,,,,,,,,
261,XALAPA,24/01/2014,VIERNES,,15:39,,XALAPA,XALAPA,URBANA,,,AVENIDA REBSAMEN,MARTIRES DE CHICAGO,ESTEBAN MASCAREÑAS,BUENO,SOLEADO,ASFALTO,,A NIVEL,NINGUNA,SIN RESTRICCIÓN,COLISIÓN,LATERAL,,2,,,,,,,,,,,,,,,,,0,,,,,,,,,,,,,,,,,,,,,
261,,,,,,,,,,,10,,,,,,,,,,,,,,,A - AUTOMÓVIL,VOLKSWAGEN,SEDAN,VERACRUZ,ROJO,ACD404909,3VW51A1B41932922,P - PARTICULAR,NO,26,HOMBRE,,NO,VELOCIDAD INMODERADA,NO APLICA,500,,,,,,,,,,,,,,,,,,,,,,
261,,,,,,,,,,,,,,,,,,,,,,,,,,C - CAMIONETA,CHRYSLER,JEEP,VERACRUZ,GRIS,HECHO EN USA,1C4AJB7CD649270,P - PARTICULAR,NO,43,MUJER,C,SI,,,1000,,,,,,,,,,,,,,,,,,,,,,
262,XALAPA,25/01/2014,SÁBADO,,09:00,,XALAPA,XALAPA,URBANA,,,AVENIDA MURILLO VIDAL,CUAUHTEMOC,RIO TESOCHOACAPAN,BUENO,SOLEADO,CONCRETO,SECO,A NIVEL,NINGUNA,SIN RESTRICCIÓN,COLISIÓN,ÁNGULO,,2,,,,,,,,,,,,,,,,,0,,,,,,,,,,,,,,,,,,,,,
262,,,,,,,,,,,11,,,,,,,,,,,,,,,M - MOTOCICLETA,YAMAHA,CARGO,VERACRUZ,BLANCO,JYM154MI0387591,1BPKE124810041677,P - PARTICULAR,SI,38,HOMBRE,A,SI,VELOCIDAD INMODERADA,NO APLICA,5000,,,,,,,,,,,,,,,,,,,,,,
262,,,,,,,,,,,,,,,,,,,,,,,,,,A - AUTOMÓVIL,NISSAN,TSURU,VERACRUZ,ROJO,E16570295H,3BAH61308951,P - PARTICULAR,NO,27,HOMBRE,C,SI,,,5000,,,,,,,,,,,,,,,,,,,,,,
263,XALAPA,25/01/2014,SÁBADO,,12:50,,XALAPA,XALAPA,URBANA,,,AVENIDA LAZARO CARDENAS,BENITO JUAREZ,IGNACIO DE LA LLAVE,BUENO,SOLEADO,ASFALTO,SECO,A NIVEL,MARCA EN PAVIMENTO,SIN RESTRICCIÓN,COLISIÓN,POR ALCANCE,,2,,,,,,,,,,,,,,,,,0,,,,,,,,,,,,,,,,,,,,,
263,,,,,,,,,,,,,,,,,,,,,,,,,,C - CAMIONETA,FORD,EXPEDITION,VERACRUZ,ROJO,WA68565,1FMAAL51568,P - PARTICULAR,NO,52,HOMBRE,C,SI,NO GUARDAR DISTANCIA,NO APLICA,2000,,,,,,,,,,,,,,,,,,,,,,
263,,,,,,,,,,,,,,,,,,,,,,,,,,A - AUTOMÓVIL,NISSAN,TSURU,VERACRUZ,BLANCO/ROJO,GA684339494,3NIEB3139CK19329,PE - PÚBLICO ESTATAL,SI,25,HOMBRE,A,SI,,,5000,,,,,,,,,,,,,,,,,,,,,,
264,XALAPA,25/01/2014,SÁBADO,,17:20,,XALAPA,XALAPA,URBANA,,,ALEJANDRO GARCIA,7 DE NOVIEMBRE,NORBERTO MARTINEZ,BUENO,,CONCRETO,SECO,A NIVEL,NINGUNA,SIN RESTRICCIÓN,COLISIÓN,LATERAL,,2,,,,,,,,,,,,,,,,,0,,,,,,,,,,,,,,,,,,,,,
264,,,,,,,,,,,,,,,,,,,,,,,,,,A - AUTOMÓVIL,NISSAN,TIDA,PUEBLA,NEGRO,MR18841514H,3NIEBC1AD3CK229845,P - PARTICULAR,NO,49,HOMBRE,C,SI,CAMBIAR CARRIL SIN PRECAUCIÓN,NO APLICA,1000,,,,,,,,,,,,,,,,,,,,,,
264,,,,,,,,,,,,,,,,,,,,,,,,,,A - AUTOMÓVIL,NISSAN,TSURU,VERACRUZ,BLANCO,E16265431M,OLB2117391,P - PARTICULAR,NO,22,HOMBRE,,SI,,,500,,,,,,,,,,,,,,,,,,,,,,
265,XALAPA,25/01/2014,SÁBADO,,17:45,18:00,XALAPA,XALAPA,URBANA,,,AVENIDA 20 DE NOVIEMBRE,JOSE CARDEL,PIPILA,REGULAR,NIEBLA,CONCRETO,SECO,A NIVEL,SEMÁFORO FUNCIONANDO,SIN RESTRICCIÓN,COLISIÓN,LATERAL,,2,,,,,,,,,,,,,,,,,0,,,,,,,,,,,,,,,,,,,,,
265,,,,,,,,,,,5,,,,,,,,,,,,,,,AS - AUTOBÚS SUBURBANO,NAVISTAR,INTERNATIONAL,VERACRUZ,BLANCO/VERDE,470HM2113439930,GA1634733742,PE - PÚBLICO ESTATAL,NO,24,HOMBRE,A,SI,CAMBIAR CARRIL SIN PRECAUCIÓN,NO APLICA,500,,,,,,,,,,,,,,,,,,,,,,
265,,,,,,,,,,,,,,,,,,,,,,,,,,A - AUTOMÓVIL,NISSAN,TSURU,VERACRUZ,BLANCO/VERDE,GA163473742,3NIEB3158EK315063,PE - PÚBLICO ESTATAL,SI,26,HOMBRE,A,SI,,,1000,,,,,,,,,,,,,,,,,,,,,,
266,XALAPA,25/01/2014,SÁBADO,,03:50,03:30,XALAPA,XALAPA,URBANA,,,AVENIDA ORIZABA,OBRERO CAMPESINA,,REGULAR,,CONCRETO,SECO,A NIVEL,NINGUNA,SIN RESTRICCIÓN,COLISIÓN,POR ALCANCE,,2,,,,,,,,,,,,,,,,,0,,,,,,,,,,,,,,,,,,,,,
266,,,,,,,,,,,,,,,,,,,,,,,,,,A - AUTOMÓVIL,NISSAN,TSURU,VERACRUZ,BLANCO/VERDE,GA167619564,3NIEB3159BK3015A7A,PE - PÚBLICO ESTATAL,SI,49,HOMBRE,A,SI,VELOCIDAD INMODERADA,NO APLICA,2000,,,,,,,,,,,,,,,,,,,,,,
266,,,,,,,,,,,,,,,,,,,,,,,,,,A - AUTOMÓVIL,CHEVROLET,MATIZ,VERACRUZ,ROJO/BLANCO,HECHO EN KOREA,KL2M61DX126456,PE - PÚBLICO ESTATAL,SI,42,HOMBRE,A,SI,,,3000,,,,,,,,,,,,,,,,,,,,,,
267,XALAPA,25/01/2014,SÁBADO,,04:00,,XALAPA,XALAPA,URBANA,,,MANUEL M. CONTRERAS,RAFAEL LUCIO,JOAQUIN ARRONIZ,BUENO,NIEBLA,CONCRETO,SECO,A NIVEL,NINGUNA,SIN RESTRICCIÓN,COLISIÓN,ÁNGULO,,2,,,,,,,,,,,,,,,,,0,,,,,,,,,,,,,,,,,,,,,
267,,,,,,,,,,,,,,,,,,,,,,,,,,A - AUTOMÓVIL,NISSAN,TSURU,VERACRUZ,BLANCO/VERDE,GA16893174,3NB315K345813,PE - PÚBLICO ESTATAL,SI,31,HOMBRE,A,SI,NO RESPETAR CEDA EL PASO,NO APLICA,2000,,,,,,,,,,,,,,,,,,,,,,
267,,,,,,,,,,,,,,,,,,,,,,,,,,A - AUTOMÓVIL,VOLKSWAGEN,BORA,VERACRUZ,BLANCO,BTK030442,3VWGN37M097182,P - PARTICULAR,SI,29,HOMBRE,C,SI,,,3000,,,,,,,,,,,,,,,,,,,,,,
268,XALAPA,25/01/2014,SÁBADO,,18:45,,XALAPA,XALAPA,URBANA,,,CALLE CUARTEL,CAMPO DE TIRO,,MALO,NIEBLA,,,ASCENDENTE,NINGUNA,SIN RESTRICCIÓN,ATROPELLAMIENTO,,,1,,,,,,,,,,,,,,,,,1,,,,,,,,,,,,,,,,,,,,,
268,,,,,,,,,,,,,,,,,,,,,,,,,,C - CAMIONETA,NISSAN,NP-300,VERACRUZ,BLANCO,KA24632307A,3N6DDZT3DK099072,P - PARTICULAR,SI,55,HOMBRE,A,SI,VELOCIDAD INMODERADA,CAMINABA EN EL ARROYO,SIN DAÑOS,,,,,,,,1,,,,,,,,,,,,,,
269,XALAPA,25/01/2014,SÁBADO,,23:30,,XALAPA,XALAPA,URBANA,,,AVENIDA LAZARO CARDENAS,ESTANCIA GARNICA,,BUENO,,ASFALTO,,DESCENDENTE,NINGUNA,SIN RESTRICCIÓN,COLISIÓN,POR ALCANCE,,2,A - AUTOMÓVIL,FORD,ESCORT,VERACRUZ,BLANCO,SIN NUMERO,GA16754245Y,P - PARTICULAR,NO,,,,NO,VELOCIDAD INMODERADA,NO APLICA,15000,0,,,,,,,,,,,,,,,,,,,,,
269,,,,,,,,,,,1,,,,,,,,,,,,,,,A - AUTOMÓVIL,NISSAN,TSURU,VERACRUZ,BLANCO/ROJO,4A3AC84LY58407,3NIEB31S1AK348176,PE - PÚBLICO ESTATAL,NO,41,HOMBRE,A,SI,,,1000,,,,,,,,,,,,,,,,,,,,,,
270,XALAPA,25/01/2014,SÁBADO,,01:50,,XALAPA,XALAPA,URBANA,,,AVENIDA LAZARO CARDENAS,ANIMAS,,BUENO,,ASFALTO,SECO,A NIVEL,NINGUNA,SIN RESTRICCIÓN,COLISIÓN,ÁNGULO,,2,C - CAMIONETA,MITSUBISHI,ECLIPSE,VERACRUZ,PLATA,SIN NUMERO,HECHO EN USA,P - PARTICULAR,NO,22,HOMBRE,,NO,VELOCIDAD INMODERADA,NO APLICA,20000,0,,,,,,,,,,,,,,,,,,,,,
270,,,,,,,,,,,1,,,,,,,,,,,,,,,A - AUTOMÓVIL,FORD,ESCORT,TLAXCALA,NEGRO,43AC84L7YE058407,FMCLU0G71DUC975698,P - PARTICULAR,NO,27,HOMBRE,C,SI,,,25000,,,,,,,,,,,,,,,,,,,,,,
271,XALAPA,25/01/2014,SÁBADO,,06:00,,XALAPA,XALAPA,URBANA,LIBRAMIENTO PLAN DEL RIO 23+100,,,,,BUENO,,ASFALTO,,ASCENDENTE,NINGUNA,ACCIDENTE PREVIO,,,OBJETO FIJO,1,A - AUTOMÓVIL,CHEVROLET,CHEVY,PUEBLA,NEGRO,HECHO EN MEXICO,3GAXF2422Y236080,P - PARTICULAR,NO,,,,NO,VELOCIDAD INMODERADA,NO APLICA,25000,0,,,,,,,,,,,,,,,,,,,,,
272,XALAPA,25/01/2014,SÁBADO,,03:50,,XALAPA,XALAPA,URBANA,,,AVENIDA LAZARO CARDENAS,,,BUENO,,ASFALTO,,A NIVEL,NINGUNA,SIN RESTRICCIÓN,COLISIÓN,ÁNGULO,,2,A - AUTOMÓVIL,CHEVROLET,CHEVY,DISTRITO FEDERAL,NEGRO,XS127599,3G1SF2424XS127599,P - PARTICULAR,NO,23,HOMBRE,,NO,VELOCIDAD INMODERADA,NO APLICA,15000,0,,,,,,,,,,,,,,,,,,,,,
272,,,,,,,,,,,1,,,,,,,,,,,,,,,A - AUTOMÓVIL,FORD,FIESTA,DISTRITO FEDERAL,ROJO,108238,WF0BT0J111108238,P - PARTICULAR,NO,65,HOMBRE,A,SI,,,15000,,,,,,,,,,,,,,,,,,,,,,
273,XALAPA,25/01/2014,SÁBADO,,06:00,,XALAPA,XALAPA,URBANA,,,AVENIDA LAZARO CARDENAS,RAFAEL LUCIO,,REGULAR,,CONCRETO,,A NIVEL,NINGUNA,SIN RESTRICCIÓN,VOLCADURA,,,1,,,,,,,,,,,,,,,,,0,,,,,,,,,,,,,,,,,,,,,
273,,,,,,,,,,,1,,,,,,,,,,,,,,,A - AUTOMÓVIL,VOLKSWAGEN,SEAT,VERACRUZ,VERDE,SIN NUMERO,SIN NUMERO,P - PARTICULAR,NO,,,,NO,VELOCIDAD INMODERADA,NO APLICA,50000,,,,,,,,,,,,,,,,,,,,,,
274,XALAPA,26/01/2014,DOMINGO,,12:30,,XALAPA,XALAPA,URBANA,,,ARCO SUR,LOMAS VERDES,,BUENO,,ASFALTO,,A NIVEL,NINGUNA,SIN RESTRICCIÓN,COLISIÓN,POR ALCANCE,,2,A - AUTOMÓVIL,NISSAN,TSURU,VERACRUZ,ROJO/BLANCO,GA16859684W,3NIEB31589K33704,PE - PÚBLICO ESTATAL,NO,20,MUJER,,NO,,,4000,0,,,,,,,,,,,,,,,,,,,,,
274,,,,,,,,,,,14,,,,,,,,,,,,,,,AS - AUTOBÚS SUBURBANO,INTERNATIONAL,CHASIS,VERACRUZ,AMARILLO,3.91E+12,3HVBPAAN514503,PE - PÚBLICO ESTATAL,NO,37,HOMBRE,A,SI,CAMBIAR CARRIL SIN PRECAUCIÓN,NO APLICA,MINIMOS,,,,,,,,,,,,,,,,,,,,,,
275,XALAPA,26/01/2014,DOMINGO,13:45,16:00,16:14,XALAPA,XALAPA,URBANA,,,AGUASCALIENTES,PROGRESO MACUILTEPEC,,BUENO,SOLEADO,CONCRETO,,DESCENDENTE,NINGUNA,SIN RESTRICCIÓN,COLISIÓN,ÁNGULO,,2,A - AUTOMÓVIL,NISSAN,TSURU,PUEBLA,ROJO,SIN NUMERO,SIN NUMERO,P - PARTICULAR,NO,29,HOMBRE,B,SI,,,500,0,,,,,,,,,,,,,,,,,,,,,
275,,,,,,,,,,,,,,,,,,,,,,,,,,A - AUTOMÓVIL,NISSAN,TSURU,VERACRUZ,BLANCO/VERDE,HR1682561F,3NICN7A1EK27750,PE - PÚBLICO ESTATAL,SI,33,HOMBRE,A,SI,VELOCIDAD INMODERADA,NO APLICA,1000,,,,,,,,,,,,,,,,,,,,,,
275,,,,,,,,,,,,,,,,,,,,,,,,,,A - AUTOMÓVIL,NISSAN,VERSA,VERACRUZ,GRIS,HK18967410,5DCICR8ADFK48851,P - PARTICULAR,NO,40,HOMBRE,B,SI,,,800,,,,,,,,,,,,,,,,,,,,,,
276,XALAPA,26/01/2014,DOMINGO,,16:05,,XALAPA,XALAPA,URBANA,,,IGNACIO DE LA LLAVE,REPRESA DEL CARMEN,RUIZ CORTINES,BUENO,SOLEADO,CONCRETO,SECO,A NIVEL,NINGUNA,SIN RESTRICCIÓN,COLISIÓN,POR ALCANCE,,2,,,,,,,,,,,,,,,,,0,,,,,,,,,,,,,,,,,,,,,
276,,,,,,,,,,,8,,,,,,,,,,,,,,,A - AUTOMÓVIL,RENAULT,SANDERO,PUEBLA,NEGRO,Q006891,9FBB62JT0MO96419,P - PARTICULAR,SI,25,HOMBRE,A,SI,NO GUARDAR DISTANCIA,NO APLICA,1500,,,,,,,,,,,,,,,,,,,,,,
276,,,,,,,,,,,,,,,,,,,,,,,,,,A - AUTOMÓVIL,NISSAN,TSURU,VERACRUZ,BLANCO/ROJO,ILEGIBLE,ILEGIBLE,PE - PÚBLICO ESTATAL,SI,27,HOMBRE,A,SI,,,1000,,,,,,,,,,,,,,,,,,,,,,
277,XALAPA,26/01/2014,DOMINGO,,16:45,,XALAPA,XALAPA,URBANA,,,CIRCUITO PRESIDENTES,EMILIANO ZAPATA,,BUENO,,CONCRETO,,ASCENDENTE,NINGUNA,SIN RESTRICCIÓN,SALIDA DE CAMINO,,,1,,,,,,,,,,,,,,,,,0,,,,,,,,,,,,,,,,,,,,,
277,,,,,,,,,,,9,,,,,,,,,,,,,,,A - AUTOMÓVIL,NISSAN,TSURU,VERACRUZ,BLANCO/VERDE,GA16742869Y,3NIEB3155AK338959,PE - PÚBLICO ESTATAL,SI,30,HOMBRE,,NO,VELOCIDAD INMODERADA,NO APLICA,15000,,,,,,,,,,,,,,,,,,,,,,
278,XALAPA,26/01/2014,DOMINGO,17:30,,,XALAPA,XALAPA,URBANA,COL. 6 DE NERO,,,,,BUENO,SOLEADO,ASFALTO,SECO,DESCENDENTE,NINGUNA,SIN RESTRICCIÓN,SALIDA DE CAMINO,,,1,,,,,,,,,,,,,,,,,0,,,,,,,,,,,,,,,,,,,,,
278,,,,,,,,,,,,,,,,,,,,,,,,,,C - CAMIONETA,NISSAN,X-TRAIL,VERACRUZ,VERDE,QR25011201A,3NIEBT05A82W700403,P - PARTICULAR,NO,23,HOMBRE,A,SI,VELOCIDAD INMODERADA,NO APLICA,3000,,,,,,,,,,,,,,,,,,,,,,
279,XALAPA,26/01/2014,DOMINGO,,19:35,,XALAPA,XALAPA,URBANA,,,CAMINO ANTIGUO A NAOLINCO,CAROLINO ANAYA,RIO BRAVO,BUENO,,CONCRETO,,ASCENDENTE,NINGUNA,SIN RESTRICCIÓN,,,VEHÍCULO ESTACIONADO,2,A - AUTOMÓVIL,NISSAN,TSURU,VERACRUZ,BLANCO/VERDE,GA16895382W,3NIEB31579K367357,PE - PÚBLICO ESTATAL,NO,25,HOMBRE,A,SI,,,5000,0,,,,,,,,,,,,,,,,,,,,,
279,,,,,,,,,,,,,,,,,,,,,,,,,,A - AUTOMÓVIL,FORD,FOCUS,VERACRUZ,BLANCO,SIN NUMERO,1FABP33341W294146,P - PARTICULAR,NO,,,,,VELOCIDAD INMODERADA,NO APLICA,5000,,,,,,,,,,,,,,,,,,,,,,
280,XALAPA,26/01/2014,DOMINGO,21:45,22:10,23:20,XALAPA,XALAPA,URBANA,,,AGUASCALIENTES,PROGRESO MACUILTEPEC,VILLAHERMOSA,BUENO,,CONCRETO,,A NIVEL,NINGUNA,SIN RESTRICCIÓN,COLISIÓN,POR ALCANCE,,3,C - CAMIONETA,BMW,SERIE X,DISTRITO FEDERAL,NEGRO,26595635,WBAFA11005LT5236,P - PARTICULAR,NO,37,HOMBRE,A,SI,,,1000,0,,,,,,,,,,,,,,,,,,,,,
280,,,,,,,,,,,,,,,,,,,,,,,,,,A - AUTOMÓVIL,CHEVROLET,GMC,VERACRUZ,PLATA,HECHO EN MEXICO,3G2JB517615176389,P - PARTICULAR,NO,26,HOMBRE,B,SI,NO GUARDAR DISTANCIA,NO APLICA,3000,,,,,,,,,,,,,,,,,,,,,,
280,,,,,,,,,,,,,,,,,,,,,,,,,,A - AUTOMÓVIL,NISSAN,TSURU,VERACRUZ,BLANCO/VERDE,SIN NUMERO,WFABE1100GLT61,PE - PÚBLICO ESTATAL,SI,31,HOMBRE,A,SI,,,200,,,,,,,,,,,,,,,,,,,,,,
281,XALAPA,26/01/2014,DOMINGO,,15:45,,XALAPA,XALAPA,URBANA,,,AVENIDA MURILLO VIDAL,CENTRO,SANTOS DEGOLLADO,BUENO,,CONCRETO,,A NIVEL,NINGUNA,SIN RESTRICCIÓN,COLISIÓN,ÁNGULO,,2,,,,,,,,,,,,,,,,,0,,,,,,,,,,,,,,,,,,,,,