idMES,DELEGACION DE TRANSITO,FECHA DEL ACCIDENTE,DIA DE LA SEMANA,HORA EN QUE SE RECIBIO LA LLAMADA REPORTANDO EL ACCIDENTE,HORA DE ARRIBO DEL PERITO AL SITIO,HORA DE REGRESO DEL PERITO A LAS INSTALACIONES DE SU DELEGACION,LOCALIDAD ACCIDENTE,MUNICIPIO ACCIDENTE,ZONA,CARRETERA/KILOMETRO DEL ACCIDENTE,NUMERO DE AVENIDA,CALLE/AVENIDA DEL ACCIDENTE,COLONIA,ENTRE CALLES,CONDICIONES DE LA VIA,CONDICIONES NATURALES,SUPERFICIE DE LA VIA,ESTADO DE LA VIA,TANGENTE,TIPO DE CONTROL DE TRANSITO,RESTRICCIONES DE LA VIA,TIPO DE ACCIDENTE,FORMA DE ACCIDENTARSE,CONTRA QUE FUE EL IMPACTO,CANTIDAD DE VEHICULOS,TIPO DE VEHICULO,MARCA,SUBMARCA,ENTIDAD FEDERATIVA DEL VEHICULO,COLOR DEL VEHICULO,MOTOR,SERIE,TIPO DE SERVICIO PARA EL QUE SE OCUPAN LOS VEHICULOS,ASEGURADO,EDAD CONDUCTOR,SEXO CONDUCTOR,TIPO LICENCIA,LICENCIA VIGENTE,CAUSA ATRIBUIBLE AL CONDUCTOR,CAUSA ATRIBUIBLE AL PEATON,DANIOS (MONTO APROXIMADO EN MXN),NUMERO DE HERIDOS,MUJER HERIDA DE 0-15 ANIOS,HOMBRE HERIDO DE 0-15 ANIOS,MUJER HERIDA DE 16-30 ANIOS,HOMBRE HERIDO DE 16-30 ANIOS,MUJER HERIDA DE 31-45 ANIOS,HOMBRE HERIDO DE 31-45 ANIOS,MUJER HERIDA DE 46-60 ANIOS,HOMBRE HERIDO DE 46-60 ANIOS,MUJER HERIDA MAS DE 60 ANIOS,HOMBRE HERIDO MAS DE 60 ANIOS,NUMERO DE MUERTOS,MUJER MUERTA DE 0-15 ANIOS,HOMBRE MUERTO DE 0-15 ANIOS,MUJER MUERTA DE 16-30 ANIOS,HOMBRE MUERTO DE 16-30 ANIOS,MUJER MUERTA DE 31-45 ANIOS,HOMBRE MUERTO DE 31-45 ANIOS,MUJER MUERTA DE 46-60 ANIOS,HOMBRE MUERTO DE 46-60 ANIOS,MUJER MUERTA MAS DE 60 ANIOS,HOMBRE MUERTO MAS DE 60 ANIOS
281,,,,,,,,,,,11,,,,,,,,,,,,,,,M - MOTOCICLETA,HONDA,CARGO,VERACRUZ,NEGRO,SIN NUMERO,SIN NUMERO,P - PARTICULAR,NO,20,HOMBRE,A,SI,VELOCIDAD INMODERADA,NO APLICA,3000,,,,,,,,,,,,,,,,,,,,,,
281,,,,,,,,,,,,,,,,,,,,,,,,,,C - CAMIONETA,CHEVROLET,TRACKER,VERACRUZ,AZUL,SIN NUMERO,8AG116AJ68P203479,P - PARTICULAR,NO,45,HOMBRE,A,SI,,,SIN DAÑOS,,,,,,,,,,,,,,,,,,,,,,
282,XALAPA,26/01/2014,DOMINGO,,19:40,,XALAPA,XALAPA,URBANA,,,AVENIDA VILLAHERMOSA,PROGRESO MACUILTEPEC,,BUENO,,ASFALTO,SECO,ASCENDENTE,NINGUNA,SIN RESTRICCIÓN,COLISIÓN,ÁNGULO,,2,,,,,,,,,,,,,,,,,0,,,,,,,,,,,,,,,,,,,,,
282,,,,,,,,,,,6,,,,,,,,,,,,,,,C - CAMIONETA,FORD,WINDSTAR,VERACRUZ,NEGRO,SIN NUMERO,2FMDA5147SBA73134,P - PARTICULAR,NO,49,HOMBRE,A,SI,VELOCIDAD INMODERADA,NO APLICA,15000,,,,,,,,,,,,,,,,,,,,,,
282,,,,,,,,,,,,,,,,,,,,,,,,,,CC - CAMIÓN DE CARGA,MERCEDES BENZ,INTERNATIONAL,VERACRUZ,BLANCO,SIN NUMERO,3ALAAXCS02DJ86757,P - PARTICULAR,NO,27,HOMBRE,A,SI,,,8000,,,,,,,,,,,,,,,,,,,,,,
283,XALAPA,26/01/2014,DOMINGO,,08:50,,XALAPA,XALAPA,URBANA,,,BOULEVARD DIAMANTE,UNIDAD PROGRESO,,BUENO,SOLEADO,CONCRETO,SECO,A NIVEL,NINGUNA,SIN RESTRICCIÓN,COLISIÓN,ÁNGULO,,2,,,,,,,,,,,,,,,,,2,,,,,,,,,,,,,,,,,,,,,
283,,,,,,,,,,,,,,,,,,,,,,,,,,A - AUTOMÓVIL,NISSAN,TSURU,VERACRUZ,BLANCO/ROJO,GA16812177W,3NIEB31S18K361343,PE - PÚBLICO ESTATAL,SI,44,HOMBRE,A,SI,VELOCIDAD INMODERADA,NO APLICA,5000,,,,,,,,,,,,,,,,,,,,,,
283,,,,,,,,,,,,,,,,,,,,,,,,,,A - AUTOMÓVIL,NISSAN,TIDA,VERACRUZ,BLANCO/ROJO,SIN NUMERO,SIN NUMERO,PE - PÚBLICO ESTATAL,SI,,,,NO,,,15000,,,,1,1,,,,,,,,,,,,,,,,,
284,XALAPA,26/01/2014,DOMINGO,16:56,18:00,20:10,XALAPA,XALAPA,URBANA,ESTANZUELA-PACHO NUEVO,,,,,BUENO,,ASFALTO,,DESCENDENTE,NINGUNA,SIN RESTRICCIÓN,,,OBJETO FIJO,1,,,,,,,,,,,,,,,,,1,,,,,,,,,,,,,,,,,,,,,
284,,,,,,,,,,,,,,,,,,,,,,,,,,A - AUTOMÓVIL,CHEVROLET,MONZA,VERACRUZ,VERDE,SIN NUMERO,SIN NUMERO,P - PARTICULAR,NO,21,HOMBRE,,NO,VELOCIDAD INMODERADA,NO APLICA,14000,,,,1,,,,,,,,,,,,,,,,,,
285,XALAPA,27/01/2014,LUNES,09:25,09:40,,XALAPA,XALAPA,URBANA,,,MURILLO VIDAL,FRACCIONAMIENTO ENSUEÑO,,BUENO,SOLEADO,CONCRETO,SECO,A NIVEL,NINGUNA,SIN RESTRICCIÓN,COLISIÓN,POR ALCANCE,,2,,,,,,,,,,,,,,,,,1,,,,,,,,,,,,,,,,,,,,,
285,,,,,,,,,,,11,,,,,,,,,,,,,,,A - AUTOMÓVIL,NISSAN,TSURU,VERACRUZ,BLANCO,SIN NUMERO,3NIEB315DK329650,P - PARTICULAR,SI,59,HOMBRE,A,SI,NO GUARDAR DISTANCIA,NO APLICA,1000,,,,,,,,,,,,,,,,,,,,,,
285,,,,,,,,,,,,,,,,,,,,,,,,,,A - AUTOMÓVIL,CHEVROLET,SPARK,VERACRUZ,GREEN BYTE,HECHO EN KOREA,KLICM6CBC559403,P - PARTICULAR,NO,34,HOMBRE,A,SI,,,2500,,,,,,1,,,,,,,,,,,,,,,,
286,XALAPA,27/01/2014,LUNES,,11:10,,XALAPA,XALAPA,URBANA,,,AVENIDA CHEDRAUI CARAM,SEBASTIAN LERDO DE TEJADA,,BUENO,SOLEADO,CONCRETO,SECO,DESCENDENTE,NINGUNA,SIN RESTRICCIÓN,COLISIÓN,ÁNGULO,,2,,,,,,,,,,,,,,,,,0,,,,,,,,,,,,,,,,,,,,,
286,,,,,,,,,,,16,,,,,,,,,,,,,,,M - MOTOCICLETA,VENTO,REBELLIN,VERACRUZ,AZUL PLATA,VE162FMJ6800692,5KMMGU65007288,P - PARTICULAR,NO,20,HOMBRE,,NO,CIRCULAR EN SENTIDO CONTRARIO,NO APLICA,2000,,,,,,,,,,,,,,,,,,,,,,
286,,,,,,,,,,,,,,,,,,,,,,,,,,A - AUTOMÓVIL,NISSAN,TSURU,VERACRUZ,BLANCO/ROJO,ILEGIBLE,ILEGIBLE,PE - PÚBLICO ESTATAL,SI,27,HOMBRE,A,SI,,,3000,,,,,,,,,,,,,,,,,,,,,,
287,XALAPA,27/01/2014,LUNES,,15:40,,XALAPA,XALAPA,URBANA,,,GILDARDO AVILES,,,BUENO,,CONCRETO,,A NIVEL,NINGUNA,SIN RESTRICCIÓN,COLISIÓN,ÁNGULO,,2,,,,,,,,,,,,,,,,,0,,,,,,,,,,,,,,,,,,,,,
287,,,,,,,,,,,,,,,,,,,,,,,,,,A - AUTOMÓVIL,VOLKSWAGEN,SEAT,VERACRUZ,BLANCO,2009,BBX057119,P - PARTICULAR,NO,40,MUJER,A,SI,NO GUARDAR DISTANCIA,NO APLICA,3000,,,,,,,,,,,,,,,,,,,,,,
287,,,,,,,,,,,,,,,,,,,,,,,,,,C - CAMIONETA,FORD,F-350,VERACRUZ,BLANCO,2011,HECHO EN USA,P - PARTICULAR,NO,40,HOMBRE,B,SI,,,1000,,,,,,,,,,,,,,,,,,,,,,
288,XALAPA,27/01/2014,LUNES,,20:26,,XALAPA,XALAPA,URBANA,CARRETERA XALAPA-TLANEHUAYOCAN,,,,,BUENO,,CONCRETO,,ASCENDENTE,NINGUNA,SIN RESTRICCIÓN,COLISIÓN,LATERAL,,2,,,,,,,,,,,,,,,,,0,,,,,,,,,,,,,,,,,,,,,
288,,,,,,,,,,,,,,,,,,,,,,,,,,AS - AUTOBÚS SUBURBANO,NAVISTAR,INTERNATIONAL,VERACRUZ,BLANCO,SIN NUMERO,3H2BPAAN44L608186,PE - PÚBLICO ESTATAL,NO,33,HOMBRE,A,SI,VELOCIDAD INMODERADA,NO APLICA,2000,,,,,,,,,,,,,,,,,,,,,,
288,,,,,,,,,,,,,,,,,,,,,,,,,,M - MOTOCICLETA,CARGO,KEEWAY,VERACRUZ,NEGRO,SIN NUMERO,LBBPGM2BO2B737507,P - PARTICULAR,NO,35,HOMBRE,A,SI,,,2000,,,,,,,,,,,,,,,,,,,,,,
289,XALAPA,28/01/2014,MARTES,08:40,09:00,,XALAPA,XALAPA,URBANA,,,JOAQUIN RAMIREZ CABAÑAS,RAFAEL LUCIO,MANUEL M. CONTREAS,BUENO,SOLEADO,ASFALTO,,A NIVEL,NINGUNA,SIN RESTRICCIÓN,COLISIÓN,ÁNGULO,,2,,,,,,,,,,,,,,,,,0,,,,,,,,,,,,,,,,,,,,,
289,,,,,,,,,,,,,,,,,,,,,,,,,,A - AUTOMÓVIL,NISSAN,TSURU,VERACRUZ,BLANCO,GA16823782,3MI863151K11682,P - PARTICULAR,NO,44,HOMBRE,A,SI,CAMBIAR CARRIL SIN PRECAUCIÓN,NO APLICA,2000,,,,,,,,,,,,,,,,,,,,,,
289,,,,,,,,,,,,,,,,,,,,,,,,,,A - AUTOMÓVIL,CHEVROLET,CHEVY,VERACRUZ,GRIS,1G134128,3G15842119,P - PARTICULAR,NO,44,HOMBRE,C,SI,,,4000,,,,,,,,,,,,,,,,,,,,,,
290,XALAPA,28/01/2014,MARTES,,09:35,09:50,XALAPA,XALAPA,URBANA,,,ZAMORA,CENTRO,JOSE MATA,BUENO,,CONCRETO,,ASCENDENTE,NINGUNA,SIN RESTRICCIÓN,COLISIÓN,ÁNGULO,,2,,,,,,,,,,,,,,,,,0,,,,,,,,,,,,,,,,,,,,,
290,,,,,,,,,,,,,,,,,,,,,,,,,,A - AUTOMÓVIL,NISSAN,TSURU,VERACRUZ,BLANCO/VERDE,GN16765904Y,3NIEB311K304855,PE - PÚBLICO ESTATAL,SI,37,HOMBRE,A,SI,NO RESPETAR SEÑAL DE ALTO,NO APLICA,500,,,,,,,,,,,,,,,,,,,,,,
290,,,,,,,,,,,,,,,,,,,,,,,,,,A - AUTOMÓVIL,NISSAN,TSURU,VERACRUZ,BLANCO,GA16886855P,3NIEB3158372062,P - PARTICULAR,SI,52,HOMBRE,A,SI,,,600,,,,,,,,,,,,,,,,,,,,,,
291,XALAPA,01/02/2014,MARTES,09:50,10:10,10:50,XALAPA,XALAPA,URBANA,,,AVENIDA LAZARO CARDENAS,ENCINAL,PUENTE BICENTENARIO,BUENO,,CONCRETO,,A NIVEL,NINGUNA,SIN RESTRICCIÓN,,,VEHÍCULO ESTACIONADO,2,,,,,,,,,,,,,,,,,0,,,,,,,,,,,,,,,,,,,,,
291,,,,,,,,,,,1,,,,,,,,,,,,,,,A - AUTOMÓVIL,NISSAN,SEDAN,VERACRUZ,GRIS,MRI18363350,3NIEBC16891439032,P - PARTICULAR,NO,25,HOMBRE,A,SI,VELOCIDAD INMODERADA,NO APLICA,8000,,,,,,,,,,,,,,,,,,,,,,
291,,,,,,,,,,,,,,,,,,,,,,,,,,C - CAMIONETA,CHRYSLER,DODGE,VERACRUZ,BLANCO,HECHO EN USA,1C3ADZABADZAB3CN554058,P - PARTICULAR,NO,40,HOMBRE,A,SI,,,5000,,,,,,,,,,,,,,,,,,,,,,
292,XALAPA,28/01/2014,MARTES,,13:30,,XALAPA,XALAPA,URBANA,,,IGNACIO ZARAGOZA,CENTRO,LEANDRO VALLE,BUENO,,CONCRETO,SECO,ASCENDENTE,NINGUNA,SIN RESTRICCIÓN,COLISIÓN,POR ALCANCE,,2,,,,,,,,,,,,,,,,,0,,,,,,,,,,,,,,,,,,,,,
292,,,,,,,,,,,,,,,,,,,,,,,,,,A - AUTOMÓVIL,NISSAN,TSURU,VERACRUZ,BLANCO/ROJO,SIN NUMERO,HECHO EN USA,PE - PÚBLICO ESTATAL,SI,24,HOMBRE,A,SI,VELOCIDAD INMODERADA,NO APLICA,500,,,,,,,,,,,,,,,,,,,,,,
292,,,,,,,,,,,,,,,,,,,,,,,,,,A - AUTOMÓVIL,CHRYSLER,NITRO,VERACRUZ,BLANCO,SIN NUMERO,108GT28K97W654379,P - PARTICULAR,NO,48,MUJER,C,SI,,,600,,,,,,,,,,,,,,,,,,,,,,
293,XALAPA,28/01/2014,MARTES,,20:20,,XALAPA,XALAPA,URBANA,,,AVENIDA LAZARO CARDENAS,ANIMAS,,BUENO,,ASFALTO,,DESCENDENTE,NINGUNA,SIN RESTRICCIÓN,COLISIÓN,POR ALCANCE,,2,,,,,,,,,,,,,,,,,0,,,,,,,,,,,,,,,,,,,,,
293,,,,,,,,,,,1,,,,,,,,,,,,,,,A - AUTOMÓVIL,VOLKSWAGEN,GOLF,VERACRUZ,NEGRO,ACC012847,1HPM905499,P - PARTICULAR,NO,42,HOMBRE,B,SI,VELOCIDAD INMODERADA,NO APLICA,8000,,,,,,,,,,,,,,,,,,,,,,
293,,,,,,,,,,,,,,,,,,,,,,,,,,A - AUTOMÓVIL,FORD,FIESTA,VERACRUZ,NEGRO,SIN NUMERO,9BFBT1178048501,P - PARTICULAR,NO,55,HOMBRE,C,SI,,,4000,,,,,,,,,,,,,,,,,,,,,,
294,XALAPA,28/01/2014,MARTES,,22:20,,XALAPA,XALAPA,URBANA,,,ARAUCARIAS,INDECO ANIMAS,,BUENO,,CONCRETO,MOJADO,A NIVEL,NINGUNA,SIN RESTRICCIÓN,COLISIÓN,POR ALCANCE,,2,,,,,,,,,,,,,,,,,0,,,,,,,,,,,,,,,,,,,,,
294,,,,,,,,,,,,,,,,,,,,,,,,,,A - AUTOMÓVIL,VOLKSWAGEN,JETTA,VERACRUZ,BLANCO,CBP302934,3VWBVO9M0C030761,P - PARTICULAR,NO,34,HOMBRE,B,SI,NO GUARDAR DISTANCIA,NO APLICA,4500,,,,,,,,,,,,,,,,,,,,,,
294,,,,,,,,,,,,,,,,,,,,,,,,,,A - AUTOMÓVIL,CHEVROLET,CHEVY,VERACRUZ,ACERO METALICO,IMPORTADO,93CSHI8N71C259241,P - PARTICULAR,NO,19,HOMBRE,,NO,,,7000,,,,,,,,,,,,,,,,,,,,,,
295,XALAPA,28/01/2014,MARTES,,12:40,,XALAPA,XALAPA,URBANA,,,AVENIDA REBSAMEN,MARTIRES DE CHICAGO,XALAPA 2000,BUENO,,ASFALTO,,A NIVEL,NINGUNA,SIN RESTRICCIÓN,ATROPELLAMIENTO,,,1,,,,,,,,,,,,,,,,,1,,,,,,,,,,,,,,,,,,,,,
295,,,,,,,,,,,10,,,,,,,,,,,,,,,AS - AUTOBÚS SUBURBANO,MERCEDES BENZ,INTERNATIONAL,VERACRUZ,VERDE,9.05E+13,3MBAA2CN7M21871,PE - PÚBLICO ESTATAL,NO,37,HOMBRE,A,SI,VELOCIDAD INMODERADA,ATRAVESABA EN LUZ VERDE,MINIMOS,,,,,,,,1,,,,,,,,,,,,,,
296,XALAPA,28/01/2014,MARTES,,15:55,16:40,XALAPA,XALAPA,URBANA,,,CIRCUITO PRESIDENTES,TATAHUICAPAN,,BUENO,,ASFALTO,,A NIVEL,NINGUNA,SIN RESTRICCIÓN,COLISIÓN,POR ALCANCE,,2,,,,,,,,,,,,,,,,,0,,,,,,,,,,,,,,,,,,,,,
296,,,,,,,,,,,9,,,,,,,,,,,,,,,A - AUTOMÓVIL,SEAT,IBIZA,VERACRUZ,GRIS,BBX08204,VSSMK16L3576820,P - PARTICULAR,NO,18,HOMBRE,A,SI,VELOCIDAD INMODERADA,NO APLICA,6000,,,,,,,,,,,,,,,,,,,,,,
296,,,,,,,,,,,,,,,,,,,,,,,,,,A - AUTOMÓVIL,VOLKSWAGEN,SEDAN,VERACRUZ,BLANCO,CF2790658,9BWAAB05U498473,P - PARTICULAR,NO,40,HOMBRE,A,SI,,,9000,,,,,,,,,,,,,,,,,,,,,,
297,XALAPA,28/01/2014,MARTES,,12:15,,XALAPA,XALAPA,URBANA,,,ZAMORA,CENTRO,PRIMO VERDAD,BUENO,,CONCRETO,,A NIVEL,NINGUNA,SIN RESTRICCIÓN,ATROPELLAMIENTO,,,1,,,,,,,,,,,,,,,,,1,,,,,,,,,,,,,,,,,,,,,
297,,,,,,,,,,,,,,,,,,,,,,,,,,A - AUTOMÓVIL,CHRYSLER,NEON,VERACRUZ,BLANCO,SIN NUMERO,1B3BS46CX5D23590,P - PARTICULAR,NO,38,MUJER,A,SI,VELOCIDAD INMODERADA,NO APLICA,SIN DAÑOS,,,,1,,,,,,,,,,,,,,,,,,
298,XALAPA,28/01/2014,MARTES,,00:10,,XALAPA,XALAPA,URBANA,,,AVENIDA REVOLUCION No. 45,CENTRO,,BUENO,SOLEADO,CONCRETO,,A NIVEL,NINGUNA,SIN RESTRICCIÓN,COLISIÓN,,OBJETO FIJO,1,A - AUTOMÓVIL,CHEVROLET,IMPALA,VERACRUZ,AZUL,SIN NUMERO,2G1WH55K2Y9358267,P - PARTICULAR,NO,25,HOMBRE,,NO,VELOCIDAD INMODERADA,NO APLICA,6000,0,,,,,,,,,,,,,,,,,,,,,
299,XALAPA,28/01/2014,MARTES,13:58,14:15,15:28,XALAPA,XALAPA,URBANA,,,AVENIDA VISTA HERMOSA,,,BUENO,,ASFALTO,,A NIVEL,NINGUNA,SIN RESTRICCIÓN,,,VEHÍCULO ESTACIONADO,2,C - CAMIONETA,CHRYSLER,P-150,VERACRUZ,VERDE,HECHO EN MEXICO,L800810,P - PARTICULAR,NO,19,HOMBRE,,NO,,,SIN DAÑOS,0,,,,,,,,,,,,,,,,,,,,,
299,,,,,,,,,,,,,,,,,,,,,,,,,,C - CAMIONETA,GANUT,MINI TRUCK,VERACRUZ,BLANCO,3500075432,3GEA2F129DM000641,P - PARTICULAR,NO,51,HOMBRE,B,SI,VELOCIDAD INMODERADA,NO APLICA,3000,,,,,,,,,,,,,,,,,,,,,,
300,XALAPA,28/01/2014,MARTES,,22:20,23:00,XALAPA,XALAPA,URBANA,,,ARAUCARIAS,INDECO ANIMAS,,BUENO,,CONCRETO,MOJADO,DESCENDENTE,NINGUNA,SIN RESTRICCIÓN,,,VEHÍCULO ESTACIONADO,2,,,,,,,,,,,,,,,,,0,,,,,,,,,,,,,,,,,,,,,
300,,,,,,,,,,,,,,,,,,,,,,,,,,A - AUTOMÓVIL,CHEVROLET,CHEVY,VERACRUZ,ACERO METALICO,IMPORTADO,SIN NUMERO,P - PARTICULAR,NO,19,HOMBRE,,NO,CAMBIAR CARRIL SIN PRECAUCIÓN,OTRO,8000,,,,,,,,,,,,,,,,,,,,,,
300,,,,,,,,,,,,,,,,,,,,,,,,,,A - AUTOMÓVIL,CHEVROLET,VECTRA,DISTRITO FEDERAL,GRIS,93CSH68N71C225924,SIN NUMERO,P - PARTICULAR,NO,,,,,,,4500,,,,,,,,,,,,,,,,,,,,,,
301,XALAPA,28/01/2014,MARTES,,18:50,,XALAPA,XALAPA,URBANA,,,AVENIDA ATENAS VERACRUZANAS,FRAY BARTOLOME DE OLMEDO,,BUENO,,ASFALTO,SECO,ASCENDENTE,NINGUNA,SIN RESTRICCIÓN,COLISIÓN,LATERAL,,2,,,,,,,,,,,,,,,,,1,,,,,,,,,,,,,,,,,,,,,
301,,,,,,,,,,,,,,,,,,,,,,,,,,M - MOTOCICLETA,SUZUKI,,VERACRUZ,BLANCO,SIN NUMERO,KA24579208A,P - PARTICULAR,NO,21,HOMBRE,D,SI,NO GUARDAR DISTANCIA,NO APLICA,2000,,,,,,,,,,,,,,,,,,,,,,
301,,,,,,,,,,,,,,,,,,,,,,,,,,C - CAMIONETA,NISSAN,FRONTIER,VERACRUZ,BLANCO,SIN NUMERO,3N6DD23TGDK002584,P - PARTICULAR,SI,52,HOMBRE,B,SI,,,8000,,,,1,,,,,,,,,,,,,,,,,,
302,XALAPA,29/01/2014,MIÉRCOLES,07:55,08:15,,XALAPA,XALAPA,URBANA,,,JOAQUIN ARRONIZ NO 2,JARDINES DE XALAPA,,BUENO,NIEBLA,CONCRETO,MOJADO,ASCENDENTE,NINGUNA,SIN RESTRICCIÓN,COLISIÓN,LATERAL,,2,,,,,,,,,,,,,,,,,0,,,,,,,,,,,,,,,,,,,,,
302,,,,,,,,,,,,,,,,,,,,,,,,,,A - AUTOMÓVIL,NISSAN,TSURU,VERACRUZ,BLANCO/VERDE,GA167438222,3NIEB31EK311261,PE - PÚBLICO ESTATAL,SI,31,HOMBRE,A,SI,CAMBIAR CARRIL SIN PRECAUCIÓN,NO APLICA,MINIMOS,,,,,,,,,,,,,,,,,,,,,,
302,,,,,,,,,,,,,,,,,,,,,,,,,,A - AUTOMÓVIL,CHEVROLET,SONIC,VERACRUZ,AZUL,HECJO EN KOREA,KLIJOSAE6CB06815,P - PARTICULAR,SI,34,HOMBRE,C,SI,,,1000,,,,,,,,,,,,,,,,,,,,,,
303,XALAPA,29/01/2014,MIÉRCOLES,,08:40,,XALAPA,XALAPA,URBANA,,,AVENIDA XALAPA FRENTE 1125,,,BUENO,NIEBLA,CONCRETO,MOJADO,ASCENDENTE,NINGUNA,SIN RESTRICCIÓN,COLISIÓN,POR ALCANCE,,2,,,,,,,,,,,,,,,,,0,,,,,,,,,,,,,,,,,,,,,
303,,,,,,,,,,,,,,,,,,,,,,,,,,AS - AUTOBÚS SUBURBANO,MERCEDES BENZ,INTERNATIONAL,VERACRUZ,BLANCO,4701M20U1364492,3HUBNAA456952,PE - PÚBLICO ESTATAL,NO,29,HOMBRE,A,SI,NO GUARDAR DISTANCIA,NO APLICA,1000,,,,,,,,,,,,,,,,,,,,,,
303,,,,,,,,,,,,,,,,,,,,,,,,,,A - AUTOMÓVIL,NISSAN,TSURU,VERACRUZ,BLANCO/VERDE,GA167479742,3NIEB7EK381,PE - PÚBLICO ESTATAL,SI,23,HOMBRE,A,SI,,,8000,,,,,,,,,,,,,,,,,,,,,,
304,XALAPA,29/01/2014,MIÉRCOLES,,09:35,09:50,XALAPA,XALAPA,URBANA,,,AVENIDA LAZARO CARDENAS,ARAUCARIAS,,BUENO,,CONCRETO,MOJADO,ASCENDENTE,NINGUNA,SIN RESTRICCIÓN,COLISIÓN,LATERAL,,2,A - AUTOMÓVIL,NISSAN,TIDA,VERACRUZ,BLANCO/ROJO,MX18909401,3NIEBASCK2748,PE - PÚBLICO ESTATAL,SI,38,HOMBRE,A,SI,,,2000,0,,,,,,,,,,,,,,,,,,,,,
304,,,,,,,,,,,1|,,,,,,,,,,,,,,,A - AUTOMÓVIL,VOLKSWAGEN,SEDAN,VERACRUZ,BLANCO,AF99383,3VWS1A1YM901396,P - PARTICULAR,NO,29,HOMBRE,C,SI,,,1000,,,,,,,,,,,,,,,,,,,,,,
304,,,,,,,,,,,,,,,,,,,,,,,,,,C - CAMIONETA,CHRYSLER,PACIIFICO,VERACRUZ,GRIS,HECHO EN USA,M68425445574,P - PARTICULAR,SI,30,HOMBRE,C,SI,CAMBIAR CARRIL SIN PRECAUCIÓN,OTRO,1000,,,,,,,,,,,,,,,,,,,,,,
305,XALAPA,29/01/2014,MIÉRCOLES,11:00,11:12,,XALAPA,XALAPA,URBANA,,,AVENIDA AVILA CAMACHO,CENTRO,,BUENO,,CONCRETO,MOJADO,ASCENDENTE,NINGUNA,SIN RESTRICCIÓN,COLISIÓN,POR ALCANCE,,2,,,,,,,,,,,,,,,,,0,,,,,,,,,,,,,,,,,,,,,
305,,,,,,,,,,,4,,,,,,,,,,,,,,,A - AUTOMÓVIL,VOLKSWAGEN,JETTA,VERACRUZ,PLATA,AEG805748,3VERH49M61M160344,P - PARTICULAR,NO,37,HOMBRE,,NO,,,5000,,,,,,,,,,,,,,,,,,,,,,
305,,,,,,,,,,,,,,,,,,,,,,,,,,A - AUTOMÓVIL,CHRYSLER,JEEP,VERACRUZ,VERDE,HECHO EN USA,1JYGK48W367397,P - PARTICULAR,NO,49,HOMBRE,C,SI,NO GUARDAR DISTANCIA,NO APLICA,1500,,,,,,,,,,,,,,,,,,,,,,
306,XALAPA,29/01/2014,MIÉRCOLES,,11:25,11:45,XALAPA,XALAPA,URBANA,,,MIAMI,AGUACATAL,SOCONUSCO,REGULAR,,CONCRETO,MOJADO,A NIVEL,NINGUNA,SIN RESTRICCIÓN,COLISIÓN,ÁNGULO,,2,,,,,,,,,,,,,,,,,0,,,,,,,,,,,,,,,,,,,,,
306,,,,,,,,,,,,,,,,,,,,,,,,,,A - AUTOMÓVIL,NISSAN,TSURU,VERACRUZ,BLANCO/VERDE,GA168659929V,3NIEB31537K304270,PE - PÚBLICO ESTATAL,SI,33,HOMBRE,A,SI,NO GUARDAR DISTANCIA,NO APLICA,1000,,,,,,,,,,,,,,,,,,,,,,
306,,,,,,,,,,,,,,,,,,,,,,,,,,A - AUTOMÓVIL,CHEVROLET,CHEVY,VERACRUZ,BLANCO/VERDE,HECHO EN MEXICO,3G1SEIX125079,PE - PÚBLICO ESTATAL,SI,37,HOMBRE,A,SI,,,1000,,,,,,,,,,,,,,,,,,,,,,
307,XALAPA,29/01/2014,MIÉRCOLES,,12:10,,XALAPA,XALAPA,URBANA,BOULEVARD XALAPA-BANDERILLA,,,,,BUENO,,CONCRETO,MOJADO,A NIVEL,NINGUNA,SIN RESTRICCIÓN,COLISIÓN,POR ALCANCE,,2,,,,,,,,,,,,,,,,,0,,,,,,,,,,,,,,,,,,,,,
307,,,,,,,,,,,,,,,,,,,,,,,,,,C - CAMIONETA,NISSAN,ESTACAS,VERACRUZ,VERDE,LA24245620A,3NGDD4589128,P - PARTICULAR,NO,43,HOMBRE,A,SI,VELOCIDAD INMODERADA,NO APLICA,1000,,,,,,,,,,,,,,,,,,,,,,
307,,,,,,,,,,,,,,,,,,,,,,,,,,A - AUTOMÓVIL,CHRYSLER,ATTITUDE,DISTRITO FEDERAL,BLANCO,HECHO EN KOREA,KMCMMB617043,P - PARTICULAR,SI,34,HOMBRE,A,SI,,,2000,,,,,,,,,,,,,,,,,,,,,,
308,XALAPA,29/01/2014,MIÉRCOLES,,16:15,16:50,XALAPA,XALAPA,URBANA,,,BOULEVARD EUROPA,ANIMAS,,BUENO,,CONCRETO,MOJADO,A NIVEL,NINGUNA,SIN RESTRICCIÓN,SALIDA DE CAMINO,,,1,,,,,,,,,,,,,,,,,0,,,,,,,,,,,,,,,,,,,,,
308,,,,,,,,,,,,,,,,,,,,,,,,,,A - AUTOMÓVIL,CHRYSLER,STRATUS,VERACRUZ,NEGRO,HECHO EN USA,1B3EL46XS14517,P - PARTICULAR,SI,20,HOMBRE,A,SI,NO GUARDAR DISTANCIA,OTRO,8000,,,,,,,,,,,,,,,,,,,,,,
309,XALAPA,29/01/2014,MIÉRCOLES,,17:10,,XALAPA,XALAPA,URBANA,,,SIMON BOLIVAR NO 36,,,BUENO,,CONCRETO,MOJADO,A NIVEL,NINGUNA,SIN RESTRICCIÓN,,POR ALCANCE,,2,,,,,,,,,,,,,,,,,0,,,,,,,,,,,,,,,,,,,,,