idMES,DELEGACION DE TRANSITO,FECHA DEL ACCIDENTE,DIA DE LA SEMANA,HORA EN QUE SE RECIBIO LA LLAMADA REPORTANDO EL ACCIDENTE,HORA DE ARRIBO DEL PERITO AL SITIO,HORA DE REGRESO DEL PERITO A LAS INSTALACIONES DE SU DELEGACION,LOCALIDAD ACCIDENTE,MUNICIPIO ACCIDENTE,ZONA,CARRETERA/KILOMETRO DEL ACCIDENTE,NUMERO DE AVENIDA,CALLE/AVENIDA DEL ACCIDENTE,COLONIA,ENTRE CALLES,CONDICIONES DE LA VIA,CONDICIONES NATURALES,SUPERFICIE DE LA VIA,ESTADO DE LA VIA,TANGENTE,TIPO DE CONTROL DE TRANSITO,RESTRICCIONES DE LA VIA,TIPO DE ACCIDENTE,FORMA DE ACCIDENTARSE,CONTRA QUE FUE EL IMPACTO,CANTIDAD DE VEHICULOS,TIPO DE VEHICULO,MARCA,SUBMARCA,ENTIDAD FEDERATIVA DEL VEHICULO,COLOR DEL VEHICULO,MOTOR,SERIE,TIPO DE SERVICIO PARA EL QUE SE OCUPAN LOS VEHICULOS,ASEGURADO,EDAD CONDUCTOR,SEXO CONDUCTOR,TIPO LICENCIA,LICENCIA VIGENTE,CAUSA ATRIBUIBLE AL CONDUCTOR,CAUSA ATRIBUIBLE AL PEATON,DANIOS (MONTO APROXIMADO EN MXN),NUMERO DE HERIDOS,MUJER HERIDA DE 0-15 ANIOS,HOMBRE HERIDO DE 0-15 ANIOS,MUJER HERIDA DE 16-30 ANIOS,HOMBRE HERIDO DE 16-30 ANIOS,MUJER HERIDA DE 31-45 ANIOS,HOMBRE HERIDO DE 31-45 ANIOS,MUJER HERIDA DE 46-60 ANIOS,HOMBRE HERIDO DE 46-60 ANIOS,MUJER HERIDA MAS DE 60 ANIOS,HOMBRE HERIDO MAS DE 60 ANIOS,NUMERO DE MUERTOS,MUJER MUERTA DE 0-15 ANIOS,HOMBRE MUERTO DE 0-15 ANIOS,MUJER MUERTA DE 16-30 ANIOS,HOMBRE MUERTO DE 16-30 ANIOS,MUJER MUERTA DE 31-45 ANIOS,HOMBRE MUERTO DE 31-45 ANIOS,MUJER MUERTA DE 46-60 ANIOS,HOMBRE MUERTO DE 46-60 ANIOS,MUJER MUERTA MAS DE 60 ANIOS,HOMBRE MUERTO MAS DE 60 ANIOS
309,,,,,,,,,,,,,,,,,,,,,,,,,,A - AUTOMÓVIL,NISSAN,TSURU,VERACRUZ,BLANCO/ROJO,GA16710Y4224,3NIEB315AK311925,PE - PÚBLICO ESTATAL,NO,23,HOMBRE,A,SI,NO GUARDAR DISTANCIA,NO APLICA,2000,,,,,,,,,,,,,,,,,,,,,,
309,,,,,,,,,,,,,,,,,,,,,,,,,,A - AUTOMÓVIL,NISSAN,SENTRA,VERACRUZ,NEGRO,MR20543668H,3NIEAB6AD8619439,P - PARTICULAR,NO,27,HOMBRE,C,SI,,,2000,,,,,,,,,,,,,,,,,,,,,,
310,XALAPA,29/01/2014,MIÉRCOLES,18:45,18:57,19:20,XALAPA,XALAPA,URBANA,,,AVENIDA LAZARO CARDENAS,TRANCAS,,BUENO,,ASFALTO,MOJADO,A NIVEL,NINGUNA,SIN RESTRICCIÓN,COLISIÓN,POR ALCANCE,,2,,,,,,,,,,,,,,,,,0,,,,,,,,,,,,,,,,,,,,,
310,,,,,,,,,,,1,,,,,,,,,,,,,,,C - CAMIONETA,NISSAN,NP-300,VERACRUZ,PLATA,KA24521173A,3N6D23043930,P - PARTICULAR,NO,44,HOMBRE,A,SI,NO GUARDAR DISTANCIA,NO APLICA,MINIMOS,,,,,,,,,,,,,,,,,,,,,,
310,,,,,,,,,,,,,,,,,,,,,,,,,,A - AUTOMÓVIL,CHEVROLET,CHEVY,VERACRUZ,BLANCO,HECHO EN MEXICO,3GISE51X363113826,P - PARTICULAR,NO,32,HOMBRE,A,SI,,,10000,,,,,,,,,,,,,,,,,,,,,,
311,XALAPA,29/01/2014,MIÉRCOLES,,20:45,,XALAPA,XALAPA,URBANA,LAS PRADERAS,,,,,BUENO,,CONCRETO,MOJADO,A NIVEL,MARCA EN PAVIMENTO,SIN RESTRICCIÓN,,,OBJETO FIJO,1,,,,,,,,,,,,,,,,,0,,,,,,,,,,,,,,,,,,,,,
311,,,,,,,,,,,,,,,,,,,,,,,,,,C - CAMIONETA,CHRYSLER,RAM 250,VERACRUZ,BLANCO,HECJO EN MEXICO,3D7461FPO115049,P - PARTICULAR,SI,46,HOMBRE,B,SI,VELOCIDAD INMODERADA,NO APLICA,1000,,,,,,,,,,,,,,,,,,,,,,
312,XALAPA,29/01/2014,MIÉRCOLES,,21:00,,XALAPA,XALAPA,URBANA,,,CIRCUITO PRESIDENTES,,,BUENO,,ASFALTO,MOJADO,A NIVEL,NINGUNA,SIN RESTRICCIÓN,,POR ALCANCE,,2,,,,,,,,,,,,,,,,,1,,,,,,,,,,,,,,,,,,,,,
312,,,,,,,,,,,9,,,,,,,,,,,,,,,A - AUTOMÓVIL,FORD,ESCORT,VERACRUZ,ROJO,SIN NUMERO,1FAB396299480,P - PARTICULAR,SI,48,HOMBRE,C,SI,NO GUARDAR DISTANCIA,NO APLICA,10000,,,,,,,,,,,,,,,,,,,,,,
312,,,,,,,,,,,,,,,,,,,,,,,,,,A - AUTOMÓVIL,CHEVROLET,CHEVY,VERACRUZ,BLANCO,HECHO EN MEXICO,8AG55089789,P - PARTICULAR,NO,18,HOMBRE,B,SI,,,10000,,,,,,,,,,,1,,,,,,,,,,,
313,XALAPA,29/01/2014,MIÉRCOLES,,08:40,,XALAPA,XALAPA,URBANA,,,AVENIDA LAZARO CARDENAS,,,BUENO,,CONCRETO,MOJADO,A NIVEL,NINGUNA,SIN RESTRICCIÓN,,ÁNGULO,,2,,,,,,,,,,,,,,,,,0,,,,,,,,,,,,,,,,,,,,,
313,,,,,,,,,,,1,,,,,,,,,,,,,,,CC - CAMIÓN DE CARGA,FREIGHTLINER,TRACTOR,VERACRUZ,AMARILLO,SIN NUMERO,1FUSDYB4YPG81272,P - PARTICULAR,NO,28,HOMBRE,A,SI,VELOCIDAD INMODERADA,NO APLICA,40000,,,,,,,,,,,,,,,,,,,,,,
313,,,,,,,,,,,,,,,,,,,,,,,,,,CC - CAMIÓN DE CARGA,NAVISTAR,CHASIS,VERACRUZ,BLANCO,SIN NUMERO,470HM2U,P - PARTICULAR,NO,25,HOMBRE,B,SI,,,14000,,,,,,,,,,,,,,,,,,,,,,
314,XALAPA,29/01/2014,MIÉRCOLES,,15:30,,XALAPA,XALAPA,URBANA,,,CAMINO AL TRONCONAL CON LA CALLE OLMOS,12 DE DICIEMBRE,,MALO,LLUVIA,TERRACERÍA,MOJADO,A NIVEL,NINGUNA,SIN RESTRICCIÓN,,,OBJETO FIJO,1,,,,,,,,,,,,,,,,,0,,,,,,,,,,,,,,,,,,,,,
314,,,,,,,,,,,,,,,,,,,,,,,,,,CC - CAMIÓN DE CARGA,KEENWORTH,TORTON,VERACRUZ,BLANCO,46144735,3BKMMX32F302094,PE - PÚBLICO ESTATAL,NO,33,HOMBRE,B,SI,VELOCIDAD INMODERADA,NO APLICA,1000,,,,,,,,,,,,,,,,,,,,,,
315,XALAPA,29/01/2014,MIÉRCOLES,20:35,20:45,,XALAPA,XALAPA,URBANA,,,CIRCUITO PRESIDENTES,,,BUENO,LLUVIA,ASFALTO,MOJADO,A NIVEL,NINGUNA,SIN RESTRICCIÓN,ATROPELLAMIENTO,,,1,,,,,,,,,,,,,,,,,1,,,,,,,,,,,,,,,,,,,,,
315,,,,,,,,,,,9,,,,,,,,,,,,,,,A - AUTOMÓVIL,NISSAN,TSURU,VERACRUZ,ROJO/BLANCO,GA1675374IY,3NIEB3157AK7906,PE - PÚBLICO ESTATAL,SI,24,HOMBRE,A,SI,VELOCIDAD INMODERADA,NO APLICA,4000,,,,,,,,,,,1,,,,,,,,,,,
316,XALAPA,29/01/2014,MIÉRCOLES,,08:55,,XALAPA,XALAPA,URBANA,,,HIDALGO,CENTRO,,BUENO,LLUVIA,CONCRETO,,DESCENDENTE,NINGUNA,SIN RESTRICCIÓN,ATROPELLAMIENTO,,,1,,,,,,,,,,,,,,,,,1,,,,,,,,,,,,,,,,,,,,,
316,,,,,,,,,,,,,,,,,,,,,,,,,,A - AUTOMÓVIL,NISSAN,TSURU,VERACRUZ,BLANCO/ROJO,GA16748363Y,3NIEB31SAK343143,PE - PÚBLICO ESTATAL,NO,31,HOMBRE,A,SI,NO RESPETAR CEDA EL PASO,NO APLICA,MINIMOS,,,,,,,1,,,,,,,,,,,,,,,
317,XALAPA,29/01/2014,MIÉRCOLES,,01:35,,XALAPA,XALAPA,URBANA,,,XALAPEÑOS ILUSTRES,CENTRO,,BUENO,LLUVIA,CONCRETO,MOJADO,A NIVEL,NINGUNA,SIN RESTRICCIÓN,COLISIÓN,DE FRENTE,,2,,,,,,,,,,,,,,,,,0,,,,,,,,,,,,,,,,,,,,,
317,,,,,,,,,,,,,,,,,,,,,,,,,,A - AUTOMÓVIL,VOLKSWAGEN,POLO,VERACRUZ,ROJO,BAH081881,9BWJB09A73P0442810,P - PARTICULAR,NO,29,MUJER,A,SI,CAMBIAR CARRIL SIN PRECAUCIÓN,NO APLICA,500,,,,,,,,,,,,,,,,,,,,,,
317,,,,,,,,,,,,,,,,,,,,,,,,,,A - AUTOMÓVIL,CHRYSLER,,VERACRUZ,BLANCO/VERDE,HECHO EN INDIA,MALAM51B9CM959509,PE - PÚBLICO ESTATAL,NO,29,HOMBRE,A,SI,,,6000,,,,,,,,,,,,,,,,,,,,,,
318,XALAPA,30/01/2014,JUEVES,12:20,12:40,,XALAPA,XALAPA,URBANA,,,AVENIDA MURILLO VIDAL,FRACCIONAMIENTO ENSUEÑO,,BUENO,SOLEADO,CONCRETO,SECO,A NIVEL,NINGUNA,SIN RESTRICCIÓN,COLISIÓN,POR ALCANCE,,2,,,,,,,,,,,,,,,,,0,,,,,,,,,,,,,,,,,,,,,
318,,,,,,,,,,,11,,,,,,,,,,,,,,,C - CAMIONETA,FORD,EXPLORER,VERACRUZ,BLANCO,SIN NUMERO,1FMDU34XX1RUB59027,P - PARTICULAR,NO,28,HOMBRE,A,SI,VELOCIDAD INMODERADA,NO APLICA,10000,,,,,,,,,,,,,,,,,,,,,,
318,,,,,,,,,,,,,,,,,,,,,,,,,,A - AUTOMÓVIL,CHRYSLER,ATOS,VERACRUZ,BLANCO/ROJO,SIN NUMERO,MALAB51HCM646888,PE - PÚBLICO ESTATAL,NO,37,HOMBRE,A,SI,,,15000,,,,,,,,,,,,,,,,,,,,,,
319,XALAPA,30/01/2014,JUEVES,,08:15,08:45,XALAPA,XALAPA,URBANA,,,IGNACIO DE LA LLAVE,SALUD,,REGULAR,SOLEADO,CONCRETO,SECO,A NIVEL,NINGUNA,SIN RESTRICCIÓN,COLISIÓN,POR ALCANCE,,2,,,,,,,,,,,,,,,,,0,,,,,,,,,,,,,,,,,,,,,
319,,,,,,,,,,,8,,,,,,,,,,,,,,,C - CAMIONETA,CHRYSLER,JEEP,VERACRUZ,NEGRO,HECHO EN USA,SIN NUMERO,P - PARTICULAR,NO,40,MUJER,A,SI,NO GUARDAR DISTANCIA,NO APLICA,2500,,,,,,,,,,,,,,,,,,,,,,
319,,,,,,,,,,,,,,,,,,,,,,,,,,A - AUTOMÓVIL,NISSAN,TSURU,VERACRUZ,BLANCO/ROJO,SIN NUMERO,1CHAJPBSC575859,PE - PÚBLICO ESTATAL,NO,39,HOMBRE,A,SI,,,1000,,,,,,,,,,,,,,,,,,,,,,
320,XALAPA,30/01/2014,JUEVES,,13:50,,XALAPA,XALAPA,URBANA,,,FERRANDO RETURATO,,,BUENO,,CONCRETO,SECO,A NIVEL,NINGUNA,SIN RESTRICCIÓN,COLISIÓN,POR ALCANCE,,2,,,,,,,,,,,,,,,,,1,,,,,,,,,,,,,,,,,,,,,
320,,,,,,,,,,,,,,,,,,,,,,,,,,C - CAMIONETA,FORD,ESCAPE,VERACRUZ,PLATA,DVC97751,SIN NUMERO,P - PARTICULAR,SI,48,HOMBRE,C,SI,NO GUARDAR DISTANCIA,NO APLICA,4000,,,,,,,,,,,,,,,,,,,,,,
320,,,,,,,,,,,,,,,,,,,,,,,,,,B - BICICLETA,FORD,EXPLORER,DISTRITO FEDERAL,NEGRO,SIN NUMERO,1FM1U63P6Y2B09671,P - PARTICULAR,NO,46,HOMBRE,B,SI,,,5000,,1,,,,,,,,,,,,,,,,,,,,
321,XALAPA,30/01/2014,JUEVES,,15:40,16:20,XALAPA,XALAPA,URBANA,,,LOMAS VERDES,RESERVA TERRITORIAL,,BUENO,,ASFALTO,,ASCENDENTE,NINGUNA,SIN RESTRICCIÓN,COLISIÓN,POR ALCANCE,,2,,,,,,,,,,,,,,,,,0,,,,,,,,,,,,,,,,,,,,,
321,,,,,,,,,,,,,,,,,,,,,,,,,,A - AUTOMÓVIL,VOLKSWAGEN,DERBY,VERACRUZ,VERDE,ADD230144,WWW06K651136,P - PARTICULAR,NO,47,HOMBRE,B,SI,NO GUARDAR DISTANCIA,OTRO,500,,,,,,,,,,,,,,,,,,,,,,
321,,,,,,,,,,,,,,,,,,,,,,,,,,A - AUTOMÓVIL,VOLKSWAGEN,SEAT,VERACRUZ,NEGRO,CEK3511,VSSK4619CR4823,P - PARTICULAR,SI,22,MUJER,C,SI,,,1200,,,,,,,,,,,,,,,,,,,,,,
322,XALAPA,30/01/2014,JUEVES,15:51,16:08,16:50,XALAPA,XALAPA,URBANA,,,PASEO DE LAS PALMAS,ANIMAS,PUENTE ANIMAS,BUENO,,CONCRETO,,A NIVEL,NINGUNA,SIN RESTRICCIÓN,COLISIÓN,POR ALCANCE,,2,,,,,,,,,,,,,,,,,0,,,,,,,,,,,,,,,,,,,,,
322,,,,,,,,,,,,,,,,,,,,,,,,,,A - AUTOMÓVIL,RENAULT,DUSTER,VERACRUZ,NEGRO,C003425,FBHZAA005066,P - PARTICULAR,SI,65,MUJER,C,SI,NO GUARDAR DISTANCIA,NO APLICA,1800,,,,,,,,,,,,,,,,,,,,,,
322,,,,,,,,,,,,,,,,,,,,,,,,,,A - AUTOMÓVIL,CHRYSLER,PT,VERACRUZ,NEGRO,HECHO EN MEXICO,3A4F25888839,P - PARTICULAR,NO,35,HOMBRE,C,SI,,,1300,,,,,,,,,,,,,,,,,,,,,,
323,XALAPA,30/01/2014,JUEVES,,19:40,20:20,XALAPA,XALAPA,URBANA,,,GILDARDO AVILES,RAFAEL LUCIO,,BUENO,,CONCRETO,,ASCENDENTE,NINGUNA,ACCIDENTE PREVIO,COLISIÓN,LATERAL,,2,,,,,,,,,,,,,,,,,0,,,,,,,,,,,,,,,,,,,,,
323,,,,,,,,,,,,,,,,,,,,,,,,,,A - AUTOMÓVIL,CHEVROLET,SPARK,VERACRUZ,BLANCO,HECJO EN COREA,428D116637,P - PARTICULAR,NO,31,HOMBRE,B,SI,CAMBIAR CARRIL SIN PRECAUCIÓN,NO APLICA,1200,,,,,,,,,,,,,,,,,,,,,,
323,,,,,,,,,,,,,,,,,,,,,,,,,,A - AUTOMÓVIL,NISSAN,TSURU,VERACRUZ,ROJO/BLANCO,GA16787546W,SN1EBX341690,PE - PÚBLICO ESTATAL,SI,33,HOMBRE,B,SI,,,600,,,,,,,,,,,,,,,,,,,,,,
324,XALAPA,30/01/2014,JUEVES,,19:40,,XALAPA,XALAPA,URBANA,,,ZARAGOZA,CENTRO,LEANDRO VALLE,BUENO,,CONCRETO,,A NIVEL,SEMÁFORO FUNCIONANDO,SIN RESTRICCIÓN,COLISIÓN,LATERAL,,2,,,,,,,,,,,,,,,,,0,,,,,,,,,,,,,,,,,,,,,
324,,,,,,,,,,,,,,,,,,,,,,,,,,C - CAMIONETA,FORD,F-350,VERACRUZ,BLANCO,HECHO EN USA,1FD3663DE14589,P - PARTICULAR,NO,37,HOMBRE,B,SI,CAMBIAR CARRIL SIN PRECAUCIÓN,NO APLICA,MINIMOS,,,,,,,,,,,,,,,,,,,,,,
324,,,,,,,,,,,,,,,,,,,,,,,,,,A - AUTOMÓVIL,CHRYSLER,STRATUS,VERACRUZ,NEGRO,HECHO EN USA,1BBD246X25N5879D2,P - PARTICULAR,NO,38,HOMBRE,,NO,,,800,,,,,,,,,,,,,,,,,,,,,,
325,XALAPA,30/04/2014,JUEVES,,23:30,24:00:00,XALAPA,XALAPA,URBANA,,,AVENIDA LAZARO CARDENAS,MIRADOR,,BUENO,,CONCRETO,,ASCENDENTE,NINGUNA,SIN RESTRICCIÓN,,,OBJETO FIJO,1,,,,,,,,,,,,,,,,,0,,,,,,,,,,,,,,,,,,,,,
325,,,,,,,,,,,1,,,,,,,,,,,,,,,A - AUTOMÓVIL,FORD,FOCUS,VERACRUZ,BLANCO,HECHO EN USA,1FAHP24CL20414,P - PARTICULAR,SI,45,HOMBRE,A,SI,VELOCIDAD INMODERADA,NO APLICA,12000,,,,,,,,,,,,,,,,,,,,,,
326,XALAPA,31/01/2014,VIERNES,,09:00,,XALAPA,XALAPA,URBANA,,,JOAQUIN ARRONIZ,JARDINES DEL SUMIDERO,,BUENO,SOLEADO,CONCRETO,SECO,A NIVEL,NINGUNA,SIN RESTRICCIÓN,COLISIÓN,POR ALCANCE,VEHÍCULO CIRCULANDO,2,A - AUTOMÓVIL,MITSUBISHI,GALANT,VERACRUZ,PLATA,4950,4A3AB56F95F030807,P - PARTICULAR,SI,50,HOMBRE,B,SI,NO GUARDAR DISTANCIA,NO APLICA,1000,0,,,,,,,,,,,,,,,,,,,,,
326,,,,,,,,,,,,,,,,,,,,,,,,,,A - AUTOMÓVIL,CHEVROLET,CHEVY,VERACRUZ,BLANCO/VERDE,2274-XCW,3G1SES1X7B5127416,PE - PÚBLICO ESTATAL,SI,33,HOMBRE,A,SI,,,2000,,,,,,,,,,,,,,,,,,,,,,
327,XALAPA,31/01/2014,VIERNES,13:40,13:47,,XALAPA,XALAPA,URBANA,,,AVENIDA RUIZ CORTINES,,PROL. VILLAHERMOSA,BUENO,SOLEADO,CONCRETO,SECO,ASCENDENTE,NINGUNA,SIN RESTRICCIÓN,COLISIÓN,ÁNGULO,VEHÍCULO CIRCULANDO,2,A - AUTOMÓVIL,NISSAN,TSURU,VERACRUZ,BLANCO/ROJO,GA167847194,3N1EB31S6BK322206,PE - PÚBLICO ESTATAL,SI,36,HOMBRE,A,SI,OTRO,NO APLICA,2500,0,,,,,,,,,,,,,,,,,,,,,
327,,,,,,,,,,,2,,,,,,,,,,,,,,,A - AUTOMÓVIL,NISSAN,TSURU,VERACRUZ,ROJO,GA167392592,3N1EB31S5EK307796,P - PARTICULAR,NO,58,HOMBRE,C,SI,,,2000,,,,,,,,,,,,,,,,,,,,,,
328,XALAPA,31/01/2014,VIERNES,16:10,16:15,,XALAPA,XALAPA,URBANA,,,AVENIDA XALAPA,LUCIO BLANCO,,BUENO,SOLEADO,CONCRETO,SECO,A NIVEL,NINGUNA,OBRA EN CONSTRUCCIÓN,COLISIÓN,LATERAL,VEHÍCULO CIRCULANDO,2,A - AUTOMÓVIL,CHEVROLET,CHEVY,VERACRUZ,PLATA,HECHO EN MEXICO,3G1SFG1XX7S137951,P - PARTICULAR,SI,31,MUJER,C,SI,CAMBIAR CARRIL SIN PRECAUCIÓN,NO APLICA,1500,0,,,,,,,,,,,,,,,,,,,,,
328,,,,,,,,,,,7,,,,,,,,,,,,,,,C - CAMIONETA,FORD,F-350,VERACRUZ,BLANCO,SIN NUMERO,3FEKF36L59MA21552,P - PARTICULAR,SI,27,HOMBRE,B,SI,,,SIN DAÑOS,,,,,,,,,,,,,,,,,,,,,,
329,XALAPA,31/01/2014,VIERNES,,08:30,,XALAPA,XALAPA,URBANA,,,FERNANDO GUTIERREZ BARRIOS,,DIVISION DEL NORTE,BUENO,,CONCRETO,SECO,A NIVEL,NINGUNA,SIN RESTRICCIÓN,COLISIÓN,ÁNGULO,VEHÍCULO CIRCULANDO,2,A - AUTOMÓVIL,FORD,FIESTA,DISTRITO FEDERAL,GRIS,SIN NUMERO,9BFBT09N24815374,P - PARTICULAR,,23,HOMBRE,B,SI,OTRO,NO APLICA,3000,1,,,1,,,,,,,,,,,,,,,,,,
329,,,,,,,,,,,,,,,,,,,,,,,,,,M - MOTOCICLETA,BAJAS,,VERACRUZ,NEGRO,J0GBRA10502,MD2JCSZ58VA0019V,P - PARTICULAR,,23,HOMBRE,D,SI,,,3000,,,,,,,,,,,,,,,,,,,,,,
330,XALAPA,31/01/2014,VIERNES,16:50,17:15,,XALAPA,XALAPA,URBANA,,,BOULEVARD XALAPA-BANDERILLA,21 DE MARZO,IGNACIO ZARAGOZA,BUENO,SOLEADO,ASFALTO,SECO,A NIVEL,NINGUNA,SIN RESTRICCIÓN,COLISIÓN,ÁNGULO,VEHÍCULO CIRCULANDO,2,A - AUTOMÓVIL,CHEVROLET,CHEVY,VERACRUZ,AZUL MARINO,HECHO EN MEXICO,3G1SF21X77S146213,P - PARTICULAR,SI,23,MUJER,,,NO RESPETAR CEDA EL PASO,NO APLICA,5000,2,,,,,,,,,,,,,,,,,,,,,
330,,,,,,,,,,,,,,,,,,,,,,,,,,M - MOTOCICLETA,ITALIKA,,,ROJO,,,P - PARTICULAR,,,,,,,,5000,,,,,2,,,,,,,,,,,,,,,,,
331,XALAPA,31/01/2014,VIERNES,03:15,03:30,,XALAPA,XALAPA,URBANA,XALAPA-COATEPEC,,,,,BUENO,,ASFALTO,SECO,A NIVEL,NINGUNA,SIN RESTRICCIÓN,COLISIÓN,,OBJETO FIJO,1,A - AUTOMÓVIL,CHEVROLET,CHEVY,VERACRUZ,VERDE,HECHO EN MEXICO,3G1SE5434XS95172,P - PARTICULAR,,21,HOMBRE,,,OTRO,NO APLICA,20000,0,,,,,,,,,,,,,,,,,,,,,
332,XALAPA,31/01/2014,VIERNES,04:30,04:50,,XALAPA,XALAPA,URBANA,,,MARTIRES 28 DE AGOSTO,LUZ DEL BARRIO,,BUENO,,ASFALTO,SECO,A NIVEL,NINGUNA,SIN RESTRICCIÓN,COLISIÓN,,OBJETO FIJO,1,A - AUTOMÓVIL,NISSAN,TSURU,VERACRUZ,BLANCO,GA16712567Y,3N1EB31SXAK314088,P - PARTICULAR,,32,HOMBRE,,,OTRO,NO APLICA,5000,0,,,,,,,,,,,,,,,,,,,,,
1,XALAPA,02/01/2014,SÁBADO,,09:45,,XALAPA,XALAPA,URBANA,,,CAMINO ANTIGUO A NAOLINCO,CAROLINO ANAYA,CAROLINO ANAYA Y JADE,BUENO,,CONCRETO,SECO,A NIVEL,NINGUNA,SIN RESTRICCIÓN,COLISIÓN,ÁNGULO,VEHÍCULO CIRCULANDO,2,A - AUTOMÓVIL,CHEVROLET,MALIBU,TABASCO,ROJO,IMPORTADO,1G12K5769F186910,P - PARTICULAR,NO,25,HOMBRE,B,NO,NO RESPETAR CEDA EL PASO,NO APLICA,3000,0,,,,,,,,,,,,,,,,,,,,,
1,,,,,,,,,,,,,,,,,,,,,,,,,,AS - AUTOBÚS SUBURBANO,INTERNATIONAL,CHASIS,VERACRUZ,BLANCO/ROJO,D1A024384,3HVBZSGN99N063642,PE - PÚBLICO ESTATAL,NO,38,HOMBRE,A,SI,,,2000,,,,,,,,,,,,,,,,,,,,,,
2,XALAPA,02/01/2014,SÁBADO,,11:25,12:00,XALAPA,XALAPA,URBANA,,,JUSTINO SARMIENTO,,16 DE SEPTIEMBRE,BUENO,,CONCRETO,SECO,ASCENDENTE,SEMÁFORO FUNCIONANDO,ACCIDENTE PREVIO,COLISIÓN,ÁNGULO,VEHÍCULO CIRCULANDO,2,A - AUTOMÓVIL,CHRYSLER,MITSUBISHI,VERACRUZ,ROJO,IMPORTADO,4A3ACB4111HA16E158,P - PARTICULAR,NO,25,HOMBRE,A,SI,NO RESPETAR SEMÁFORO,NO APLICA,2000,0,,,,,,,,,,,,,,,,,,,,,
2,,,,,,,,,,,,,,,,,,,,,,,,,,C - CAMIONETA,CHRYSLER,JEEP,PUEBLA,BLANCO,HECHO EN USA,1JAFTA7B99,P - PARTICULAR,SI,49,MUJER,C,SI,,,4500,,,,,,,,,,,,,,,,,,,,,,
3,XALAPA,02/01/2014,SÁBADO,,12:30,,XALAPA,XALAPA,URBANA,,,AVENIDA 20 DE NOVIEMBRE,,AGUA SANTA Y MAESTROS VERACRUANOS,BUENO,SOLEADO,CONCRETO,SECO,A NIVEL,NINGUNA,SIN RESTRICCIÓN,ATROPELLAMIENTO,MANIOBRA EN REVERSA,VEHÍCULO CIRCULANDO,1,A - AUTOMÓVIL,NISSAN,TSURU,VERACRUZ,BLANCO/VERDE,GA16756345Y,3N1EB31S8AK349647,PE - PÚBLICO ESTATAL,SI,54,HOMBRE,A,SI,OTRO,NO APLICA,SIN DAÑOS,1,,,,,,1,,,,,,,,,,,,,,,
3,,,,,,,,,,,5,,,,,,,,,,,,,,,,,,,,,,,,,,,,,,,,,,,,,,,,,,,,,,,,,,,,
4,XALAPA,02/01/2014,SÁBADO,12:45,13:15,,XALAPA,XALAPA,URBANA,,,AVENIDA XALAPA,,,BUENO,,CONCRETO,SECO,A NIVEL,NINGUNA,SIN RESTRICCIÓN,COLISIÓN,ÁNGULO,VEHÍCULO CIRCULANDO,2,A - AUTOMÓVIL,NISSAN,TSURU,VERACRUZ,BLANCO/ROJO,GA168988838W,3N1EB31S1AK302444,PE - PÚBLICO ESTATAL,SI,24,HOMBRE,A,SI,CAMBIAR CARRIL SIN PRECAUCIÓN,NO APLICA,1000,0,,,,,,,,,,,,,,,,,,,,,
4,,,,,,,,,,,7,,,,,,,,,,,,,,,A - AUTOMÓVIL,NISSAN,TSURU,VERACRUZ,ARENA,MR2054039714,3N1AB6APXBL616395,P - PARTICULAR,SI,40,MUJER,C,SI,,,3000,,,,,,,,,,,,,,,,,,,,,,
5,XALAPA,02/01/2014,SÁBADO,,13:15,14:00,XALAPA,XALAPA,URBANA,LAS TRANCAS-ESTANZUELA,,,ALCAFORD,,BUENO,,ASFALTO,SECO,ASCENDENTE,NINGUNA,ACCIDENTE PREVIO,SALIDA DE CAMINO,,,1,C - CAMIONETA,CHEROKEE,JEEP,VERACRUZ,BEIGE,SIN NUMERO,1J4TL85451644L58,P - PARTICULAR,NO,75,HOMBRE,C,SI,CAMBIAR CARRIL SIN PRECAUCIÓN,NO APLICA,4000,0,,,,,,,,,,,,,,,,,,,,,
6,XALAPA,02/01/2014,SÁBADO,,13:40,,XALAPA,XALAPA,URBANA,,,AVENIDA LAZARO CARDENAS,ANIMAS,,BUENO,,ASFALTO,SECO,A NIVEL,NINGUNA,SIN RESTRICCIÓN,COLISIÓN,LATERAL,VEHÍCULO CIRCULANDO,2,C - CAMIONETA,NISSAN,ROGUE,VERACRUZ,AURORA,QR25034632,JN8AS58V7BW850241,P - PARTICULAR,SI,54,MUJER,A,SI,CAMBIAR CARRIL SIN PRECAUCIÓN,NO APLICA,1500,0,,,,,,,,,,,,,,,,,,,,,
6,,,,,,,,,,,1,,,,,,,,,,,,,,,A - AUTOMÓVIL,CHRYSLER,CALIBER,VERACRUZ,BLANCO,HECHO EN USA,1B3JB48K18D693310,P - PARTICULAR,NO,88,HOMBRE,B,SI,,,500,,,,,,,,,,,,,,,,,,,,,,
7,XALAPA,02/01/2014,SÁBADO,,15:00,16:00,XALAPA,XALAPA,URBANA,,,AVENIDA LAZARO CARDENAS,RAFAEL LUCIO,ENRIQUETA CAMARILLO Y GILDARDO AVILES,BUENO,,CONCRETO,SECO,DESCENDENTE,NINGUNA,ACCIDENTE PREVIO,COLISIÓN,POR ALCANCE,VEHÍCULO CIRCULANDO,2,M - MOTOCICLETA,YAMAHA,S2 125,PUEBLA,BLANCO,JYM154FM110144061,LBPKE0975B0433721,P - PARTICULAR,SI,25,HOMBRE,D,SI,NO GUARDAR DISTANCIA,NO APLICA,900,0,,,,,,,,,,,,,,,,,,,,,