idMES,DELEGACION DE TRANSITO,FECHA DEL ACCIDENTE,DIA DE LA SEMANA,HORA EN QUE SE RECIBIO LA LLAMADA REPORTANDO EL ACCIDENTE,HORA DE ARRIBO DEL PERITO AL SITIO,HORA DE REGRESO DEL PERITO A LAS INSTALACIONES DE SU DELEGACION,LOCALIDAD ACCIDENTE,MUNICIPIO ACCIDENTE,ZONA,CARRETERA/KILOMETRO DEL ACCIDENTE,NUMERO DE AVENIDA,CALLE/AVENIDA DEL ACCIDENTE,COLONIA,ENTRE CALLES,CONDICIONES DE LA VIA,CONDICIONES NATURALES,SUPERFICIE DE LA VIA,ESTADO DE LA VIA,TANGENTE,TIPO DE CONTROL DE TRANSITO,RESTRICCIONES DE LA VIA,TIPO DE ACCIDENTE,FORMA DE ACCIDENTARSE,CONTRA QUE FUE EL IMPACTO,CANTIDAD DE VEHICULOS,TIPO DE VEHICULO,MARCA,SUBMARCA,ENTIDAD FEDERATIVA DEL VEHICULO,COLOR DEL VEHICULO,MOTOR,SERIE,TIPO DE SERVICIO PARA EL QUE SE OCUPAN LOS VEHICULOS,ASEGURADO,EDAD CONDUCTOR,SEXO CONDUCTOR,TIPO LICENCIA,LICENCIA VIGENTE,CAUSA ATRIBUIBLE AL CONDUCTOR,CAUSA ATRIBUIBLE AL PEATON,DANIOS (MONTO APROXIMADO EN MXN),NUMERO DE HERIDOS,MUJER HERIDA DE 0-15 ANIOS,HOMBRE HERIDO DE 0-15 ANIOS,MUJER HERIDA DE 16-30 ANIOS,HOMBRE HERIDO DE 16-30 ANIOS,MUJER HERIDA DE 31-45 ANIOS,HOMBRE HERIDO DE 31-45 ANIOS,MUJER HERIDA DE 46-60 ANIOS,HOMBRE HERIDO DE 46-60 ANIOS,MUJER HERIDA MAS DE 60 ANIOS,HOMBRE HERIDO MAS DE 60 ANIOS,NUMERO DE MUERTOS,MUJER MUERTA DE 0-15 ANIOS,HOMBRE MUERTO DE 0-15 ANIOS,MUJER MUERTA DE 16-30 ANIOS,HOMBRE MUERTO DE 16-30 ANIOS,MUJER MUERTA DE 31-45 ANIOS,HOMBRE MUERTO DE 31-45 ANIOS,MUJER MUERTA DE 46-60 ANIOS,HOMBRE MUERTO DE 46-60 ANIOS,MUJER MUERTA MAS DE 60 ANIOS,HOMBRE MUERTO MAS DE 60 ANIOS
7,,,,,,,,,,,1,,,,,,,,,,,,,,,C - CAMIONETA,CHEVROLET,ZAFIRA,VERACRUZ,CIRUELA,49021171,WOLT64LFX42021171,P - PARTICULAR,NO,51,HOMBRE,C,SI,,,600,,,,,,,,,,,,,,,,,,,,,,
8,XALAPA,02/01/2014,SÁBADO,15:20,15:35,16:10,XALAPA,XALAPA,URBANA,,,ANTONIO M. QUIRASCO,REVOLUCION,CIUDAD DE LAS FLORES,BUENO,,CONCRETO,SECO,ASCENDENTE,NINGUNA,SIN RESTRICCIÓN,COLISIÓN,POR ALCANCE,VEHÍCULO CIRCULANDO,2,A - AUTOMÓVIL,NISSAN,TSURU,VERACRUZ,BLANCO/VERDE,GA15782772W,3N1EB31S75K338083,PE - PÚBLICO ESTATAL,SI,53,HOMBRE,A,SI,NO GUARDAR DISTANCIA,NO APLICA,1000,0,,,,,,,,,,,,,,,,,,,,,
8,,,,,,,,,,,,,,,,,,,,,,,,,,A - AUTOMÓVIL,NISSAN,TSURU,VERACRUZ,BLANCO/VERDE,GA16282664,3N1EB83156AK3277257,PE - PÚBLICO ESTATAL,SI,28,HOMBRE,A,SI,,,2000,,,,,,,,,,,,,,,,,,,,,,
9,XALAPA,02/01/2014,SÁBADO,,16:20,,XALAPA,XALAPA,URBANA,,,AVENIDA LAZARO CARDENAS,,PUENTE ANIMAS,BUENO,,ASFALTO,SECO,A NIVEL,NINGUNA,SIN RESTRICCIÓN,COLISIÓN,ÁNGULO,VEHÍCULO CIRCULANDO,2,A - AUTOMÓVIL,VOLKSWAGEN,JETTA,VERACRUZ,AZUL,CBP146234,3WYV49M7AM030842,P - PARTICULAR,NO,21,HOMBRE,,,CAMBIAR CARRIL SIN PRECAUCIÓN,NO APLICA,500,0,,,,,,,,,,,,,,,,,,,,,
9,,,,,,,,,,,1,,,,,,,,,,,,,,,A - AUTOMÓVIL,NISSAN,TSURU,VERACRUZ,BLANCO,GA18757900P,YBAY81328308,P - PARTICULAR,NO,38,HOMBRE,,,,,800,,,,,,,,,,,,,,,,,,,,,,
10,XALAPA,02/01/2014,SÁBADO,,16:25,,XALAPA,XALAPA,URBANA,,,AVENIDA LAZARO CARDENAS,,PUENTE ANIMAS,BUENO,SOLEADO,ASFALTO,SECO,DESCENDENTE,NINGUNA,SIN RESTRICCIÓN,COLISIÓN,POR ALCANCE,VEHÍCULO CIRCULANDO,2,C - CAMIONETA,NISSAN,CHASIS,VERACRUZ,BLANCO,KA24302437A,3NGL014508K035556,P - PARTICULAR,SI,50,HOMBRE,B,SI,NO GUARDAR DISTANCIA,NO APLICA,8500,0,,,,,,,,,,,,,,,,,,,,,
10,,,,,,,,,,,1,,,,,,,,,,,,,,,CC - CAMIÓN DE CARGA,SCANIA,INTEGRAL,VERACRUZ,BLANCO,8102325,3BFKYX2B683621139,P - PARTICULAR,SI,40,HOMBRE,A,SI,,,9000,,,,,,,,,,,,,,,,,,,,,,
11,XALAPA,02/01/2014,SÁBADO,,18:10,,XALAPA,XALAPA,URBANA,,,VILLA HERMOSA,PROGRESO,,BUENO,,CONCRETO,SECO,A NIVEL,NINGUNA,SIN RESTRICCIÓN,COLISIÓN,ÁNGULO,VEHÍCULO CIRCULANDO,2,A - AUTOMÓVIL,NISSAN,VERSA,VERACRUZ,ROJO,HR16862617G,3N1CN7AD7EK417501,P - PARTICULAR,NO,49,HOMBRE,B,SI,OTRO,NO APLICA,MINIMOS,0,,,,,,,,,,,,,,,,,,,,,
11,,,,,,,,,,,,,,,,,,,,,,,,,,A - AUTOMÓVIL,NISSAN,TSURU,VERACRUZ,BLANCO/ROJO,GA16877740W,3N1EB31519K351638,PE - PÚBLICO ESTATAL,SI,23,HOMBRE,A,SI,,,MINIMOS,,,,,,,,,,,,,,,,,,,,,,
12,XALAPA,02/01/2014,SÁBADO,,22:00,22:40,XALAPA,XALAPA,URBANA,,,AVENIDA MURILLO VIDAL,LOMAS DEL TEJAR,RIO TEXOACAN,BUENO,,CONCRETO,SECO,ASCENDENTE,NINGUNA,SIN RESTRICCIÓN,COLISIÓN,FALLA MECÁNICA,VEHÍCULO CIRCULANDO,1,C - CAMIONETA,FORD,F-150,VERACRUZ,GRIS,HECHO EN MÉXICO,1FTDF17W5NK104858,P - PARTICULAR,NO,40,HOMBRE,B,SI,OTRO,NO APLICA,500,0,,,,,,,,,,,,,,,,,,,,,
12,,,,,,,,,,,11,,,,,,,,,,,,,,,,,,,,,,,,,,,,,,,,,,,,,,,,,,,,,,,,,,,,
13,XALAPA,02/01/2014,SÁBADO,,22:20,,XALAPA,XALAPA,URBANA,,,AVENIDA AVILA CAMACHO,CENTRO,SAYAGO,BUENO,SOLEADO,ASFALTO,SECO,A NIVEL,NINGUNA,SIN RESTRICCIÓN,COLISIÓN,MANIOBRA EN REVERSA,VEHÍCULO CIRCULANDO,2,A - AUTOMÓVIL,CHEVROLET,CHEVY,VERACRUZ,ROJO,HECHO EN MÉXICO,3G13251X18512255,P - PARTICULAR,NO,45,HOMBRE,B,NO,OTRO,NO APLICA,200,0,,,,,,,,,,,,,,,,,,,,,
13,,,,,,,,,,,4,,,,,,,,,,,,,,,A - AUTOMÓVIL,NISSAN,TSURU,VERACRUZ,BLANCO/VERDE,GA167614954,3N153315B3K300982,PE - PÚBLICO ESTATAL,SI,26,HOMBRE,A,SI,,,1000,,,,,,,,,,,,,,,,,,,,,,
14,XALAPA,02/01/2014,SÁBADO,,23:15,,XALAPA,XALAPA,URBANA,,,AVENIDA 20 DE NOVIEMBRE,BADILLO,LAZARO CARDENAS,BUENO,,ASFALTO,SECO,A NIVEL,NINGUNA,SIN RESTRICCIÓN,COLISIÓN,LATERAL,VEHÍCULO CIRCULANDO,2,A - AUTOMÓVIL,NISSAN,TSURU,VERACRUZ,BLANCO/VERDE,GA16824284W,3N1EB31S89K311444,PE - PÚBLICO ESTATAL,SI,34,HOMBRE,A,SI,CAMBIAR CARRIL SIN PRECAUCIÓN,NO APLICA,800,1,,,1,,,,,,,,,,,,,,,,,,
14,,,,,,,,,,,5,,,,,,,,,,,,,,,M - MOTOCICLETA,HONDA,150 CC,VERACRUZ,AZUL,KL08E28601654,9L2KC08258R601654,P - PARTICULAR,NO,17,HOMBRE,,,,,2500,,,,,,,,,,,,,,,,,,,,,,
15,XALAPA,02/01/2014,SÁBADO,01:05,01:30,02:31,XALAPA,XALAPA,URBANA,,,UNIDAD HABITACIONAL BUGAMBIALIAS,,,BUENO,,ASFALTO,SECO,A NIVEL,NINGUNA,SIN RESTRICCIÓN,COLISIÓN,ÁNGULO,VEHÍCULO CIRCULANDO,2,A - AUTOMÓVIL,HONDA,ACCORD,PUEBLA,BLANCO,K2435756364,1HGCP2689CH900588,P - PARTICULAR,SI,18,HOMBRE,,,OTRO,NO APLICA,20000,0,,,,,,,,,,,,,,,,,,,,,
15,,,,,,,,,,,,,,,,,,,,,,,,,,A - AUTOMÓVIL,CHRYSLER,NEON,VERACRUZ,CANELA,HECHO EN USA,183ES46CZ1A130706,P - PARTICULAR,NO,27,HOMBRE,B,SI,,,6000,,,,,,,,,,,,,,,,,,,,,,
16,XALAPA,02/01/2014,SÁBADO,,01:55,,XALAPA,XALAPA,URBANA,,,CAMINO ANTIGUO A NAOLINCO,MARGARITA MAZA DE JUAREZ,CALLE 2 Y CALLE 3,BUENO,,ASFALTO,SECO,ASCENDENTE,NINGUNA,SIN RESTRICCIÓN,COLISIÓN,DE FRENTE,VEHÍCULO CIRCULANDO,2,A - AUTOMÓVIL,NISSAN,TSURU,VERACRUZ,GRIS,E16681793M,4BAMB131522,P - PARTICULAR,NO,39,HOMBRE,B,SI,CIRCULAR EN SENTIDO CONTRARIO,NO APLICA,4000,0,,,,,,,,,,,,,,,,,,,,,
16,,,,,,,,,,,,,,,,,,,,,,,,,,A - AUTOMÓVIL,NISSAN,SENTRA,VERACRUZ,AZUL,MRA8087756H,3N1AB7AA90L696335,P - PARTICULAR,NO,37,HOMBRE,C,SI,,,12000,,,,,,,,,,,,,,,,,,,,,,
17,XALAPA,02/01/2014,SÁBADO,,04:10,,XALAPA,XALAPA,URBANA,,,AVENIDA XALAPA,,VILLAHERMOSA,BUENO,,CONCRETO,SECO,A NIVEL,NINGUNA,SIN RESTRICCIÓN,COLISIÓN,ÁNGULO,VEHÍCULO CIRCULANDO,2,A - AUTOMÓVIL,FORD,FIESTA,VERACRUZ,AZUL MARINO,SIN NUMERO,WF08T09J112108349,P - PARTICULAR,NO,42,HOMBRE,B,SI,OTRO,NO APLICA,500,0,,,,,,,,,,,,,,,,,,,,,
17,,,,,,,,,,,7,,,,,,,,,,,,,,,A - AUTOMÓVIL,NISSAN,TSURU,VERACRUZ,BLANCO/ROJO,GA16744508Y,3N1EB3151AK340026,PE - PÚBLICO ESTATAL,SI,29,HOMBRE,A,SI,,,300,,,,,,,,,,,,,,,,,,,,,,
18,XALAPA,01/01/2014,SÁBADO,,16:05,,XALAPA,XALAPA,URBANA,,,AVENIDA DEL CAFÉ,ARBOLEDAS DEL SUMIDERO,GRANADA,BUENO,SOLEADO,CONCRETO,SECO,DESCENDENTE,NINGUNA,SIN RESTRICCIÓN,COLISIÓN,ÁNGULO,VEHÍCULO CIRCULANDO,3,A - AUTOMÓVIL,CHEVROLET,PONTIAC,VERACRUZ,BLANCO/ROJO,HECHO EN KOREA,KL2MD6AD1AC540829,PE - PÚBLICO ESTATAL,SI,34,HOMBRE,A,SI,NO RESPETAR SEÑAL DE ALTO,NO APLICA,6000,2,,1,1,,,,,,,,,,,,,,,,,,
18,,,,,,,,,,,,,,,,,,,,,,,,,,A - AUTOMÓVIL,CHRYSLER,SPIRIT,VERACRUZ,CEREZA,HECHO EN MÉXICO,MT547478,P - PARTICULAR,NO,26,HOMBRE,,,,,3000,,,,,,,,,,,,,,,,,,,,,,
18,,,,,,,,,,,,,,,,,,,,,,,,,,A - AUTOMÓVIL,CHEVROLET,ASTRA,VERACRUZ,BLANCO,HECHO EN BRASIL,93CTCG9B16B149600,P - PARTICULAR,NO,50,HOMBRE,A,SI,,,4000,,,,,,,,,,,,,,,,,,,,,,
19,XALAPA,02/01/2014,SÁBADO,00:45,00:50,,XALAPA,XALAPA,URBANA,,,AVENIDA RUIZ CORTINES,TAMBORREL,PROL. NAVARRETE,BUENO,,ASFALTO,SECO,DESCENDENTE,NINGUNA,SIN RESTRICCIÓN,COLISIÓN,,OBJETO FIJO,1,M - MOTOCICLETA,HONDA,,VERACRUZ,NEGRO,,,P - PARTICULAR,,29,HOMBRE,,,VELOCIDAD INMODERADA,NO APLICA,15000,2,,,1,1,,,,,,,,,,,,,,,,,
19,,,,,,,,,,,2,,,,,,,,,,,,,,,,,,,,,,,,,,,,,,,,,,,,,,,,,,,,,,,,,,,,
20,XALAPA,02/02/2014,DOMINGO,,11:20,,XALAPA,XALAPA,URBANA,,,AVENIDA CAMINO ANTIGUO A NAOLINCO,CAMPO DE TIRO,,REGULAR,SOLEADO,CONCRETO,SECO,A NIVEL,NINGUNA,SIN RESTRICCIÓN,COLISIÓN,LATERAL,VEHÍCULO CIRCULANDO,2,M - MOTOCICLETA,BAJAS,,,ROJO,,,P - PARTICULAR,,,,,,CAMBIAR CARRIL SIN PRECAUCIÓN,NO APLICA,100,0,,,,,,,,,,,,,,,,,,,,,
20,,,,,,,,,,,,,,,,,,,,,,,,,,A - AUTOMÓVIL,NISSAN,TSURU,VERACRUZ,BLANCO/ROJO,GA16734801Y,3N1EB31S4AK332263,P - PARTICULAR,SI,29,HOMBRE,A,SI,,,500,,,,,,,,,,,,,,,,,,,,,,
21,XALAPA,02/02/2014,DOMINGO,,12:15,12:40,XALAPA,XALAPA,URBANA,,,AVENIDA LAZARO CARDENAS,EL OLMO,,BUENO,LLUVIA,CONCRETO,SECO,A NIVEL,NINGUNA,SIN RESTRICCIÓN,COLISIÓN,POR ALCANCE,VEHÍCULO CIRCULANDO,3,A - AUTOMÓVIL,FORD,MUSTANG,VERACRUZ,ROJO,SIN NUMERO,1FALP404+SF171988,P - PARTICULAR,NO,43,HOMBRE,B,SI,NO GUARDAR DISTANCIA,NO APLICA,2000,0,,,,,,,,,,,,,,,,,,,,,
21,,,,,,,,,,,1,,,,,,,,,,,,,,,A - AUTOMÓVIL,VOLKSWAGEN,JETTA,VERACRUZ,PLATA,AEG606014,3VWRH49M01M1M16988,P - PARTICULAR,NO,50,HOMBRE,B,SI,,,4500,,,,,,,,,,,,,,,,,,,,,,
21,,,,,,,,,,,,,,,,,,,,,,,,,,A - AUTOMÓVIL,NISSAN,X-TRAIL,VERACRUZ,GRIS,QR2596984H,JNSATL8T3AW554409,P - PARTICULAR,NO,19,HOMBRE,C,SI,,,1000,,,,,,,,,,,,,,,,,,,,,,
22,XALAPA,02/02/2014,DOMINGO,,19:30,,XALAPA,XALAPA,URBANA,,,AMERICAS,,NIÑOS HEROES,BUENO,,CONCRETO,SECO,ASCENDENTE,NINGUNA,SIN RESTRICCIÓN,COLISIÓN,ÁNGULO,VEHÍCULO CIRCULANDO,2,A - AUTOMÓVIL,NISSAN,TSURU,VERACRUZ,BLANCO/ROJO,GA16782452,3N1EB31S83K320263,PE - PÚBLICO ESTATAL,,67,HOMBRE,A,SI,NO GUARDAR DISTANCIA,NO APLICA,1000,0,,,,,,,,,,,,,,,,,,,,,
22,,,,,,,,,,,,,,,,,,,,,,,,,,C - CAMIONETA,HONDA,CRV,VERACRUZ,,K24Z61506533,3CZRE4875A6001976,P - PARTICULAR,,46,HOMBRE,C,SI,,,1000,,,,,,,,,,,,,,,,,,,,,,
23,XALAPA,02/02/2014,DOMINGO,21:40,21:55,,XALAPA,XALAPA,URBANA,,,AVENIDA AMERICAS,JOSE CARDEL,SALVADOR GONZALEZ,BUENO,,CONCRETO,SECO,A NIVEL,NINGUNA,SIN RESTRICCIÓN,COLISIÓN,ÁNGULO,VEHÍCULO CIRCULANDO,2,M - MOTOCICLETA,DINAMO,,VERACRUZ,AZUL,162FMJ92009633,3CUT2ABF2AX000092,P - PARTICULAR,,22,HOMBRE,D,SI,OTRO,NO APLICA,3000,1,,,,1,,,,,,,,,,,,,,,,,
23,,,,,,,,,,,3,,,,,,,,,,,,,,,A - AUTOMÓVIL,TOYOTA,COROLLA,VERACRUZ,NEGRO,2ZRJ32431,"2T1BL,2E09C156734",P - PARTICULAR,,58,HOMBRE,C,SI,,,8000,,,,,,,,,,,,,,,,,,,,,,
24,XALAPA,02/02/2014,DOMINGO,04:15,04:35,,XALAPA,XALAPA,URBANA,,,AVENIDA AVILA CAMACHO,,MIGUEL ALEMAN,BUENO,,ASFALTO,SECO,DESCENDENTE,NINGUNA,SIN RESTRICCIÓN,COLISIÓN,,OBJETO FIJO,1,TC - TRANSPORTE DE CARGA,KEENWORTH,,,BLANCO,79037776,3WKUD4CX94F617397,PF- PÚBLICO FEDERAL,,30,HOMBRE,B,SI,OTRO,NO APLICA,3000,0,,,,,,,,,,,,,,,,,,,,,
24,,,,,,,,,,,4,,,,,,,,,,,,,,,,,,,,,,,,,,,,,,,,,,,,,,,,,,,,,,,,,,,,
25,XALAPA,02/02/2014,DOMINGO,19:20,19:30,,XALAPA,XALAPA,URBANA,,,AVENIDA LAZARO CARDENAS,,PUENTE MIGUEL ALEMAN,BUENO,,ASFALTO,SECO,DESCENDENTE,NINGUNA,SIN RESTRICCIÓN,COLISIÓN,POR ALCANCE,VEHÍCULO CIRCULANDO,3,A - AUTOMÓVIL,NISSAN,TSURU,VERACRUZ,BLANCO/ROJO,GA16711590Y,3N1EB31S0AK312950,PE - PÚBLICO ESTATAL,,27,HOMBRE,A,SI,NO GUARDAR DISTANCIA,NO APLICA,15000,0,,,,,,,,,,,,,,,,,,,,,
25,,,,,,,,,,,1,,,,,,,,,,,,,,,A - AUTOMÓVIL,CHRYSLER,STRATUS,VERACRUZ,CHAMPAGNE,HECHO EN MÉXICO,3B3D246B8XT547365,P - PARTICULAR,,35,HOMBRE,,,,,20000,,,,,,,,,,,,,,,,,,,,,,
25,,,,,,,,,,,,,,,,,,,,,,,,,,A - AUTOMÓVIL,HONDA,ACCORD,VERACRUZ,BLANCO,F23A15408282,3HGCC56412G003554,P - PARTICULAR,,54,HOMBRE,B,SI,,,1000,,,,,,,,,,,,,,,,,,,,,,
26,XALAPA,02/03/2014,LUNES,10:06,10:12,11:00,XALAPA,XALAPA,URBANA,,,PUENTE BICENTENARIO,ENCINAL,,BUENO,,ASFALTO,SECO,A NIVEL,NINGUNA,SIN RESTRICCIÓN,COLISIÓN,POR ALCANCE,VEHÍCULO CIRCULANDO,2,A - AUTOMÓVIL,CHRYSLER,DODGE,VERACRUZ,BLANCO,HECHO EN KOREA,KNHCT4NC4CU191123,P - PARTICULAR,SI,36,HOMBRE,,,NO GUARDAR DISTANCIA,NO APLICA,2500,0,,,,,,,,,,,,,,,,,,,,,
26,,,,,,,,,,,,,,,,,,,,,,,,,,M - MOTOCICLETA,YAMAHA,FAZER 16,VERACRUZ,ROJO,1E53009785,ME1KG0527D2005898,P - PARTICULAR,NO,48,HOMBRE,B,SI,,,1500,,,,,,,,,,,,,,,,,,,,,,
27,XALAPA,02/03/2014,LUNES,,16:50,,XALAPA,XALAPA,URBANA,,,AVENIDA REVOLUCION,,SAYAGO,BUENO,,ASFALTO,SECO,DESCENDENTE,NINGUNA,SIN RESTRICCIÓN,COLISIÓN,LATERAL,VEHÍCULO CIRCULANDO,2,AS - AUTOBÚS SUBURBANO,NAVISTAR,,,BLANCO,,,PE - PÚBLICO ESTATAL,NO,47,HOMBRE,A,SI,CAMBIAR CARRIL SIN PRECAUCIÓN,NO APLICA,1500,0,,,,,,,,,,,,,,,,,,,,,
27,,,,,,,,,,,,,,,,,,,,,,,,,,A - AUTOMÓVIL,MERDES BENZ,SEDAN,VERACRUZ,NEGRO,2.73E+13,WDDGF54X18045560,P - PARTICULAR,NO,23,HOMBRE,C,SI,,,,,,,,,,,,,,,,,,,,,,,,,
28,XALAPA,02/03/2014,LUNES,,19:00,19:25,XALAPA,XALAPA,URBANA,LIBRAMIENTO PLAN DEL RIO KM. 33+800,,,,,BUENO,,ASFALTO,SECO,DESCENDENTE,NINGUNA,ACCIDENTE PREVIO,COLISIÓN,FALLA MECÁNICA,,1,A - AUTOMÓVIL,NISSAN,PLATINA,VERACRUZ,AZUL,Q060323,3N1JH01596L244287,P - PARTICULAR,SI,37,HOMBRE,C,SI,OTRO,NO APLICA,1500,0,,,,,,,,,,,,,,,,,,,,,
29,XALAPA,02/03/2014,LUNES,19:30,19:52,20:20,XALAPA,XALAPA,URBANA,,,TIJUANA,PROGRESO MACUILTEPEC,AGUASCALIENTES,BUENO,,CONCRETO,,A NIVEL,NINGUNA,SIN RESTRICCIÓN,COLISIÓN,LATERAL,VEHÍCULO CIRCULANDO,2,A - AUTOMÓVIL,NISSAN,SEDAN,VERACRUZ,BLANCO/ROJO,GA167224DDY,3N1EB31S9AK322165,PE - PÚBLICO ESTATAL,SI,22,HOMBRE,A,SI,CAMBIAR CARRIL SIN PRECAUCIÓN,NO APLICA,,0,,,,,,,,,,,,,,,,,,,,,
29,,,,,,,,,,,,,,,,,,,,,,,,,,A - AUTOMÓVIL,FORD,FOCUS,VERACRUZ,VERDE,,,P - PARTICULAR,NO,38,HOMBRE,B,NO,,,500,,,,,,,,,,,,,,,,,,,,,,
30,XALAPA,02/03/2014,LUNES,15:22,15:40,15:55,XALAPA,XALAPA,URBANA,,,AVENIDA DIAMANTE,FOVISSSTE,RUIZ CORTINES,BUENO,,CONCRETO,SECO,DESCENDENTE,NINGUNA,SIN RESTRICCIÓN,COLISIÓN,POR ALCANCE,VEHÍCULO CIRCULANDO,2,A - AUTOMÓVIL,NISSAN,SEDAN,VERACRUZ,BLANCO/VERDE,GA16704139Y,3NTEB31S8AK307060,PE - PÚBLICO ESTATAL,SI,34,HOMBRE,A,SI,NO GUARDAR DISTANCIA,NO APLICA,SIN DAÑOS,0,,,,,,,,,,,,,,,,,,,,,
30,,,,,,,,,,,,,,,,,,,,,,,,,,A - AUTOMÓVIL,VOLKSWAGEN,VENTO,VERACRUZ,BLANCO,CLS805071,NEX462603ET11233,P - PARTICULAR,SI,36,MUJER,A,SI,,,1500,,,,,,,,,,,,,,,,,,,,,,
31,XALAPA,02/03/2014,LUNES,17:12,17:45,19:45,XALAPA,XALAPA,URBANA,CARRETERA MIRADORES SALMAREJO,,,,,BUENO,,ASFALTO,SECO,DESCENDENTE,NINGUNA,SIN RESTRICCIÓN,SALIDA DE CAMINO,,VEHÍCULO CIRCULANDO,1,M - MOTOCICLETA,ZANETI,70 CC,VERACRUZ,NEGRO,SE IGNORA,SE IGNORA,P - PARTICULAR,NO,23,HOMBRE,,,NO GUARDAR DISTANCIA,NO APLICA,1000,2,,,1,1,,,,,,,,,,,,,,,,,
32,XALAPA,02/03/2014,LUNES,09:09,09:15,,XALAPA,XALAPA,URBANA,,,IGNACIO DE LA LLAVE,SALUD,DE LA ROSA,BUENO,,CONCRETO,SECO,A NIVEL,NINGUNA,SIN RESTRICCIÓN,COLISIÓN,POR ALCANCE,VEHÍCULO CIRCULANDO,2,M - MOTOCICLETA,DINAMO,,,NEGRO,,,P - PARTICULAR,,59,HOMBRE,,,NO GUARDAR DISTANCIA,NO APLICA,3000,1,,,,,,,,,,,,,,,,,,,,,
32,,,,,,,,,,,1,,,,,,,,,,,,,,,A - AUTOMÓVIL,NISSAN,TSURU,VERACRUZ,BLANCO/VERDE,GA16736192Y,3N1EB31S7AK333651,PE - PÚBLICO ESTATAL,,57,HOMBRE,A,SI,,,1000,,,,,,,,,1,,,,,,,,,,,,,
33,XALAPA,02/03/2014,LUNES,17:59,18:20,,XALAPA,XALAPA,URBANA,,,VERACRUZ,POMONA,,BUENO,,EMPEDRADO,SECO,A NIVEL,NINGUNA,SIN RESTRICCIÓN,COLISIÓN,ÁNGULO,VEHÍCULO CIRCULANDO,2,C - CAMIONETA,DATSUN,ESTACAS,VERACRUZ,VERDE,D8J2K1301,272001801,P - PARTICULAR,,43,HOMBRE,,,NO RESPETAR SEÑAL DE ALTO,NO APLICA,3000,0,,,,,,,,,,,,,,,,,,,,,
33,,,,,,,,,,,,,,,,,,,,,,,,,,A - AUTOMÓVIL,VOLKSWAGEN,JETTA,MÉXICO,GRIS,,3VW1W1AJ4DM276813,P - PARTICULAR,,35,HOMBRE,C,SI,,,9000,,,,,,,,,,,,,,,,,,,,,,
34,XALAPA,02/03/2014,LUNES,21:05,21:30,,XALAPA,XALAPA,URBANA,,,HERMINIO CABAÑAS,RAFAEL LUCIO,LAZARO CARDENAS Y MANUEL M. CONTRERAS,BUENO,,CONCRETO,SECO,DESCENDENTE,NINGUNA,SIN RESTRICCIÓN,COLISIÓN,,OBJETO FIJO,1,A - AUTOMÓVIL,VOLKSWAGEN,SEDAN,VERACRUZ,DORADO,HECHO EN MÉXICO,11B0113745,P - PARTICULAR,,,,,,OTRO,NO APLICA,2500,0,,,,,,,,,,,,,,,,,,,,,
35,XALAPA,02/03/2014,LUNES,22:05,22:20,,XALAPA,XALAPA,URBANA,,,AVENIDA VILLAHERMOSA,PROGRESO MACUILTEPEC,SONORA,BUENO,,CONCRETO,SECO,DESCENDENTE,NINGUNA,SIN RESTRICCIÓN,COLISIÓN,ÁNGULO,VEHÍCULO CIRCULANDO,2,A - AUTOMÓVIL,NISSAN,TSURU,VERACRUZ,ROJO,E16579945,3BAMB1314199,P - PARTICULAR,,40,HOMBRE,,,OTRO,NO APLICA,6000,1,,,,,,,,,,,,,,,,,,,,,
35,,,,,,,,,,,6,,,,,,,,,,,,,,,A - AUTOMÓVIL,VOLKSWAGEN,SEAT,VERACRUZ,GRIS,BTS178224,VSSXY46J2BR064154,P - PARTICULAR,,34,MUJER,C,SI,,,25000,,,,,,,,,1,,,,,,,,,,,,,
36,XALAPA,02/04/2014,MARTES,,09:20,09:35,XALAPA,XALAPA,URBANA,,,INOCENCIO BALLESTEROS,GUADALUPE VICTORIA,RUIZ CORTINEZ Y FERNANDO GUTIERREZ BARRIOS,REGULAR,SOLEADO,CONCRETO,SECO,DESCENDENTE,NINGUNA,SIN RESTRICCIÓN,COLISIÓN,LATERAL,VEHÍCULO CIRCULANDO,2,C - CAMIONETA,NISSAN,NP-300,VERACRUZ,BLANCO,KA24559259A,3NG0023T8CK030929,P - PARTICULAR,SI,19,HOMBRE,,,CAMBIAR CARRIL SIN PRECAUCIÓN,NO APLICA,1500,0,,,,,,,,,,,,,,,,,,,,,
36,,,,,,,,,,,,,,,,,,,,,,,,,,AS - AUTOBÚS SUBURBANO,NAVISTAR,,,BLANCO/NARANJA,SIN NUMERO,3HBBNAAN24L689713,PE - PÚBLICO ESTATAL,SI,29,HOMBRE,A,SI,,,1500,,,,,,,,,,,,,,,,,,,,,,