idMES,DELEGACION DE TRANSITO,FECHA DEL ACCIDENTE,DIA DE LA SEMANA,HORA EN QUE SE RECIBIO LA LLAMADA REPORTANDO EL ACCIDENTE,HORA DE ARRIBO DEL PERITO AL SITIO,HORA DE REGRESO DEL PERITO A LAS INSTALACIONES DE SU DELEGACION,LOCALIDAD ACCIDENTE,MUNICIPIO ACCIDENTE,ZONA,CARRETERA/KILOMETRO DEL ACCIDENTE,NUMERO DE AVENIDA,CALLE/AVENIDA DEL ACCIDENTE,COLONIA,ENTRE CALLES,CONDICIONES DE LA VIA,CONDICIONES NATURALES,SUPERFICIE DE LA VIA,ESTADO DE LA VIA,TANGENTE,TIPO DE CONTROL DE TRANSITO,RESTRICCIONES DE LA VIA,TIPO DE ACCIDENTE,FORMA DE ACCIDENTARSE,CONTRA QUE FUE EL IMPACTO,CANTIDAD DE VEHICULOS,TIPO DE VEHICULO,MARCA,SUBMARCA,ENTIDAD FEDERATIVA DEL VEHICULO,COLOR DEL VEHICULO,MOTOR,SERIE,TIPO DE SERVICIO PARA EL QUE SE OCUPAN LOS VEHICULOS,ASEGURADO,EDAD CONDUCTOR,SEXO CONDUCTOR,TIPO LICENCIA,LICENCIA VIGENTE,CAUSA ATRIBUIBLE AL CONDUCTOR,CAUSA ATRIBUIBLE AL PEATON,DANIOS (MONTO APROXIMADO EN MXN),NUMERO DE HERIDOS,MUJER HERIDA DE 0-15 ANIOS,HOMBRE HERIDO DE 0-15 ANIOS,MUJER HERIDA DE 16-30 ANIOS,HOMBRE HERIDO DE 16-30 ANIOS,MUJER HERIDA DE 31-45 ANIOS,HOMBRE HERIDO DE 31-45 ANIOS,MUJER HERIDA DE 46-60 ANIOS,HOMBRE HERIDO DE 46-60 ANIOS,MUJER HERIDA MAS DE 60 ANIOS,HOMBRE HERIDO MAS DE 60 ANIOS,NUMERO DE MUERTOS,MUJER MUERTA DE 0-15 ANIOS,HOMBRE MUERTO DE 0-15 ANIOS,MUJER MUERTA DE 16-30 ANIOS,HOMBRE MUERTO DE 16-30 ANIOS,MUJER MUERTA DE 31-45 ANIOS,HOMBRE MUERTO DE 31-45 ANIOS,MUJER MUERTA DE 46-60 ANIOS,HOMBRE MUERTO DE 46-60 ANIOS,MUJER MUERTA MAS DE 60 ANIOS,HOMBRE MUERTO MAS DE 60 ANIOS
37,XALAPA,02/04/2014,MARTES,10:45,10:52,,XALAPA,XALAPA,URBANA,,,AVENIDA CIRCUITO PRESIDENTES,EMILIANO ZAPATA,ANGEL CARBAJAL,BUENO,SOLEADO,ASFALTO,SECO,A NIVEL,NINGUNA,SIN RESTRICCIÓN,COLISIÓN,POR ALCANCE,VEHÍCULO CIRCULANDO,2,C - CAMIONETA,CHEVROLET,TRACKER,VERACRUZ,ROJO,SIN NUMERO,2CNBE18UXM6920386,P - PARTICULAR,NO,41,HOMBRE,B,SI,NO GUARDAR DISTANCIA,NO APLICA,MINIMOS,0,,,,,,,,,,,,,,,,,,,,,
37,,,,,,,,,,,9,,,,,,,,,,,,,,,A - AUTOMÓVIL,NISSAN,TSURU,VERACRUZ,BLANCO/VERDE,GA18715715Y,3N1EB3159AK316348,PE - PÚBLICO ESTATAL,SI,30,HOMBRE,A,SI,,,5500,,,,,,,,,,,,,,,,,,,,,,
38,XALAPA,02/04/2014,MARTES,,12:40,12:55,XALAPA,XALAPA,URBANA,,,AVENIDA LAZARO CARDENAS,ENCINAL,CHEDRAUI CARAM,BUENO,SOLEADO,ASFALTO,SECO,A NIVEL,NINGUNA,SIN RESTRICCIÓN,COLISIÓN,LATERAL,VEHÍCULO CIRCULANDO,2,A - AUTOMÓVIL,NISSAN,TSURU,VERACRUZ,BLANCO/ROJO,GA16737324Y,3N1EB31S7AK3383,PE - PÚBLICO ESTATAL,NO,28,HOMBRE,A,SI,CAMBIAR CARRIL SIN PRECAUCIÓN,NO APLICA,2000,0,,,,,,,,,,,,,,,,,,,,,
38,,,,,,,,,,,1,,,,,,,,,,,,,,,CC - CAMIÓN DE CARGA,NAVISTAR,INTERNATIONAL,VERACRUZ,BLANCO,79059145,1HSZHAPT25J0506902,P - PARTICULAR,NO,54,HOMBRE,A,SI,,,500,,,,,,,,,,,,,,,,,,,,,,
39,XALAPA,02/04/2014,MARTES,,14:00,,XALAPA,XALAPA,URBANA,,,AMERICAS,POMONA,INDEPENDENCIA Y PUENTE BICENTENARIO,BUENO,,CONCRETO,SECO,A NIVEL,NINGUNA,SIN RESTRICCIÓN,COLISIÓN,ÁNGULO,VEHÍCULO CIRCULANDO,2,C - CAMIONETA,CHRYSLER,JEEP,VERACRUZ,BLANCO,HECHO EN MÉXICO,1J4F1Z8W88O584877,P - PARTICULAR,NO,18,MUJER,,,NO RESPETAR CEDA EL PASO,NO APLICA,5000,0,,,,,,,,,,,,,,,,,,,,,
39,,,,,,,,,,,3,,,,,,,,,,,,,,,A - AUTOMÓVIL,NISSAN,TSURU,VERACRUZ,BLANCO/ROJO,GA16787441W,3N1B31S95K,PE - PÚBLICO ESTATAL,SI,38,HOMBRE,A,SI,,,10000,,,,,,,,,,,,,,,,,,,,,,
40,XALAPA,02/04/2014,MARTES,,14:30,14:55,XALAPA,XALAPA,URBANA,,,BOLIVIA,AMPLIACION LIBERTAD,,REGULAR,SOLEADO,CONCRETO,SECO,A NIVEL,NINGUNA,SIN RESTRICCIÓN,COLISIÓN,LATERAL,VEHÍCULO CIRCULANDO,2,A - AUTOMÓVIL,CHEVROLET,CHEVY,VERACRUZ,AZUL,SIN NUMERO,8AGSM35NX3R108732,P - PARTICULAR,NO,64,MUJER,B,SI,CAMBIAR CARRIL SIN PRECAUCIÓN,NO APLICA,4000,0,,,,,,,,,,,,,,,,,,,,,
40,,,,,,,,,,,19,,,,,,,,,,,,,,,AS - AUTOBÚS SUBURBANO,NAVISTAR,INTERNATIONAL,VERACRUZ,BLANCO/AZUL,470HM2U1373766,3HVBNAAN33N569061,PE - PÚBLICO ESTATAL,SI,25,HOMBRE,A,SI,,,4000,,,,,,,,,,,,,,,,,,,,,,
41,XALAPA,02/04/2014,MARTES,14:26,14:56,,XALAPA,XALAPA,URBANA,,,AVENIDA AVILA CAMACHO,,,BUENO,SOLEADO,CONCRETO,SECO,A NIVEL,NINGUNA,SIN RESTRICCIÓN,COLISIÓN,LATERAL,VEHÍCULO CIRCULANDO,2,A - AUTOMÓVIL,PEUGEOT,,VERACRUZ,NEGRO,10DBTH0034278,BAD2CNGA460006408,P - PARTICULAR,NO,22,HOMBRE,C,SI,CAMBIAR CARRIL SIN PRECAUCIÓN,NO APLICA,500,0,,,,,,,,,,,,,,,,,,,,,
41,,,,,,,,,,,4,,,,,,,,,,,,,,,A - AUTOMÓVIL,NISSAN,TSURU,VERACRUZ,,GA167061272,3N1EB31S9DK19985,PE - PÚBLICO ESTATAL,SI,24,HOMBRE,A,SI,,,MINIMOS,,,,,,,,,,,,,,,,,,,,,,
42,XALAPA,02/04/2014,MARTES,,15:00,,XALAPA,XALAPA,URBANA,,,AVENIDA AVILA CAMACHO,,,BUENO,SOLEADO,CONCRETO,SECO,A NIVEL,NINGUNA,ACCIDENTE PREVIO,COLISIÓN,LATERAL,VEHÍCULO CIRCULANDO,2,A - AUTOMÓVIL,NISSAN,MARCH,VERACRUZ,GRIS,HR16890239G,3N1CK3CGXEL220449,P - PARTICULAR,SI,35,HOMBRE,A,SI,CAMBIAR CARRIL SIN PRECAUCIÓN,NO APLICA,5500,0,,,,,,,,,,,,,,,,,,,,,
42,,,,,,,,,,,4,,,,,,,,,,,,,,,AS - AUTOBÚS SUBURBANO,INTERNATIONAL,CHASIS,VERACRUZ,BLANCO,,,PE - PÚBLICO ESTATAL,NO,27,HOMBRE,A,SI,,,MINIMOS,,,,,,,,,,,,,,,,,,,,,,
43,XALAPA,02/04/2014,MARTES,,15:55,16:10,XALAPA,XALAPA,URBANA,,,IGNACIO DE LA LLAVE,,RUIZ CORTINES,REGULAR,SOLEADO,CONCRETO,SECO,ASCENDENTE,SEMÁFORO FUNCIONANDO,SIN RESTRICCIÓN,COLISIÓN,POR ALCANCE,VEHÍCULO CIRCULANDO,2,A - AUTOMÓVIL,NISSAN,TSURU,VERACRUZ,BLANCO/VERDE,GA16782066W,3N1EB31S98K337243,PE - PÚBLICO ESTATAL,SI,22,HOMBRE,A,SI,NO GUARDAR DISTANCIA,NO APLICA,2500,0,,,,,,,,,,,,,,,,,,,,,
43,,,,,,,,,,,8,,,,,,,,,,,,,,,C - CAMIONETA,FORD,SCAPE,VERACRUZ,PLATA,SIN NUMERO,1FMYLU022XBK865716,P - PARTICULAR,SI,23,MUJER,C,SI,,,2500,,,,,,,,,,,,,,,,,,,,,,
44,XALAPA,02/04/2014,MARTES,17:15,17:30,,XALAPA,XALAPA,URBANA,,,AVENIDA CIRCUITO PRESIDENTES,TEJAR,MURILLO VIDAL Y 20 DE NOVIEMBRE,BUENO,SOLEADO,CONCRETO,SECO,A NIVEL,NINGUNA,SIN RESTRICCIÓN,COLISIÓN,POR ALCANCE,VEHÍCULO CIRCULANDO,2,A - AUTOMÓVIL,CHEVROLET,CHEVY,TLAXCALA,BEIGE,,,P - PARTICULAR,NO,30,HOMBRE,C,SI,NO GUARDAR DISTANCIA,NO APLICA,3500,0,,,,,,,,,,,,,,,,,,,,,
44,,,,,,,,,,,9,,,,,,,,,,,,,,,A - AUTOMÓVIL,NISSAN,TSURU,VERACRUZ,BLANCO/ROJO,,,PE - PÚBLICO ESTATAL,SI,22,HOMBRE,A,SI,,,2000,,,,,,,,,,,,,,,,,,,,,,
45,XALAPA,02/04/2014,MARTES,,17:30,,XALAPA,XALAPA,URBANA,,,AVENIDA LAZARO CARDENAS,,,BUENO,,ASFALTO,SECO,A NIVEL,NINGUNA,SIN RESTRICCIÓN,COLISIÓN,LATERAL,VEHÍCULO CIRCULANDO,2,AS - AUTOBÚS SUBURBANO,INTERNATIONAL,,VERACRUZ,BLANCO,470HM2U1286431,3HVBNAAN11N019511,PE - PÚBLICO ESTATAL,,24,HOMBRE,A,,CAMBIAR CARRIL SIN PRECAUCIÓN,NO APLICA,MINIMOS,0,,,,,,,,,,,,,,,,,,,,,
45,,,,,,,,,,,1,,,,,,,,,,,,,,,A - AUTOMÓVIL,FORD,CURIER,VERACRUZ,ROJO,SIN NUMERO,9BFBT32N827931677,P - PARTICULAR,,31,HOMBRE,A,,,,1000,,,,,,,,,,,,,,,,,,,,,,
46,XALAPA,02/04/2014,MARTES,,21:00,,XALAPA,XALAPA,URBANA,,,CIRCUITO PRESIDENTES,,,BUENO,,ASFALTO,SECO,DESCENDENTE,NINGUNA,SIN RESTRICCIÓN,COLISIÓN,POR ALCANCE,VEHÍCULO CIRCULANDO,2,A - AUTOMÓVIL,GENERAL MOTORS,CORSA,DISTRITO FEDERAL,BLANCO,HECHO EN BRASIL,93CXM19256C168811,P - PARTICULAR,,32,MUJER,A,SI,NO GUARDAR DISTANCIA,NO APLICA,500,0,,,,,,,,,,,,,,,,,,,,,
46,,,,,,,,,,,9,,,,,,,,,,,,,,,A - AUTOMÓVIL,VOLKSWAGEN,SEDAN,VERACRUZ,PLATA,ACD458581,3VWSA1B33M912177,P - PARTICULAR,,57,HOMBRE,A,SI,,,500,,,,,,,,,,,,,,,,,,,,,,
47,XALAPA,02/04/2014,MARTES,,13:30,,XALAPA,XALAPA,URBANA,,,AZABACHE,MANANTIALES,CORAL Y CONCHA,BUENO,,CONCRETO,SECO,A NIVEL,NINGUNA,SIN RESTRICCIÓN,COLISIÓN,POR ALCANCE,VEHÍCULO CIRCULANDO,2,A - AUTOMÓVIL,CHEVROLET,R-36003,VERACRUZ,ROJO,HECHO EN MÉXICO,3GBJC3YR26M118499,P - PARTICULAR,,33,HOMBRE,B,SI,OTRO,NO APLICA,SIN DAÑOS,0,,,,,,,,,,,,,,,,,,,,,
47,,,,,,,,,,,,,,,,,,,,,,,,,,A - AUTOMÓVIL,ISUZU,CHASIS CABINA,VERACRUZ,BLANCO,933641,JAANMR85XA7501119,P - PARTICULAR,,28,HOMBRE,B,SI,,,9000,,,,,,,,,,,,,,,,,,,,,,
48,XALAPA,02/04/2014,MARTES,11:00,,,XALAPA,XALAPA,URBANA,,,AVENIDA LAZARO CARDENAS,ENCINAL,20 DE NOVIEMBRE,BUENO,,CONCRETO,SECO,A NIVEL,NINGUNA,SIN RESTRICCIÓN,COLISIÓN,POR ALCANCE,VEHÍCULO CIRCULANDO,2,C - CAMIONETA,FORD,LOBO,JALISCO,PLATA,SIN NUMERO,1FTRF04545KB46845,P - PARTICULAR,,35,HOMBRE,B,SI,NO GUARDAR DISTANCIA,NO APLICA,6000,0,,,,,,,,,,,,,,,,,,,,,
48,,,,,,,,,,,1,,,,,,,,,,,,,,,A - AUTOMÓVIL,RENAULT,KANGOO,VERACRUZ,BLANCO,Q004996,BA1FC1J535L001522,P - PARTICULAR,,53,HOMBRE,B,SI,,,SIN DAÑOS,,,,,,,,,,,,,,,,,,,,,,
49,XALAPA,02/04/2014,MARTES,08:12,08:50,,XALAPA,XALAPA,URBANA,,,SAN DIMAS,SANTA FE,SAN ABRAHAM,BUENO,,CONCRETO,SECO,ASCENDENTE,NINGUNA,SIN RESTRICCIÓN,COLISIÓN,ÁNGULO,VEHÍCULO CIRCULANDO,2,A - AUTOMÓVIL,NISSAN,TSURU,VERACRUZ,BLANCO/ROJO,GA16764983W,3N1EB31S08K321920,PE - PÚBLICO ESTATAL,,45,HOMBRE,A,SI,OTRO,NO APLICA,20000,2,,1,,1,,,,,,,,,,,,,,,,,
49,,,,,,,,,,,,,,,,,,,,,,,,,,A - AUTOMÓVIL,CHEVROLET,MATIZ,VERACRUZ,,,KL1MD6A01BC130305,P - PARTICULAR,,27,HOMBRE,,,,,30000,,,,,,,,,,,,,,,,,,,,,,
50,XALAPA,02/04/2014,MARTES,03:25,03:30,,XALAPA,XALAPA,URBANA,,,URSULO GALVAN,CENTRO,AYUNTAMIENTO,BUENO,,CONCRETO,SECO,DESCENDENTE,NINGUNA,SIN RESTRICCIÓN,COLISIÓN,,VEHÍCULO ESTACIONADO,2,C - CAMIONETA,MITSUBISHI,OUTLANDER,VERACRUZ,BLANCO,,,,,20,HOMBRE,,,ALCOHOL / DROGAS,NO APLICA,5000,0,,,,,,,,,,,,,,,,,,,,,
50,,,,,,,,,,,,,,,,,,,,,,,,,,C - CAMIONETA,DODGE,PICK UP,VERACRUZ,,,,,,,,,,,,2000,,,,,,,,,,,,,,,,,,,,,,
51,XALAPA,02/05/2014,MIÉRCOLES,,09:40,,XALAPA,XALAPA,URBANA,,,PRINCIPAL LAS TRANCAS,EMILIANO ZAPATA,,BUENO,,ASFALTO,SECO,A NIVEL,NINGUNA,SIN RESTRICCIÓN,COLISIÓN,LATERAL,VEHÍCULO CIRCULANDO,2,AS - AUTOBÚS SUBURBANO,INTERNATIONAL,CHASIS,VERACRUZ,AMARILLO,470HM2U1345971,3HVBNAAN42N544371,PE - PÚBLICO ESTATAL,NO,26,HOMBRE,A,SI,CAMBIAR CARRIL SIN PRECAUCIÓN,NO APLICA,MINIMOS,0,,,,,,,,,,,,,,,,,,,,,
51,,,,,,,,,,,15,,,,,,,,,,,,,,,A - AUTOMÓVIL,VOLKSWAGEN,CARIBE,VERACRUZ,AZUL,FV027606,1783444909,P - PARTICULAR,NO,26,HOMBRE,A,SI,,,1500,,,,,,,,,,,,,,,,,,,,,,
52,XALAPA,02/05/2014,MIÉRCOLES,,10:45,,XALAPA,XALAPA,URBANA,,,AVENIDA ATENAS VERACRUZANAS,SOSTENES M. BLANCO,CARLOS II Y ANTONIO M. QUIRASCO,BUENO,,CONCRETO,SECO,ASCENDENTE,NINGUNA,SIN RESTRICCIÓN,COLISIÓN,LATERAL,VEHÍCULO CIRCULANDO,2,C - CAMIONETA,NISSAN,PICK UP,VERACRUZ,BLANCO,Q34401M,6MS0021031882,P - PARTICULAR,NO,50,HOMBRE,,,CAMBIAR CARRIL SIN PRECAUCIÓN,NO APLICA,1000,0,,,,,,,,,,,,,,,,,,,,,
52,,,,,,,,,,,,,,,,,,,,,,,,,,AS - AUTOBÚS SUBURBANO,INTERNATIONAL,CHASIS CONTROL,VERACRUZ,BLANCO,466HM2N8001068,3HVBMAAK79N121672,PE - PÚBLICO ESTATAL,NO,54,HOMBRE,A,SI,,,2000,,,,,,,,,,,,,,,,,,,,,,
53,XALAPA,02/05/2014,MIÉRCOLES,,11:05,,XALAPA,XALAPA,URBANA,,,AVENIDA LAZARO CARDENAS,ANIMAS,,BUENO,,ASFALTO,SECO,A NIVEL,NINGUNA,SIN RESTRICCIÓN,COLISIÓN,ÁNGULO,VEHÍCULO CIRCULANDO,2,AS - AUTOBÚS SUBURBANO,INTERNATIONAL,CHASIS,VERACRUZ,BLANCO,,,PE - PÚBLICO ESTATAL,NO,39,HOMBRE,A,SI,CAMBIAR CARRIL SIN PRECAUCIÓN,NO APLICA,500,0,,,,,,,,,,,,,,,,,,,,,
53,,,,,,,,,,,1,,,,,,,,,,,,,,,C - CAMIONETA,MAN TRACK BUS,CHASIS,VERACRUZ,BLANCO,9533U5R4DR300535,1.53E+12,P - PARTICULAR,SI,34,HOMBRE,B,SI,,,3500,,,,,,,,,,,,,,,,,,,,,,
54,XALAPA,02/05/2014,MIÉRCOLES,11:10,11:20,,XALAPA,XALAPA,URBANA,,,AVENIDA RUIZ CORTINES,OBRERO CAMPESINA,JESUS REYES HEROLES,BUENO,SOLEADO,ASFALTO,SECO,A NIVEL,SEÑAL DE ALTO,SIN RESTRICCIÓN,COLISIÓN,ÁNGULO,VEHÍCULO CIRCULANDO,2,C - CAMIONETA,TOYOTA,RAV-4,VERACRUZ,BLANCO,2A24972847,JTEG020V950451980,P - PARTICULAR,SI,65,HOMBRE,,,NO RESPETAR CEDA EL PASO,NO APLICA,7000,0,,,,,,,,,,,,,,,,,,,,,
54,,,,,,,,,,,2,,,,,,,,,,,,,,,A - AUTOMÓVIL,NISSAN,TSURU,VERACRUZ,BLANCO/VERDE,GA16894181P,,PE - PÚBLICO ESTATAL,SI,32,HOMBRE,A,SI,,,3500,,,,,,,,,,,,,,,,,,,,,,
55,XALAPA,02/05/2014,MIÉRCOLES,,13:20,,XALAPA,XALAPA,URBANA,,,AVENIDA AMERICAS,LOS LAURELES,FERROCARRIL INTEROCEANICO,BUENO,SOLEADO,ASFALTO,SECO,A NIVEL,NINGUNA,SIN RESTRICCIÓN,COLISIÓN,ÁNGULO,VEHÍCULO CIRCULANDO,2,AS - AUTOBÚS SUBURBANO,MERCEDES BENZ,CHASIS,VERACRUZ,BLANCO/NARANJA,,,PE - PÚBLICO ESTATAL,SI,40,HOMBRE,A,SI,CAMBIAR CARRIL SIN PRECAUCIÓN,NO APLICA,100,0,,,,,,,,,,,,,,,,,,,,,
55,,,,,,,,,,,3,,,,,,,,,,,,,,,C - CAMIONETA,FORD,ESCAPE,,BEIGE,HECHO EN USA,1FMCV02208KC89759,P - PARTICULAR,NO,20,HOMBRE,C,SI,,,2000,,,,,,,,,,,,,,,,,,,,,,
56,XALAPA,02/05/2014,MIÉRCOLES,,14:15,,XALAPA,XALAPA,URBANA,,,AVENIDA 20 DE NOVIEMBRE,CENTRO,XALAPEÑOS ILUSTRES Y MOCTEZUMA,BUENO,,CONCRETO,SECO,A NIVEL,NINGUNA,SIN RESTRICCIÓN,COLISIÓN,ÁNGULO,VEHÍCULO CIRCULANDO,2,A - AUTOMÓVIL,NISSAN,SENTRA,VERACRUZ,BLANCO,M1200132572H,3N1AB61D67L612206,P - PARTICULAR,SI,30,MUJER,A,SI,NO RESPETAR CEDA EL PASO,NO APLICA,2000,0,,,,,,,,,,,,,,,,,,,,,
56,,,,,,,,,,,5,,,,,,,,,,,,,,,A - AUTOMÓVIL,NISSAN,TSURU,VERACRUZ,BLANCO/ROJO,GA16883207V,3N1EB31587K319704,PE - PÚBLICO ESTATAL,SI,25,HOMBRE,A,SI,,,4500,,,,,,,,,,,,,,,,,,,,,,
57,XALAPA,02/05/2014,MIÉRCOLES,,15:15,,XALAPA,XALAPA,URBANA,,,CAMINO ANTIGUO AL SUMIDERO,,,BUENO,,CONCRETO,,DESCENDENTE,NINGUNA,SIN RESTRICCIÓN,COLISIÓN,ÁNGULO,VEHÍCULO CIRCULANDO,2,C - CAMIONETA,CHRYSLER,RAM 1500,VERACRUZ,BLANCO,HECHO EN MÉXICO,3B7HC16X52M311203,P - PARTICULAR,SI,34,HOMBRE,B,SI,CIRCULAR EN SENTIDO CONTRARIO,NO APLICA,MINIMOS,0,,,,,,,,,,,,,,,,,,,,,
57,,,,,,,,,,,,,,,,,,,,,,,,,,A - AUTOMÓVIL,NISSAN,SENTRA,VERACRUZ,CHAMPAGNE,QG18756912P,3N1CB51S2L062973,P - PARTICULAR,SI,35,MUJER,B,SI,,,2000,,,,,,,,,,,,,,,,,,,,,,
58,XALAPA,02/05/2014,MIÉRCOLES,14:00,14:20,14:40,XALAPA,XALAPA,URBANA,,,AVENIDA AMERICAS,DEL MAESTRO,NUEVO LEON,BUENO,,CONCRETO,SECO,A NIVEL,SEMÁFORO FUNCIONANDO,SIN RESTRICCIÓN,COLISIÓN,ÁNGULO,VEHÍCULO CIRCULANDO,2,C - CAMIONETA,NISSAN,FRONTIER,VERACRUZ,PLATA,V633144582N,3M6ED27Y7YC411897,P - PARTICULAR,SI,74,HOMBRE,B,SI,NO RESPETAR SEÑAL DE ALTO,NO APLICA,700,0,,,,,,,,,,,,,,,,,,,,,
58,,,,,,,,,,,3,,,,,,,,,,,,,,,A - AUTOMÓVIL,NISSAN,SEDAN,VERACRUZ,BLANCO/VERDE,GA1677835114,3N1EB31S7BT32579,PE - PÚBLICO ESTATAL,SI,48,HOMBRE,A,SI,,,3000,,,,,,,,,,,,,,,,,,,,,,
59,XALAPA,02/05/2014,MIÉRCOLES,,17:55,,XALAPA,XALAPA,URBANA,,,MAESTROS VERACRUZANOS,,LAZARO CARDENAS,BUENO,,ASFALTO,SECO,A NIVEL,NINGUNA,SIN RESTRICCIÓN,COLISIÓN,ÁNGULO,VEHÍCULO CIRCULANDO,2,A - AUTOMÓVIL,CHEVROLET,MERIVA,VERACRUZ,PLATA,SIN NUMERO,W0LXC913174220428,P - PARTICULAR,SI,32,MUJER,C,SI,OTRO,NO APLICA,4000,0,,,,,,,,,,,,,,,,,,,,,
59,,,,,,,,,,,,,,,,,,,,,,,,,,C - CAMIONETA,FORD,ECO-SPORT,DISTRITO FEDERAL,VINO,IMPORTADO,92FUT35F96876539,P - PARTICULAR,NO,45,MUJER,A,SI,,,3000,,,,,,,,,,,,,,,,,,,,,,
60,XALAPA,02/05/2014,MIÉRCOLES,18:15,18:30,18:45,XALAPA,XALAPA,URBANA,,,RETORNO XALAPA,UNIDAD DEL BOSQUE,,BUENO,,CONCRETO,SECO,A NIVEL,SEMÁFORO FUNCIONANDO,SIN RESTRICCIÓN,COLISIÓN,POR ALCANCE,VEHÍCULO CIRCULANDO,2,A - AUTOMÓVIL,NISSAN,ALTIMA,VERACRUZ,PLATINO,QR256369862,1D4AC11ESSC102076,P - PARTICULAR,,53,HOMBRE,C,SI,NO GUARDAR DISTANCIA,NO APLICA,600,0,,,,,,,,,,,,,,,,,,,,,
60,,,,,,,,,,,,,,,,,,,,,,,,,,A - AUTOMÓVIL,NISSAN,SENTRA,VERACRUZ,GRIS,MR20129475H,3N1EB61A1TC723102,P - PARTICULAR,,59,MUJER,A,SI,,,500,,,,,,,,,,,,,,,,,,,,,,
61,XALAPA,02/05/2014,MIÉRCOLES,,18:40,,XALAPA,XALAPA,URBANA,,,PUENTE BICENTENARIO,,LAZARO CARDENAS,BUENO,SOLEADO,ASFALTO,SECO,A NIVEL,NINGUNA,SIN RESTRICCIÓN,COLISIÓN,POR ALCANCE,VEHÍCULO CIRCULANDO,3,A - AUTOMÓVIL,NISSAN,TSURU,VERACRUZ,BLANCO/ROJO,GA16779565W,3N1EB31558K334775,PE - PÚBLICO ESTATAL,NO,26,HOMBRE,A,SI,VELOCIDAD INMODERADA,NO APLICA,1500,0,,,,,,,,,,,,,,,,,,,,,
61,,,,,,,,,,,,,,,,,,,,,,,,,,A - AUTOMÓVIL,NISSAN,TSURU,VERACRUZ,BLANCO/ROJO,GA167438299,3N1EB31SXAK339842,PE - PÚBLICO ESTATAL,SI,54,HOMBRE,A,SI,,,1500,,,,,,,,,,,,,,,,,,,,,,
61,,,,,,,,,,,,,,,,,,,,,,,,,,A - AUTOMÓVIL,NISSAN,TSURU,VERACRUZ,BLANCO/VERDE,,,PE - PÚBLICO ESTATAL,SI,53,HOMBRE,,,,,300,,,,,,,,,,,,,,,,,,,,,,
62,XALAPA,02/05/2014,MIÉRCOLES,,11:10,,XALAPA,XALAPA,URBANA,,,ANTONIO M. QUIRASCO,SOSTENES MEJIA,RAMON LOPEZ VELARDE Y CIUDAD DE LAS FLORES,BUENO,SOLEADO,ASFALTO,SECO,ASCENDENTE,NINGUNA,SIN RESTRICCIÓN,COLISIÓN,,OBJETO FIJO,1,C - CAMIONETA,FORD,F-350,VERACRUZ,ROJO,3MB10074,3FDKF36L83MB10074,P - PARTICULAR,NO,19,HOMBRE,,,OTRO,NO APLICA,SIN DAÑOS,1,,,,,,,,1,,,,,,,,,,,,,
63,XALAPA,02/05/2014,MIÉRCOLES,,16:35,,XALAPA,XALAPA,URBANA,,,AVENIDA RUIZ CORTINES,OBRERO CAMPESINA,FCO. MORENO,BUENO,,ASFALTO,SECO,ASCENDENTE,SEMÁFORO FUNCIONANDO,SIN RESTRICCIÓN,COLISIÓN,ÁNGULO,VEHÍCULO CIRCULANDO,2,C - CAMIONETA,FORD,F-150,VERACRUZ,ROJO,SIN NUMERO,1FTEX1000AKB14982,P - PARTICULAR,SI,46,HOMBRE,B,SI,NO GUARDAR DISTANCIA,NO APLICA,8000,1,,,1,,,,,,,,,,,,,,,,,,
63,,,,,,,,,,,2,,,,,,,,,,,,,,,A - AUTOMÓVIL,VOLKSWAGEN,JETTA,VERACRUZ,PLATA,BHP154889,3VWYV49M86MD5399,P - PARTICULAR,NO,21,HOMBRE,B,SI,,,35000,,,,,,,,,,,,,,,,,,,,,,
64,XALAPA,02/05/2014,MIÉRCOLES,,19:30,20:30,XALAPA,XALAPA,URBANA,,,AVENIDA LAZARO CARDENAS,AGUA SANTA,,BUENO,,CONCRETO,SECO,ASCENDENTE,NINGUNA,SIN RESTRICCIÓN,COLISIÓN,POR ALCANCE,VEHÍCULO CIRCULANDO,3,A - AUTOMÓVIL,CHEVROLET,CRUZE,VERACRUZ,CARBON FLAXH,HECHO EN KOREA,KL8PQ5C52K129612,P - PARTICULAR,SI,19,MUJER,C,SI,NO GUARDAR DISTANCIA,NO APLICA,12500,1,,,1,,,,,,,,,,,,,,,,,,
64,,,,,,,,,,,1,,,,,,,,,,,,,,,C - CAMIONETA,CHEVROLET,GM TAHOE,DISTRITO FEDERAL,NEGRO,HECHO EN USA,1GNSCGE05DR163604,P - PARTICULAR,SI,35,HOMBRE,C,SI,,,4000,,,,,,,,,,,,,,,,,,,,,,
64,,,,,,,,,,,,,,,,,,,,,,,,,,C - CAMIONETA,CHRYSLER,JEEP,VERACRUZ,BLANCO,HECHO EN USA,1CARJEAGXCC218544,P - PARTICULAR,SI,52,HOMBRE,B,SI,,,1500,,,,,,,,,,,,,,,,,,,,,,