idMES,DELEGACION DE TRANSITO,FECHA DEL ACCIDENTE,DIA DE LA SEMANA,HORA EN QUE SE RECIBIO LA LLAMADA REPORTANDO EL ACCIDENTE,HORA DE ARRIBO DEL PERITO AL SITIO,HORA DE REGRESO DEL PERITO A LAS INSTALACIONES DE SU DELEGACION,LOCALIDAD ACCIDENTE,MUNICIPIO ACCIDENTE,ZONA,CARRETERA/KILOMETRO DEL ACCIDENTE,NUMERO DE AVENIDA,CALLE/AVENIDA DEL ACCIDENTE,COLONIA,ENTRE CALLES,CONDICIONES DE LA VIA,CONDICIONES NATURALES,SUPERFICIE DE LA VIA,ESTADO DE LA VIA,TANGENTE,TIPO DE CONTROL DE TRANSITO,RESTRICCIONES DE LA VIA,TIPO DE ACCIDENTE,FORMA DE ACCIDENTARSE,CONTRA QUE FUE EL IMPACTO,CANTIDAD DE VEHICULOS,TIPO DE VEHICULO,MARCA,SUBMARCA,ENTIDAD FEDERATIVA DEL VEHICULO,COLOR DEL VEHICULO,MOTOR,SERIE,TIPO DE SERVICIO PARA EL QUE SE OCUPAN LOS VEHICULOS,ASEGURADO,EDAD CONDUCTOR,SEXO CONDUCTOR,TIPO LICENCIA,LICENCIA VIGENTE,CAUSA ATRIBUIBLE AL CONDUCTOR,CAUSA ATRIBUIBLE AL PEATON,DANIOS (MONTO APROXIMADO EN MXN),NUMERO DE HERIDOS,MUJER HERIDA DE 0-15 ANIOS,HOMBRE HERIDO DE 0-15 ANIOS,MUJER HERIDA DE 16-30 ANIOS,HOMBRE HERIDO DE 16-30 ANIOS,MUJER HERIDA DE 31-45 ANIOS,HOMBRE HERIDO DE 31-45 ANIOS,MUJER HERIDA DE 46-60 ANIOS,HOMBRE HERIDO DE 46-60 ANIOS,MUJER HERIDA MAS DE 60 ANIOS,HOMBRE HERIDO MAS DE 60 ANIOS,NUMERO DE MUERTOS,MUJER MUERTA DE 0-15 ANIOS,HOMBRE MUERTO DE 0-15 ANIOS,MUJER MUERTA DE 16-30 ANIOS,HOMBRE MUERTO DE 16-30 ANIOS,MUJER MUERTA DE 31-45 ANIOS,HOMBRE MUERTO DE 31-45 ANIOS,MUJER MUERTA DE 46-60 ANIOS,HOMBRE MUERTO DE 46-60 ANIOS,MUJER MUERTA MAS DE 60 ANIOS,HOMBRE MUERTO MAS DE 60 ANIOS
65,XALAPA,02/05/2014,MIÉRCOLES,10:20,10:40,,XALAPA,XALAPA,URBANA,CARRETERA LAS TRANCAS,,,,,BUENO,NIEBLA,ASFALTO,SECO,A NIVEL,NINGUNA,SIN RESTRICCIÓN,COLISIÓN,DE FRENTE,VEHÍCULO CIRCULANDO,2,A - AUTOMÓVIL,NISSAN,TSURU,VERACRUZ,BLANCO/VERDE,GA16713708Y,3N18B3158AK3148,PE - PÚBLICO ESTATAL,SI,56,HOMBRE,A,SI,OTRO,NO APLICA,4000,2,,1,,,,,,,,,,,,,,,,,,,
65,,,,,,,,,,,,,,,,,,,,,,,,,,M - MOTOCICLETA,DINAMO,,,AZUL,B2002,3CUP2ASG17X00748,P - PARTICULAR,NO,21,HOMBRE,,,,,4000,,,,,1,,,,,,,,,,,,,,,,,
66,XALAPA,02/06/2014,JUEVES,,08:25,08:55,XALAPA,XALAPA,URBANA,,,RUIZ CORTINES,,,REGULAR,SOLEADO,CONCRETO,SECO,A NIVEL,NINGUNA,SIN RESTRICCIÓN,COLISIÓN,ÁNGULO,VEHÍCULO CIRCULANDO,2,C - CAMIONETA,FORD,F-160,VERACRUZ,BLANCO,SIN NUMERO,1FTZX18W0WNA47803,P - PARTICULAR,NO,35,HOMBRE,C,SI,CAMBIAR CARRIL SIN PRECAUCIÓN,NO APLICA,500,0,,,,,,,,,,,,,,,,,,,,,
66,,,,,,,,,,,2,,,,,,,,,,,,,,,A - AUTOMÓVIL,CHEVROLET,CRUZE,VERACRUZ,BLANCO,HECHO EN KOREA,KL8PD5C54DR076193,P - PARTICULAR,SI,50,HOMBRE,,,,,3000,,,,,,,,,,,,,,,,,,,,,,
67,XALAPA,02/06/2014,JUEVES,,12:00,,XALAPA,XALAPA,URBANA,,,POETA JESUS DIAZ,,,BUENO,,CONCRETO,SECO,A NIVEL,NINGUNA,SIN RESTRICCIÓN,COLISIÓN,LATERAL,VEHÍCULO CIRCULANDO,2,AS - AUTOBÚS SUBURBANO,INTERNATIONAL,,VERACRUZ,BLANCO/AMARILLO,,,PE - PÚBLICO ESTATAL,NO,21,HOMBRE,,,CAMBIAR CARRIL SIN PRECAUCIÓN,NO APLICA,500,0,,,,,,,,,,,,,,,,,,,,,
67,,,,,,,,,,,,,,,,,,,,,,,,,,A - AUTOMÓVIL,NISSAN,TSURU,VERACRUZ,BLANCO/VERDE,,,PE - PÚBLICO ESTATAL,NO,46,HOMBRE,A,SI,,,2000,,,,,,,,,,,,,,,,,,,,,,
68,XALAPA,02/06/2014,JUEVES,11:50,12:05,12:20,XALAPA,XALAPA,URBANA,,,AVENIDA LAZARO CARDENAS,ANIMAS,,BUENO,SOLEADO,ASFALTO,,DESCENDENTE,NINGUNA,SIN RESTRICCIÓN,COLISIÓN,POR ALCANCE,VEHÍCULO CIRCULANDO,2,AS - AUTOBÚS SUBURBANO,INTERNATIONAL,CHASIS,VERACRUZ,VERDE,470HM2U1508268,3HVBFAAN27N569651,PE - PÚBLICO ESTATAL,SI,26,HOMBRE,A,SI,NO GUARDAR DISTANCIA,NO APLICA,1000,0,,,,,,,,,,,,,,,,,,,,,
68,,,,,,,,,,,1,,,,,,,,,,,,,,,A - AUTOMÓVIL,NISSAN,TSURU,VERACRUZ,BLANCO/VERDE,GA16765147Y,3N1EB31SX0K304100,PE - PÚBLICO ESTATAL,SI,54,HOMBRE,A,SI,,,1000,,,,,,,,,,,,,,,,,,,,,,
69,XALAPA,02/06/2014,JUEVES,,12:20,12:35,XALAPA,XALAPA,URBANA,,,MURILLO VIDAL,CUAUHTEMOC,,BUENO,,CONCRETO,SECO,A NIVEL,NINGUNA,SIN RESTRICCIÓN,COLISIÓN,LATERAL,VEHÍCULO CIRCULANDO,2,A - AUTOMÓVIL,NISSAN,SEDAN,VERACRUZ,BLANCO/ROJO,GA16788215Y,3N1EB31S78K3071,PE - PÚBLICO ESTATAL,SI,28,HOMBRE,A,SI,CAMBIAR CARRIL SIN PRECAUCIÓN,NO APLICA,1200,0,,,,,,,,,,,,,,,,,,,,,
69,,,,,,,,,,,11,,,,,,,,,,,,,,,C - CAMIONETA,TOYOTA,HILUX,VERACRUZ,BLANCO,2TR6929113,BAJEX326KAV628801,P - PARTICULAR,SI,42,HOMBRE,,,,,1300,,,,,,,,,,,,,,,,,,,,,,
70,XALAPA,02/06/2014,JUEVES,,12:30,,XALAPA,XALAPA,URBANA,,,GALEANA,,ECHEGARAY,BUENO,,CONCRETO,SECO,A NIVEL,NINGUNA,SIN RESTRICCIÓN,COLISIÓN,LATERAL,VEHÍCULO CIRCULANDO,2,A - AUTOMÓVIL,NISSAN,TSURU,VERACRUZ,BLANCO/VERDE,GA16783960Z,3N1EB3153EK343793,PE - PÚBLICO ESTATAL,,,HOMBRE,A,SI,CAMBIAR CARRIL SIN PRECAUCIÓN,NO APLICA,1000,0,,,,,,,,,,,,,,,,,,,,,
70,,,,,,,,,,,,,,,,,,,,,,,,,,AS - AUTOBÚS SUBURBANO,INTERNATIONAL,,VERACRUZ,BLANCO,,,PE - PÚBLICO ESTATAL,,29,HOMBRE,A,SI,,,1000,,,,,,,,,,,,,,,,,,,,,,
71,XALAPA,02/06/2014,JUEVES,,16:20,16:40,XALAPA,XALAPA,URBANA,,,AVENIDA AVILA CAMACHO,,,BUENO,LLUVIA,CONCRETO,MOJADO,A NIVEL,NINGUNA,SIN RESTRICCIÓN,COLISIÓN,POR ALCANCE,VEHÍCULO CIRCULANDO,2,A - AUTOMÓVIL,NISSAN,TSURU,VERACRUZ,BLANCO/ROJO,GA16797997W,3N1EB31S06K35246,PE - PÚBLICO ESTATAL,SI,34,HOMBRE,A,SI,VELOCIDAD INMODERADA,NO APLICA,1500,0,,,,,,,,,,,,,,,,,,,,,
71,,,,,,,,,,,4,,,,,,,,,,,,,,,A - AUTOMÓVIL,NISSAN,TSURU,VERACRUZ,BLANCO/VERDE,GA1674309Y,3N1EB31S4AK316334,PE - PÚBLICO ESTATAL,SI,25,HOMBRE,A,SI,,,3000,,,,,,,,,,,,,,,,,,,,,,
72,XALAPA,02/06/2014,JUEVES,02:00,02:15,02:35,XALAPA,XALAPA,URBANA,,,CIRCUITO PRESIDENTES,BUENA VISTA,ANGEL YUÑEZ,BUENO,LLUVIA,ASFALTO,,A NIVEL,NINGUNA,SIN RESTRICCIÓN,COLISIÓN,ÁNGULO,VEHÍCULO CIRCULANDO,2,A - AUTOMÓVIL,NISSAN,TSURU,VERACRUZ,BLANCO/VERDE,GA16760936Y,3N1EB31S68K300,PE - PÚBLICO ESTATAL,SI,29,HOMBRE,A,SI,NO RESPETAR SEMÁFORO,NO APLICA,1500,0,,,,,,,,,,,,,,,,,,,,,
72,,,,,,,,,,,9,,,,,,,,,,,,,,,A - AUTOMÓVIL,NISSAN,TSURU,VERACRUZ,BLANCO/ROJO,GA16880663Y,3N1ES1154CK351494,PE - PÚBLICO ESTATAL,SI,42,HOMBRE,A,SI,,,1200,,,,,,,,,,,,,,,,,,,,,,
73,XALAPA,02/06/2014,JUEVES,,14:30,,XALAPA,XALAPA,URBANA,,,AVENIDA LAZARO CARDENAS,PEDREGAL DE LAS ANIMAS,,BUENO,,CONCRETO,,A NIVEL,NINGUNA,SIN RESTRICCIÓN,COLISIÓN,MANIOBRA EN REVERSA,VEHÍCULO CIRCULANDO,2,C - CAMIONETA,FORD,F-250,VERACRUZ,,,3FTRF17W09MA05022,P - PARTICULAR,,24,HOMBRE,,,OTRO,NO APLICA,500,0,,,,,,,,,,,,,,,,,,,,,
73,,,,,,,,,,,1,,,,,,,,,,,,,,,A - AUTOMÓVIL,SUZUKI,,VERACRUZ,,,JS2YC41S695100482,P - PARTICULAR,,44,HOMBRE,B,SI,,,4300,,,,,,,,,,,,,,,,,,,,,,
74,XALAPA,02/06/2014,JUEVES,,18:35,,XALAPA,XALAPA,URBANA,,,AVENIDA XALAPA,,LAZARO CARDENAS Y RUIZ CORTINEZ,BUENO,,ASFALTO,MOJADO,A NIVEL,NINGUNA,SIN RESTRICCIÓN,COLISIÓN,POR ALCANCE,VEHÍCULO CIRCULANDO,2,A - AUTOMÓVIL,VOLKSWAGEN,JETTA,VERACRUZ,AZUL,ACC040616,1HRM604997,P - PARTICULAR,,21,HOMBRE,B,SI,NO GUARDAR DISTANCIA,NO APLICA,2000,1,1,,,,,,,,,,,,,,,,,,,,
74,,,,,,,,,,,7,,,,,,,,,,,,,,,A - AUTOMÓVIL,DODGE,ATOS,TLAXCALA,GRIS,HECHO EN KOREA,KMHAGS1G32U287723,P - PARTICULAR,,42,HOMBRE,,,,,2000,,,,,,,,,,,,,,,,,,,,,,
75,XALAPA,02/06/2014,JUEVES,11:45,11:50,,XALAPA,XALAPA,URBANA,,,AVENIDA LAZARO CARDENAS,,PUENTE MIGUEL ALEMAN Y PONIENTE 5,BUENO,,CONCRETO,SECO,DESCENDENTE,NINGUNA,SIN RESTRICCIÓN,ATROPELLAMIENTO,,,1,C - CAMIONETA,CHEVROLET,SUBURBAN,VERACRUZ,BLANCO,HECHO EN MÉXICO,3GNFC16J97G157417,P - PARTICULAR,SI,56,HOMBRE,B,SI,,NO USABA ZONA PEATONAL,8000,,,,,,,,,,,,1,,,,,,,1,,,
75,,,,,,,,,,,1,,,,,,,,,,,,,,,,,,,,,,,,,,,,,,,,,,,,,,,,,,,,,,,,,,,,
76,XALAPA,02/06/2014,JUEVES,15:30,15:50,17:00,XALAPA,XALAPA,URBANA,,,PROFESOR ADALBERTO LARA HERNANDEZ,AGUACATAL,JJ CORONADO,BUENO,,CONCRETO,MOJADO,ASCENDENTE,NINGUNA,SIN RESTRICCIÓN,COLISIÓN,ÁNGULO,VEHÍCULO CIRCULANDO,2,A - AUTOMÓVIL,CHEVROLET,CAVALIER,VERACRUZ,AZUL,TS110133,3G1JX5448TS110133,P - PARTICULAR,,36,HOMBRE,C,SI,OTRO,NO APLICA,5000,0,,,,,,,,,,,,,,,,,,,,,
76,,,,,,,,,,,,,,,,,,,,,,,,,,A - AUTOMÓVIL,CHEVROLET,CORSA,VERACRUZ,BLANCO,HECHO EN MÉXICO,8AGXM68R84R109630,P - PARTICULAR,,34,HOMBRE,A,SI,,,5000,,,,,,,,,,,,,,,,,,,,,,
77,XALAPA,02/06/2014,JUEVES,16:09,16:15,,XALAPA,XALAPA,URBANA,,,AVENIDA BOLIVIA,LIBERTAD,CARAZA,BUENO,,TERRACERÍA,SECO,DESCENDENTE,NINGUNA,SIN RESTRICCIÓN,COLISIÓN,ÁNGULO,VEHÍCULO CIRCULANDO,2,A - AUTOMÓVIL,DODGE,I 10,,BLANCO/VERDE,HECHO EN INDIA,MALAM5N1DM277056,PE - PÚBLICO ESTATAL,SI,32,HOMBRE,A,SI,OTRO,NO APLICA,5000,2,1,,1,,,,,,,,,,,,,,,,,,
77,,,,,,,,,,,19,,,,,,,,,,,,,,,A - AUTOMÓVIL,NISSAN,TSURU,VERACRUZ,BLANCO/ROJO,GA16788776W,3N1EB3158K326282,PE - PÚBLICO ESTATAL,SI,47,HOMBRE,A,SI,,,6000,,,,,,,,,,,,,,,,,,,,,,
78,XALAPA,02/06/2014,JUEVES,17:11,17:20,,XALAPA,XALAPA,URBANA,,,FRANCISCO JAVIER CLAVIJERO,CENTRO,GUADALUPE VICTORIA,BUENO,,CONCRETO,SECO,DESCENDENTE,NINGUNA,SIN RESTRICCIÓN,ATROPELLAMIENTO,,,1,AS - AUTOBÚS SUBURBANO,DAIMLER CHRYSLER,,VERACRUZ,,9.25E+13,3MBAA2DK48M031054,PE - PÚBLICO ESTATAL,,36,HOMBRE,A,SI,OTRO,NO APLICA,SIN DAÑOS,1,,,,,,,,,1,,,,,,,,,,,,
79,XALAPA,02/06/2014,JUEVES,22:10,22:25,,XALAPA,XALAPA,URBANA,,,AVENIDA RUIZ CORTINES,,"FTE, ALA COMERCIAL MEXICANA",BUENO,LLUVIA,ASFALTO,MOJADO,A NIVEL,NINGUNA,SIN RESTRICCIÓN,COLISIÓN,ÁNGULO,VEHÍCULO CIRCULANDO,2,A - AUTOMÓVIL,CHRYSLER,JEEP,VERACRUZ,PLATA,HECHO EN USA,1J4RS5GGBC508333,P - PARTICULAR,,48,HOMBRE,,,VELOCIDAD INMODERADA,NO APLICA,30000,0,,,,,,,,,,,,,,,,,,,,,
79,,,,,,,,,,,2,,,,,,,,,,,,,,,A - AUTOMÓVIL,MITSUBISHI,LANCER,,GRIS,GS6791,JE3AU26U7BU017933,P - PARTICULAR,,42,HOMBRE,C,SI,,,60000,,,,,,,,,,,,,,,,,,,,,,
80,XALAPA,02/07/2014,VIERNES,,11:50,,XALAPA,XALAPA,URBANA,,,AVENIDA LAZARO CARDENAS,RAFAEL LUCIO,,BUENO,,CONCRETO,SECO,A NIVEL,NINGUNA,SIN RESTRICCIÓN,COLISIÓN,POR ALCANCE,,2,CC - CAMIÓN DE CARGA,VOLKSWAGEN,TRANSPORTEROS,MORELOS,BLANCO,CAA195396,WV1ELBH6CH23279,PF- PÚBLICO FEDERAL,SI,40,HOMBRE,A,SI,VELOCIDAD INMODERADA,NO APLICA,8000,0,,,,,,,,,,,,,,,,,,,,,
80,,,,,,,,,,,1,,,,,,,,,,,,,,,AS - AUTOBÚS SUBURBANO,NAVISTAR,INTERNATIONAL,VERACRUZ,BLANCO/AZUL,470HM2UI483284,3HVBZAAN26N227909,PE - PÚBLICO ESTATAL,NO,33,HOMBRE,A,SI,,,4000,,,,,,,,,,,,,,,,,,,,,,
81,XALAPA,02/07/2014,VIERNES,,14:20,,XALAPA,XALAPA,URBANA,,,AVENIDA LAZARO CARDENAS,21 DE MARZO,,BUENO,,ASFALTO,,ASCENDENTE,NINGUNA,SIN RESTRICCIÓN,COLISIÓN,ÁNGULO,,2,,,,,,,,,,,,,,,,,0,,,,,,,,,,,,,,,,,,,,,
81,,,,,,,,,,,1,,,,,,,,,,,,,,,A - AUTOMÓVIL,VOLKSWAGEN,JETTA,PUEBLA,ROJO,ADD036963,3VW1671HM511061,P - PARTICULAR,NO,31,HOMBRE,,NO,NO RESPETAR SEÑAL DE ALTO,NO APLICA,15000,,,,,,,,,,,,,,,,,,,,,,
81,,,,,,,,,,,,,,,,,,,,,,,,,,A - AUTOMÓVIL,NISSAN,TSURU,VERACRUZ,ROJO/BLANCO,GA16736222,3NIEB157EK30568,PE - PÚBLICO ESTATAL,SI,25,HOMBRE,A,SI,,,15000,,,,,,,,,,,,,,,,,,,,,,
82,XALAPA,02/07/2014,VIERNES,,15:20,,XALAPA,XALAPA,URBANA,,,AVENIDA JUSTINO SARMIENTO,,,BUENO,NIEBLA,ASFALTO,MOJADO,A NIVEL,NINGUNA,SIN RESTRICCIÓN,COLISIÓN,ÁNGULO,,2,,,,,,,,,,,,,,,,,0,,,,,,,,,,,,,,,,,,,,,
82,,,,,,,,,,,,,,,,,,,,,,,,,,C - CAMIONETA,PLYMOUNTH,VOYAGER,VERACRUZ,VERDE,SIN NUMERO,ZPGH45RIRR77,P - PARTICULAR,NO,19,HOMBRE,,NO,NO RESPETAR CEDA EL PASO,NO APLICA,4500,,,,,,,,,,,,,,,,,,,,,,
82,,,,,,,,,,,,,,,,,,,,,,,,,,A - AUTOMÓVIL,NISSAN,TSURU,VERACRUZ,BLANCO/VERDE,GA16835344Y,3MIEB3151CK312474,PE - PÚBLICO ESTATAL,SI,27,HOMBRE,A,SI,,,3500,,,,,,,,,,,,,,,,,,,,,,
83,XALAPA,02/07/2014,VIERNES,,15:45,,XALAPA,XALAPA,URBANA,,,CIRCUITO TAJIN,SEBASTIAN LERDO,,BUENO,,CONCRETO,SECO,DESCENDENTE,NINGUNA,SIN RESTRICCIÓN,COLISIÓN,LATERAL,,2,,,,,,,,,,,,,,,,,0,,,,,,,,,,,,,,,,,,,,,
83,,,,,,,,,,,,,,,,,,,,,,,,,,A - AUTOMÓVIL,NISSAN,TSURU,VERACRUZ,BLANCO/VERDE,GA1670084IY,3NIEB31SAK304325,PE - PÚBLICO ESTATAL,SI,23,HOMBRE,A,SI,NO GUARDAR DISTANCIA,NO APLICA,700,,,,,,,,,,,,,,,,,,,,,,
83,,,,,,,,,,,,,,,,,,,,,,,,,,A - AUTOMÓVIL,NISSAN,TSURU,VERACRUZ,BLANCO/VERDE,SIN NUMERO,3NIEB315X5K355813,PE - PÚBLICO ESTATAL,NO,35,HOMBRE,A,SI,,,4000,,,,,,,,,,,,,,,,,,,,,,
84,XALAPA,02/07/2014,VIERNES,,20:30,21:00,XALAPA,XALAPA,URBANA,,,JOAQUIN ARRONIZ,7 DE NOVIEMBRE,,BUENO,,CONCRETO,SECO,ASCENDENTE,NINGUNA,ACCIDENTE PREVIO,COLISIÓN,LATERAL,,2,,,,,,,,,,,,,,,,,0,,,,,,,,,,,,,,,,,,,,,
84,,,,,,,,,,,,,,,,,,,,,,,,,,A - AUTOMÓVIL,CHRYSLER,ATOS,VERACRUZ,ROJO/VERDE,HECHO EN KOREA,MALABSIAXA484458,PE - PÚBLICO ESTATAL,SI,23,HOMBRE,A,SI,CAMBIAR CARRIL SIN PRECAUCIÓN,NO APLICA,3000,,,,,,,,,,,,,,,,,,,,,,
84,,,,,,,,,,,,,,,,,,,,,,,,,,A - AUTOMÓVIL,NISSAN,TSURU,VERACRUZ,ROJO/BLANCO,GA16864509Y,3NIEB3151337343,PE - PÚBLICO ESTATAL,SI,56,HOMBRE,A,SI,,,50000,,,,,,,,,,,,,,,,,,,,,,
85,XALAPA,02/07/2014,VIERNES,,01:40,,XALAPA,XALAPA,URBANA,,,CAMINO ANTIGUO A NAOLINCO,CAROLINO ANAYA,,BUENO,NIEBLA,ASFALTO,SECO,A NIVEL,NINGUNA,SIN RESTRICCIÓN,COLISIÓN,POR ALCANCE,,2,,,,,,,,,,,,,,,,,0,,,,,,,,,,,,,,,,,,,,,
85,,,,,,,,,,,,,,,,,,,,,,,,,,A - AUTOMÓVIL,NISSAN,TSURU,VERACRUZ,BLANCO/VERDE,GA16618054T,1545,PE - PÚBLICO ESTATAL,SI,29,HOMBRE,A,SI,,,,,,,,,,,,,,,,,,,,,,,,,
85,,,,,,,,,,,,,,,,,,,,,,,,,,C - CAMIONETA,CHRYSLER,MITSUBISHI,DISTRITO FEDERAL,NEGRO,3NIEB3118K351126,YE3AJ368X4013353,P - PARTICULAR,NO,54,HOMBRE,C,SI,NO GUARDAR DISTANCIA,NO APLICA,2500,,,,,,,,,,,,,,,,,,,,,,
86,XALAPA,02/07/2014,VIERNES,,16:20,,XALAPA,XALAPA,URBANA,,,IGNACIO DE LA LLAVE,,,BUENO,,CONCRETO,SECO,A NIVEL,NINGUNA,SIN RESTRICCIÓN,COLISIÓN,LATERAL,,2,,,,,,,,,,,,,,,,3500,0,,,,,,,,,,,,,,,,,,,,,
86,,,,,,,,,,,8,,,,,,,,,,,,,,,A - AUTOMÓVIL,VOLKSWAGEN,SEDAN,VERACRUZ,AZUL,ACD455163,3VWS1AAIB3M906759,P - PARTICULAR,SI,73,HOMBRE,A,SI,,,,,,,,,,,,,,,,,,,,,,,,,
86,,,,,,,,,,,,,,,,,,,,,,,,,,AS - AUTOBÚS SUBURBANO,MERCEDES BENZ,CHASIS,VERACRUZ,BLANCO/AZUL,4.05E+12,3MBAA20093H003738,PE - PÚBLICO ESTATAL,SI,55,HOMBRE,A,SI,CAMBIAR CARRIL SIN PRECAUCIÓN,NO APLICA,1000,,,,,,,,,,,,,,,,,,,,,,
87,XALAPA,02/07/2014,VIERNES,,10:37,,XALAPA,XALAPA,URBANA,,,CALLE XALAPA,POMONA,,BUENO,SOLEADO,ASFALTO,SECO,A NIVEL,NINGUNA,SIN RESTRICCIÓN,COLISIÓN,ÁNGULO,,2,,,,,,,,,,,,,,,,MINIMOS,0,,,,,,,,,,,,,,,,,,,,,
87,,,,,,,,,,,,,,,,,,,,,,,,,,C - CAMIONETA,FORD,RANGER,VERACRUZ,PLATA,SIN NUMERO,8AFDT50S276046552,P - PARTICULAR,NO,30,HOMBRE,A,SI,,,,,,,,,,,,,,,,,,,,,,,,,
87,,,,,,,,,,,,,,,,,,,,,,,,,,A - AUTOMÓVIL,RENAULT,CLIO,VERACRUZ,GRIS,Q017524,3BNJ011572L251357,P - PARTICULAR,NO,33,HOMBRE,A,SI,REBASAR INDEBIDAMENTE,NO APLICA,2000,,,,,,,,,,,,,,,,,,,,,,
88,XALAPA,02/07/2014,VIERNES,,16:23,18:50,XALAPA,XALAPA,URBANA,,,AVENIDA ARAUCARIAS,ANIMAS,,BUENO,,ASFALTO,,A NIVEL,NINGUNA,SIN RESTRICCIÓN,COLISIÓN,POR ALCANCE,,2,,,,,,,,,,,,,,,,3000,0,,,,,,,,,,,,,,,,,,,,,
88,,,,,,,,,,,,,,,,,,,,,,,,,,C - CAMIONETA,CHEVROLET,CHEVY,VERACRUZ,NARANJA,HECHO EN MEXICO,SIN NUMERO,P - PARTICULAR,NO,39,HOMBRE,A,SI,NO GUARDAR DISTANCIA,NO APLICA,1000,,,,,,,,,,,,,,,,,,,,,,
88,,,,,,,,,,,,,,,,,,,,,,,,,,A - AUTOMÓVIL,FORD,DODGE,VERACRUZ,ROJO,3G1SF2445176089,2FMMDK36C3BB16706,P - PARTICULAR,SI,49,HOMBRE,B,SI,,,2000,,,,,,,,,,,,,,,,,,,,,,
89,XALAPA,02/07/2014,VIERNES,02:52,03:15,03:50,XALAPA,XALAPA,URBANA,,,BOULEVAR COATEPEC,,,BUENO,,ASFALTO,,A NIVEL,NINGUNA,SIN RESTRICCIÓN,,,OBJETO FIJO,1,,,,,,,,,,,,,,,,,0,,,,,,,,,,,,,,,,,,,,,
89,,,,,,,,,,,,,,,,,,,,,,,,,,A - AUTOMÓVIL,CHEVROLET,CHEVY,DISTRITO FEDERAL,NARANJA,WF0BT09812104783,SIN NUMERO,P - PARTICULAR,NO,47,HOMBRE,A,SI,VELOCIDAD INMODERADA,NO APLICA,SIN DAÑOS,,,,,,,,,,,,,,,,,,,,,,
90,XALAPA,02/07/2014,VIERNES,,17:45,,XALAPA,XALAPA,URBANA,,,BOULEVAR EUROPA,,,BUENO,,ASFALTO,,DESCENDENTE,NINGUNA,SIN RESTRICCIÓN,COLISIÓN,LATERAL,,2,,,,,,,,,,,,,,,,,0,,,,,,,,,,,,,,,,,,,,,
90,,,,,,,,,,,,,,,,,,,,,,,,,,A - AUTOMÓVIL,RENAULT,SEREFIN,VERACRUZ,NEGRO,Q061003,93YB62JS9B7938,P - PARTICULAR,SI,34,HOMBRE,A,SI,NO GUARDAR DISTANCIA,NO APLICA,3000,,,,,,,,,,,,,,,,,,,,,,
90,,,,,,,,,,,,,,,,,,,,,,,,,,A - AUTOMÓVIL,NISSAN,TSURU,VERACRUZ,ROJO,GA16780076P,5TYY1000181,P - PARTICULAR,SI,50,HOMBRE,B,SI,,,2000,,,,,,,,,,,,,,,,,,,,,,
91,XALAPA,02/07/2014,VIERNES,,21:30,22:10,XALAPA,XALAPA,URBANA,,,AVENIDA PRINCIPAL LAS TRANCAS,EMILIANO ZAPATA,,BUENO,,ASFALTO,,A NIVEL,NINGUNA,SIN RESTRICCIÓN,COLISIÓN,DE FRENTE,,2,,,,,,,,,,,,,,,,,0,,,,,,,,,,,,,,,,,,,,,
91,,,,,,,,,,,15,,,,,,,,,,,,,,,A - AUTOMÓVIL,NISSAN,SEDAN,VERACRUZ,BLANCO,GA167191567,3NIEB3158PA32,P - PARTICULAR,SI,58,HOMBRE,A,SI,VELOCIDAD INMODERADA,NO APLICA,1500,,,,,,,,,,,,,,,,,,,,,,
91,,,,,,,,,,,,,,,,,,,,,,,,,,A - AUTOMÓVIL,VOLKSWAGEN,SEDAN,VERACRUZ,ROJO,AF982387,11J0018523,P - PARTICULAR,NO,22,HOMBRE,B,SI,,,3000,,,,,,,,,,,,,,,,,,,,,,
92,XALAPA,02/07/2014,VIERNES,04:35,05:10,06:00,XALAPA,XALAPA,URBANA,,,AVENIDA LAZARO CARDENAS,MIRADOR,,BUENO,,CONCRETO,SECO,A NIVEL,NINGUNA,ACCIDENTE PREVIO,,,OBJETO FIJO,1,,,,,,,,,,,,,,,,,0,,,,,,,,,,,,,,,,,,,,,
92,,,,,,,,,,,1,,,,,,,,,,,,,,,A - AUTOMÓVIL,NISSAN,TSURU,VERACRUZ,AZUL,GA168321075,3NIEB23K500741,P - PARTICULAR,NO,,,,NO,VELOCIDAD INMODERADA,NO APLICA,3000,,,,,,,,,,,,,,,,,,,,,,
93,XALAPA,02/07/2014,VIERNES,08:20,08:42,09:50,XALAPA,XALAPA,URBANA,,,AVENIDA LAZARO CARDENAS,,,REGULAR,,CONCRETO,,DESCENDENTE,NINGUNA,SIN RESTRICCIÓN,COLISIÓN,ÁNGULO,,2,,,,,,,,,,,,,,,,,1,,,,,,,,,,,,,,,,,,,,,
93,,,,,,,,,,,1,,,,,,,,,,,,,,,A - AUTOMÓVIL,VOLKSWAGEN,JETTA,VERACRUZ,PLATA,CL5211371,MEX36260XET021449,P - PARTICULAR,SI,51,HOMBRE,,NO,CIRCULAR EN SENTIDO CONTRARIO,NO APLICA,3000,,,,,,,1,,,,,,,,,,,,,,,
93,,,,,,,,,,,,,,,,,,,,,,,,,,C - CAMIONETA,FORD,ESCAPE,VERACRUZ,ROJO,SIN NUMERO,1FMCU184KA9059,P - PARTICULAR,SI,53,HOMBRE,B,SI,,,5000,,,,,,,,,,,,,,,,,,,,,,
94,XALAPA,02/08/2014,SÁBADO,07:50,07:55,08:05,XALAPA,XALAPA,URBANA,,,7 DE NOVIEMBRE,CENTRO,,REGULAR,SOLEADO,CONCRETO,SECO,A NIVEL,NINGUNA,SIN RESTRICCIÓN,COLISIÓN,,VEHÍCULO ESTACIONADO,2,,,,,,,,,,,,,,,,,0,,,,,,,,,,,,,,,,,,,,,