idMES,DELEGACION DE TRANSITO,FECHA DEL ACCIDENTE,DIA DE LA SEMANA,HORA EN QUE SE RECIBIO LA LLAMADA REPORTANDO EL ACCIDENTE,HORA DE ARRIBO DEL PERITO AL SITIO,HORA DE REGRESO DEL PERITO A LAS INSTALACIONES DE SU DELEGACION,LOCALIDAD ACCIDENTE,MUNICIPIO ACCIDENTE,ZONA,CARRETERA/KILOMETRO DEL ACCIDENTE,NUMERO DE AVENIDA,CALLE/AVENIDA DEL ACCIDENTE,COLONIA,ENTRE CALLES,CONDICIONES DE LA VIA,CONDICIONES NATURALES,SUPERFICIE DE LA VIA,ESTADO DE LA VIA,TANGENTE,TIPO DE CONTROL DE TRANSITO,RESTRICCIONES DE LA VIA,TIPO DE ACCIDENTE,FORMA DE ACCIDENTARSE,CONTRA QUE FUE EL IMPACTO,CANTIDAD DE VEHICULOS,TIPO DE VEHICULO,MARCA,SUBMARCA,ENTIDAD FEDERATIVA DEL VEHICULO,COLOR DEL VEHICULO,MOTOR,SERIE,TIPO DE SERVICIO PARA EL QUE SE OCUPAN LOS VEHICULOS,ASEGURADO,EDAD CONDUCTOR,SEXO CONDUCTOR,TIPO LICENCIA,LICENCIA VIGENTE,CAUSA ATRIBUIBLE AL CONDUCTOR,CAUSA ATRIBUIBLE AL PEATON,DANIOS (MONTO APROXIMADO EN MXN),NUMERO DE HERIDOS,MUJER HERIDA DE 0-15 ANIOS,HOMBRE HERIDO DE 0-15 ANIOS,MUJER HERIDA DE 16-30 ANIOS,HOMBRE HERIDO DE 16-30 ANIOS,MUJER HERIDA DE 31-45 ANIOS,HOMBRE HERIDO DE 31-45 ANIOS,MUJER HERIDA DE 46-60 ANIOS,HOMBRE HERIDO DE 46-60 ANIOS,MUJER HERIDA MAS DE 60 ANIOS,HOMBRE HERIDO MAS DE 60 ANIOS,NUMERO DE MUERTOS,MUJER MUERTA DE 0-15 ANIOS,HOMBRE MUERTO DE 0-15 ANIOS,MUJER MUERTA DE 16-30 ANIOS,HOMBRE MUERTO DE 16-30 ANIOS,MUJER MUERTA DE 31-45 ANIOS,HOMBRE MUERTO DE 31-45 ANIOS,MUJER MUERTA DE 46-60 ANIOS,HOMBRE MUERTO DE 46-60 ANIOS,MUJER MUERTA MAS DE 60 ANIOS,HOMBRE MUERTO MAS DE 60 ANIOS
94,,,,,,,,,,,,,,,,,,,,,,,,,,A - AUTOMÓVIL,NISSAN,TSURU,VERACRUZ,BLANCO/VERDE,GA16757835Y,3NIEB313XA351013,PE - PÚBLICO ESTATAL,SI,63,HOMBRE,A,SI,VELOCIDAD INMODERADA,NO APLICA,1200,,,,,,,,,,,,,,,,,,,,,,
94,,,,,,,,,,,,,,,,,,,,,,,,,,AS - AUTOBÚS SUBURBANO,MERCEDES BENZ,CHASIS,VERACRUZ,BLANCO,3.91E+14,3AM68528750040660,P - PARTICULAR,NO,37,HOMBRE,A,SI,,,400,,,,,,,,,,,,,,,,,,,,,,
95,XALAPA,02/08/2014,SÁBADO,,08:45,,XALAPA,XALAPA,URBANA,,,AVENIDA MURILLO VIDAL,,,BUENO,NIEBLA,ASFALTO,MOJADO,A NIVEL,MARCA EN PAVIMENTO,SIN RESTRICCIÓN,ATROPELLAMIENTO,,,1,,,,,,,,,,,,,,,,,0,,,,,,,,,,,,,,,,,,,,,
95,,,,,,,,,,,11,,,,,,,,,,,,,,,C - CAMIONETA,CHRYSLER,MITSUBISHI,PUEBLA,GRIS,SIN NUMERO,4AA4MM86022328,P - PARTICULAR,NO,34,HOMBRE,A,SI,VELOCIDAD INMODERADA,NO APLICA,20000,,,,,,,,,,,,,,,,,,,,,,
96,XALAPA,02/08/2014,SÁBADO,,16:20,,XALAPA,XALAPA,URBANA,,,SAYAGO NO 145,CENTRO,AVILA CAMACHO,BUENO,,CONCRETO,,A NIVEL,NINGUNA,SIN RESTRICCIÓN,COLISIÓN,ÁNGULO,,2,,,,,,,,,,,,,,,,,0,,,,,,,,,,,,,,,,,,,,,
96,,,,,,,,,,,,,,,,,,,,,,,,,,A - AUTOMÓVIL,VOLKSWAGEN,SEDAN,VERACRUZ,AZUL,ACD007345,11P90073,P - PARTICULAR,NO,20,HOMBRE,A,SI,CAMBIAR CARRIL SIN PRECAUCIÓN,NO APLICA,2500,,,,,,,,,,,,,,,,,,,,,,
96,,,,,,,,,,,,,,,,,,,,,,,,,,M - MOTOCICLETA,HONDA,,VERACRUZ,NEGRO,WH157MJ13C41831,3HIKC4176DD001574,P - PARTICULAR,NO,21,HOMBRE,,NO,,,3000,,,,,,,,,,,,,,,,,,,,,,
97,XALAPA,02/08/2014,SÁBADO,,15:10,,XALAPA,XALAPA,URBANA,,,RUIZ CORTINES,OBRERO CAMPESINA,,BUENO,,ASFALTO,SECO,A NIVEL,NINGUNA,SIN RESTRICCIÓN,COLISIÓN,POR ALCANCE,,2,,,,,,,,,,,,,,,,,0,,,,,,,,,,,,,,,,,,,,,
97,,,,,,,,,,,2,,,,,,,,,,,,,,,A - AUTOMÓVIL,NISSAN,SENTRA,VERACRUZ,AZUL,SIN NUMERO,3NICBSI6L52489,P - PARTICULAR,NO,67,HOMBRE,B,SI,NO GUARDAR DISTANCIA,NO APLICA,1000,,,,,,,,,,,,,,,,,,,,,,
97,,,,,,,,,,,,,,,,,,,,,,,,,,C - CAMIONETA,FORD,ECO-SPORT,VERACRUZ,GRIS,SIN NUMERO,9B1B76874758,P - PARTICULAR,NO,50,MUJER,C,SI,,,2000,,,,,,,,,,,,,,,,,,,,,,
98,XALAPA,02/08/2014,SÁBADO,,20:30,,XALAPA,XALAPA,URBANA,,,INSURGENTES,CENTRO,,BUENO,,CONCRETO,,A NIVEL,NINGUNA,SIN RESTRICCIÓN,COLISIÓN,,VEHÍCULO ESTACIONADO,2,,,,,,,,,,,,,,,,,0,,,,,,,,,,,,,,,,,,,,,
98,,,,,,,,,,,,,,,,,,,,,,,,,,AS - AUTOBÚS SUBURBANO,MERCEDES BENZ,INTERNATIONAL,VERACRUZ,BLANCO,SIN NUMERO,3MBAAZCN45M009885,PE - PÚBLICO ESTATAL,NO,43,HOMBRE,A,SI,VELOCIDAD INMODERADA,NO APLICA,SIN DAÑOS,,,,,,,,,,,,,,,,,,,,,,
98,,,,,,,,,,,,,,,,,,,,,,,,,,A - AUTOMÓVIL,RENAULT,SCENIC,VERACRUZ,NEGRO,SIN NUMERO,3BHV42K11524,P - PARTICULAR,NO,,,,,,,1000,,,,,,,,,,,,,,,,,,,,,,
99,XALAPA,02/08/2014,SÁBADO,,03:30,,XALAPA,XALAPA,URBANA,,,DIAZ ORDAZ,BUENA VISTA,,BUENO,NIEBLA,CONCRETO,SECO,A NIVEL,MARCA EN PAVIMENTO,SIN RESTRICCIÓN,,,OBJETO FIJO,1,,,,,,,,,,,,,,,,,0,,,,,,,,,,,,,,,,,,,,,
99,,,,,,,,,,,,,,,,,,,,,,,,,,A - AUTOMÓVIL,VOLKSWAGEN,BORA,VERACRUZ,ROJO,HECHO EN MEXICO,3VWLNN11472664,P - PARTICULAR,NO,19,HOMBRE,B,SI,NO GUARDAR DISTANCIA,NO APLICA,25000,,,,,,,,,,,,,,,,,,,,,,
100,XALAPA,02/09/2014,DOMINGO,,12:50,,XALAPA,XALAPA,URBANA,,,CIRCUITO PRESIDENTES,EMILIANO ZAPATA,,BUENO,,ASFALTO,SECO,A NIVEL,NINGUNA,SIN RESTRICCIÓN,COLISIÓN,POR ALCANCE,,2,,,,,,,,,,,,,,,,,0,,,,,,,,,,,,,,,,,,,,,
100,,,,,,,,,,,,,,,,,,,,,,,,,,C - CAMIONETA,CHEVROLET,S-10,VERACRUZ,GRIS,HECHO EN USA,1GCCS14B202174817,P - PARTICULAR,NO,41,HOMBRE,B,SI,NO GUARDAR DISTANCIA,NO APLICA,2500,,,,,,,,,,,,,,,,,,,,,,
100,,,,,,,,,,,9,,,,,,,,,,,,,,,C - CAMIONETA,CHEVROLET,COLORADO,VERACRUZ,PLATA,HECHO EN USA,1GCC5139498140945,P - PARTICULAR,SI,33,HOMBRE,A,SI,,,5000,,,,,,,,,,,,,,,,,,,,,,
101,XALAPA,02/09/2014,DOMINGO,,17:55,18:25,XALAPA,XALAPA,URBANA,,,AVENIDA LAZARO CARDENAS,AGUA SANTA 2,,BUENO,,CONCRETO,,ASCENDENTE,NINGUNA,SIN RESTRICCIÓN,COLISIÓN,LATERAL,,3,,,,,,,,,,,,,,,,,0,,,,,,,,,,,,,,,,,,,,,
101,,,,,,,,,,,1,,,,,,,,,,,,,,,A - AUTOMÓVIL,CHEVROLET,AVEO,VERACRUZ,BLANCO/VERDE,HECHO EN MEXICO,39ITASACL11948,PE - PÚBLICO ESTATAL,SI,60,HOMBRE,A,SI,CAMBIAR CARRIL SIN PRECAUCIÓN,NO APLICA,3000,,,,,,,,,,,,,,,,,,,,,,
101,,,,,,,,,,,,,,,,,,,,,,,,,,A - AUTOMÓVIL,NISSAN,DATSUN,VERACRUZ,NARANJA,HECHO EN MEXICO,52710A3264,P - PARTICULAR,NO,39,HOMBRE,A,SI,,,1200,,,,,,,,,,,,,,,,,,,,,,
102,XALAPA,02/09/2014,DOMINGO,22:29,23:30,00:03,XALAPA,XALAPA,URBANA,,,HONORIO RODRIGUEZ,FERRER GUARDIA,,BUENO,,CONCRETO,,A NIVEL,NINGUNA,SIN RESTRICCIÓN,,,VEHÍCULO ESTACIONADO,2,AS - AUTOBÚS SUBURBANO,INTERNATIONAL,NAVISTAR,VERACRUZ,BLANCO,SIN NUMERO,SIN NUMERO,PE - PÚBLICO ESTATAL,SI,29,HOMBRE,A,SI,,,200,0,,,,,,,,,,,,,,,,,,,,,
102,,,,,,,,,,,,,,,,,,,,,,,,,,A - AUTOMÓVIL,VOLKSWAGEN,SEAT,VERACRUZ,NEGRO,88X01118262,VSSRK46L79619,P - PARTICULAR,NO,25,HOMBRE,A,SI,VELOCIDAD INMODERADA,NO APLICA,4500,,,,,,,,,,,,,,,,,,,,,,
102,,,,,,,,,,,,,,,,,,,,,,,,,,A - AUTOMÓVIL,NISSAN,TSURU,VERACRUZ,BLANCO,SIN NUMERO,SIN NUMERO,P - PARTICULAR,NO,43,HOMBRE,A,SI,,,5000,,,,,,,,,,,,,,,,,,,,,,
103,XALAPA,02/09/2014,DOMINGO,16:40,16:55,,XALAPA,XALAPA,URBANA,,,AVENIDA LAZARO CARDENAS,,,BUENO,SOLEADO,CONCRETO,MOJADO,A NIVEL,NINGUNA,SIN RESTRICCIÓN,COLISIÓN,POR ALCANCE,,,,,,,,,,,,,,,,,,,0,,,,,,,,,,,,,,,,,,,,,
103,,,,,,,,,,,1,,,,,,,,,,,,,,,C - CAMIONETA,TOYOTA,HILUX,VERACRUZ,PLATA,SIN  NUMERO,SIN NUMERO,P - PARTICULAR,SI,23,HOMBRE,A,SI,VELOCIDAD INMODERADA,NO APLICA,15000,,,,,,,,,,,,,,,,,,,,,,
103,,,,,,,,,,,,,,,,,,,,,,,,,,A - AUTOMÓVIL,VOLKSWAGEN,JETTA,VERACRUZ,AZUL,1FTRX285KD78,SIN NUMERO,P - PARTICULAR,NO,33,HOMBRE,A,NO,,,9000,,,,,,,,,,,,,,,,,,,,,,
104,XALAPA,02/09/2014,DOMINGO,14:20,14:35,15:00,XALAPA,XALAPA,URBANA,,,AVENIDA CHEDRAUI CARAM,PEÑASCAL,,BUENO,,CONCRETO,,ASCENDENTE,NINGUNA,SIN RESTRICCIÓN,COLISIÓN,POR ALCANCE,,2,,,,,,,,,,,,,,,,,0,,,,,,,,,,,,,,,,,,,,,
104,,,,,,,,,,,16,,,,,,,,,,,,,,,M - MOTOCICLETA,YAMAHA,,VERACRUZ,NEGRO,SIN NUMERO,ESN3E-250020,P - PARTICULAR,NO,47,HOMBRE,,NO,VELOCIDAD INMODERADA,NO APLICA,3000,,,,,,,,,,,,,,,,,,,,,,
104,,,,,,,,,,,,,,,,,,,,,,,,,,AS - AUTOBÚS SUBURBANO,MERCEDES BENZ,INTERNATIONAL,VERACRUZ,BLANCO/AZUL,SIN NUMERO,3ALAAXCS43DK95398,PE - PÚBLICO ESTATAL,NO,30,HOMBRE,A,SI,,,1000,,,,,,,,,,,,,,,,,,,,,,
105,XALAPA,02/09/2014,DOMINGO,,20:30,,XALAPA,XALAPA,URBANA,,,AVENIDA CIRCUITO PRESIDENTES,,,BUENO,,ASFALTO,,A NIVEL,NINGUNA,SIN RESTRICCIÓN,COLISIÓN,LATERAL,,2,,,,,,,,,,,,,,,,,4,,,,,,,,,,,,,,,,,,,,,
105,,,,,,,,,,,9,,,,,,,,,,,,,,,A - AUTOMÓVIL,NISSAN,TSURU,VERACRUZ,BLANCO/VERDE,SIN NUMERO,SIN NUMERO,PE - PÚBLICO ESTATAL,NO,,,,NO,VELOCIDAD INMODERADA,NO APLICA,20000,,,,,,,,,,,,,,,,,,,,,,
105,,,,,,,,,,,,,,,,,,,,,,,,,,A - AUTOMÓVIL,NISSAN,SENTRA,VERACRUZ,NEGRO,SIN NUMERO,SIN NUMERO,P - PARTICULAR,NO,28,HOMBRE,,NO,,,19500,,1,,2,,,,1,,,,,,,,,,,,,,
106,XALAPA,02/10/2014,LUNES,,08:15,,XALAPA,XALAPA,URBANA,,,AVENIDA LAZARO CARDENAS,,FRENTE A LA NISSAN,BUENO,SOLEADO,ASFALTO,SECO,DESCENDENTE,MARCA EN PAVIMENTO,SIN RESTRICCIÓN,COLISIÓN,POR ALCANCE,,2,,,,,,,,,,,,,,,,,0,,,,,,,,,,,,,,,,,,,,,
106,,,,,,,,,,,1,,,,,,,,,,,,,,,A - AUTOMÓVIL,CHEVROLET,CHEVY,DISTRITO FEDERAL,AZUL,HECHO EN BRASIL,3G13725644,P - PARTICULAR,NO,25,HOMBRE,,NO,NO GUARDAR DISTANCIA,NO APLICA,2000,,,,,,,,,,,,,,,,,,,,,,
106,,,,,,,,,,,,,,,,,,,,,,,,,,A - AUTOMÓVIL,NISSAN,TSURU,VERACRUZ,ROJO,GA16711932R,3NIEB3154136023,P - PARTICULAR,NO,53,HOMBRE,C,SI,,,2000,,,,,,,,,,,,,,,,,,,,,,
107,XALAPA,02/10/2014,LUNES,10:10,10:20,10:30,XALAPA,XALAPA,URBANA,,,AVENIDA LAZARO CARDENAS,ANIMAS,,BUENO,SOLEADO,ASFALTO,,A NIVEL,NINGUNA,SIN RESTRICCIÓN,COLISIÓN,POR ALCANCE,,2,,,,,,,,,,,,,,,,,0,,,,,,,,,,,,,,,,,,,,,
107,,,,,,,,,,,1,,,,,,,,,,,,,,,A - AUTOMÓVIL,NISSAN,MARCH,VERACRUZ,BLANCO,HR16720585E,3NICK3CD9CR11277,P - PARTICULAR,SI,24,HOMBRE,B,SI,NO GUARDAR DISTANCIA,NO APLICA,1200,,,,,,,,,,,,,,,,,,,,,,
107,,,,,,,,,,,,,,,,,,,,,,,,,,A - AUTOMÓVIL,NISSAN,SEDAN,VERACRUZ,TITANIO,QG186482035,3NIEB51565K213462,P - PARTICULAR,NO,57,HOMBRE,A,SI,,,2000,,,,,,,,,,,,,,,,,,,,,,
108,XALAPA,02/10/2014,LUNES,,10:30,,XALAPA,XALAPA,URBANA,,,AVENIDA XALAPEÑOS ILUSTRES,CENTRO,,BUENO,SOLEADO,CONCRETO,SECO,A NIVEL,SEMÁFORO FUNCIONANDO,SIN RESTRICCIÓN,COLISIÓN,LATERAL,,2,,,,,,,,,,,,,,,,,0,,,,,,,,,,,,,,,,,,,,,
108,,,,,,,,,,,,,,,,,,,,,,,,,,A - AUTOMÓVIL,NISSAN,TSURU,VERACRUZ,BLANCO/ROJO,GA167068084,3NIEB315XK349987,PE - PÚBLICO ESTATAL,SI,40,HOMBRE,A,SI,CAMBIAR CARRIL SIN PRECAUCIÓN,NO APLICA,3000,,,,,,,,,,,,,,,,,,,,,,
108,,,,,,,,,,,,,,,,,,,,,,,,,,AS - AUTOBÚS SUBURBANO,NAVISTAR,CHASIS,VERACRUZ,BLANCO,4701M201430437,3HBPAA8465664,P - PARTICULAR,NO,26,HOMBRE,A,SI,,,SIN DAÑOS,,,,,,,,,,,,,,,,,,,,,,
109,XALAPA,02/10/2014,LUNES,10:20,10:30,,XALAPA,XALAPA,URBANA,,,AVENIDA LAZARO CARDENAS,,,BUENO,SOLEADO,ASFALTO,SECO,A NIVEL,NINGUNA,SIN RESTRICCIÓN,COLISIÓN,POR ALCANCE,,2,,,,,,,,,,,,,,,,,0,,,,,,,,,,,,,,,,,,,,,
109,,,,,,,,,,,1,,,,,,,,,,,,,,,M - MOTOCICLETA,VENTO,WO2KMAN,VERACRUZ,AZUL,162FMBBC01313,LXTPCKLOOLM0238,P - PARTICULAR,NO,28,HOMBRE,,SI,NO GUARDAR DISTANCIA,NO APLICA,2500,,,,,,,,,,,,,,,,,,,,,,
109,,,,,,,,,,,,,,,,,,,,,,,,,,B - BICICLETA,NISSAN,FRONTIER,VERACRUZ,ROJA,CVQ400322818,1NAG7CC405110,P - PARTICULAR,SI,19,HOMBRE,C,SI,,,3000,,,,,,,,,,,,,,,,,,,,,,
110,XALAPA,02/10/2014,LUNES,12:15,12:20,12:30,XALAPA,XALAPA,URBANA,,,AVENIDA RUIZ CORTINES,FERRER GUARDIA,,BUENO,,ASFALTO,,A NIVEL,NINGUNA,SIN RESTRICCIÓN,COLISIÓN,ÁNGULO,,2,,,,,,,,,,,,,,,,,0,,,,,,,,,,,,,,,,,,,,,
110,,,,,,,,,,,2,,,,,,,,,,,,,,,M - MOTOCICLETA,HONDA,TITAN,VERACRUZ,ROJO,KC08E8601464,9CKCORE14643,P - PARTICULAR,NO,44,HOMBRE,A,SI,NO RESPETAR SEÑAL DE ALTO,NO APLICA,1000,,,,,,,,,,,,,,,,,,,,,,
110,,,,,,,,,,,,,,,,,,,,,,,,,,A - AUTOMÓVIL,NISSAN,TSURU,VERACRUZ,BLANCO/VERDE,GA16393644Y,3NIEB3154BK330403,PE - PÚBLICO ESTATAL,SI,29,HOMBRE,A,SI,,,15000,,,,,,,,,,,,,,,,,,,,,,
111,XALAPA,02/10/2014,LUNES,,14:30,,XALAPA,XALAPA,URBANA,,,AVENIDA MIGUEL ALEMAN,AGUACATAL,ALBERTO LARA,BUENO,SOLEADO,ASFALTO,SECO,A NIVEL,NINGUNA,SIN RESTRICCIÓN,COLISIÓN,ÁNGULO,,2,,,,,,,,,,,,,,,,,0,,,,,,,,,,,,,,,,,,,,,
111,,,,,,,,,,,,,,,,,,,,,,,,,,A - AUTOMÓVIL,CHEVROLET,CAVALIER,VERACRUZ,GRIS/PLATA,NACIONAL,3G1JX54499Y5239893,P - PARTICULAR,NO,50,HOMBRE,,NO,NO RESPETAR CEDA EL PASO,NO APLICA,1000,,,,,,,,,,,,,,,,,,,,,,
111,,,,,,,,,,,,,,,,,,,,,,,,,,A - AUTOMÓVIL,VOLKSWAGEN,BORA,VERACRUZ,NEGRO,CCC073880,3VWHW11K2AM066884,P - PARTICULAR,NO,29,HOMBRE,,NO,,,9000,,,,,,,,,,,,,,,,,,,,,,
112,XALAPA,02/10/2014,LUNES,,14:50,,XALAPA,XALAPA,URBANA,,,AVENIDA 20 DE NOVIEMBRE,,,BUENO,,CONCRETO,SECO,A NIVEL,NINGUNA,SIN RESTRICCIÓN,COLISIÓN,POR ALCANCE,,2,,,,,,,,,,,,,,,,,2,,,,,,,,,,,,,,,,,,,,,
112,,,,,,,,,,,5,,,,,,,,,,,,,,,C - CAMIONETA,FORD,LOBO,VERACRUZ,NEGRO,SIN NUMERO,1FRWW9753226,P - PARTICULAR,SI,25,HOMBRE,A,SI,NO GUARDAR DISTANCIA,NO APLICA,1000,,,,,,,,,,,,,,,,,,,,,,
112,,,,,,,,,,,,,,,,,,,,,,,,,,A - AUTOMÓVIL,NISSAN,TSURU,VERACRUZ,BLANCO/ROJO,GA6786566W,3NIEB315789240729,PE - PÚBLICO ESTATAL,SI,30,HOMBRE,A,SI,,,2500,,1,,,,1,,,,,,,,,,,,,,,,
113,XALAPA,02/10/2014,LUNES,,20:30,,XALAPA,XALAPA,URBANA,LIBRAMIENTO LAS TRANCAS,,,PRADERO,,REGULAR,,CONCRETO,SECO,A NIVEL,NINGUNA,SIN RESTRICCIÓN,COLISIÓN,POR ALCANCE,,2,,,,,,,,,,,,,,,,,0,,,,,,,,,,,,,,,,,,,,,
113,,,,,,,,,,,,,,,,,,,,,,,,,,A - AUTOMÓVIL,VOLKSWAGEN,SEDAN,VERACRUZ,BLANCO,CFZ736827,9BWD05U3AT88090,P - PARTICULAR,SI,32,HOMBRE,B,SI,VELOCIDAD INMODERADA,NO APLICA,8000,,,,,,,,,,,,,,,,,,,,,,
113,,,,,,,,,,,,,,,,,,,,,,,,,,A - AUTOMÓVIL,CHRYSLER,JEEP,VERACRUZ,NEGRO,HECHO EN USA,IJ4H25851T166720,P - PARTICULAR,NO,43,HOMBRE,B,SI,,,8000,,,,,,,,,,,,,,,,,,,,,,
114,XALAPA,02/10/2014,LUNES,,21:00,,XALAPA,XALAPA,URBANA,,,PASEO LAS PALMAS,,,BUENO,,EMPEDRADO,,A NIVEL,NINGUNA,SIN RESTRICCIÓN,COLISIÓN,ÁNGULO,,2,,,,,,,,,,,,,,,,,0,,,,,,,,,,,,,,,,,,,,,
114,,,,,,,,,,,,,,,,,,,,,,,,,,A - AUTOMÓVIL,NISSAN,TSURU,VERACRUZ,BLANCO,GA16820326Y,3NIEB3154CK300142,P - PARTICULAR,NO,38,HOMBRE,A,SI,VELOCIDAD INMODERADA,NO APLICA,1000,,,,,,,,,,,,,,,,,,,,,,
114,,,,,,,,,,,,,,,,,,,,,,,,,,A - AUTOMÓVIL,VOLKSWAGEN,PASSAT,PUEBLA,PLATA,CC1888711,1VWAR7A30FC001812,P - PARTICULAR,NO,55,HOMBRE,B,SI,,,2000,,,,,,,,,,,,,,,,,,,,,,
115,XALAPA,02/10/2014,LUNES,,21:05,,XALAPA,XALAPA,URBANA,,,NORBERTO MARTINEZ,7 DE NOVIEMBRE,,REGULAR,,CONCRETO,SECO,A NIVEL,NINGUNA,SIN RESTRICCIÓN,COLISIÓN,,VEHÍCULO ESTACIONADO,2,,,,,,,,,,,,,,,,,0,,,,,,,,,,,,,,,,,,,,,
115,,,,,,,,,,,,,,,,,,,,,,,,,,A - AUTOMÓVIL,VOLKSWAGEN,JETTA,VERACRUZ,NEGRO,PF0000407,65KM1005145,P - PARTICULAR,NO,40,HOMBRE,,NO,VELOCIDAD INMODERADA,NO APLICA,8000,,,,,,,,,,,,,,,,,,,,,,
115,,,,,,,,,,,,,,,,,,,,,,,,,,A - AUTOMÓVIL,VOLKSWAGEN,BRASILIA,VERACRUZ,AMARILLO,HECHO EN MEXICO,MA014731,P - PARTICULAR,NO,46,HOMBRE,B,NO,,,7000,,,,,,,,,,,,,,,,,,,,,,
116,XALAPA,02/10/2014,LUNES,,16:20,,XALAPA,XALAPA,URBANA,,,AVENIDA LAZARO CARDENAS,RAFAEL LUCIO,,BUENO,SOLEADO,CONCRETO,SECO,A NIVEL,NINGUNA,SIN RESTRICCIÓN,COLISIÓN,POR ALCANCE,,2,,,,,,,,,,,,,,,,,0,,,,,,,,,,,,,,,,,,,,,
116,,,,,,,,,,,1,,,,,,,,,,,,,,,C - CAMIONETA,DINA,CHASIS,VERACRUZ,ANARANJADO,11171800,801,P - PARTICULAR,NO,58,HOMBRE,B,SI,VELOCIDAD INMODERADA,NO APLICA,SIN DAÑOS,,,,,,,,,,,,,,,,,,,,,,
116,,,,,,,,,,,,,,,,,,,,,,,,,,A - AUTOMÓVIL,NISSAN,TIDA,VERACRUZ,ROJO,MR188450984,3NIEBCASCK232135,P - PARTICULAR,SI,50,HOMBRE,A,SI,,,25000,,,,,,,,,,,,,,,,,,,,,,
117,XALAPA,02/10/2014,LUNES,,21:30,,XALAPA,XALAPA,URBANA,,,AVENIDA LAZARO CARDENAS,,,BUENO,,CONCRETO,SECO,ASCENDENTE,NINGUNA,SIN RESTRICCIÓN,COLISIÓN,LATERAL,,2,,,,,,,,,,,,,,,,,0,,,,,,,,,,,,,,,,,,,,,
117,,,,,,,,,,,1,,,,,,,,,,,,,,,C - CAMIONETA,FORD,F-150,VERACRUZ,BLANCO,SIN NUMERO,1FTR17W41NB15028,P - PARTICULAR,NO,64,HOMBRE,A,SI,VELOCIDAD INMODERADA,NO APLICA,2000,,,,,,,,,,,,,,,,,,,,,,
117,,,,,,,,,,,,,,,,,,,,,,,,,,C - CAMIONETA,VOLKSWAGEN,CROSSFOX,VERACRUZ,ROJO,BLM047351,9BWLB45Z784132091,P - PARTICULAR,NO,37,HOMBRE,A,SI,,,5000,,,,,,,,,,,,,,,,,,,,,,
118,XALAPA,02/10/2014,LUNES,11:50,12:00,12:15,XALAPA,XALAPA,URBANA,,,AVENIDA 20 DE NOVIEMBRE,CENTRO,,BUENO,,CONCRETO,SECO,ASCENDENTE,NINGUNA,SIN RESTRICCIÓN,COLISIÓN,POR ALCANCE,,2,,,,,,,,,,,,,,,,,0,,,,,,,,,,,,,,,,,,,,,
118,,,,,,,,,,,5,,,,,,,,,,,,,,,C - CAMIONETA,CHRYSLER,D-150,VERACRUZ,GUINDA,121493,1S28327,P - PARTICULAR,NO,42,HOMBRE,A,SI,NO GUARDAR DISTANCIA,NO APLICA,1000,,,,,,,,,,,,,,,,,,,,,,
118,,,,,,,,,,,,,,,,,,,,,,,,,,A - AUTOMÓVIL,NISSAN,VERSA,VERACRUZ,AZUL MARINO,HR167571656,3NIECN74D6DK401854,P - PARTICULAR,SI,44,HOMBRE,B,SI,,,7500,,,,,,,,,,,,,,,,,,,,,,
119,XALAPA,02/10/2014,LUNES,03:30,03:45,,XALAPA,XALAPA,URBANA,,,AVENIDA LAZARO CARDENAS,EL MIRADOR,FERROCARRIL INTEROCEANICO,BUENO,NIEBLA,CONCRETO,,ASCENDENTE,NINGUNA,SIN RESTRICCIÓN,,,OBJETO FIJO,1,,,,,,,,,,,,,,,,,0,,,,,,,,,,,,,,,,,,,,,
119,,,,,,,,,,,1,,,,,,,,,,,,,,,A - AUTOMÓVIL,FORD,KA,DISTRITO FEDERAL,ROJO,SIN NUMERO,9BFBT18N57549195,P - PARTICULAR,NO,25,HOMBRE,,NO,VELOCIDAD INMODERADA,NO APLICA,35000,,,,,,,,,,,,,,,,,,,,,,
120,XALAPA,02/11/2014,MARTES,,08:50,,XALAPA,XALAPA,URBANA,,,CAMINO ANTIGUO A NAOLINCO,,,BUENO,SOLEADO,ASFALTO,SECO,A NIVEL,NINGUNA,SIN RESTRICCIÓN,COLISIÓN,ÁNGULO,,2,,,,,,,,,,,,,,,,,0,,,,,,,,,,,,,,,,,,,,,
120,,,,,,,,,,,,,,,,,,,,,,,,,,A - AUTOMÓVIL,CHEVROLET,MATIZ,VERACRUZ,BLANCO/VERDE,GA168773825,3NIEB315141655,PE - PÚBLICO ESTATAL,SI,42,HOMBRE,,NO,CAMBIAR CARRIL SIN PRECAUCIÓN,NO APLICA,900,,,,,,,,,,,,,,,,,,,,,,
120,,,,,,,,,,,,,,,,,,,,,,,,,,A - AUTOMÓVIL,NISSAN,TSURU,VERACRUZ,BLANCO/VERDE,GA16769726Y,3M1E3156B308516,PE - PÚBLICO ESTATAL,SI,40,HOMBRE,A,SI,,,300,,,,,,,,,,,,,,,,,,,,,,
121,XALAPA,02/11/2014,MARTES,,09:25,,XALAPA,XALAPA,URBANA,,,AVENIDA LAZARO CARDENAS,ANIMAS,,BUENO,,ASFALTO,,DESCENDENTE,NINGUNA,SIN RESTRICCIÓN,COLISIÓN,POR ALCANCE,,2,,,,,,,,,,,,,,,,,0,,,,,,,,,,,,,,,,,,,,,