idMES,DELEGACION DE TRANSITO,FECHA DEL ACCIDENTE,DIA DE LA SEMANA,HORA EN QUE SE RECIBIO LA LLAMADA REPORTANDO EL ACCIDENTE,HORA DE ARRIBO DEL PERITO AL SITIO,HORA DE REGRESO DEL PERITO A LAS INSTALACIONES DE SU DELEGACION,LOCALIDAD ACCIDENTE,MUNICIPIO ACCIDENTE,ZONA,CARRETERA/KILOMETRO DEL ACCIDENTE,NUMERO DE AVENIDA,CALLE/AVENIDA DEL ACCIDENTE,COLONIA,ENTRE CALLES,CONDICIONES DE LA VIA,CONDICIONES NATURALES,SUPERFICIE DE LA VIA,ESTADO DE LA VIA,TANGENTE,TIPO DE CONTROL DE TRANSITO,RESTRICCIONES DE LA VIA,TIPO DE ACCIDENTE,FORMA DE ACCIDENTARSE,CONTRA QUE FUE EL IMPACTO,CANTIDAD DE VEHICULOS,TIPO DE VEHICULO,MARCA,SUBMARCA,ENTIDAD FEDERATIVA DEL VEHICULO,COLOR DEL VEHICULO,MOTOR,SERIE,TIPO DE SERVICIO PARA EL QUE SE OCUPAN LOS VEHICULOS,ASEGURADO,EDAD CONDUCTOR,SEXO CONDUCTOR,TIPO LICENCIA,LICENCIA VIGENTE,CAUSA ATRIBUIBLE AL CONDUCTOR,CAUSA ATRIBUIBLE AL PEATON,DANIOS (MONTO APROXIMADO EN MXN),NUMERO DE HERIDOS,MUJER HERIDA DE 0-15 ANIOS,HOMBRE HERIDO DE 0-15 ANIOS,MUJER HERIDA DE 16-30 ANIOS,HOMBRE HERIDO DE 16-30 ANIOS,MUJER HERIDA DE 31-45 ANIOS,HOMBRE HERIDO DE 31-45 ANIOS,MUJER HERIDA DE 46-60 ANIOS,HOMBRE HERIDO DE 46-60 ANIOS,MUJER HERIDA MAS DE 60 ANIOS,HOMBRE HERIDO MAS DE 60 ANIOS,NUMERO DE MUERTOS,MUJER MUERTA DE 0-15 ANIOS,HOMBRE MUERTO DE 0-15 ANIOS,MUJER MUERTA DE 16-30 ANIOS,HOMBRE MUERTO DE 16-30 ANIOS,MUJER MUERTA DE 31-45 ANIOS,HOMBRE MUERTO DE 31-45 ANIOS,MUJER MUERTA DE 46-60 ANIOS,HOMBRE MUERTO DE 46-60 ANIOS,MUJER MUERTA MAS DE 60 ANIOS,HOMBRE MUERTO MAS DE 60 ANIOS
121,,,,,,,,,,,1,,,,,,,,,,,,,,,A - AUTOMÓVIL,NISSAN,TSURU,VERACRUZ,BLANCO/VERDE,GA167355152,3NIEB3154EK306462,PE - PÚBLICO ESTATAL,SI,53,HOMBRE,A,SI,NO GUARDAR DISTANCIA,NO APLICA,8000,,,,,,,,,,,,,,,,,,,,,,
121,,,,,,,,,,,,,,,,,,,,,,,,,,C - CAMIONETA,FORD,F-150,VERACRUZ,BLANCO/AZUL,SIN NUMERO,1FTFWEF8CKD91452,P - PARTICULAR,SI,36,HOMBRE,A,SI,,,4000,,,,,,,,,,,,,,,,,,,,,,
122,XALAPA,02/11/2014,MARTES,09:20,09:30,09:45,XALAPA,XALAPA,URBANA,,,AVENIDA LAZARO CARDENAS,BADILLO,,BUENO,SOLEADO,CONCRETO,SECO,A NIVEL,NINGUNA,SIN RESTRICCIÓN,COLISIÓN,POR ALCANCE,,2,,,,,,,,,,,,,,,,,0,,,,,,,,,,,,,,,,,,,,,
122,,,,,,,,,,,1,,,,,,,,,,,,,,,CC - CAMIÓN DE CARGA,FREIGHTLINER,TRACTO CAMION,NUEVO LEÓN,BLANCO,460934U09MR,3N2HFCV7AA389B,PF- PÚBLICO FEDERAL,SI,43,HOMBRE,A,SI,NO RESPETAR CEDA EL PASO,NO APLICA,SIN DAÑOS,,,,,,,,,,,,,,,,,,,,,,
122,,,,,,,,,,,,,,,,,,,,,,,,,,A - AUTOMÓVIL,DODGE,AVENGER,VERACRUZ,NEGRO,SIN NUMERO,SIN NUMERO,P - PARTICULAR,SI,24,HOMBRE,B,SI,,,2500,,,,,,,,,,,,,,,,,,,,,,
123,XALAPA,02/11/2014,MARTES,,10:15,10:40,XALAPA,XALAPA,URBANA,,,AVENIDA 20 DE NOVIEMBRE,ALVARO OBREGON,,BUENO,,ASFALTO,,DESCENDENTE,NINGUNA,SIN RESTRICCIÓN,COLISIÓN,LATERAL,,2,,,,,,,,,,,,,,,,,0,,,,,,,,,,,,,,,,,,,,,
123,,,,,,,,,,,5,,,,,,,,,,,,,,,AS - AUTOBÚS SUBURBANO,INTERNATIONAL,NAVISTAR,VERACRUZ,BLANCO,470MMZU1Z1646,3HVBNAAN3YNO,PE - PÚBLICO ESTATAL,SI,27,HOMBRE,A,SI,CAMBIAR CARRIL SIN PRECAUCIÓN,NO APLICA,MINIMOS,,,,,,,,,,,,,,,,,,,,,,
123,,,,,,,,,,,,,,,,,,,,,,,,,,C - CAMIONETA,CHRYSLER,MITSUBISHI,VERACRUZ,BLANCO,XJ6760,3.84E+11,P - PARTICULAR,NO,32,HOMBRE,C,SI,,,3000,,,,,,,,,,,,,,,,,,,,,,
124,XALAPA,02/11/2014,MARTES,,12:40,13:00,XALAPA,XALAPA,URBANA,,,AVENIDA REPUBLICA,AGUA SANTA,,BUENO,SOLEADO,ASFALTO,SECO,ASCENDENTE,NINGUNA,SIN RESTRICCIÓN,COLISIÓN,LATERAL,,2,,,,,,,,,,,,,,,,,0,,,,,,,,,,,,,,,,,,,,,
124,,,,,,,,,,,,,,,,,,,,,,,,,,CC - CAMIÓN DE CARGA,VOLKSWAGEN,V.W,VERACRUZ,BLANCO,SIN NUMERO,PARTICULAR,P - PARTICULAR,NO,66,HOMBRE,A,SI,ALCOHOL / DROGAS,NO APLICA,SIN DAÑOS,,,,,,,,,,,,,,,,,,,,,,
124,,,,,,,,,,,,,,,,,,,,,,,,,,A - AUTOMÓVIL,NISSAN,TSURU,VERACRUZ,BLANCO/VERDE,3NIEB31893874,3NIEB3189433874,PE - PÚBLICO ESTATAL,SI,42,HOMBRE,A,SI,,,400,,,,,,,,,,,,,,,,,,,,,,
125,XALAPA,02/11/2014,MARTES,12:45,13:40,14:00,XALAPA,XALAPA,URBANA,,,AVENIDA LAZARO CARDENAS,,,BUENO,,ASFALTO,,A NIVEL,SEMÁFORO FUNCIONANDO,SIN RESTRICCIÓN,COLISIÓN,POR ALCANCE,,2,,,,,,,,,,,,,,,,,0,,,,,,,,,,,,,,,,,,,,,
125,,,,,,,,,,,1,,,,,,,,,,,,,,,M - MOTOCICLETA,KURASAKI,,VERACRUZ,NEGRO,SIN NUMERO,HECHO EN MEXICO,P - PARTICULAR,NO,21,HOMBRE,A,SI,REBASAR INDEBIDAMENTE,NO APLICA,1000,,,,,,,,,,,,,,,,,,,,,,
125,,,,,,,,,,,,,,,,,,,,,,,,,,A - AUTOMÓVIL,CHRYSLER,ATOS,VERACRUZ,BLANCO,SIN NUMERO,KMH651684V350365,P - PARTICULAR,SI,34,HOMBRE,C,SI,,,4000,,,,,,,,,,,,,,,,,,,,,,
126,XALAPA,02/11/2014,MARTES,14:30,14:45,15:00,XALAPA,XALAPA,URBANA,,,AVENIDA AVILA CAMACHO,CENTRO,,BUENO,SOLEADO,CONCRETO,SECO,A NIVEL,NINGUNA,SIN RESTRICCIÓN,COLISIÓN,LATERAL,,2,,,,,,,,,,,,,,,,,0,,,,,,,,,,,,,,,,,,,,,
126,,,,,,,,,,,4,,,,,,,,,,,,,,,C - CAMIONETA,FORD,LOBO,VERACRUZ,BLANCO,DK056841,1FTMFIF85654,P - PARTICULAR,SI,40,HOMBRE,A,SI,NO RESPETAR CEDA EL PASO,NO APLICA,800,,,,,,,,,,,,,,,,,,,,,,
126,,,,,,,,,,,,,,,,,,,,,,,,,,C - CAMIONETA,TOYOTA,AVANZA,VERACRUZ,CHAMPAGUE,352DN3792,MHMC136K002406,P - PARTICULAR,SI,59,HOMBRE,C,SI,,,1500,,,,,,,,,,,,,,,,,,,,,,
127,VERACRUZ,02/11/2014,MARTES,,15:20,,XALAPA,XALAPA,URBANA,,,AVENIDA MANUEL AVILA CAMACHO,FRACCIONAMIENTO POMONA,,BUENO,,CONCRETO,,A NIVEL,NINGUNA,SIN RESTRICCIÓN,COLISIÓN,ÁNGULO,,2,,,,,,,,,,,,,,,,,0,,,,,,,,,,,,,,,,,,,,,
127,,,,,,,,,,,4,,,,,,,,,,,,,,,C - CAMIONETA,CHRYSLER,H-100,VERACRUZ,BLANCO,HECHO EN KOREA,KMFWXRCU360914,P - PARTICULAR,NO,18,HOMBRE,A,SI,VELOCIDAD INMODERADA,NO APLICA,2500,,,,,,,,,,,,,,,,,,,,,,
127,,,,,,,,,,,,,,,,,,,,,,,,,,AS - AUTOBÚS SUBURBANO,DAIMER,CHASIS,VERACRUZ,BLANCO/AZUL,9.07E+13,4UZAAXCS006XVD,P - PARTICULAR,SI,37,HOMBRE,A,SI,,,MINIMOS,,,,,,,,,,,,,,,,,,,,,,
128,XALAPA,02/11/2014,MARTES,,16:20,,XALAPA,XALAPA,URBANA,,,AVENIDA 20 DE NOVIEMBRE,BADILLO,,BUENO,,CONCRETO,,DESCENDENTE,NINGUNA,SIN RESTRICCIÓN,COLISIÓN,POR ALCANCE,,2,,,,,,,,,,,,,,,,,0,,,,,,,,,,,,,,,,,,,,,
128,,,,,,,,,,,,,,,,,,,,,,,,,,A - AUTOMÓVIL,NISSAN,TSURU,VERACRUZ,PLATA,GA16390072T,3NIEBB53K306146,P - PARTICULAR,NO,48,HOMBRE,C,SI,NO GUARDAR DISTANCIA,NO APLICA,MINIMOS,,,,,,,,,,,,,,,,,,,,,,
128,,,,,,,,,,,,,,,,,,,,,,,,,,M - MOTOCICLETA,DINAMO,,VERACRUZ,BLANCO,162FMJ92005250,3CUTZAABF29X002372,P - PARTICULAR,NO,39,HOMBRE,A,SI,,,600,,,,,,,,,,,,,,,,,,,,,,
129,XALAPA,02/11/2014,MARTES,15:20,16:40,,XALAPA,XALAPA,URBANA,,,EBANO,VERACRUZ,,BUENO,SOLEADO,ASFALTO,,A NIVEL,MARCA EN PAVIMENTO,SIN RESTRICCIÓN,COLISIÓN,POR ALCANCE,,2,,,,,,,,,,,,,,,,,0,,,,,,,,,,,,,,,,,,,,,
129,,,,,,,,,,,,,,,,,,,,,,,,,,A - AUTOMÓVIL,CHEVROLET,CHEVY,VERACRUZ,NEGRO,HECHO EN MEXICO,3G15851X75523224,P - PARTICULAR,NO,19,HOMBRE,B,SI,NO GUARDAR DISTANCIA,NO APLICA,5000,,,,,,,,,,,,,,,,,,,,,,
129,,,,,,,,,,,,,,,,,,,,,,,,,,A - AUTOMÓVIL,NISSAN,TSURU,VERACRUZ,BLANCO,GA16892156V,3NIEBB31517K326526,PE - PÚBLICO ESTATAL,SI,45,HOMBRE,A,SI,,,3500,,,,,,,,,,,,,,,,,,,,,,
130,XALAPA,02/11/2014,MARTES,,19:15,,XALAPA,XALAPA,URBANA,,,XALAPA Y AMERICAS,DEL MAESTRO,,BUENO,,CONCRETO,,A NIVEL,SEMÁFORO FUNCIONANDO,SIN RESTRICCIÓN,COLISIÓN,LATERAL,,2,,,,,,,,,,,,,,,,,0,,,,,,,,,,,,,,,,,,,,,
130,,,,,,,,,,,,,,,,,,,,,,,,,,C - CAMIONETA,CHEVROLET,HHR,DISTRITO FEDERAL,ROJO,HECHO EN MEXICO,3BNDA43P88550702,P - PARTICULAR,SI,40,HOMBRE,A,SI,CAMBIAR CARRIL SIN PRECAUCIÓN,NO APLICA,4500,,,,,,,,,,,,,,,,,,,,,,
130,,,,,,,,,,,,,,,,,,,,,,,,,,AS - AUTOBÚS SUBURBANO,NAVISTAR,CHASIS,VERACRUZ,BLANCO,4693M2V119192,3MVBNAAN2128148,PE - PÚBLICO ESTATAL,SI,41,HOMBRE,A,SI,,,MINIMOS,,,,,,,,,,,,,,,,,,,,,,
131,XALAPA,02/11/2014,MARTES,,21:00,21:30,XALAPA,XALAPA,URBANA,,,AVENIDA XALAPA,BOSQUE,,BUENO,,ASFALTO,SECO,A NIVEL,NINGUNA,ACCIDENTE PREVIO,COLISIÓN,POR ALCANCE,,3,C - CAMIONETA,JEEP,CHEROKEE,DISTRITO FEDERAL,ARENA,HECHO EN USA,1JA278YSWC22,P - PARTICULAR,NO,21,MUJER,A,SI,,,500,0,,,,,,,,,,,,,,,,,,,,,
131,,,,,,,,,,,7,,,,,,,,,,,,,,,A - AUTOMÓVIL,VOLKSWAGEN,JETTA,PUEBLA,ROJO,CB158315,M035309,P - PARTICULAR,SI,21,HOMBRE,B,SI,NO GUARDAR DISTANCIA,NO APLICA,400,,,,,,,,,,,,,,,,,,,,,,
131,,,,,,,,,,,,,,,,,,,,,,,,,,A - AUTOMÓVIL,NISSAN,TSURU,VERACRUZ,BLANCO/VERDE,GA16742962,3NIEBB134131,PE - PÚBLICO ESTATAL,NO,40,HOMBRE,A,SI,,,200,,,,,,,,,,,,,,,,,,,,,,
132,XALAPA,02/11/2014,MARTES,21:30,21:50,22:30,XALAPA,XALAPA,URBANA,,,PERAL,SUMIDERO,,BUENO,,ASFALTO,,DESCENDENTE,NINGUNA,SIN RESTRICCIÓN,ATROPELLAMIENTO,,,1,,,,,,,,,,,,,,,,,1,,,,,,,,,,,,,,,,,,,,,
132,,,,,,,,,,,,,,,,,,,,,,,,,,AS - AUTOBÚS SUBURBANO,INTERNATIONAL,NAVISTAR,VERACRUZ,BLANCO,F1A039899,3HBBZSEN7B354917,PE - PÚBLICO ESTATAL,SI,24,HOMBRE,A,SI,VELOCIDAD INMODERADA,CAMINABA EN EL ARROYO,MINIMOS,,,,,,1,,,,,,,,,,,,,,,,
133,XALAPA,02/11/2014,MARTES,,16:00,,XALAPA,XALAPA,URBANA,,,AVENIDA XALAPA,UNIDAD MAGISTERIAL,1 DE MAYO,BUENO,,CONCRETO,SECO,A NIVEL,SEÑAL CEDA EL PASO,SIN RESTRICCIÓN,COLISIÓN,POR ALCANCE,,2,,,,,,,,,,,,,,,,,0,,,,,,,,,,,,,,,,,,,,,
133,,,,,,,,,,,7,,,,,,,,,,,,,,,A - AUTOMÓVIL,VOLKSWAGEN,SEDAN,VERACRUZ,AZUL MARINO,SIN NUMERO,CAX545618,P - PARTICULAR,NO,,,,NO,,,3000,,,,,,,,,,,,,,,,,,,,,,
133,,,,,,,,,,,,,,,,,,,,,,,,,,A - AUTOMÓVIL,VOLKSWAGEN,SEAT,VERACRUZ,ROJO,SIN NUMERO,VSSAH65P4CR001382,P - PARTICULAR,SI,35,HOMBRE,C,SI,NO GUARDAR DISTANCIA,OTRO,6000,,,,,,,,,,,,,,,,,,,,,,
134,XALAPA,02/12/2014,MIÉRCOLES,,08:00,,XALAPA,XALAPA,URBANA,,,AVENIDA MEXICO,,,REGULAR,LLUVIA,CONCRETO,,A NIVEL,NINGUNA,SIN RESTRICCIÓN,,MANIOBRA EN REVERSA,,2,,,,,,,,,,,,,,,,,0,,,,,,,,,,,,,,,,,,,,,
134,,,,,,,,,,,,,,,,,,,,,,,,,,CC - CAMIÓN DE CARGA,VOLVO,T3,VERACRUZ,BLANCO,11823721,883372,P - PARTICULAR,SI,33,HOMBRE,A,SI,VELOCIDAD INMODERADA,NO APLICA,MINIMOS,,,,,,,,,,,,,,,,,,,,,,
134,,,,,,,,,,,,,,,,,,,,,,,,,,C - CAMIONETA,HONDA,CRV,DISTRITO FEDERAL,MERCURIO,K24214025704,3CZRE4874G003549,P - PARTICULAR,NO,45,HOMBRE,B,SI,,,2000,,,,,,,,,,,,,,,,,,,,,,
135,XALAPA,02/12/2014,MIÉRCOLES,,08:20,,XALAPA,XALAPA,URBANA,,,AMERICAS,,,BUENO,,ASFALTO,,ASCENDENTE,NINGUNA,SIN RESTRICCIÓN,,POR ALCANCE,,2,,,,,,,,,,,,,,,,,0,,,,,,,,,,,,,,,,,,,,,
135,,,,,,,,,,,3,,,,,,,,,,,,,,,A - AUTOMÓVIL,FORD,FOCUS,VERACRUZ,NEGRO,HECHO EN USA,SIN NUMERO,P - PARTICULAR,NO,40,HOMBRE,A,SI,NO GUARDAR DISTANCIA,NO APLICA,5000,,,,,,,,,,,,,,,,,,,,,,
135,,,,,,,,,,,,,,,,,,,,,,,,,,A - AUTOMÓVIL,NISSAN,TSURU,VERACRUZ,BLANCO/ROJO,SIN NUMERO,SIN NUMERO,P - PARTICULAR,NO,23,HOMBRE,A,SI,,,5000,,,,,,,,,,,,,,,,,,,,,,
136,XALAPA,02/12/2014,MIÉRCOLES,,08:20,,XALAPA,XALAPA,URBANA,,,URSULO GALVAN,,,BUENO,NIEBLA,CONCRETO,MOJADO,DESCENDENTE,NINGUNA,SIN RESTRICCIÓN,,POR ALCANCE,,2,,,,,,,,,,,,,,,,,1,,,,,,,,,,,,,,,,,,,,,
136,,,,,,,,,,,,,,,,,,,,,,,,,,A - AUTOMÓVIL,NISSAN,SENTRA,VERACRUZ,PLATA,SIN NUMERO,JNLOI100315,P - PARTICULAR,NO,56,HOMBRE,A,SI,VELOCIDAD INMODERADA,NO APLICA,2000,,,,,,,,,,,,,,,,,,,,,,
136,,,,,,,,,,,,,,,,,,,,,,,,,,A - AUTOMÓVIL,NISSAN,TSURU,VERACRUZ,BLANCO/VERDE,GA16822600,3NI31459,PE - PÚBLICO ESTATAL,SI,51,HOMBRE,A,SI,,,1000,,,,,,,,,,1,,,,,,,,,,,,
137,XALAPA,02/12/2014,MIÉRCOLES,,09:50,,XALAPA,XALAPA,URBANA,,,JUAREZ No 145,,,BUENO,,CONCRETO,,A NIVEL,NINGUNA,SIN RESTRICCIÓN,,,,2,,,,,,,,,,,,,,,,,0,,,,,,,,,,,,,,,,,,,,,
137,,,,,,,,,,,,,,,,,,,,,,,,,,C - CAMIONETA,FORD,ECO-SPORT,VERACRUZ,BLANCO,HECHO EN MEXICO,SIN NUMERO,P - PARTICULAR,NO,36,MUJER,A,SI,VELOCIDAD INMODERADA,NO APLICA,1000,,,,,,,,,,,,,,,,,,,,,,
137,,,,,,,,,,,,,,,,,,,,,,,,,,A - AUTOMÓVIL,MAZDA,MAZDA -3,VERACRUZ,ROJO,SIN NUMERO,SIN NUMERO,P - PARTICULAR,NO,28,HOMBRE,A,SI,,,1000,,,,,,,,,,,,,,,,,,,,,,
138,XALAPA,02/12/2014,MIÉRCOLES,09:45,10:07,,XALAPA,XALAPA,URBANA,CARRETERA LAS TRANCAS EL CASTILLO,,,,,BUENO,NIEBLA,ASFALTO,MOJADO,A NIVEL,NINGUNA,SIN RESTRICCIÓN,,MANIOBRA EN REVERSA,,2,,,,,,,,,,,,,,,,,0,,,,,,,,,,,,,,,,,,,,,
138,,,,,,,,,,,,,,,,,,,,,,,,,,C - CAMIONETA,DODGE,RAM 4000,VERACRUZ,BLANCO,HECHO EN MEXICO,306EN56D086183419,P - PARTICULAR,NO,49,HOMBRE,B,SI,CAMBIAR CARRIL SIN PRECAUCIÓN,NO APLICA,SIN DAÑOS,,,,,,,,,,,,,,,,,,,,,,
138,,,,,,,,,,,,,,,,,,,,,,,,,,C - CAMIONETA,NISSAN,ESTAQUITAS,VERACRUZ,ROJO,KA24356825A,3N6AA14518K002252,P - PARTICULAR,NO,38,HOMBRE,C,SI,,,1000,,,,,,,,,,,,,,,,,,,,,,
139,XALAPA,02/12/2014,MIÉRCOLES,,10:40,11:00,XALAPA,XALAPA,URBANA,,,AVENIDA RUIZ CORTINES,,,BUENO,LLUVIA,CONCRETO,MOJADO,ASCENDENTE,NINGUNA,SIN RESTRICCIÓN,COLISIÓN,ÁNGULO,,2,,,,,,,,,,,,,,,,,0,,,,,,,,,,,,,,,,,,,,,
139,,,,,,,,,,,2,,,,,,,,,,,,,,,C - CAMIONETA,FORD,ESCAPE,VERACRUZ,BLANCO,SIN NUMERO,1FMGU2719KA4156,P - PARTICULAR,SI,51,HOMBRE,C,SI,CAMBIAR CARRIL SIN PRECAUCIÓN,NO APLICA,1000,,,,,,,,,,,,,,,,,,,,,,
139,,,,,,,,,,,,,,,,,,,,,,,,,,A - AUTOMÓVIL,VOLKSWAGEN,GOLF,VERACRUZ,BLANCO,AX029668,11970701267,P - PARTICULAR,NO,31,HOMBRE,B,SI,,,1000,,,,,,,,,,,,,,,,,,,,,,
140,XALAPA,02/12/2014,MIÉRCOLES,,12:00,,XALAPA,XALAPA,URBANA,,,ZAMORA,CENTRO,MURILLO VIDAL,REGULAR,NIEBLA,ASFALTO,SECO,ASCENDENTE,NINGUNA,SIN RESTRICCIÓN,COLISIÓN,LATERAL,,2,,,,,,,,,,,,,,,,,0,,,,,,,,,,,,,,,,,,,,,
140,,,,,,,,,,,,,,,,,,,,,,,,,,A - AUTOMÓVIL,NISSAN,MARCH,VERACRUZ,GRIS,HR167242E,3NICD313117,P - PARTICULAR,SI,52,HOMBRE,A,SI,CAMBIAR CARRIL SIN PRECAUCIÓN,NO APLICA,2000,,,,,,,,,,,,,,,,,,,,,,
140,,,,,,,,,,,,,,,,,,,,,,,,,,A - AUTOMÓVIL,CHEVROLET,CHEVY,VERACRUZ,ROJO,HECHO EN MEXICO,3G1SPF26535114023,P - PARTICULAR,SI,43,HOMBRE,A,SI,,,1000,,,,,,,,,,,,,,,,,,,,,,
141,XALAPA,02/12/2014,MIÉRCOLES,12:15,12:25,,XALAPA,XALAPA,URBANA,,,ENRIQUEZ,CENTRO,,BUENO,NIEBLA,CONCRETO,SECO,ASCENDENTE,NINGUNA,SIN RESTRICCIÓN,COLISIÓN,LATERAL,,2,,,,,,,,,,,,,,,,,0,,,,,,,,,,,,,,,,,,,,,
141,,,,,,,,,,,,,,,,,,,,,,,,,,AS - AUTOBÚS SUBURBANO,INTERNATIONAL,CHASIS,DISTRITO FEDERAL,BLANCO,470HM2U1418412,3HBBPAANI619971,P - PARTICULAR,NO,37,HOMBRE,A,SI,CAMBIAR CARRIL SIN PRECAUCIÓN,NO APLICA,SIN DAÑOS,,,,,,,,,,,,,,,,,,,,,,
141,,,,,,,,,,,,,,,,,,,,,,,,,,A - AUTOMÓVIL,VOLKSWAGEN,GOL,VERACRUZ,PLATA,CF2076575,9BWABO59BPI00625,P - PARTICULAR,SI,52,HOMBRE,C,SI,,,1500,,,,,,,,,,,,,,,,,,,,,,
142,XALAPA,02/12/2014,MIÉRCOLES,,14:50,15:10,XALAPA,XALAPA,URBANA,,,PASEO PALMAS FRENTE A LA IGLESIA,ANIMAS,,REGULAR,NIEBLA,CONCRETO,SECO,A NIVEL,NINGUNA,SIN RESTRICCIÓN,COLISIÓN,ÁNGULO,,2,,,,,,,,,,,,,,,,,0,,,,,,,,,,,,,,,,,,,,,
142,,,,,,,,,,,,,,,,,,,,,,,,,,C - CAMIONETA,TOYOTA,RAV-4,VERACRUZ,BLANCO,2AZ272201269,JMZD3VO660115512,P - PARTICULAR,SI,72,HOMBRE,A,SI,NO RESPETAR SEÑAL DE ALTO,NO APLICA,2500,,,,,,,,,,,,,,,,,,,,,,
142,,,,,,,,,,,,,,,,,,,,,,,,,,A - AUTOMÓVIL,NISSAN,SEDAN,DISTRITO FEDERAL,PLATA,Q095105,3NIH01SX4080559,P - PARTICULAR,SI,25,HOMBRE,A,SI,,,2500,,,,,,,,,,,,,,,,,,,,,,
143,XALAPA,02/12/2014,MIÉRCOLES,15:15,18:30,19:00,XALAPA,XALAPA,URBANA,,,PIPILA,EL MIRADOR,,BUENO,NIEBLA,ASFALTO,SECO,A NIVEL,NINGUNA,SIN RESTRICCIÓN,COLISIÓN,LATERAL,,2,,,,,,,,,,,,,,,,,0,,,,,,,,,,,,,,,,,,,,,
143,,,,,,,,,,,,,,,,,,,,,,,,,,C - CAMIONETA,HONDA,ODISSEY,VERACRUZ,BLANCO,J3TA63009285,SKAAL388423,P - PARTICULAR,SI,54,HOMBRE,A,SI,REBASAR INDEBIDAMENTE,NO APLICA,5000,,,,,,,,,,,,,,,,,,,,,,
143,,,,,,,,,,,,,,,,,,,,,,,,,,A - AUTOMÓVIL,NISSAN,TSURU,VERACRUZ,BLANCO/VERDE,GA16807592W,3NIEB31568K357480,PE - PÚBLICO ESTATAL,SI,30,HOMBRE,A,SI,,,15000,,,,,,,,,,,,,,,,,,,,,,
144,XALAPA,02/12/2014,MIÉRCOLES,,20:15,20:45,XALAPA,XALAPA,URBANA,,,IGNACIO DE LA LLAVE,,,REGULAR,NIEBLA,CONCRETO,MOJADO,A NIVEL,SEMÁFORO FUNCIONANDO,SIN RESTRICCIÓN,COLISIÓN,ÁNGULO,,2,,,,,,,,,,,,,,,,,0,,,,,,,,,,,,,,,,,,,,,
144,,,,,,,,,,,8,,,,,,,,,,,,,,,A - AUTOMÓVIL,CHEVROLET,SEDAN,VERACRUZ,AZUL,SIN NUMERO,GA167225754,P - PARTICULAR,NO,52,HOMBRE,A,SI,NO RESPETAR CEDA EL PASO,NO APLICA,2000,,,,,,,,,,,,,,,,,,,,,,
144,,,,,,,,,,,,,,,,,,,,,,,,,,A - AUTOMÓVIL,NISSAN,TSURU,DISTRITO FEDERAL,BLANCO/VERDE,SIN NUMERO,3NIEB31S24762,P - PARTICULAR,SI,42,HOMBRE,A,SI,,,3000,,,,,,,,,,,,,,,,,,,,,,
145,XALAPA,02/12/2014,MIÉRCOLES,20:24,20:35,,XALAPA,XALAPA,URBANA,,,DIAZ MIRON,ZONA UNIVERSITARIA,,BUENO,NIEBLA,ASFALTO,SECO,A NIVEL,SEMÁFORO FUNCIONANDO,SIN RESTRICCIÓN,COLISIÓN,DE FRENTE,,2,,,,,,,,,,,,,,,,,0,,,,,,,,,,,,,,,,,,,,,
145,,,,,,,,,,,,,,,,,,,,,,,,,,A - AUTOMÓVIL,CHEVROLET,CHEVY,VERACRUZ,PLATA,HECHO EN MEXICO,3G1SF617S122133,P - PARTICULAR,NO,27,HOMBRE,A,SI,CAMBIAR CARRIL SIN PRECAUCIÓN,NO APLICA,20000,,,,,,,,,,,,,,,,,,,,,,
145,,,,,,,,,,,,,,,,,,,,,,,,,,AS - AUTOBÚS SUBURBANO,FREIGHTLINER,CHASIS,VERACRUZ,BLANCO,56629327,4U6ZFAYC609134,P - PARTICULAR,NO,24,HOMBRE,A,SI,,,2000,,,,,,,,,,,,,,,,,,,,,,
146,XALAPA,02/12/2014,MIÉRCOLES,,00:35,,XALAPA,XALAPA,URBANA,CARRETERA XALAPA-VERACRUZ,,,,,BUENO,,ASFALTO,SECO,A NIVEL,NINGUNA,SIN RESTRICCIÓN,,,OBJETO FIJO,1,,,,,,,,,,,,,,,,,0,,,,,,,,,,,,,,,,,,,,,
146,,,,,,,,,,,,,,,,,,,,,,,,,,A - AUTOMÓVIL,VOLKSWAGEN,JETTA,VERACRUZ,BLANCO,CBP62499,3VW1V49MXDM053128,PE - PÚBLICO ESTATAL,NO,39,HOMBRE,C,SI,VELOCIDAD INMODERADA,NO APLICA,15000,,,,,,,,,,,,,,,,,,,,,,
147,XALAPA,02/12/2014,MIÉRCOLES,07:10,07:30,09:30,XALAPA,XALAPA,URBANA,,,BOULEVARD COATEPEC,ARENALES,,BUENO,,ASFALTO,,DESCENDENTE,NINGUNA,SIN RESTRICCIÓN,COLISIÓN,POR ALCANCE,,3,A - AUTOMÓVIL,NISSAN,MARCH,VERACRUZ,AZUL,SIN NUMERO,3NICK3CP1230062,P - PARTICULAR,SI,29,HOMBRE,,NO,,,5000,0,,,,,,,,,,,,,,,,,,,,,
147,,,,,,,,,,,,,,,,,,,,,,,,,,C - CAMIONETA,TOYOTA,TACOMA,DISTRITO FEDERAL,GRIS,1GR8734063,3TMMJV46CNCM,P - PARTICULAR,SI,17,HOMBRE,A,SI,VELOCIDAD INMODERADA,NO APLICA,3000,,,,,,,,,,,,,,,,,,,,,,
147,,,,,,,,,,,,,,,,,,,,,,,,,,C - CAMIONETA,FORD,F-150,VERACRUZ,BLANCO,SIN NUMERO,HECHO EN MEXICO,P - PARTICULAR,NO,40,HOMBRE,A,SI,,,2000,,,,,,,,,,,,,,,,,,,,,,