idMES,DELEGACION DE TRANSITO,FECHA DEL ACCIDENTE,DIA DE LA SEMANA,HORA EN QUE SE RECIBIO LA LLAMADA REPORTANDO EL ACCIDENTE,HORA DE ARRIBO DEL PERITO AL SITIO,HORA DE REGRESO DEL PERITO A LAS INSTALACIONES DE SU DELEGACION,LOCALIDAD ACCIDENTE,MUNICIPIO ACCIDENTE,ZONA,CARRETERA/KILOMETRO DEL ACCIDENTE,NUMERO DE AVENIDA,CALLE/AVENIDA DEL ACCIDENTE,COLONIA,ENTRE CALLES,CONDICIONES DE LA VIA,CONDICIONES NATURALES,SUPERFICIE DE LA VIA,ESTADO DE LA VIA,TANGENTE,TIPO DE CONTROL DE TRANSITO,RESTRICCIONES DE LA VIA,TIPO DE ACCIDENTE,FORMA DE ACCIDENTARSE,CONTRA QUE FUE EL IMPACTO,CANTIDAD DE VEHICULOS,TIPO DE VEHICULO,MARCA,SUBMARCA,ENTIDAD FEDERATIVA DEL VEHICULO,COLOR DEL VEHICULO,MOTOR,SERIE,TIPO DE SERVICIO PARA EL QUE SE OCUPAN LOS VEHICULOS,ASEGURADO,EDAD CONDUCTOR,SEXO CONDUCTOR,TIPO LICENCIA,LICENCIA VIGENTE,CAUSA ATRIBUIBLE AL CONDUCTOR,CAUSA ATRIBUIBLE AL PEATON,DANIOS (MONTO APROXIMADO EN MXN),NUMERO DE HERIDOS,MUJER HERIDA DE 0-15 ANIOS,HOMBRE HERIDO DE 0-15 ANIOS,MUJER HERIDA DE 16-30 ANIOS,HOMBRE HERIDO DE 16-30 ANIOS,MUJER HERIDA DE 31-45 ANIOS,HOMBRE HERIDO DE 31-45 ANIOS,MUJER HERIDA DE 46-60 ANIOS,HOMBRE HERIDO DE 46-60 ANIOS,MUJER HERIDA MAS DE 60 ANIOS,HOMBRE HERIDO MAS DE 60 ANIOS,NUMERO DE MUERTOS,MUJER MUERTA DE 0-15 ANIOS,HOMBRE MUERTO DE 0-15 ANIOS,MUJER MUERTA DE 16-30 ANIOS,HOMBRE MUERTO DE 16-30 ANIOS,MUJER MUERTA DE 31-45 ANIOS,HOMBRE MUERTO DE 31-45 ANIOS,MUJER MUERTA DE 46-60 ANIOS,HOMBRE MUERTO DE 46-60 ANIOS,MUJER MUERTA MAS DE 60 ANIOS,HOMBRE MUERTO MAS DE 60 ANIOS
148,XALAPA,02/12/2014,MIÉRCOLES,12:30,13:00,,XALAPA,XALAPA,URBANA,,,CALLE 5 DE FEBRERO,CENTRO,,BUENO,NIEBLA,CONCRETO,MOJADO,A NIVEL,MARCA EN PAVIMENTO,SIN RESTRICCIÓN,COLISIÓN,ÁNGULO,,2,,,,,,,,,,,,,,,,,0,,,,,,,,,,,,,,,,,,,,,
148,,,,,,,,,,,,,,,,,,,,,,,,,,A - AUTOMÓVIL,NISSAN,TSUDAME,VERACRUZ,NEGRO,GAV75849,3NJDTLOD2980,P - PARTICULAR,NO,40,HOMBRE,,NO,NO GUARDAR DISTANCIA,NO APLICA,2000,,,,,,,,,,,,,,,,,,,,,,
148,,,,,,,,,,,,,,,,,,,,,,,,,,A - AUTOMÓVIL,CHRYSLER,ATOS,VERACRUZ,BLANCO,HECHO EN INDIA,MALAB51665583,P - PARTICULAR,SI,45,HOMBRE,,NO,,,3000,,,,,,,,,,,,,,,,,,,,,,
149,XALAPA,02/12/2014,MIÉRCOLES,,20:40,,XALAPA,XALAPA,URBANA,,,ENRIQUEZ,CENTRO,CARRILLO OUERTO,BUENO,NIEBLA,CONCRETO,MOJADO,A NIVEL,NINGUNA,SIN RESTRICCIÓN,COLISIÓN,POR ALCANCE,,2,,,,,,,,,,,,,,,,,0,,,,,,,,,,,,,,,,,,,,,
149,,,,,,,,,,,,,,,,,,,,,,,,,,A - AUTOMÓVIL,VOLKSWAGEN,POINTER,VERACRUZ,GRIS,BHG040824,9BWCC05X20575,P - PARTICULAR,NO,25,HOMBRE,,NO,VELOCIDAD INMODERADA,NO APLICA,SIN DAÑOS,,,,,,,,,,,,,,,,,,,,,,
149,,,,,,,,,,,,,,,,,,,,,,,,,,AS - AUTOBÚS SUBURBANO,MERCEDES BENZ,MERCEDES BENZ,VERACRUZ,BLANCO,39900547210,3AM629159321,PE - PÚBLICO ESTATAL,NO,41,HOMBRE,A,SI,,,500,,,,,,,,,,,,,,,,,,,,,,
150,XALAPA,13/02/2014,JUEVES,,08:45,,XALAPA,XALAPA,URBANA,,,ALDAMA Y 5 DE FEBRERO,CENTRO,,BUENO,SOLEADO,CONCRETO,SECO,A NIVEL,NINGUNA,SIN RESTRICCIÓN,COLISIÓN,LATERAL,,2,C - CAMIONETA,CHEVROLET,UPLANDER,VERACRUZ,METALICO,IMPORTADO,1GNV3367245363,P - PARTICULAR,NO,51,MUJER,B,SI,NO RESPETAR CEDA EL PASO,NO APLICA,MINIMOS,0,,,,,,,,,,,,,,,,,,,,,
150,,,,,,,,,,,,,,,,,,,,,,,,,,A - AUTOMÓVIL,NISSAN,TSURU,VERACRUZ,BLANCO/ROJO,GA16807558W,3NIEB1348K357402,PE - PÚBLICO ESTATAL,SI,26,HOMBRE,A,SI,,,900,,,,,,,,,,,,,,,,,,,,,,
151,XALAPA,13/02/2014,JUEVES,09:00,09:10,09:40,XALAPA,XALAPA,URBANA,,,AVENIDA LAZARO CARDENAS,RAFAEL LUCIO,,BUENO,SOLEADO,CONCRETO,SECO,ASCENDENTE,SEMÁFORO FUNCIONANDO,SIN RESTRICCIÓN,COLISIÓN,LATERAL,,2,A - AUTOMÓVIL,CHEVROLET,SPARK,VERACRUZ,WHITE MEGA,HECHO EN KOREA,KBCM4209613,P - PARTICULAR,SI,28,HOMBRE,A,SI,CAMBIAR CARRIL SIN PRECAUCIÓN,NO APLICA,4000,0,,,,,,,,,,,,,,,,,,,,,
151,,,,,,,,,,,1,,,,,,,,,,,,,,,A - AUTOMÓVIL,NISSAN,TSURU,VERACRUZ,BLANCO/ROJO,GA1686061W,3NIEB15X9334045,P - PARTICULAR,SI,27,HOMBRE,A,SI,,,1500,,,,,,,,,,,,,,,,,,,,,,
152,XALAPA,13/02/2014,JUEVES,,15:15,,XALAPA,XALAPA,URBANA,,,IGNACIO DE LA LLAVE,,,BUENO,,CONCRETO,,ASCENDENTE,SEMÁFORO FUNCIONANDO,SIN RESTRICCIÓN,COLISIÓN,DE FRENTE,,2,,,,,,,,,,,,,,,,,0,,,,,,,,,,,,,,,,,,,,,
152,,,,,,,,,,,8,,,,,,,,,,,,,,,AS - AUTOBÚS SUBURBANO,DAIMELER,CHASIS,VERACRUZ,AMARILLO,9.07E+13,3ALAAAXXCL555DN6366,PE - PÚBLICO ESTATAL,SI,35,HOMBRE,A,SI,EXCESO DE DIMENSIONES,NO APLICA,500,,,,,,,,,,,,,,,,,,,,,,
152,,,,,,,,,,,,,,,,,,,,,,,,,,A - AUTOMÓVIL,NISSAN,MARCH,VERACRUZ,ROYAL,HR167509186,3NIEBCK3DL249371,P - PARTICULAR,SI,53,HOMBRE,B,SI,,,3500,,,,,,,,,,,,,,,,,,,,,,
153,XALAPA,13/02/2014,JUEVES,,15:50,,XALAPA,XALAPA,URBANA,,,JESUS REYES HEROLES FRENTE AL NO 42,OBRERO CAMPESINA,,BUENO,SOLEADO,ASFALTO,SECO,DESCENDENTE,NINGUNA,SIN RESTRICCIÓN,COLISIÓN,LATERAL,,2,,,,,,,,,,,,,,,,,0,,,,,,,,,,,,,,,,,,,,,
153,,,,,,,,,,,,,,,,,,,,,,,,,,A - AUTOMÓVIL,HONDA,CIVIC,VERACRUZ,BLANCO,D17A24440686,1HGESI744L902491,P - PARTICULAR,SI,34,HOMBRE,A,SI,CAMBIAR CARRIL SIN PRECAUCIÓN,NO APLICA,4000,,,,,,,,,,,,,,,,,,,,,,
153,,,,,,,,,,,,,,,,,,,,,,,,,,C - CAMIONETA,CHRYSLER,DAKOTA,VERACRUZ,GRIS METALICO,HECHO EN USA,SIN NUMERO,P - PARTICULAR,SI,30,HOMBRE,A,NO,,,6000,,,,,,,,,,,,,,,,,,,,,,
154,XALAPA,13/02/2014,JUEVES,16:00,16:10,16:25,XALAPA,XALAPA,URBANA,,,AVENIDA LAZARO CARDENAS,PEDREGAL DE LAS ANIMAS,,BUENO,SOLEADO,ASFALTO,SECO,A NIVEL,NINGUNA,SIN RESTRICCIÓN,COLISIÓN,ÁNGULO,,2,,,,,,,,,,,,,,,,,0,,,,,,,,,,,,,,,,,,,,,
154,,,,,,,,,,,1,,,,,,,,,,,,,,,A - AUTOMÓVIL,NISSAN,TSURU,VERACRUZ,BLANCO/VERDE,GA16810241Y,3NIEB31584953,PE - PÚBLICO ESTATAL,SI,25,HOMBRE,A,SI,CAMBIAR CARRIL SIN PRECAUCIÓN,NO APLICA,1500,,,,,,,,,,,,,,,,,,,,,,
154,,,,,,,,,,,,,,,,,,,,,,,,,,CC - CAMIÓN DE CARGA,INTERNATIONAL,CAMION,VERACRUZ,BLANCO/ROJO,470HM26129493,3HUBPAANO24161,P - PARTICULAR,SI,26,HOMBRE,A,SI,,,SIN DAÑOS,,,,,,,,,,,,,,,,,,,,,,
155,VERACRUZ,13/02/2014,JUEVES,,18:25,,XALAPA,XALAPA,URBANA,,,AVENIDA LAZARO CARDENAS,PASTORESA,,BUENO,,ASFALTO,SECO,DESCENDENTE,NINGUNA,SIN RESTRICCIÓN,COLISIÓN,POR ALCANCE,,3,C - CAMIONETA,FORD,RANGER,VERACRUZ,VERDE,SIN NUMERO,SIN NUMERO,P - PARTICULAR,NO,44,HOMBRE,A,SI,,,1000,0,,,,,,,,,,,,,,,,,,,,,
155,,,,,,,,,,,1,,,,,,,,,,,,,,,A - AUTOMÓVIL,CHEVROLET,CHEVY,VERACRUZ,AZUL,HECHO EN MEXICO,SIN NUMERO,P - PARTICULAR,NO,26,HOMBRE,A,SI,VELOCIDAD INMODERADA,NO APLICA,6000,,,,,,,,,,,,,,,,,,,,,,
155,,,,,,,,,,,,,,,,,,,,,,,,,,A - AUTOMÓVIL,NISSAN,TSURU,VERACRUZ,BLANCO/ROJO,GA16806685,SIN NUMERO,PE - PÚBLICO ESTATAL,NO,53,HOMBRE,A,SI,,,2000,,,,,,,,,,,,,,,,,,,,,,
156,XALAPA,13/02/2014,JUEVES,,20:45,21:20,XALAPA,XALAPA,URBANA,,,AVENIDA LAZARO CARDENAS,,,BUENO,,CONCRETO,SECO,DESCENDENTE,NINGUNA,ACCIDENTE PREVIO,COLISIÓN,POR ALCANCE,,2,,,,,,,,,,,,,,,,,0,,,,,,,,,,,,,,,,,,,,,
156,,,,,,,,,,,1,,,,,,,,,,,,,,,A - AUTOMÓVIL,NISSAN,TSURU,VERACRUZ,ROJO,GA1639997U,3NIEB3158633408,P - PARTICULAR,NO,21,HOMBRE,B,SI,NO GUARDAR DISTANCIA,NO APLICA,4000,,,,,,,,,,,,,,,,,,,,,,
156,,,,,,,,,,,,,,,,,,,,,,,,,,C - CAMIONETA,HONDA,CRV,VERACRUZ,NEGRO,K2429258308,3H481DG001973,P - PARTICULAR,SI,69,HOMBRE,B,SI,,,6500,,,,,,,,,,,,,,,,,,,,,,
157,XALAPA,13/02/2014,JUEVES,20:40,21:20,,XALAPA,XALAPA,URBANA,,,AVENIDA MEXICO,REVOLUCION,,BUENO,,CONCRETO,,A NIVEL,NINGUNA,SIN RESTRICCIÓN,COLISIÓN,ÁNGULO,,2,,,,,,,,,,,,,,,,,0,,,,,,,,,,,,,,,,,,,,,
157,,,,,,,,,,,,,,,,,,,,,,,,,,A - AUTOMÓVIL,VOLKSWAGEN,LUPO,VERACRUZ,PLATA,BLH00638,9BWK5265400150,P - PARTICULAR,NO,27,HOMBRE,A,SI,NO RESPETAR CEDA EL PASO,NO APLICA,500,,,,,,,,,,,,,,,,,,,,,,
157,,,,,,,,,,,,,,,,,,,,,,,,,,A - AUTOMÓVIL,NISSAN,TSURU,VERACRUZ,BLANCO/VERDE,GA16737986Y,3NIE9AK334767,PE - PÚBLICO ESTATAL,SI,45,HOMBRE,A,SI,,,1500,,,,,,,,,,,,,,,,,,,,,,
158,XALAPA,13/02/2014,JUEVES,,08:05,08:20,XALAPA,XALAPA,URBANA,,,AVENIDA RUIZ CORTINES,CORDERO VIRGINIO,,BUENO,,ASFALTO,,A NIVEL,NINGUNA,SIN RESTRICCIÓN,COLISIÓN,LATERAL,,2,,,,,,,,,,,,,,,,,0,,,,,,,,,,,,,,,,,,,,,
158,,,,,,,,,,,2,,,,,,,,,,,,,,,A - AUTOMÓVIL,NISSAN,SEDAN,VERACRUZ,BLANCO/VERDE,GA16814595Y,3NIEB3153BA49735,PE - PÚBLICO ESTATAL,SI,35,HOMBRE,A,SI,VELOCIDAD INMODERADA,NO APLICA,2000,,,,,,,,,,,,,,,,,,,,,,
158,,,,,,,,,,,,,,,,,,,,,,,,,,A - AUTOMÓVIL,CHRYSLER,CHEVY,VERACRUZ,GRIS,HECHO EN MEXICO,NRRPV0D6L848,P - PARTICULAR,NO,38,HOMBRE,B,SI,,,3000,,,,,,,,,,,,,,,,,,,,,,
159,XALAPA,13/02/2014,JUEVES,,11:45,,XALAPA,XALAPA,URBANA,,,BOULEVARD CRISTOBAL COLON,,,BUENO,,CONCRETO,,DESCENDENTE,NINGUNA,SIN RESTRICCIÓN,COLISIÓN,MANIOBRA EN REVERSA,,2,,,,,,,,,,,,,,,,,0,,,,,,,,,,,,,,,,,,,,,
159,,,,,,,,,,,,,,,,,,,,,,,,,,A - AUTOMÓVIL,FORD,MONDEO,VERACRUZ,BLANCO,SIN NUMERO,WFFT41F543119155,P - PARTICULAR,NO,30,HOMBRE,A,SI,NO GUARDAR DISTANCIA,NO APLICA,1000,,,,,,,,,,,,,,,,,,,,,,
159,,,,,,,,,,,,,,,,,,,,,,,,,,A - AUTOMÓVIL,NISSAN,PLATINA,VERACRUZ,CHAMPAGNE,Q050259,3NIE543GH14526,P - PARTICULAR,NO,25,HOMBRE,A,SI,,,1500,,,,,,,,,,,,,,,,,,,,,,
160,XALAPA,13/02/2014,JUEVES,,16:50,,XALAPA,XALAPA,URBANA,CARRETERA LAS TRANCAS,,,,,REGULAR,SOLEADO,CONCRETO,,A NIVEL,NINGUNA,SIN RESTRICCIÓN,SALIDA DE CAMINO,,,1,,,,,,,,,,,,,,,,,0,,,,,,,,,,,,,,,,,,,,,
160,,,,,,,,,,,,,,,,,,,,,,,,,,A - AUTOMÓVIL,NISSAN,TSURU,VERACRUZ,BLANCO/ROJO,SIN NUMERO,3NIEB31S1BK301148,PE - PÚBLICO ESTATAL,NO,32,HOMBRE,A,SI,VELOCIDAD INMODERADA,NO APLICA,7000,,,,,,,,,,,,,,,,,,,,,,
161,XALAPA,13/02/2014,JUEVES,,16:00,16:30,XALAPA,XALAPA,URBANA,,,AVENIDA LAZARO CARDENAS,RAFAEL LUCIO,,BUENO,SOLEADO,CONCRETO,,A NIVEL,NINGUNA,SIN RESTRICCIÓN,COLISIÓN,POR ALCANCE,,3,A - AUTOMÓVIL,NISSAN,TSURU,VERACRUZ,GRIS,9RLB1209170,E16165714M,P - PARTICULAR,NO,35,HOMBRE,A,SI,,,4000,0,,,,,,,,,,,,,,,,,,,,,
161,,,,,,,,,,,1,,,,,,,,,,,,,,,C - CAMIONETA,MAZDA,RV4,PUEBLA,ROJO,L32083753,JM3ER93X80196773,P - PARTICULAR,NO,59,HOMBRE,B,SI,NO GUARDAR DISTANCIA,NO APLICA,6000,,,,,,,,,,,,,,,,,,,,,,
161,,,,,,,,,,,,,,,,,,,,,,,,,,A - AUTOMÓVIL,CHEVROLET,CORSA,VERACRUZ,AZUL,SIN NUMERO,99CMRC331702,P - PARTICULAR,NO,59,HOMBRE,A,SI,,,900,,,,,,,,,,,,,,,,,,,,,,
162,XALAPA,13/02/2014,JUEVES,20:46,21:00,21:45,XALAPA,XALAPA,URBANA,,,CALLE PRINCIPAL C4,RESERVA TERRITORIAL,,REGULAR,,ASFALTO,SECO,A NIVEL,NINGUNA,SIN RESTRICCIÓN,COLISIÓN,,VEHÍCULO ESTACIONADO,2,,,,,,,,,,,,,,,,,0,,,,,,,,,,,,,,,,,,,,,
162,,,,,,,,,,,,,,,,,,,,,,,,,,M - MOTOCICLETA,ITALIKA,WIS,VERACRUZ,NEGRO/ROJO,SIN NUMERO,COC195457,P - PARTICULAR,NO,20,HOMBRE,,NO,VELOCIDAD INMODERADA,NO APLICA,1500,,,,,,,,,,,,,,,,,,,,,,
162,,,,,,,,,,,,,,,,,,,,,,,,,,A - AUTOMÓVIL,VOLKSWAGEN,JETTA,VERACRUZ,BLANCO,SIN NUMERO,3VW1W1A5EM09378,P - PARTICULAR,SI,28,HOMBRE,B,SI,,,600,,,,,,,,,,,,,,,,,,,,,,
163,XALAPA,13/02/2014,JUEVES,,20:10,20:40,XALAPA,XALAPA,URBANA,,,AVENIDA MEXICO,REVOLUCION,,BUENO,,CONCRETO,,ASCENDENTE,NINGUNA,SIN RESTRICCIÓN,COLISIÓN,POR ALCANCE,,2,,,,,,,,,,,,,,,,,0,,,,,,,,,,,,,,,,,,,,,
163,,,,,,,,,,,,,,,,,,,,,,,,,,A - AUTOMÓVIL,NISSAN,TSURU,VERACRUZ,BLANCO/ROJO,GN810827N,3NIEB315X8360501,PE - PÚBLICO ESTATAL,SI,26,HOMBRE,,NO,CAMBIAR CARRIL SIN PRECAUCIÓN,NO APLICA,2500,,,,,,,,,,,,,,,,,,,,,,
163,,,,,,,,,,,,,,,,,,,,,,,,,,A - AUTOMÓVIL,CHRYSLER,ATOS,VERACRUZ,BLANCO/ROJO,HECHO EN INDIA,MALAB51BM597407,PE - PÚBLICO ESTATAL,SI,23,HOMBRE,A,SI,,,1500,,,,,,,,,,,,,,,,,,,,,,
164,XALAPA,14/02/2014,VIERNES,,08:25,,XALAPA,XALAPA,URBANA,,,ARTEAGA,3 DE MAYO,CHIAPAS,BUENO,,ASFALTO,SECO,A NIVEL,NINGUNA,SIN RESTRICCIÓN,COLISIÓN,ÁNGULO,VEHÍCULO CIRCULANDO,2,A - AUTOMÓVIL,NISSAN,PICK UP,VERACRUZ,ROJO,KA24711931M,3N1CD12S0WK018850,P - PARTICULAR,NO,23,HOMBRE,A,SI,NO RESPETAR CEDA EL PASO,NO APLICA,3000,0,,,,,,,,,,,,,,,,,,,,,
164,,,,,,,,,,,,,,,,,,,,,,,,,,A - AUTOMÓVIL,RENAULT,CLIO,VERACRUZ,GRIS,,,P - PARTICULAR,NO,49,HOMBRE,,,,,4000,,,,,,,,,,,,,,,,,,,,,,
165,XALAPA,14/02/2014,VIERNES,,08:55,09:15,XALAPA,XALAPA,URBANA,,,BOULEVARD XALAPA-BANDERILLA,21 DE MARZO,,BUENO,SOLEADO,CONCRETO,SECO,A NIVEL,NINGUNA,SIN RESTRICCIÓN,COLISIÓN,ÁNGULO,VEHÍCULO CIRCULANDO,3,A - AUTOMÓVIL,NISSAN,TSURU,VERACRUZ,BLANCO/ROJO,GA1689487Y,3N1EB31S0DK310751,PE - PÚBLICO ESTATAL,SI,46,HOMBRE,A,SI,NO RESPETAR SEÑAL DE ALTO,NO APLICA,5000,1,,,1,,,,,,,,,,,,,,,,,,
165,,,,,,,,,,,,,,,,,,,,,,,,,,C - CAMIONETA,CHEVROLET,SILVERADO,VERACRUZ,ROJO,SIN NUMERO,16CE14WVZ154177,P - PARTICULAR,NO,27,HOMBRE,A,SI,,,3000,,,,,,,,,,,,,,,,,,,,,,
165,,,,,,,,,,,,,,,,,,,,,,,,,,A - AUTOMÓVIL,POINTER,POINTER,VERACRUZ,AZUL,UDH081343,9BWCC15X94T198707,P - PARTICULAR,NO,40,HOMBRE,B,NO,,,1500,,,,,,,,,,,,,,,,,,,,,,
166,XALAPA,14/02/2014,VIERNES,,09:00,,XALAPA,XALAPA,URBANA,,,ADALBERTO CALDERON,FERRER GUARDIA,FRANCISCO MORENO,BUENO,,CONCRETO,SECO,A NIVEL,NINGUNA,SIN RESTRICCIÓN,COLISIÓN,ÁNGULO,VEHÍCULO CIRCULANDO,2,C - CAMIONETA,TOYOTA,RAV-4,VERACRUZ,BLANCO,2AZ912372,JTMZD35V885088649,P - PARTICULAR,,21,HOMBRE,A,SI,OTRO,NO APLICA,2000,0,,,,,,,,,,,,,,,,,,,,,
166,,,,,,,,,,,,,,,,,,,,,,,,,,A - AUTOMÓVIL,VOLKSWAGEN,GOL,VERACRUZ,BLANCO,CFZ784335,9BWAB05U2BP073574,P - PARTICULAR,,17,HOMBRE,,,,,300,,,,,,,,,,,,,,,,,,,,,,
167,XALAPA,14/02/2014,VIERNES,,09:30,,XALAPA,XALAPA,URBANA,,,AVENIDA CIRCUITO PRESIDENTES,ZONA UNIVERSITARIA,USBI,BUENO,,CONCRETO,SECO,A NIVEL,NINGUNA,SIN RESTRICCIÓN,COLISIÓN,LATERAL,VEHÍCULO CIRCULANDO,2,A - AUTOMÓVIL,CHEVROLET,BLAZER,VERACRUZ,NEGRO,SIN NUMERO,10NC118W6TK109769,P - PARTICULAR,,32,HOMBRE,C,SI,CAMBIAR CARRIL SIN PRECAUCIÓN,NO APLICA,1000,0,,,,,,,,,,,,,,,,,,,,,
167,,,,,,,,,,,9,,,,,,,,,,,,,,,AS - AUTOBÚS SUBURBANO,INTERNATIONAL,CHASIS,VERACRUZ,BLANCO,470HM2U1403506,3HBBPAANX4L608189,PE - PÚBLICO ESTATAL,,30,HOMBRE,A,SI,,,0,,,,,,,,,,,,,,,,,,,,,,
168,XALAPA,14/02/2014,VIERNES,,09:50,,XALAPA,XALAPA,URBANA,,,MARTIRES 28 DE AGOSTO,,,BUENO,,ASFALTO,SECO,A NIVEL,NINGUNA,SIN RESTRICCIÓN,COLISIÓN,LATERAL,VEHÍCULO CIRCULANDO,2,C - CAMIONETA,TOYOTA,RAV-4,VERACRUZ,ROJO,2A22799793,JTMZD3N286053931,P - PARTICULAR,,34,MUJER,C,SI,CAMBIAR CARRIL SIN PRECAUCIÓN,NO APLICA,1000,0,,,,,,,,,,,,,,,,,,,,,
168,,,,,,,,,,,20,,,,,,,,,,,,,,,AS - AUTOBÚS SUBURBANO,MERCEDES BENZ,,VERACRUZ,BLANCO,,,PE - PÚBLICO ESTATAL,,28,HOMBRE,A,SI,,,1000,,,,,,,,,,,,,,,,,,,,,,
169,XALAPA,14/02/2014,VIERNES,,11:50,,XALAPA,XALAPA,URBANA,,,ARTEAGA,,20 DE NOVIEMBRE,BUENO,,CONCRETO,SECO,DESCENDENTE,NINGUNA,SIN RESTRICCIÓN,ATROPELLAMIENTO,,,1,AS - AUTOBÚS SUBURBANO,INTERNATIONAL,,VERACRUZ,BLANCO/AMARILLO,,,PE - PÚBLICO ESTATAL,,34,HOMBRE,A,SI,,OTRO,SIN DAÑOS,1,,,,,,,,,,1,,,,,,,,,,,
170,XALAPA,14/02/2014,VIERNES,12:00,12:10,12:40,XALAPA,XALAPA,URBANA,,,LAZARO CARDENAS,AGUACATAL,BADILLO,BUENO,SOLEADO,ASFALTO,SECO,A NIVEL,NINGUNA,SIN RESTRICCIÓN,COLISIÓN,ÁNGULO,VEHÍCULO CIRCULANDO,2,A - AUTOMÓVIL,NISSAN,TSURU,VERACRUZ,BLANCO/ROJO,GA167133942,3N1EB31S3DK325390,PE - PÚBLICO ESTATAL,SI,35,HOMBRE,A,SI,NO RESPETAR CEDA EL PASO,NO APLICA,2000,0,,,,,,,,,,,,,,,,,,,,,
170,,,,,,,,,,,1,,,,,,,,,,,,,,,AS - AUTOBÚS SUBURBANO,INTERNATIONAL,,VERACRUZ,AMARILLO,Y1A060394,3HBB25FNX01153366,PE - PÚBLICO ESTATAL,SI,26,HOMBRE,,,,,1500,,,,,,,,,,,,,,,,,,,,,,
171,XALAPA,14/02/2014,VIERNES,,13:00,,XALAPA,XALAPA,URBANA,,,AVENIDA 20 DE NOVIEMBRE,CENTRO,DR. LUCIO Y REVOLUCION,BUENO,SOLEADO,CONCRETO,SECO,A NIVEL,NINGUNA,SIN RESTRICCIÓN,COLISIÓN,POR ALCANCE,VEHÍCULO CIRCULANDO,2,A - AUTOMÓVIL,VOLKSWAGEN,GOLF,VERACRUZ,BLANCO,AEG347504,9BWAB01J64007891,P - PARTICULAR,NO,36,HOMBRE,B,SI,NO GUARDAR DISTANCIA,NO APLICA,1000,1,,,,,1,,,,,,,,,,,,,,,,
171,,,,,,,,,,,5,,,,,,,,,,,,,,,A - AUTOMÓVIL,NISSAN,TSURU,VERACRUZ,BLANCO/VERDE,GA168641DGV,3N1EB31S47K302608,PE - PÚBLICO ESTATAL,SI,24,HOMBRE,A,SI,,,2000,,,,,,,,,,,,,,,,,,,,,,
172,XALAPA,14/02/2014,VIERNES,14:10,14:15,15:00,XALAPA,XALAPA,URBANA,,,REVOLUCION,CENTRO,,BUENO,,CONCRETO,SECO,A NIVEL,SEMÁFORO FUNCIONANDO,SIN RESTRICCIÓN,COLISIÓN,LATERAL,VEHÍCULO CIRCULANDO,2,AS - AUTOBÚS SUBURBANO,NAVISTAR,INTERNATIONAL,VERACRUZ,BLANCO,469HM2U104596,31TSCAN7V69,PE - PÚBLICO ESTATAL,NO,41,HOMBRE,A,SI,CAMBIAR CARRIL SIN PRECAUCIÓN,NO APLICA,1000,0,,,,,,,,,,,,,,,,,,,,,
172,,,,,,,,,,,,,,,,,,,,,,,,,,A - AUTOMÓVIL,CHEVROLET,CRUZE,VERACRUZ,GRIS,HECHO EN KOREA,CL1P05CC52BC65716,P - PARTICULAR,NO,33,HOMBRE,C,SI,,,6000,,,,,,,,,,,,,,,,,,,,,,
173,XALAPA,14/02/2014,VIERNES,15:00,15:45,,XALAPA,XALAPA,URBANA,,,HUITZILOPOCHTLI,ANAHUATL ANIMAS,TEOCELOTL,BUENO,SOLEADO,CONCRETO,SECO,ASCENDENTE,NINGUNA,SIN RESTRICCIÓN,COLISIÓN,,OBJETO FIJO,1,A - AUTOMÓVIL,VOLKSWAGEN,SEAT,VERACRUZ,BLANCO,CEK014206,VSSMK46J7AR177076,P - PARTICULAR,SI,,,,,OTRO,NO APLICA,20000,0,,,,,,,,,,,,,,,,,,,,,
174,XALAPA,14/02/2014,VIERNES,,19:45,,XALAPA,XALAPA,URBANA,,,AVENIDA LAZARO CARDENAS,,MIGUEL ALEMAN,BUENO,,CONCRETO,SECO,A NIVEL,SEMÁFORO FUNCIONANDO,SIN RESTRICCIÓN,COLISIÓN,ÁNGULO,VEHÍCULO CIRCULANDO,2,A - AUTOMÓVIL,CHEVROLET,CHEVY,VERACRUZ,GRIS,,3G1SF24231SK40354,P - PARTICULAR,NO,28,HOMBRE,,,NO RESPETAR SEMÁFORO,NO APLICA,1500,0,,,,,,,,,,,,,,,,,,,,,
174,,,,,,,,,,,1,,,,,,,,,,,,,,,A - AUTOMÓVIL,FORD,FIESTA,VERACRUZ,ROJO,SIN NUMERO,9BFBP1AN2B8074311,P - PARTICULAR,NO,32,MUJER,,,,,2000,,,,,,,,,,,,,,,,,,,,,,
175,XALAPA,14/02/2014,VIERNES,,21:15,21:35,XALAPA,XALAPA,URBANA,,,CIRCUITO PRESIDENTES,,,REGULAR,,CONCRETO,SECO,DESCENDENTE,NINGUNA,SIN RESTRICCIÓN,COLISIÓN,ÁNGULO,VEHÍCULO CIRCULANDO,2,A - AUTOMÓVIL,NISSAN,TSURU,VERACRUZ,BLANCO/VERDE,GA16849082Y,3N1EB31SCK323795,PE - PÚBLICO ESTATAL,SI,25,HOMBRE,A,SI,CAMBIAR CARRIL SIN PRECAUCIÓN,NO APLICA,2000,0,,,,,,,,,,,,,,,,,,,,,