idMES,DELEGACION DE TRANSITO,FECHA DEL ACCIDENTE,DIA DE LA SEMANA,HORA EN QUE SE RECIBIO LA LLAMADA REPORTANDO EL ACCIDENTE,HORA DE ARRIBO DEL PERITO AL SITIO,HORA DE REGRESO DEL PERITO A LAS INSTALACIONES DE SU DELEGACION,LOCALIDAD ACCIDENTE,MUNICIPIO ACCIDENTE,ZONA,CARRETERA/KILOMETRO DEL ACCIDENTE,NUMERO DE AVENIDA,CALLE/AVENIDA DEL ACCIDENTE,COLONIA,ENTRE CALLES,CONDICIONES DE LA VIA,CONDICIONES NATURALES,SUPERFICIE DE LA VIA,ESTADO DE LA VIA,TANGENTE,TIPO DE CONTROL DE TRANSITO,RESTRICCIONES DE LA VIA,TIPO DE ACCIDENTE,FORMA DE ACCIDENTARSE,CONTRA QUE FUE EL IMPACTO,CANTIDAD DE VEHICULOS,TIPO DE VEHICULO,MARCA,SUBMARCA,ENTIDAD FEDERATIVA DEL VEHICULO,COLOR DEL VEHICULO,MOTOR,SERIE,TIPO DE SERVICIO PARA EL QUE SE OCUPAN LOS VEHICULOS,ASEGURADO,EDAD CONDUCTOR,SEXO CONDUCTOR,TIPO LICENCIA,LICENCIA VIGENTE,CAUSA ATRIBUIBLE AL CONDUCTOR,CAUSA ATRIBUIBLE AL PEATON,DANIOS (MONTO APROXIMADO EN MXN),NUMERO DE HERIDOS,MUJER HERIDA DE 0-15 ANIOS,HOMBRE HERIDO DE 0-15 ANIOS,MUJER HERIDA DE 16-30 ANIOS,HOMBRE HERIDO DE 16-30 ANIOS,MUJER HERIDA DE 31-45 ANIOS,HOMBRE HERIDO DE 31-45 ANIOS,MUJER HERIDA DE 46-60 ANIOS,HOMBRE HERIDO DE 46-60 ANIOS,MUJER HERIDA MAS DE 60 ANIOS,HOMBRE HERIDO MAS DE 60 ANIOS,NUMERO DE MUERTOS,MUJER MUERTA DE 0-15 ANIOS,HOMBRE MUERTO DE 0-15 ANIOS,MUJER MUERTA DE 16-30 ANIOS,HOMBRE MUERTO DE 16-30 ANIOS,MUJER MUERTA DE 31-45 ANIOS,HOMBRE MUERTO DE 31-45 ANIOS,MUJER MUERTA DE 46-60 ANIOS,HOMBRE MUERTO DE 46-60 ANIOS,MUJER MUERTA MAS DE 60 ANIOS,HOMBRE MUERTO MAS DE 60 ANIOS
175,,,,,,,,,,,9,,,,,,,,,,,,,,,A - AUTOMÓVIL,RENAULT,FLUENCE,VERACRUZ,BLANCO,N260525,VF1LZ12TXDC268304,P - PARTICULAR,SI,64,HOMBRE,B,SI,,,2000,,,,,,,,,,,,,,,,,,,,,,
176,XALAPA,14/02/2014,VIERNES,05:00,05:05,05:40,XALAPA,XALAPA,URBANA,,,TRANCAS COATEPEC,,,BUENO,NIEBLA,ASFALTO,SECO,A NIVEL,NINGUNA,SIN RESTRICCIÓN,COLISIÓN,DE FRENTE,VEHÍCULO CIRCULANDO,2,A - AUTOMÓVIL,CHEVROLET,CHEVY,VERACRUZ,BLANCO,HECHO EN MEXICO,3G1SF21X095113188,P - PARTICULAR,NO,30,HOMBRE,,,OTRO,NO APLICA,12000,1,,,,1,,,,,,,,,,,,,,,,,
176,,,,,,,,,,,,,,,,,,,,,,,,,,A - AUTOMÓVIL,NISSAN,TSURU,VERACRUZ,BLANCO/ROJO,GA16863061S,3N1EB3L864KS40794,PE - PÚBLICO ESTATAL,NO,24,HOMBRE,,,,,10000,,,,,,,,,,,,,,,,,,,,,,
177,XALAPA,14/02/2014,VIERNES,06:40,07:00,,XALAPA,XALAPA,URBANA,,,AVENIDA LAZARO CARDENAS,,FTE. A LA CORONA,BUENO,SOLEADO,CONCRETO,SECO,A NIVEL,NINGUNA,SIN RESTRICCIÓN,COLISIÓN,POR ALCANCE,VEHÍCULO CIRCULANDO,2,A - AUTOMÓVIL,CHEVROLET,MATIZ,VERACRUZ,BLANCO/VERDE,HECHO EN KOREA,KL1MDGA00DC013883,PE - PÚBLICO ESTATAL,,32,HOMBRE,A,SI,NO GUARDAR DISTANCIA,NO APLICA,9000,0,,,,,,,,,,,,,,,,,,,,,
177,,,,,,,,,,,1,,,,,,,,,,,,,,,A - AUTOMÓVIL,CHEVROLET,CHEVY,VERACRUZ,ROJO,HECHO EN MEXICO,3G1SF613X25209828,P - PARTICULAR,,32,MUJER,B,SI,,,12000,,,,,,,,,,,,,,,,,,,,,,
177,,,,,,,,,,,,,,,,,,,,,,,,,,A - AUTOMÓVIL,NISSAN,TSURU,VERACRUZ,BLANCO/ROJO,GA16719879Y,3N1EB31S2AK320158,PE - PÚBLICO ESTATAL,,22,HOMBRE,A,SI,,,2000,,,,,,,,,,,,,,,,,,,,,,
178,XALAPA,14/02/2014,VIERNES,12:43,12:55,,XALAPA,XALAPA,URBANA,,,AVENIDA LAZARO CARDENAS,,"FTE, AL CONGRESO DEL ESTADO",BUENO,,CONCRETO,SECO,DESCENDENTE,NINGUNA,SIN RESTRICCIÓN,ATROPELLAMIENTO,,VEHÍCULO CIRCULANDO,1,C - CAMIONETA,CHEVROLET,S-10,VERACRUZ,,SIN NUMERO,1GCCS1442X8163766,P - PARTICULAR,NO,42,HOMBRE,,,VELOCIDAD INMODERADA,NO APLICA,5000,,,,,,,,,,,,1,,,,,,1,,,,
178,,,,,,,,,,,1,,,,,,,,,,,,,,,,,,,,,,,,,,,,,,,,,,,,,,,,,,,,,,,,,,,,
179,XALAPA,14/02/2014,VIERNES,21:40,22:00,,XALAPA,EMILIANO ZAPATA,URBANA,,,LIQUIDAMBAR,FRACCIONAMIENTO LA PRADERA,,BUENO,,CONCRETO,SECO,ASCENDENTE,NINGUNA,SIN RESTRICCIÓN,COLISIÓN,,VEHÍCULO ESTACIONADO,3,A - AUTOMÓVIL,NISSAN,TSURU,VERACRUZ,AZUL,,,P - PARTICULAR,,26,HOMBRE,,,ALCOHOL / DROGAS,NO APLICA,6000,0,,,,,,,,,,,,,,,,,,,,,
179,,,,,,,,,,,,,,,,,,,,,,,,,,C - CAMIONETA,FORD,RANGER,VERACRUZ,NEGRO,HECHO EN USA,8AFER5AD2B6348210,P - PARTICULAR,,,,,,,,9000,,,,,,,,,,,,,,,,,,,,,,
179,,,,,,,,,,,,,,,,,,,,,,,,,,A - AUTOMÓVIL,NISSAN,PLATINA,VERACRUZ,VERDE,Q014128,3N1JHD1S22L010146,P - PARTICULAR,,,,,,,,3000,,,,,,,,,,,,,,,,,,,,,,
180,XALAPA,14/02/2014,VIERNES,16:13,16:25,,XALAPA,XALAPA,URBANA,,,AVENIDA CIRCUITO PRESIDENTES,,,BUENO,,CONCRETO,SECO,A NIVEL,NINGUNA,SIN RESTRICCIÓN,COLISIÓN,POR ALCANCE,VEHÍCULO CIRCULANDO,3,A - AUTOMÓVIL,NISSAN,TSURU,VERACRUZ,BLANCO/ROJO,GA1685523W,3N1EB31SGK32800,PE - PÚBLICO ESTATAL,,44,HOMBRE,A,SI,NO GUARDAR DISTANCIA,NO APLICA,2000,0,,,,,,,,,,,,,,,,,,,,,
180,,,,,,,,,,,9,,,,,,,,,,,,,,,A - AUTOMÓVIL,NISSAN,VERSA,VERACRUZ,BLANCO,HR1673590S,3N2CN7AD3CL821256,P - PARTICULAR,,28,MUJER,C,SI,,,8000,,,,,,,,,,,,,,,,,,,,,,
180,,,,,,,,,,,,,,,,,,,,,,,,,,C - CAMIONETA,RENAULT,DOSTER,VERACRUZ,,CO11567,,P - PARTICULAR,,24,MUJER,,,,,12000,,,,,,,,,,,,,,,,,,,,,,
181,XALAPA,14/02/2014,VIERNES,16:13,16:25,,XALAPA,XALAPA,URBANA,,,AVENIDA CIRCUITO PRESIDENTES,,,BUENO,,CONCRETO,SECO,A NIVEL,NINGUNA,SIN RESTRICCIÓN,COLISIÓN,POR ALCANCE,VEHÍCULO CIRCULANDO,2,A - AUTOMÓVIL,NISSAN,TSURU,VERACRUZ,BLANCO/ROJO,GA1EB44842W,3N1EB311939K32985,PE - PÚBLICO ESTATAL,,24,HOMBRE,A,SI,NO GUARDAR DISTANCIA,NO APLICA,6000,0,,,,,,,,,,,,,,,,,,,,,
181,,,,,,,,,,,9,,,,,,,,,,,,,,,A - AUTOMÓVIL,VOLKSWAGEN,SEAT,VERACRUZ,BLANCO,CEK033887,VSSSK46J7CR068644,P - PARTICULAR,,34,HOMBRE,A,SI,,,10000,,,,,,,,,,,,,,,,,,,,,,
182,XALAPA,15/02/2014,SÁBADO,09:22,09:30,,XALAPA,XALAPA,URBANA,,,PRINCIPAL LAS TRANCAS,TRANCAS,ARCO SUR Y OJO DE AGUA,BUENO,,ASFALTO,SECO,A NIVEL,NINGUNA,SIN RESTRICCIÓN,COLISIÓN,LATERAL,VEHÍCULO CIRCULANDO,2,A - AUTOMÓVIL,NISSAN,SENTRA,VERACRUZ,ROJO,MR20432718H,3N1AB6AD9AL641433,P - PARTICULAR,NO,36,HOMBRE,C,SI,OTRO,NO APLICA,700,0,,,,,,,,,,,,,,,,,,,,,
182,,,,,,,,,,,15,,,,,,,,,,,,,,,A - AUTOMÓVIL,CHEVROLET,CHEVY,VERACRUZ,PLATA,WS105133,3G1SE548WS105133,P - PARTICULAR,NO,37,HOMBRE,B,SI,,,1000,,,,,,,,,,,,,,,,,,,,,,
183,XALAPA,15/02/2014,SÁBADO,,12:00,,XALAPA,XALAPA,URBANA,,,PONIENTE 7,,,BUENO,SOLEADO,ASFALTO,SECO,ASCENDENTE,NINGUNA,SIN RESTRICCIÓN,COLISIÓN,LATERAL,VEHÍCULO ESTACIONADO,2,A - AUTOMÓVIL,CHEVROLET,SMART,VERACRUZ,SILVERT TOUCH,HECHO EN KOREA,KL1CD6AD08,P - PARTICULAR,NO,35,HOMBRE,B,SI,OTRO,NO APLICA,2000,0,,,,,,,,,,,,,,,,,,,,,
183,,,,,,,,,,,,,,,,,,,,,,,,,,A - AUTOMÓVIL,NISSAN,TSURU,VERACRUZ,BLANCO/ROJO,GA168259V,3N1EB31S1CK304908,PE - PÚBLICO ESTATAL,,,,,,,,,,,,,,,,,,,,,,,,,,,,,,
184,XALAPA,15/02/2014,SÁBADO,18:20,18:50,19:10,XALAPA,XALAPA,URBANA,,,AVENIDA PIPILA,EL MIRADOR,,BUENO,,CONCRETO,,A NIVEL,NINGUNA,SIN RESTRICCIÓN,COLISIÓN,LATERAL,VEHÍCULO CIRCULANDO,2,C - CAMIONETA,CHRYSLER,JEEP,VERACRUZ,GRIS,HECHI EN USA,1J4GK48K62W236099,P - PARTICULAR,SI,35,HOMBRE,C,SI,CAMBIAR CARRIL SIN PRECAUCIÓN,NO APLICA,800,0,,,,,,,,,,,,,,,,,,,,,
184,,,,,,,,,,,,,,,,,,,,,,,,,,A - AUTOMÓVIL,NISSAN,TSURU,VERACRUZ,BLANCO/ROJO,GA16811922W,3N1EB31S88K361341,PE - PÚBLICO ESTATAL,SI,38,HOMBRE,A,SI,,,1500,,,,,,,,,,,,,,,,,,,,,,
185,XALAPA,15/02/2014,SÁBADO,,23:00,23:45,XALAPA,EMILIANO ZAPATA,URBANA,LAS TRANCAS-EL CHICO KM. 03+500,,,ALCAMFOR,,BUENO,,ASFALTO,SECO,ASCENDENTE,NINGUNA,ACCIDENTE PREVIO,SALIDA DE CAMINO,,VEHÍCULO CIRCULANDO,1,A - AUTOMÓVIL,VOLKSWAGEN,GOLF,VERACRUZ,NEGRO,NW088073,1JNM912809,P - PARTICULAR,NO,29,HOMBRE,A,SI,CAMBIAR CARRIL SIN PRECAUCIÓN,NO APLICA,4000,0,,,,,,,,,,,,,,,,,,,,,
186,XALAPA,15/02/2014,SÁBADO,,20:30,,XALAPA,XALAPA,URBANA,,,BOLIVIA,LIBERTAD,,BUENO,,ASFALTO,SECO,DESCENDENTE,NINGUNA,SIN RESTRICCIÓN,COLISIÓN,,OBJETO FIJO,1,A - AUTOMÓVIL,VOLKSWAGEN,POINTER,VERACRUZ,BEIGE,,9BW005X54P095152,P - PARTICULAR,NO,58,MUJER,C,SI,VELOCIDAD INMODERADA,NO APLICA,18000,1,,,,,,,1,,,,,,,,,,,,,,
186,,,,,,,,,,,19,,,,,,,,,,,,,,,,,,,,,,,,,,,,,,,,,,,,,,,,,,,,,,,,,,,,
187,XALAPA,15/02/2014,SÁBADO,,11:48,,XALAPA,XALAPA,URBANA,,,AVENIDA LAZARO CARDENAS,RAFAEL LUCIO,RAFAEL VALENZUELA,BUENO,,ASFALTO,SECO,A NIVEL,NINGUNA,SIN RESTRICCIÓN,COLISIÓN,POR ALCANCE,VEHÍCULO CIRCULANDO,2,M - MOTOCICLETA,HONDA,125 CC,VERACRUZ,BLANCO,JC30E67002015,9C2JC30687R002015,P - PARTICULAR,SI,23,HOMBRE,B,SI,OTRO,NO APLICA,2500,0,,,,,,,,,,,,,,,,,,,,,
187,,,,,,,,,,,1,,,,,,,,,,,,,,,C - CAMIONETA,CHEVROLET,TORNADO,VERACRUZ,AZUL,SIN NUMERO,93CXM80208C177585,P - PARTICULAR,,32,HOMBRE,C,SI,,,3000,,,,,,,,,,,,,,,,,,,,,,
188,XALAPA,16/03/2014,DOMINGO,,00:20,,XALAPA,XALAPA,URBANA,,,IGNACIO DE LA LLAVE,,LAZARO CARDENAS Y MIGUEL ALEMAN,BUENO,,ASFALTO,SECO,ASCENDENTE,SEMÁFORO FUNCIONANDO,SIN RESTRICCIÓN,COLISIÓN,ÁNGULO,VEHÍCULO CIRCULANDO,2,A - AUTOMÓVIL,NISSAN,MICRA,VERACRUZ,,IMPORTADO,SJNFCAK125A375341,P - PARTICULAR,SI,25,HOMBRE,C,SI,NO RESPETAR SEMÁFORO,NO APLICA,1000,0,,,,,,,,,,,,,,,,,,,,,
188,,,,,,,,,,,,,,,,,,,,,,,,,,A - AUTOMÓVIL,NISSAN,TSURU,VERACRUZ,BLANCO/VERDE,GA16730906Y,3N1EB31S7AK329440,PE - PÚBLICO ESTATAL,SI,27,HOMBRE,A,SI,,,1500,,,,,,,,,,,,,,,,,,,,,,
189,XALAPA,16/02/2014,DOMINGO,,13:10,13:25,XALAPA,XALAPA,URBANA,,,AVENIDA LAZARO CARDENAS,ENCINAL,CHEDRAUI CARAM,BUENO,SOLEADO,CONCRETO,SECO,A NIVEL,SEMÁFORO FUNCIONANDO,SIN RESTRICCIÓN,COLISIÓN,POR ALCANCE,VEHÍCULO CIRCULANDO,2,A - AUTOMÓVIL,NISSAN,SENTRA,VERACRUZ,GRIS,MR20288258H,3N1AB61D88L7588561,P - PARTICULAR,SI,50,HOMBRE,B,SI,NO GUARDAR DISTANCIA,NO APLICA,1500,0,,,,,,,,,,,,,,,,,,,,,
189,,,,,,,,,,,1,,,,,,,,,,,,,,,A - AUTOMÓVIL,CHEVROLET,CHEVY,VERACRUZ,VERDE,WS129854,361SF2426WS129854,P - PARTICULAR,SI,45,HOMBRE,B,SI,,,1000,,,,,,,,,,,,,,,,,,,,,,
190,XALAPA,16/02/2014,DOMINGO,,17:50,17:50,XALAPA,XALAPA,URBANA,,,7 DE NOVIEMBRE,SALUD,PEDRO BERISTAIN,REGULAR,SOLEADO,ASFALTO,SECO,A NIVEL,NINGUNA,SIN RESTRICCIÓN,COLISIÓN,LATERAL,VEHÍCULO ESTACIONADO,2,AS - AUTOBÚS SUBURBANO,MERCEDES BENZ,,VERACRUZ,BLANCO,HECHO EN MEXICO,3BW11S0MM41378,PE - PÚBLICO ESTATAL,SI,21,HOMBRE,A,SI,CAMBIAR CARRIL SIN PRECAUCIÓN,NO APLICA,1000,0,,,,,,,,,,,,,,,,,,,,,
190,,,,,,,,,,,,,,,,,,,,,,,,,,A - AUTOMÓVIL,NISSAN,TIDA,VERACRUZ,BLANCO/ROJO,MR18923033H,3N1BC1AS7CK284135,PE - PÚBLICO ESTATAL,SI,42,HOMBRE,A,SI,,,1500,,,,,,,,,,,,,,,,,,,,,,
191,XALAPA,16/02/2014,DOMINGO,20:10,20:20,,XALAPA,XALAPA,URBANA,,,BOULEVARD EUROPA No. 93,MONTE MAGNO,,BUENO,NIEBLA,CONCRETO,SECO,ASCENDENTE,NINGUNA,SIN RESTRICCIÓN,COLISIÓN,LATERAL,VEHÍCULO CIRCULANDO,2,A - AUTOMÓVIL,CHEVROLET,SIERRA,VERACRUZ,CHAMPAGNE,,1GTDC14H2516777,P - PARTICULAR,NO,28,HOMBRE,B,SI,VELOCIDAD INMODERADA,NO APLICA,5000,0,,,,,,,,,,,,,,,,,,,,,
191,,,,,,,,,,,,,,,,,,,,,,,,,,A - AUTOMÓVIL,RENAULT,ESCALA,DISTRITO FEDERAL,CHAMPAGNE,,KNMC4C2H0BP791789,P - PARTICULAR,SI,,,,,,,65000,,,,,,,,,,,,,,,,,,,,,,
192,XALAPA,16/02/2014,DOMINGO,11:05,11:30,,XALAPA,XALAPA,URBANA,,,AVENIDA VERACRUZ,TLALNEHUAYOCAN,ZAMORA,BUENO,,CONCRETO,SECO,ASCENDENTE,NINGUNA,SIN RESTRICCIÓN,COLISIÓN,,VEHÍCULO ESTACIONADO,3,A - AUTOMÓVIL,PONTIAC,GRAND AM. GT,CHIHUAHUA,NEGRO,,,P - PARTICULAR,,,,,,VELOCIDAD INMODERADA,NO APLICA,5000,0,,,,,,,,,,,,,,,,,,,,,
192,,,,,,,,,,,,,,,,,,,,,,,,,,A - AUTOMÓVIL,CHEVROLET,CAVALIER,VERACRUZ,TERRACOTA,SIN NUMERO,3G11X1441XS156949,P - PARTICULAR,,,,,,,,8000,,,,,,,,,,,,,,,,,,,,,,
192,,,,,,,,,,,,,,,,,,,,,,,,,,A - AUTOMÓVIL,VOLKSWAGEN,GOLF,VERACRUZ,MALVA METALICO,ADD025596,3VW193111M5000670,P - PARTICULAR,,,,,,,,,,,,,,,,,,,,,,,,,,,,,,
193,XALAPA,16/02/2014,DOMINGO,21:17,21:30,,XALAPA,XALAPA,URBANA,,,CAMINO ANTIGUO A NAOLINCO,MARGARITA MAZA DE JUAREZ,,BUENO,,ASFALTO,SECO,ASCENDENTE,NINGUNA,SIN RESTRICCIÓN,COLISIÓN,DE FRENTE,VEHÍCULO CIRCULANDO,2,C - CAMIONETA,FORD,F-150,VERACRUZ,ROJO,SIN NUMERO,1FTZX186XWNA39224,P - PARTICULAR,,,,,,VELOCIDAD INMODERADA,NO APLICA,5000,0,,,,,,,,,,,,,,,,,,,,,
193,,,,,,,,,,,,,,,,,,,,,,,,,,AS - AUTOBÚS SUBURBANO,MERCEDES BENZ,CHASIS,VERACRUZ,NARANJA/BLANCO,,,PE - PÚBLICO ESTATAL,,47,HOMBRE,A,SI,,,2000,,,,,,,,,,,,,,,,,,,,,,
194,XALAPA,16/02/2014,DOMINGO,09:55,10:15,10:40,XALAPA,XALAPA,URBANA,,,FRESNOS,ACUEDUCTO,CAOBA,BUENO,,CONCRETO,SECO,A NIVEL,NINGUNA,SIN RESTRICCIÓN,COLISIÓN,,OBJETO FIJO,1,A - AUTOMÓVIL,CHEVROLET,CHEVY,VERACRUZ,BLANCO,,,P - PARTICULAR,,,,,,VELOCIDAD INMODERADA,NO APLICA,10000,1,,,,,,1,,,,,,,,,,,,,,,
194,,,,,,,,,,,,,,,,,,,,,,,,,,,,,,,,,,,,,,,,,10000,,,,,,,,,,,,,,,,,,,,,,
195,XALAPA,16/02/2014,DOMINGO,21:35,21:50,,XALAPA,XALAPA,URBANA,,,AVENIDA PIPILA,MIRADOR,GONZALO VAZQUEZ VELA,BUENO,,CONCRETO,SECO,ASCENDENTE,NINGUNA,SIN RESTRICCIÓN,COLISIÓN,ÁNGULO,VEHÍCULO CIRCULANDO,2,A - AUTOMÓVIL,CHEVROLET,AVEO,VERACRUZ,PLATA,HECHI EN MÉXICO,3G1TA5AF6DL145975,P - PARTICULAR,,23,HOMBRE,B,SI,OTRO,NO APLICA,4000,1,,,,1,,,,,,,,,,,,,,,,,
195,,,,,,,,,,,,,,,,,,,,,,,,,,A - AUTOMÓVIL,NISSAN,SENTRA,VERACRUZ,NEGRO,MR204205001H,3N1AB6AD4AL634115,P - PARTICULAR,,52,MUJER,B,SI,,,4000,,,,,,,,,,,,,,,,,,,,,,
195,,,,,,,,,,,,,,,,,,,,,,,,,,,,,,,,,,,,,,,,,,,,,,,,,,,,,,,,,,,,,,,
196,XALAPA,17/02/2014,LUNES,,07:30,,XALAPA,XALAPA,URBANA,,,AVENIDA AVILA CAMACHO,CENTRO,FTE. TECAJETES,BUENO,SOLEADO,CONCRETO,SECO,A NIVEL,SEMÁFORO FUNCIONANDO,SIN RESTRICCIÓN,COLISIÓN,ÁNGULO,VEHÍCULO CIRCULANDO,2,A - AUTOMÓVIL,CHEVROLET,CHEVY,VERACRUZ,BLANCO,HECHO EN MEXICO,3GJSE51X6S125669,P - PARTICULAR,SI,18,MUJER,,SI,CAMBIAR CARRIL SIN PRECAUCIÓN,NO APLICA,2000,0,,,,,,,,,,,,,,,,,,,,,
196,,,,,,,,,,,4,,,,,,,,,,,,,,,A - AUTOMÓVIL,NISSAN,TSURU,VERACRUZ,BLANCO/ROJO,GA167006452,3N1EB31S2DK315322,PE - PÚBLICO ESTATAL,NO,33,HOMBRE,A,SI,,,5000,,,,,,,,,,,,,,,,,,,,,,
197,XALAPA,17/02/2014,LUNES,07:35,07:45,08:15,XALAPA,XALAPA,URBANA,,,AMERICAS,,AMERICAS ESQ. INDEPENDENCIA,BUENO,SOLEADO,CONCRETO,SECO,A NIVEL,SEMÁFORO FUNCIONANDO,SIN RESTRICCIÓN,COLISIÓN,ÁNGULO,VEHÍCULO CIRCULANDO,2,A - AUTOMÓVIL,NISSAN,TSURU,VERACRUZ,BLANCO/VERDE,GA1889E21317,3N1EB31SXA1C3027963,PE - PÚBLICO ESTATAL,SI,55,HOMBRE,A,SI,NO RESPETAR CEDA EL PASO,NO APLICA,4000,0,,,,,,,,,,,,,,,,,,,,,
197,,,,,,,,,,,3,,,,,,,,,,,,,,,A - AUTOMÓVIL,NISSAN,TSURU,VERACRUZ,BLANCO/ROJO,GA1678081TY,3N1EB51S60K318656,PE - PÚBLICO ESTATAL,SI,29,HOMBRE,A,SI,,,2500,,,,,,,,,,,,,,,,,,,,,,
198,XALAPA,17/02/2014,LUNES,08:15,08:25,08:40,XALAPA,XALAPA,URBANA,,,AMERICAS,,ILUSTRES VERACRUZANOS,BUENO,SOLEADO,ASFALTO,SECO,A NIVEL,NINGUNA,SIN RESTRICCIÓN,COLISIÓN,LATERAL,VEHÍCULO CIRCULANDO,2,C - CAMIONETA,FORD,RANGER,DISTRITO FEDERAL,BLANCO,SIN NUMERO,8AFERSA01C64424H,P - PARTICULAR,SI,35,HOMBRE,B,SI,CAMBIAR CARRIL SIN PRECAUCIÓN,NO APLICA,2000,0,,,,,,,,,,,,,,,,,,,,,
198,,,,,,,,,,,3,,,,,,,,,,,,,,,A - AUTOMÓVIL,FORD,KA,VERACRUZ,NEGRO,SIN NUMERO,9BFBT1N9177880939,P - PARTICULAR,SI,53,HOMBRE,B,SI,,,1000,,,,,,,,,,,,,,,,,,,,,,
199,XALAPA,17/02/2014,LUNES,,08:40,09:45,XALAPA,XALAPA,URBANA,,,LAZARO CARDENAS,AGUA SANTA 2,REPUBLICA Y CALLE VERACRUZ,BUENO,,CONCRETO,SECO,DESCENDENTE,NINGUNA,ACCIDENTE PREVIO,COLISIÓN,POR ALCANCE,VEHÍCULO CIRCULANDO,3,A - AUTOMÓVIL,VOLKSWAGEN,POLO,VERACRUZ,ROJO,CB2971820,WVWCU46R10Y247419,P - PARTICULAR,SI,30,HOMBRE,A,SI,NO GUARDAR DISTANCIA,NO APLICA,1500,0,,,,,,,,,,,,,,,,,,,,,
199,,,,,,,,,,,1,,,,,,,,,,,,,,,A - AUTOMÓVIL,NISSAN,TSURU,VERACRUZ,BLANCO/VERDE,GA16798667W,3N1FB31S38K349842,PE - PÚBLICO ESTATAL,SI,28,HOMBRE,A,SI,,,1200,,,,,,,,,,,,,,,,,,,,,,
199,,,,,,,,,,,,,,,,,,,,,,,,,,A - AUTOMÓVIL,NISSAN,TSURU,VERACRUZ,BLANCO/ROJO,GA16812942W,3N1EB31S88K361324,PE - PÚBLICO ESTATAL,SI,44,HOMBRE,A,SI,,,900,,,,,,,,,,,,,,,,,,,,,,
200,XALAPA,17/02/2014,LUNES,,10:10,10:30,XALAPA,XALAPA,URBANA,,,AVENIDA VILLAHERMOSA,RAFAEL LUCIO,MERIDA,BUENO,,CONCRETO,SECO,DESCENDENTE,NINGUNA,SIN RESTRICCIÓN,COLISIÓN,POR ALCANCE,VEHÍCULO CIRCULANDO,2,A - AUTOMÓVIL,CHRYSLER,DODGE,VERACRUZ,BLANCO/ROJO,HECHO EN INDIA,MALAB51H4AM399423,PE - PÚBLICO ESTATAL,SI,56,HOMBRE,A,SI,NO GUARDAR DISTANCIA,NO APLICA,1200,0,,,,,,,,,,,,,,,,,,,,,
200,,,,,,,,,,,6,,,,,,,,,,,,,,,A - AUTOMÓVIL,CHEVROLET,MATIZ,VERACRUZ,AZUL,HECHO EN COREA,KL1MJ6A06BC143866,P - PARTICULAR,SI,22,HOMBRE,C,SI,,,900,,,,,,,,,,,,,,,,,,,,,,
201,XALAPA,17/02/2014,LUNES,10:00,10:15,10:30,XALAPA,XALAPA,URBANA,,,SAYAGO,CENTRO,SAN ROQUE,BUENO,SOLEADO,ASFALTO,SECO,A NIVEL,NINGUNA,SIN RESTRICCIÓN,COLISIÓN,POR ALCANCE,VEHÍCULO CIRCULANDO,2,C - CAMIONETA,DODGE,CARAVAN,VERACRUZ,VERDE,SIN NUMERO,2B46P25R0YR798424,P - PARTICULAR,NO,34,HOMBRE,A,SI,NO GUARDAR DISTANCIA,NO APLICA,1000,0,,,,,,,,,,,,,,,,,,,,,
201,,,,,,,,,,,,,,,,,,,,,,,,,,C - CAMIONETA,HONDA,CRV,VERACRUZ,MERZURIO,K24214018154,3CZRF489286002416,P - PARTICULAR,SI,29,HOMBRE,C,SI,,,3000,,,,,,,,,,,,,,,,,,,,,,
202,XALAPA,17/02/2014,LUNES,,13:10,,XALAPA,XALAPA,URBANA,,,PASEO PALMAS FRENTE A LA IGLESIA,FRACCIONAMIENTO VERACRUZ,TUXPAN,BUENO,SOLEADO,CONCRETO,SECO,ASCENDENTE,NINGUNA,SIN RESTRICCIÓN,COLISIÓN,ÁNGULO,VEHÍCULO CIRCULANDO,2,A - AUTOMÓVIL,NISSAN,TSURU,VERACRUZ,BLANCO/ROJO,GA16729442Y,31NEB31SXA328069,PE - PÚBLICO ESTATAL,SI,40,MUJER,A,SI,NO RESPETAR SEÑAL DE ALTO,NO APLICA,1000,0,,,,,,,,,,,,,,,,,,,,,
202,,,,,,,,,,,,,,,,,,,,,,,,,,A - AUTOMÓVIL,FORD,FIESTA,DISTRITO FEDERAL,AZUL MARINO,HECHO EN BRASIL,,P - PARTICULAR,NO,25,MUJER,B,SI,,,3000,,,,,,,,,,,,,,,,,,,,,,
203,XALAPA,17/02/2014,LUNES,,16:20,,XALAPA,XALAPA,URBANA,,,CLAVIJERO,CENTRO,SAYAGO Y MELCHOR OCAMPO,BUENO,,CONCRETO,SECO,DESCENDENTE,SEMÁFORO FUNCIONANDO,SIN RESTRICCIÓN,COLISIÓN,LATERAL,VEHÍCULO CIRCULANDO,2,M - MOTOCICLETA,ITALIKA,RT 200,VERACRUZ,NEGRO,LC163FMLAK0294203,35CMRTGE501004190,P - PARTICULAR,NO,29,HOMBRE,D,SI,REBASAR INDEBIDAMENTE,NO APLICA,2500,0,,,,,,,,,,,,,,,,,,,,,