idMES,DELEGACION DE TRANSITO,FECHA DEL ACCIDENTE,DIA DE LA SEMANA,HORA EN QUE SE RECIBIO LA LLAMADA REPORTANDO EL ACCIDENTE,HORA DE ARRIBO DEL PERITO AL SITIO,HORA DE REGRESO DEL PERITO A LAS INSTALACIONES DE SU DELEGACION,LOCALIDAD ACCIDENTE,MUNICIPIO ACCIDENTE,ZONA,CARRETERA/KILOMETRO DEL ACCIDENTE,NUMERO DE AVENIDA,CALLE/AVENIDA DEL ACCIDENTE,COLONIA,ENTRE CALLES,CONDICIONES DE LA VIA,CONDICIONES NATURALES,SUPERFICIE DE LA VIA,ESTADO DE LA VIA,TANGENTE,TIPO DE CONTROL DE TRANSITO,RESTRICCIONES DE LA VIA,TIPO DE ACCIDENTE,FORMA DE ACCIDENTARSE,CONTRA QUE FUE EL IMPACTO,CANTIDAD DE VEHICULOS,TIPO DE VEHICULO,MARCA,SUBMARCA,ENTIDAD FEDERATIVA DEL VEHICULO,COLOR DEL VEHICULO,MOTOR,SERIE,TIPO DE SERVICIO PARA EL QUE SE OCUPAN LOS VEHICULOS,ASEGURADO,EDAD CONDUCTOR,SEXO CONDUCTOR,TIPO LICENCIA,LICENCIA VIGENTE,CAUSA ATRIBUIBLE AL CONDUCTOR,CAUSA ATRIBUIBLE AL PEATON,DANIOS (MONTO APROXIMADO EN MXN),NUMERO DE HERIDOS,MUJER HERIDA DE 0-15 ANIOS,HOMBRE HERIDO DE 0-15 ANIOS,MUJER HERIDA DE 16-30 ANIOS,HOMBRE HERIDO DE 16-30 ANIOS,MUJER HERIDA DE 31-45 ANIOS,HOMBRE HERIDO DE 31-45 ANIOS,MUJER HERIDA DE 46-60 ANIOS,HOMBRE HERIDO DE 46-60 ANIOS,MUJER HERIDA MAS DE 60 ANIOS,HOMBRE HERIDO MAS DE 60 ANIOS,NUMERO DE MUERTOS,MUJER MUERTA DE 0-15 ANIOS,HOMBRE MUERTO DE 0-15 ANIOS,MUJER MUERTA DE 16-30 ANIOS,HOMBRE MUERTO DE 16-30 ANIOS,MUJER MUERTA DE 31-45 ANIOS,HOMBRE MUERTO DE 31-45 ANIOS,MUJER MUERTA DE 46-60 ANIOS,HOMBRE MUERTO DE 46-60 ANIOS,MUJER MUERTA MAS DE 60 ANIOS,HOMBRE MUERTO MAS DE 60 ANIOS
203,,,,,,,,,,,,,,,,,,,,,,,,,,A - AUTOMÓVIL,CHEVROLET,CUTLASS,VERACRUZ,AZUL,LS116082,3G5AJ64T4LS116082,P - PARTICULAR,NO,84,HOMBRE,B,SI,,,500,,,,,,,,,,,,,,,,,,,,,,
204,XALAPA,17/02/2014,LUNES,,18:30,,XALAPA,XALAPA,URBANA,,,AVENIDA XALAPA,PROGRESO,PROL. VILLAHERMOSA,BUENO,,CONCRETO,SECO,A NIVEL,SEMÁFORO FUNCIONANDO,SIN RESTRICCIÓN,COLISIÓN,LATERAL,VEHÍCULO CIRCULANDO,2,A - AUTOMÓVIL,VOLKSWAGEN,SEAT,VERACRUZ,ROJO,CEK038587,VSSPK46JXCR108379,P - PARTICULAR,SI,31,HOMBRE,B,SI,CAMBIAR CARRIL SIN PRECAUCIÓN,NO APLICA,2500,0,,,,,,,,,,,,,,,,,,,,,
204,,,,,,,,,,,7,,,,,,,,,,,,,,,A - AUTOMÓVIL,CHEVROLET,CHEVY,VERACRUZ,BLANCO,HECHO EN MEXICO,3G1SFZ1X455228445,P - PARTICULAR,NO,50,HOMBRE,,,,,2000,,,,,,,,,,,,,,,,,,,,,,
205,XALAPA,17/02/2014,LUNES,,19:40,20:20,XALAPA,XALAPA,URBANA,,,AVENIDA ARCO SUR,,LOMAS VERDES,BUENO,,ASFALTO,SECO,ASCENDENTE,NINGUNA,ACCIDENTE PREVIO,COLISIÓN,ÁNGULO,VEHÍCULO CIRCULANDO,2,A - AUTOMÓVIL,NISSAN,TSURU,VERACRUZ,BLANCO/VERDE,GA1684843AT,3N1EB31S47R3607,PE - PÚBLICO ESTATAL,SI,70,HOMBRE,A,SI,NO RESPETAR CEDA EL PASO,NO APLICA,400,0,,,,,,,,,,,,,,,,,,,,,
205,,,,,,,,,,,14,,,,,,,,,,,,,,,A - AUTOMÓVIL,VOLKSWAGEN,JETTA,VERACRUZ,BLANCO,CBP360675,3VW1V09M3CM059456,P - PARTICULAR,SI,28,HOMBRE,C,SI,,,1200,,,,,,,,,,,,,,,,,,,,,,
206,XALAPA,17/02/2014,LUNES,19:45,20:00,20:48,XALAPA,XALAPA,URBANA,,,AVENIDA REBSAMEN,MARTIRES DE CHICAGO,,BUENO,,CONCRETO,SECO,A NIVEL,NINGUNA,SIN RESTRICCIÓN,COLISIÓN,,VEHÍCULO ESTACIONADO,2,C - CAMIONETA,CHEVROLET,R-36003,VERACRUZ,BLANCO,HECHO EN MEXICO,3GBJC34R04M107112,P - PARTICULAR,SI,32,HOMBRE,B,SI,CAMBIAR CARRIL SIN PRECAUCIÓN,NO APLICA,1500,0,,,,,,,,,,,,,,,,,,,,,
206,,,,,,,,,,,10,,,,,,,,,,,,,,,C - CAMIONETA,FORD,F-350,VERACRUZ,BLANCO/ROJO,SIN NUMERO,3FDK36L74MA11196,P - PARTICULAR,NO,30,HOMBRE,A,SI,,,,,,,,,,,,,,,,,,,,,,,,,
207,XALAPA,17/02/2014,LUNES,,20:54,,XALAPA,XALAPA,URBANA,,,AVENIDA LAZARO CARDENAS,RAFAEL LUCIO,,REGULAR,,CONCRETO,SECO,A NIVEL,SEMÁFORO FUNCIONANDO,SIN RESTRICCIÓN,COLISIÓN,LATERAL,VEHÍCULO CIRCULANDO,2,C - CAMIONETA,FORD,RANGER,VERACRUZ,AZUL,HECHO EN USA,1FTCR10A1CUB30996,P - PARTICULAR,NO,42,HOMBRE,,,OTRO,NO APLICA,700,0,,,,,,,,,,,,,,,,,,,,,
207,,,,,,,,,,,1,,,,,,,,,,,,,,,AS - AUTOBÚS SUBURBANO,MERCEDES BENZ,FREIGHTLINER,VERACRUZ,BLANCO/VERDE,,,PE - PÚBLICO ESTATAL,,37,HOMBRE,A,SI,,,1000,,,,,,,,,,,,,,,,,,,,,,
208,XALAPA,17/02/2014,LUNES,23:25,12:00,,XALAPA,XALAPA,URBANA,,,ENRIQUE HERNANDEZ CASTILLO,RAFAEL LUCIO,,BUENO,,ASFALTO,SECO,A NIVEL,NINGUNA,SIN RESTRICCIÓN,COLISIÓN,,OBJETO FIJO,1,C - CAMIONETA,NISSAN,PATHFINDER,VERACRUZ,,,,P - PARTICULAR,,31,HOMBRE,A,SI,OTRO,NO APLICA,10000,1,,,1,,,,,,,,,,,,,,,,,,
209,XALAPA,17/02/2014,LUNES,11:55,12:20,,XALAPA,XALAPA,URBANA,,,DR. RAFAEL LUCIO,,,BUENO,SOLEADO,CONCRETO,SECO,DESCENDENTE,MARCA EN PAVIMENTO,SIN RESTRICCIÓN,ATROPELLAMIENTO,FALLA MECÁNICA,,1,C - CAMIONETA,NISSAN,CHASIS,VERACRUZ,BLANCO,KA24008887A,3NGCD15591K074807,,NO,28,HOMBRE,B,SI,OTRO,NO APLICA,2000,1,,,,,,,,1,,,,,,,,,,,,,
210,XALAPA,17/02/2014,LUNES,14:45,15:00,16:20,XALAPA,XALAPA,URBANA,,,AVENIDA MURILLO VIDAL,CUAUHTEMOC,RIO NAUTLA,BUENO,SOLEADO,ASFALTO,SECO,A NIVEL,NINGUNA,SIN RESTRICCIÓN,COLISIÓN,LATERAL,VEHÍCULO CIRCULANDO,2,A - AUTOMÓVIL,NISSAN,TSURU,VERACRUZ,BLANCO,E166380364Y,SEAMB1351738,P - PARTICULAR,NO,,HOMBRE,,,OTRO,NO APLICA,800,0,,,,,,,,,,,,,,,,,,,,,
210,,,,,,,,,,,11,,,,,,,,,,,,,,,A - AUTOMÓVIL,NISSAN,MURANO,VERACRUZ,BLANCO PERLA,V03567M19,SWBA205W96W002635,P - PARTICULAR,SI,21,HOMBRE,B,SI,,,8000,,,,,,,,,,,,,,,,,,,,,,
211,XALAPA,17/02/2014,LUNES,14:48,15:10,,XALAPA,XALAPA,URBANA,,,AVENIDA LAZARO CARDENAS,POMONA,VERACRUZ,BUENO,,ASFALTO,SECO,DESCENDENTE,NINGUNA,SIN RESTRICCIÓN,COLISIÓN,POR ALCANCE,VEHÍCULO CIRCULANDO,2,C - CAMIONETA,HONDA,CRV,VERACRUZ,,K24Z61503770,3CZRE3851AG801370,P - PARTICULAR,,41,MUJER,C,SI,NO GUARDAR DISTANCIA,NO APLICA,2000,2,,,1,,,,1,,,,,,,,,,,,,,
211,,,,,,,,,,,1,,,,,,,,,,,,,,,A - AUTOMÓVIL,CHEVROLET,CHEVY,VERACRUZ,,HECHO EN MÉXICO,3G1F61X57S113664,P - PARTICULAR,,46,MUJER,A,SI,,,7000,,,,,,,,,,,,,,,,,,,,,,
212,XALAPA,18/02/2014,MARTES,,09:20,,XALAPA,XALAPA,URBANA,,,MONTE MAGNO,FRACCIONAMIENTO MONTE MAGNO,,BUENO,SOLEADO,ASFALTO,SECO,DESCENDENTE,MARCA EN PAVIMENTO,SIN RESTRICCIÓN,COLISIÓN,ÁNGULO,VEHÍCULO CIRCULANDO,2,A - AUTOMÓVIL,NISSAN,TSURU,VERACRUZ,BLANCO/ROJO,GA168278245,3N1EB31S33K508464,PE - PÚBLICO ESTATAL,,40,HOMBRE,A,SI,REBASAR INDEBIDAMENTE,NO APLICA,3000,0,,,,,,,,,,,,,,,,,,,,,
212,,,,,,,,,,,,,,,,,,,,,,,,,,C - CAMIONETA,FORD,FREESTAR,VERACRUZ,PERLA,SIN NUMERO,2FMDAS82778A13270,P - PARTICULAR,,45,HOMBRE,,,,,2000,,,,,,,,,,,,,,,,,,,,,,
213,XALAPA,18/02/2014,MARTES,,10:15,10:50,XALAPA,XALAPA,URBANA,,,JUSTINO SARMIENTO,JOSE CARDEL,COFRE DE PEROTE,BUENO,SOLEADO,CONCRETO,SECO,DESCENDENTE,NINGUNA,SIN RESTRICCIÓN,COLISIÓN,ÁNGULO,VEHÍCULO CIRCULANDO,2,A - AUTOMÓVIL,NISSAN,TSURU,VERACRUZ,BLANCO/VERDE,GA16717935Y,3N1EB31S2AK318281,PE - PÚBLICO ESTATAL,SI,36,HOMBRE,A,SI,NO RESPETAR SEÑAL DE ALTO,NO APLICA,8000,0,,,,,,,,,,,,,,,,,,,,,
213,,,,,,,,,,,,,,,,,,,,,,,,,,C - CAMIONETA,MITSUBISHI,MONTERO,VERACRUZ,BEIGE,QJ7805,JE4L531R13J045071,P - PARTICULAR,NO,44,HOMBRE,A,SI,,,7000,,,,,,,,,,,,,,,,,,,,,,
214,XALAPA,18/02/2014,MARTES,,14:30,,XALAPA,XALAPA,URBANA,,,PRIVADA MORELOS,,BRAVO E HIDALGO,BUENO,,CONCRETO,SECO,ASCENDENTE,NINGUNA,SIN RESTRICCIÓN,COLISIÓN,,VEHÍCULO ESTACIONADO,2,A - AUTOMÓVIL,FORD,FOCUS,VERACRUZ,ARENA,,,P - PARTICULAR,,58,HOMBRE,B,SI,OTRO,NO APLICA,1000,0,,,,,,,,,,,,,,,,,,,,,
214,,,,,,,,,,,,,,,,,,,,,,,,,,A - AUTOMÓVIL,CHRYSLER,ATTITUDE,VERACRUZ,BLANCO,HECHO EN COREA,KMHCN4NC3AU488200,P - PARTICULAR,,43,HOMBRE,C,SI,,,2350,,,,,,,,,,,,,,,,,,,,,,
215,XALAPA,18/02/2014,MARTES,,20:00,20:25,XALAPA,XALAPA,URBANA,,,CAMINO ANTIGUO A NAOLINCO,CAROLINO ANAYA,RIO DE LOS PESCADOS,REGULAR,,CONCRETO,SECO,A NIVEL,NINGUNA,SIN RESTRICCIÓN,COLISIÓN,ÁNGULO,VEHÍCULO CIRCULANDO,2,C - CAMIONETA,FORD,F-150,VERACRUZ,ROJO,HECHO EN MEXICO,A01JFA60279,P - PARTICULAR,NO,46,HOMBRE,B,SI,CAMBIAR CARRIL SIN PRECAUCIÓN,NO APLICA,1000,0,,,,,,,,,,,,,,,,,,,,,
215,,,,,,,,,,,,,,,,,,,,,,,,,,A - AUTOMÓVIL,NISSAN,TSURU,VERACRUZ,BLANCO/ROJO,GA167584524,3N1EB31SDAK351508,PE - PÚBLICO ESTATAL,SI,37,HOMBRE,A,SI,,,2500,,,,,,,,,,,,,,,,,,,,,,
216,XALAPA,18/02/2014,MARTES,,22:15,,XALAPA,XALAPA,URBANA,,,JOAQUIN ARRONIZ,,GUSTAVO DIAZ ORDAZ,BUENO,,CONCRETO,,DESCENDENTE,NINGUNA,SIN RESTRICCIÓN,COLISIÓN,LATERAL,VEHÍCULO CIRCULANDO,2,A - AUTOMÓVIL,VOLKSWAGEN,JETTA,VERACRUZ,MARRON,,,P - PARTICULAR,,53,HOMBRE,C,SI,CAMBIAR CARRIL SIN PRECAUCIÓN,NO APLICA,3000,0,,,,,,,,,,,,,,,,,,,,,
216,,,,,,,,,,,,,,,,,,,,,,,,,,C - CAMIONETA,MITSUBISHI,OUTLANDER,VERACRUZ,BLANCO,,,P - PARTICULAR,,35,HOMBRE,C,SI,,,3000,,,,,,,,,,,,,,,,,,,,,,
217,XALAPA,18/02/2014,MARTES,,07:00,,XALAPA,XALAPA,URBANA,,,DELFINO VALENZUELA,RAFAEL LUCIO,MANUEL M. CONTREAS,BUENO,,CONCRETO,SECO,A NIVEL,NINGUNA,SIN RESTRICCIÓN,COLISIÓN,ÁNGULO,VEHÍCULO CIRCULANDO,2,A - AUTOMÓVIL,FORD,FOCUS,VERACRUZ,VERDE,,,P - PARTICULAR,,38,HOMBRE,B,SI,NO GUARDAR DISTANCIA,NO APLICA,,0,,,,,,,,,,,,,,,,,,,,,
217,,,,,,,,,,,,,,,,,,,,,,,,,,A - AUTOMÓVIL,NISSAN,TSURU,VERACRUZ,ROJO,,,P - PARTICULAR,,42,HOMBRE,A,SI,,,2000,,,,,,,,,,,,,,,,,,,,,,
218,XALAPA,18/02/2014,MARTES,,09:30,,XALAPA,XALAPA,URBANA,,,REVOLUCION,,MANUEL C. TELLO,BUENO,,CONCRETO,,A NIVEL,NINGUNA,SIN RESTRICCIÓN,ATROPELLAMIENTO,,,1,M - MOTOCICLETA,SUZUKI,,VERACRUZ,VERDE,,JS1VP56A2C2102997,P - PARTICULAR,,24,HOMBRE,D,SI,OTRO,NO APLICA,SIN DAÑOS,1,,,,,1,,,,,,,,,,,,,,,,
219,XALAPA,18/02/2014,MARTES,,20:45,,XALAPA,XALAPA,URBANA,,,AVENIDA LAZARO CARDENAS,ANIMAS,ARAUCARIAS,BUENO,NIEBLA,ASFALTO,SECO,A NIVEL,NINGUNA,SIN RESTRICCIÓN,COLISIÓN,ÁNGULO,VEHÍCULO CIRCULANDO,2,AS - AUTOBÚS SUBURBANO,NAVISTAR,CHASIS,VERACRUZ,BLANCO,,3HSCESBT67NS17037,P - PARTICULAR,SI,30,HOMBRE,B,SI,OTRO,NO APLICA,SIN DAÑOS,0,,,,,,,,,,,,,,,,,,,,,
219,,,,,,,,,,,1,,,,,,,,,,,,,,,C - CAMIONETA,CHRYSLER,JEEP,PUEBLA,NEGRO,,1C4AJACAB9D0124298,P - PARTICULAR,SI,37,MUJER,B,SI,,,5000,,,,,,,,,,,,,,,,,,,,,,
220,XALAPA,18/02/2014,MARTES,,01:20,,XALAPA,XALAPA,URBANA,,,AVENIDA LAZARO CARDENAS,RESERVA TERRITORIAL,ARCO SUR,BUENO,,ASFALTO,SECO,A NIVEL,NINGUNA,SIN RESTRICCIÓN,SALIDA DE CAMINO,,,1,A - AUTOMÓVIL,FORD,FUSION,DISTRITO FEDERAL,CHAMPAGNE,SIN NUMERO,3FABP0726R263846,P - PARTICULAR,NO,35,HOMBRE,C,SI,OTRO,NO APLICA,50000,0,,,,,,,,,,,,,,,,,,,,,
220,,,,,,,,,,,1,,,,,,,,,,,,,,,,,,,,,,,,,,,,,,,,,,,,,,,,,,,,,,,,,,,,
221,XALAPA,19/02/2014,MIÉRCOLES,,08:45,09:30,XALAPA,XALAPA,URBANA,,,AVENIDA LAZARO CARDENAS,,PLAZA AMERICAS,BUENO,,ASFALTO,SECO,A NIVEL,NINGUNA,SIN RESTRICCIÓN,COLISIÓN,ÁNGULO,VEHÍCULO CIRCULANDO,2,A - AUTOMÓVIL,SCORT,FORD,VERACRUZ,BLANCO,3FABP1132VR1P189,3FABP0726R263846,P - PARTICULAR,NO,22,HOMBRE,,,CAMBIAR CARRIL SIN PRECAUCIÓN,NO APLICA,2000,0,,,,,,,,,,,,,,,,,,,,,
221,,,,,,,,,,,1,,,,,,,,,,,,,,,C - CAMIONETA,CHRYSLER,TOWN,PUEBLA,VINO,HECHO EN USA,NRPV30DDK050,P - PARTICULAR,SI,36,HOMBRE,B,SI,,,3000,,,,,,,,,,,,,,,,,,,,,,
221,,,,,,,,,,,,,,,,,,,,,,,,,,,,,,,,,,,,,,,,,,,,,,,,,,,,,,,,,,,,,,,
222,XALAPA,19/02/2014,MIÉRCOLES,,10:30,,XALAPA,XALAPA,URBANA,,,AVENIDA LAZARO CARDENAS,BADILLO,20 DE NOVIEMBRE,BUENO,,ASFALTO,SECO,DESCENDENTE,NINGUNA,SIN RESTRICCIÓN,COLISIÓN,LATERAL,VEHÍCULO CIRCULANDO,2,A - AUTOMÓVIL,NISSAN,SENTRA,VERACRUZ,BLANCO/VERDE,Q618579158T,3N1CB51SX2631808,PE - PÚBLICO ESTATAL,SI,38,HOMBRE,A,SI,CAMBIAR CARRIL SIN PRECAUCIÓN,NO APLICA,1500,0,,,,,,,,,,,,,,,,,,,,,
222,,,,,,,,,,,1,,,,,,,,,,,,,,,C - CAMIONETA,CHEVROLET,C-2,DISTRITO FEDERAL,BLANCO,HECHO EN MEXICO,3GB6LZBK2A6131551,P - PARTICULAR,NO,32,HOMBRE,A,SI,,,1000,,,,,,,,,,,,,,,,,,,,,,
223,XALAPA,19/02/2014,MIÉRCOLES,,10:50,,XALAPA,XALAPA,URBANA,,,BOULEVARD CRISTOBAL COLON,PEDREGAL DE LAS ANIMAS,GRA. SAN MARTIN,BUENO,,CONCRETO,SECO,ASCENDENTE,NINGUNA,SIN RESTRICCIÓN,COLISIÓN,ÁNGULO,VEHÍCULO CIRCULANDO,2,A - AUTOMÓVIL,CHRYSLER,LANCER,VERACRUZ,ROJO,DK3171,JE3AU26U6AUD17632,P - PARTICULAR,SI,33,MUJER,C,SI,OTRO,NO APLICA,10000,0,,,,,,,,,,,,,,,,,,,,,
223,,,,,,,,,,,,,,,,,,,,,,,,,,C - CAMIONETA,CHRYSLER,DURANGO,VERACRUZ,BLANCO,HECHO EN USA,1C4RDHDG7DC626487,P - PARTICULAR,SI,30,HOMBRE,,,,,8000,,,,,,,,,,,,,,,,,,,,,,
224,XALAPA,19/02/2014,MIÉRCOLES,11:35,12:00,,XALAPA,XALAPA,URBANA,,,ARCO SUR,REBSAMEN,,BUENO,SOLEADO,ASFALTO,SECO,A NIVEL,MARCA EN PAVIMENTO,SIN RESTRICCIÓN,COLISIÓN,POR ALCANCE,VEHÍCULO CIRCULANDO,3,A - AUTOMÓVIL,PONTIAC,SUNFIRE,VERACRUZ,AZUL,SIN NUMERO,1G2JB52T3W7514691,P - PARTICULAR,NO,53,HOMBRE,A,SI,NO GUARDAR DISTANCIA,NO APLICA,4000,0,,,,,,,,,,,,,,,,,,,,,
224,,,,,,,,,,,14,,,,,,,,,,,,,,,A - AUTOMÓVIL,NISSAN,VERSA,VERACRUZ,NEGRO,HR16863797E,3N1CN7AD0CL915210,P - PARTICULAR,SI,29,HOMBRE,C,SI,,,9000,,,,,,,,,,,,,,,,,,,,,,
224,,,,,,,,,,,,,,,,,,,,,,,,,,A - AUTOMÓVIL,CHEVROLET,CORSA,VERACRUZ,ROJO,HECHO EN BRASIL,93CXM19244C167293,P - PARTICULAR,NO,54,MUJER,C,SI,,,7000,,,,,,,,,,,,,,,,,,,,,,
225,XALAPA,19/02/2014,MIÉRCOLES,12:30,12:45,13:00,XALAPA,XALAPA,URBANA,,,HIDALGO,CENTRO,,BUENO,SOLEADO,CONCRETO,SECO,A NIVEL,NINGUNA,SIN RESTRICCIÓN,COLISIÓN,,OBJETO FIJO,2,A - AUTOMÓVIL,NISSAN,SENTRA,VERACRUZ,PLATA,QG18567081,3N1CB51556L610298,P - PARTICULAR,SI,27,MUJER,C,SI,ABRIR PUERTA SIN PRECAUCIÓN,NO APLICA,1500,0,,,,,,,,,,,,,,,,,,,,,
225,,,,,,,,,,,,,,,,,,,,,,,,,,AS - AUTOBÚS SUBURBANO,INTERNATIONAL,NAVISTAR,VERACRUZ,BLANCO,470H12U145990,3HBBPAANX4L859579,PE - PÚBLICO ESTATAL,SI,44,HOMBRE,A,SI,,,1000,,,,,,,,,,,,,,,,,,,,,,
226,XALAPA,19/02/2014,MIÉRCOLES,,14:00,,XALAPA,XALAPA,URBANA,,,AVENIDA AVILA CAMACHO,,FTE. TECAJETES,BUENO,SOLEADO,CONCRETO,SECO,DESCENDENTE,NINGUNA,SIN RESTRICCIÓN,COLISIÓN,ÁNGULO,VEHÍCULO CIRCULANDO,2,A - AUTOMÓVIL,NISSAN,TSURU,VERACRUZ,BLANCO/VERDE,GA16764653Y,3N1EB31SBKJ303688,PE - PÚBLICO ESTATAL,,38,HOMBRE,A,SI,CAMBIAR CARRIL SIN PRECAUCIÓN,NO APLICA,600,0,,,,,,,,,,,,,,,,,,,,,
226,,,,,,,,,,,4,,,,,,,,,,,,,,,A - AUTOMÓVIL,NISSAN,TSURU,VERACRUZ,BLANCO/VERDE,GA16714037Y,3N1EB3151AK315906,PE - PÚBLICO ESTATAL,,40,HOMBRE,,,,,900,,,,,,,,,,,,,,,,,,,,,,
227,XALAPA,19/02/2014,MIÉRCOLES,14:50,15:10,,XALAPA,XALAPA,URBANA,,,AVENIDA REVOLUCION,,VICTORIA Y POETA,BUENO,SOLEADO,ASFALTO,SECO,ASCENDENTE,AGENTE DE TRÁNSITO,SIN RESTRICCIÓN,ATROPELLAMIENTO,,,1,AS - AUTOBÚS SUBURBANO,NAVISTAR,INTERNATIONAL,VERACRUZ,BLANCO,470HMZU1471630,3HBBPAAN85L142201,PE - PÚBLICO ESTATAL,SI,49,HOMBRE,A,SI,OTRO,NO APLICA,SIN DAÑOS,1,,,,,,,,,,,,,,,,,,,,,
228,XALAPA,19/02/2014,MIÉRCOLES,,17:00,,XALAPA,XALAPA,URBANA,,,AVENIDA RUIZ CORTINES,,MIGUEL ALEMAN Y HORTENCIA,BUENO,SOLEADO,ASFALTO,SECO,DESCENDENTE,NINGUNA,SIN RESTRICCIÓN,COLISIÓN,MANIOBRA EN REVERSA,VEHÍCULO CIRCULANDO,2,C - CAMIONETA,TOYOTA,CAMRY,DISTRITO FEDERAL,NEGRO,2ARD002922,4T1BF3EK4AU001838,P - PARTICULAR,SI,48,HOMBRE,B,SI,OTRO,NO APLICA,2000,0,,,,,,,,,,,,,,,,,,,,,
228,,,,,,,,,,,2,,,,,,,,,,,,,,,C - CAMIONETA,CHEVROLET,S-10,VERACRUZ,ROJO,SIN NUMERO,1GCBS14E6H2102157,P - PARTICULAR,NO,48,HOMBRE,C,SI,,,MINIMOS,,,,,,,,,,,,,,,,,,,,,,
229,XALAPA,19/02/2014,MIÉRCOLES,,19:40,20:20,XALAPA,XALAPA,URBANA,,,AVENIDA LAZARO CARDENAS,BALCONES,LAS TRANCAS,BUENO,,ASFALTO,SECO,ASCENDENTE,NINGUNA,SIN RESTRICCIÓN,COLISIÓN,LATERAL,VEHÍCULO CIRCULANDO,2,AS - AUTOBÚS SUBURBANO,MERCEDES BENZ,AVEO,VERACRUZ,BLANCO,,,PE - PÚBLICO ESTATAL,,32,HOMBRE,A,SI,CAMBIAR CARRIL SIN PRECAUCIÓN,NO APLICA,400,0,,,,,,,,,,,,,,,,,,,,,
229,,,,,,,,,,,1,,,,,,,,,,,,,,,A - AUTOMÓVIL,VOLKSWAGEN,POINTER,VERACRUZ,ROJO,BJY113515,9BWCC05W7978646,P - PARTICULAR,,38,HOMBRE,C,SI,,,3000,,,,,,,,,,,,,,,,,,,,,,
230,XALAPA,19/02/2014,MIÉRCOLES,,20:35,,XALAPA,XALAPA,URBANA,,,CIRCUITO ARCO SUR,,,BUENO,,CONCRETO,,A NIVEL,NINGUNA,SIN RESTRICCIÓN,COLISIÓN,LATERAL,VEHÍCULO CIRCULANDO,2,A - AUTOMÓVIL,VOLKSWAGEN,SEDAN,VERACRUZ,BLANCO,AF1096275,11M0003192,P - PARTICULAR,,42,HOMBRE,B,SI,CAMBIAR CARRIL SIN PRECAUCIÓN,NO APLICA,600,0,,,,,,,,,,,,,,,,,,,,,
230,,,,,,,,,,,,,,,,,,,,,,,,,,A - AUTOMÓVIL,CHEVROLET,CHEVY,HIDALGO,NEGRO,SIN NUMERO,3G1SF613525231239,P - PARTICULAR,,53,HOMBRE,A,SI,,,500,,,,,,,,,,,,,,,,,,,,,,
231,XALAPA,19/02/2014,MIÉRCOLES,15:00,15:20,,XALAPA,XALAPA,URBANA,,,AVENIDA RUIZ CORTINES,OBRERO CAMPESINA,FCO. VASQUEZ Y PRIMERO DE MAYO,BUENO,,ASFALTO,SECO,A NIVEL,NINGUNA,SIN RESTRICCIÓN,COLISIÓN,LATERAL,VEHÍCULO CIRCULANDO,2,A - AUTOMÓVIL,VOLKSWAGEN,SEDAN,VERACRUZ,,ACD1835,3VWZZZ113SM023296,P - PARTICULAR,,17,HOMBRE,,,CAMBIAR CARRIL SIN PRECAUCIÓN,NO APLICA,1000,0,,,,,,,,,,,,,,,,,,,,,
231,,,,,,,,,,,2,,,,,,,,,,,,,,,A - AUTOMÓVIL,CHEVROLET,AVEO,VERACRUZ,,CL39250,361TA5ASAF0CL139250,P - PARTICULAR,,19,MUJER,C,SI,,,5000,,,,,,,,,,,,,,,,,,,,,,
232,XALAPA,20/02/2014,JUEVES,,08:30,08:50,XALAPA,XALAPA,URBANA,,,CIRCUITO PRESIDENTES,AMPLIACION LIBERTAD,BOLIVIA,BUENO,SOLEADO,CONCRETO,SECO,A NIVEL,NINGUNA,SIN RESTRICCIÓN,COLISIÓN,ÁNGULO,VEHÍCULO CIRCULANDO,2,C - CAMIONETA,FORD,RANGER,VERACRUZ,AZUL,SIN NUMERO,1FTCR10X5RPA98825,P - PARTICULAR,NO,31,HOMBRE,A,SI,CAMBIAR CARRIL SIN PRECAUCIÓN,NO APLICA,2000,0,,,,,,,,,,,,,,,,,,,,,
232,,,,,,,,,,,9,,,,,,,,,,,,,,,C - CAMIONETA,NISSAN,CHASIS,VERACRUZ,GRIS,KA24936498M,3NGCC15521K059754,P - PARTICULAR,NO,55,HOMBRE,B,SI,,,2500,,,,,,,,,,,,,,,,,,,,,,
233,XALAPA,20/02/2014,JUEVES,09:20,09:30,09:45,XALAPA,XALAPA,URBANA,,,RUIZ CORTINES,UNIDAD DEL BOSQUE,XALAPA,BUENO,SOLEADO,CONCRETO,SECO,A NIVEL,NINGUNA,SIN RESTRICCIÓN,COLISIÓN,POR ALCANCE,VEHÍCULO CIRCULANDO,2,A - AUTOMÓVIL,VOLKSWAGEN,JETTA,VERACRUZ,GRIS,MW081890,2GNM604078,P - PARTICULAR,NO,37,HOMBRE,C,SI,NO RESPETAR CEDA EL PASO,NO APLICA,800,0,,,,,,,,,,,,,,,,,,,,,