idMES,DELEGACION DE TRANSITO,FECHA DEL ACCIDENTE,DIA DE LA SEMANA,HORA EN QUE SE RECIBIO LA LLAMADA REPORTANDO EL ACCIDENTE,HORA DE ARRIBO DEL PERITO AL SITIO,HORA DE REGRESO DEL PERITO A LAS INSTALACIONES DE SU DELEGACION,LOCALIDAD ACCIDENTE,MUNICIPIO ACCIDENTE,ZONA,CARRETERA/KILOMETRO DEL ACCIDENTE,NUMERO DE AVENIDA,CALLE/AVENIDA DEL ACCIDENTE,COLONIA,ENTRE CALLES,CONDICIONES DE LA VIA,CONDICIONES NATURALES,SUPERFICIE DE LA VIA,ESTADO DE LA VIA,TANGENTE,TIPO DE CONTROL DE TRANSITO,RESTRICCIONES DE LA VIA,TIPO DE ACCIDENTE,FORMA DE ACCIDENTARSE,CONTRA QUE FUE EL IMPACTO,CANTIDAD DE VEHICULOS,TIPO DE VEHICULO,MARCA,SUBMARCA,ENTIDAD FEDERATIVA DEL VEHICULO,COLOR DEL VEHICULO,MOTOR,SERIE,TIPO DE SERVICIO PARA EL QUE SE OCUPAN LOS VEHICULOS,ASEGURADO,EDAD CONDUCTOR,SEXO CONDUCTOR,TIPO LICENCIA,LICENCIA VIGENTE,CAUSA ATRIBUIBLE AL CONDUCTOR,CAUSA ATRIBUIBLE AL PEATON,DANIOS (MONTO APROXIMADO EN MXN),NUMERO DE HERIDOS,MUJER HERIDA DE 0-15 ANIOS,HOMBRE HERIDO DE 0-15 ANIOS,MUJER HERIDA DE 16-30 ANIOS,HOMBRE HERIDO DE 16-30 ANIOS,MUJER HERIDA DE 31-45 ANIOS,HOMBRE HERIDO DE 31-45 ANIOS,MUJER HERIDA DE 46-60 ANIOS,HOMBRE HERIDO DE 46-60 ANIOS,MUJER HERIDA MAS DE 60 ANIOS,HOMBRE HERIDO MAS DE 60 ANIOS,NUMERO DE MUERTOS,MUJER MUERTA DE 0-15 ANIOS,HOMBRE MUERTO DE 0-15 ANIOS,MUJER MUERTA DE 16-30 ANIOS,HOMBRE MUERTO DE 16-30 ANIOS,MUJER MUERTA DE 31-45 ANIOS,HOMBRE MUERTO DE 31-45 ANIOS,MUJER MUERTA DE 46-60 ANIOS,HOMBRE MUERTO DE 46-60 ANIOS,MUJER MUERTA MAS DE 60 ANIOS,HOMBRE MUERTO MAS DE 60 ANIOS
233,,,,,,,,,,,2,,,,,,,,,,,,,,,A - AUTOMÓVIL,CHEVROLET,AVEO,VERACRUZ,BLANCO,HECHO EN MÉXICO,3G1B5AF20C11234,P - PARTICULAR,SI,30,HOMBRE,C,SI,,,2500,,,,,,,,,,,,,,,,,,,,,,
234,XALAPA,20/02/2014,JUEVES,,13:30,,XALAPA,XALAPA,URBANA,,,TOLUCA,,XALAPA,BUENO,,CONCRETO,SECO,A NIVEL,NINGUNA,SIN RESTRICCIÓN,COLISIÓN,ÁNGULO,VEHÍCULO CIRCULANDO,2,A - AUTOMÓVIL,CHEVROLET,CHEVY,VERACRUZ,ROJO,HECHO EN MÉXICO,3G1SE51X585129780,P - PARTICULAR,,33,MUJER,C,SI,OTRO,NO APLICA,500,0,,,,,,,,,,,,,,,,,,,,,
234,,,,,,,,,,,,,,,,,,,,,,,,,,A - AUTOMÓVIL,MAZDA,MAZDA 2,VERACRUZ,GRIS,ZYA34862,JM1DE2HYYC0216799,P - PARTICULAR,,65,HOMBRE,,,,,500,,,,,,,,,,,,,,,,,,,,,,
235,XALAPA,20/02/2014,JUEVES,,14:30,14:50,XALAPA,XALAPA,URBANA,,,AVENIDA BOLIVIA,BUENA VISTA,ENCINO,REGULAR,SOLEADO,ASFALTO,SECO,A NIVEL,NINGUNA,SIN RESTRICCIÓN,COLISIÓN,LATERAL,VEHÍCULO CIRCULANDO,2,A - AUTOMÓVIL,CHEVROLET,MATIZ,VERACRUZ,BLANCO/VERDE,SIN NUMERO,KLM1MJ6A05DE096412,PE - PÚBLICO ESTATAL,SI,50,HOMBRE,A,SI,CAMBIAR CARRIL SIN PRECAUCIÓN,NO APLICA,1000,0,,,,,,,,,,,,,,,,,,,,,
235,,,,,,,,,,,19,,,,,,,,,,,,,,,C - CAMIONETA,CHRYSLER,RAM 4000,VERACRUZ,BLANCO,HECHO EN MÉXICO,3C7WRAKT30634583,P - PARTICULAR,SI,39,HOMBRE,B,SI,,,500,,,,,,,,,,,,,,,,,,,,,,
236,XALAPA,20/02/2014,JUEVES,,04:20,,XALAPA,XALAPA,URBANA,,,VENUSTIANO CARRANZA,FRANSCISCO I. MADERO,,BUENO,,CONCRETO,SECO,A NIVEL,NINGUNA,SIN RESTRICCIÓN,COLISIÓN,,VEHÍCULO ESTACIONADO,2,A - AUTOMÓVIL,VOLKSWAGEN,BORA,VERACRUZ,BLANCO,CCC070777,3VWRW11K6AM054633,P - PARTICULAR,SI,30,HOMBRE,A,SI,OTRO,NO APLICA,5000,0,,,,,,,,,,,,,,,,,,,,,
236,,,,,,,,,,,,,,,,,,,,,,,,,,A - AUTOMÓVIL,VOLKSWAGEN,JETTA,VERACRUZ,NEGRO,B11P183534,3UW4V49M17M633987,P - PARTICULAR,NO,,,,,,,5000,,,,,,,,,,,,,,,,,,,,,,
237,XALAPA,20/02/2014,JUEVES,13:00,13:10,13:50,XALAPA,XALAPA,URBANA,,,AVENIDA LAZARO CARDENAS,POMONA,,BUENO,SOLEADO,CONCRETO,SECO,DESCENDENTE,NINGUNA,SIN RESTRICCIÓN,COLISIÓN,POR ALCANCE,VEHÍCULO CIRCULANDO,3,A - AUTOMÓVIL,NISSAN,TSURU,VERACRUZ,BLANCO/VERDE,GA16739432Y,3N1EB3158AK3635859,P - PARTICULAR,SI,27,HOMBRE,A,SI,VELOCIDAD INMODERADA,NO APLICA,20000,3,1,,1,,1,,,,,,,,,,,,,,,,
237,,,,,,,,,,,1,,,,,,,,,,,,,,,C - CAMIONETA,NISSAN,NP-300,VERACRUZ,BLANCO,KA2449965YA,3NGDD25T4BK024850,P - PARTICULAR,NO,38,HOMBRE,C,SI,,,35000,,,,,,,,,,,,,,,,,,,,,,
237,,,,,,,,,,,,,,,,,,,,,,,,,,AS - AUTOBÚS SUBURBANO,MERCEDES BENZ,CHASIS,VERACRUZ,AMARILLO,9.07E+12,3A4AAXC592DJ86756,P - PARTICULAR,SI,31,HOMBRE,A,SI,,,8000,,,,,,,,,,,,,,,,,,,,,,
238,XALAPA,20/02/2014,JUEVES,,14:20,,XALAPA,XALAPA,URBANA,CARRETERA EL CASTILLO,,,,,BUENO,,ASFALTO,SECO,A NIVEL,NINGUNA,SIN RESTRICCIÓN,VOLCADURA,,VEHÍCULO ESTACIONADO,2,CC - CAMIÓN DE CARGA,KEENWORTH,REDILAS,,AMARILLO,28127291,452127,P - PARTICULAR,NO,47,HOMBRE,A,NO,OTRO,NO APLICA,10000,0,,,,,,,,,,,,,,,,,,,,,
238,,,,,,,,,,,,,,,,,,,,,,,,,,C - CAMIONETA,CHEVROLET,REDILAS,VERACRUZ,BLANCO,,,P - PARTICULAR,NO,,,,,,,2000,,,,,,,,,,,,,,,,,,,,,,
239,XALAPA,21/02/2014,VIERNES,22:35,22:57,23:07,XALAPA,XALAPA,URBANA,,,AVENIDA XALAPA,PROGRESO MACUILTEPEC,,BUENO,,CONCRETO,,A NIVEL,NINGUNA,SIN RESTRICCIÓN,COLISIÓN,ÁNGULO,,2,A - AUTOMÓVIL,CHEVROLET,SPARK,VERACRUZ,PINA LADY,HECHO EN KOREA,KL8CM6CD8DC572160,P - PARTICULAR,SI,21,HOMBRE,C,SI,,,,0,,,,,,,,,,,,,,,,,,,,,
239,,,,,,,,,,,7,,,,,,,,,,,,,,,A - AUTOMÓVIL,NISSAN,SEDAN,VERACRUZ,BLANCO/ROJO,GA16883576Y,3NIEB8315DK302313,PE - PÚBLICO ESTATAL,SI,55,MUJER,A,SI,NO GUARDAR DISTANCIA,NO APLICA,1500,,,,,,,,,,,,,,,,,,,,,,
239,,,,,,,,,,,,,,,,,,,,,,,,,,,,,,,,,,,,,,,,,2000,,,,,,,,,,,,,,,,,,,,,,
240,XALAPA,21/02/2014,VIERNES,,18:40,,XALAPA,XALAPA,URBANA,,,AVENIDA REVOLUCION,CENTRO,,BUENO,,CONCRETO,,ASCENDENTE,NINGUNA,SIN RESTRICCIÓN,COLISIÓN,LATERAL,,2,,,,,,,,,,,,,,,,,0,,,,,,,,,,,,,,,,,,,,,
240,,,,,,,,,,,,,,,,,,,,,,,,,,A - AUTOMÓVIL,NISSAN,TSURU,VERACRUZ,BLANCO/VERDE,GA167376084,3NIEB31S334990,PE - PÚBLICO ESTATAL,SI,68,HOMBRE,A,SI,CAMBIAR CARRIL SIN PRECAUCIÓN,OTRO,8000,,,,,,,,,,,,,,,,,,,,,,
240,,,,,,,,,,,,,,,,,,,,,,,,,,AS - AUTOBÚS SUBURBANO,NAVISTAR,CHASIS,VERACRUZ,BLANCO,3.91E+14,3AMBEMEB0W5044250,PE - PÚBLICO ESTATAL,NO,52,HOMBRE,A,SI,,,MINIMOS,,,,,,,,,,,,,,,,,,,,,,
241,XALAPA,21/02/2014,SÁBADO,,10:00,,XALAPA,XALAPA,URBANA,,,BOULEVARD LAZARO CARDENAS,21 DE MARZO,IGNACIO ZARAGOZA,BUENO,,ASFALTO,,A NIVEL,NINGUNA,SIN RESTRICCIÓN,COLISIÓN,ÁNGULO,,2,,,,,,,,,,,,,,,,,0,,,,,,,,,,,,,,,,,,,,,
241,,,,,,,,,,,,,,,,,,,,,,,,,,A - AUTOMÓVIL,VOLKSWAGEN,SEDAN,VERACRUZ,BLANCO,ACD367050,3VWS1A1BY9385,P - PARTICULAR,NO,35,MUJER,,NO,NO GUARDAR DISTANCIA,NO APLICA,2500,,,,,,,,,,,,,,,,,,,,,,
241,,,,,,,,,,,,,,,,,,,,,,,,,,A - AUTOMÓVIL,NISSAN,TSURU,VERACRUZ,BLANCO/VERDE,GA16807897Y,3BIEB157BK43579,PE - PÚBLICO ESTATAL,SI,38,HOMBRE,A,SI,,,5000,,,,,,,,,,,,,,,,,,,,,,
242,XALAPA,21/02/2014,VIERNES,,15:08,15:30,XALAPA,XALAPA,URBANA,,,AVENIDA RUIZ CORTINES,,,BUENO,,CONCRETO,,DESCENDENTE,NINGUNA,SIN RESTRICCIÓN,COLISIÓN,ÁNGULO,,2,,,,,,,,,,,,,,,,,0,,,,,,,,,,,,,,,,,,,,,
242,,,,,,,,,,,2,,,,,,,,,,,,,,,A - AUTOMÓVIL,NISSAN,SENTRA,PUEBLA,NEGRO,MR20179784,NRPV34F1K82A,P - PARTICULAR,SI,59,HOMBRE,A,SI,CAMBIAR CARRIL SIN PRECAUCIÓN,NO APLICA,2000,,,,,,,,,,,,,,,,,,,,,,
242,,,,,,,,,,,,,,,,,,,,,,,,,,A - AUTOMÓVIL,FORD,TOPAZ,VERACRUZ,GRIS,542082,AZ91HV2082,P - PARTICULAR,SI,56,HOMBRE,B,SI,,,500,,,,,,,,,,,,,,,,,,,,,,
243,XALAPA,21/02/2014,VIERNES,,15:40,,XALAPA,XALAPA,URBANA,,,AVENIDA AVILA CAMACHO,CENTRO,,BUENO,SOLEADO,CONCRETO,SECO,DESCENDENTE,NINGUNA,SIN RESTRICCIÓN,COLISIÓN,ÁNGULO,,2,,,,,,,,,,,,,,,,,0,,,,,,,,,,,,,,,,,,,,,
243,,,,,,,,,,,4,,,,,,,,,,,,,,,A - AUTOMÓVIL,HONDA,CIVIC,DISTRITO FEDERAL,PLATA,017A23507115,SIN NUMERO,P - PARTICULAR,NO,33,HOMBRE,A,SI,,,1500,,,,,,,,,,,,,,,,,,,,,,
243,,,,,,,,,,,,,,,,,,,,,,,,,,A - AUTOMÓVIL,PEUGEOT,307-CC,VERACRUZ,GRIS,1HG8506733L908330,SIN NUMERO,P - PARTICULAR,NO,52,HOMBRE,,NO,"VUELTA EN ""U""",NO APLICA,2500,,,,,,,,,,,,,,,,,,,,,,
244,XALAPA,21/02/2014,VIERNES,,18:45,,XALAPA,XALAPA,URBANA,,,CIRCUITO PRESIDENTES,,,BUENO,,ASFALTO,SECO,DESCENDENTE,NINGUNA,SIN RESTRICCIÓN,COLISIÓN,POR ALCANCE,,2,,,,,,,,,,,,,,,,,1,,,,,,,,,,,,,,,,,,,,,
244,,,,,,,,,,,9,,,,,,,,,,,,,,,C - CAMIONETA,TOYOTA,AVANZA,DISTRITO FEDERAL,GRIS,3SZDCM5708,MHKMC13F0CK00738,P - PARTICULAR,SI,39,HOMBRE,A,SI,NO GUARDAR DISTANCIA,NO APLICA,17000,,,,,,,,,,,,,,,,,,,,,,
244,,,,,,,,,,,,,,,,,,,,,,,,,,A - AUTOMÓVIL,FORD,FIESTA,VERACRUZ,PLATA,31689,9BFBT01N678031689,P - PARTICULAR,NO,51,HOMBRE,A,SI,,,7000,,,,,,,,,,,1,,,,,,,,,,,
245,XALAPA,21/02/2014,VIERNES,,21:20,,XALAPA,XALAPA,URBANA,,,CHAPULTEPEC,ENCINAL,,BUENO,,CONCRETO,,A NIVEL,NINGUNA,SIN RESTRICCIÓN,COLISIÓN,POR ALCANCE,,2,,,,,,,,,,,,,,,,,0,,,,,,,,,,,,,,,,,,,,,
245,,,,,,,,,,,,,,,,,,,,,,,,,,A - AUTOMÓVIL,CHRYSLER,DART,VERACRUZ,VINO,HECHO EN MEXICO,3B3341F9611855,P - PARTICULAR,NO,52,HOMBRE,A,SI,NO GUARDAR DISTANCIA,NO APLICA,500,,,,,,,,,,,,,,,,,,,,,,
245,,,,,,,,,,,,,,,,,,,,,,,,,,C - CAMIONETA,VOLKSWAGEN,POINTER,VERACRUZ,PLATA,4123104,JBWK0069W3AP003848,P - PARTICULAR,NO,35,HOMBRE,B,SI,,,1100,,,,,,,,,,,,,,,,,,,,,,
246,XALAPA,21/02/2014,VIERNES,,11:45,,XALAPA,XALAPA,URBANA,,,AVENIDA LAZARO CARDENAS,,,BUENO,SOLEADO,ASFALTO,SECO,ASCENDENTE,NINGUNA,SIN RESTRICCIÓN,ATROPELLAMIENTO,,,1,,,,,,,,,,,,,,,,,2,,,,,,,,,,,,,,,,,,,,,
246,,,,,,,,,,,1,,,,,,,,,,,,,,,A - AUTOMÓVIL,NISSAN,TSURU,VERACRUZ,BLANCO/ROJO,HECHO EN INDIA,MALAB1HBM578825,PE - PÚBLICO ESTATAL,SI,44,HOMBRE,A,SI,VELOCIDAD INMODERADA,CAMINABA EN EL ARROYO,SIN DAÑOS,,,,1,1,,,,,,,,,,,,,,,,,
247,XALAPA,21/02/2014,VIERNES,,19:10,,XALAPA,XALAPA,URBANA,,,AVENIDA BOLIVIA,,,BUENO,,ASFALTO,SECO,DESCENDENTE,NINGUNA,SIN RESTRICCIÓN,COLISIÓN,POR ALCANCE,,2,,,,,,,,,,,,,,,,,1,,,,,,,,,,,,,,,,,,,,,
247,,,,,,,,,,,19,,,,,,,,,,,,,,,C - CAMIONETA,FORD,EXPLORER,VERACRUZ,VERDE,SIN NUMERO,1FMZU73KX898064,P - PARTICULAR,NO,51,HOMBRE,B,SI,NO GUARDAR DISTANCIA,NO APLICA,4000,,,,,,,,,,,,,,,,,,,,,,
247,,,,,,,,,,,,,,,,,,,,,,,,,,A - AUTOMÓVIL,CHEVROLET,CORSA,VERACRUZ,AZUL METALICO,HECO EN MEXICO,8AGXMI9R15R114557,P - PARTICULAR,NO,31,HOMBRE,C,SI,,,7000,,,,,,1,,,,,,,,,,,,,,,,
248,XALAPA,21/02/2014,VIERNES,,08:30,,XALAPA,XALAPA,URBANA,,,RAFAEL MURILLO,CUAUHTEMOC,,BUENO,,CONCRETO,,A NIVEL,NINGUNA,SIN RESTRICCIÓN,COLISIÓN,ÁNGULO,,2,,,,,,,,,,,,,,,,,,,,,,,,,,,,,,,,,,,,,,
248,,,,,,,,,,,,,,,,,,,,,,,,,,A - AUTOMÓVIL,VOLKSWAGEN,SEAT,VERACRUZ,ROJA,BTS200592,USSC45ERO18490,P - PARTICULAR,SI,27,HOMBRE,A,SI,NO RESPETAR CEDA EL PASO,NO APLICA,2500,,,,,,,,,,,,,,,,,,,,,,
248,,,,,,,,,,,,,,,,,,,,,,,,,,CC - CAMIÓN DE CARGA,ITALIKA,DS-150,VERACRUZ,ROJA,LCK1570C6601839,3CTDSEAXD1001695,P - PARTICULAR,NO,21,HOMBRE,,NO,,,4500,,,,,,,,,,,,,,,,,,,,,,
249,XALAPA,22/02/2014,SÁBADO,,12:40,,XALAPA,XALAPA,URBANA,,,AVENIDA REBSAMEN,BELLA VISTA,,BUENO,,ASFALTO,SECO,A NIVEL,NINGUNA,SIN RESTRICCIÓN,COLISIÓN,POR ALCANCE,VEHÍCULO CIRCULANDO,2,A - AUTOMÓVIL,FORD,EXPEDITION,VERACRUZ,CAFÉ,HECHO EN USA,1FMRU15W84LB28257,P - PARTICULAR,NO,32,HOMBRE,A,SI,NO GUARDAR DISTANCIA,NO APLICA,10000,1,,,,,,,,,,1,,,,,,,,,,,
249,,,,,,,,,,,10,,,,,,,,,,,,,,,A - AUTOMÓVIL,FORD,ECO-SPORT,VERACRUZ,NEGRO,SIN NUMERO,9BFUT35F478796684,P - PARTICULAR,NO,35,HOMBRE,,,,,15000,,,,,,,,,,,,,,,,,,,,,,
250,XALAPA,22/02/2014,SÁBADO,08:27,08:35,08:50,XALAPA,XALAPA,URBANA,,,DIAMANTE,,FOVISSSTE,BUENO,SOLEADO,ASFALTO,SECO,A NIVEL,NINGUNA,SIN RESTRICCIÓN,COLISIÓN,LATERAL,VEHÍCULO CIRCULANDO,2,C - CAMIONETA,FORD,COURIER,VERACRUZ,BLANCO,SIN NUMERO,PBFBT32U227925907,P - PARTICULAR,NO,24,HOMBRE,A,SI,CAMBIAR CARRIL SIN PRECAUCIÓN,NO APLICA,800,0,,,,,,,,,,,,,,,,,,,,,
250,,,,,,,,,,,,,,,,,,,,,,,,,,A - AUTOMÓVIL,NISSAN,TSURU,VERACRUZ,BLANCO/ROJO,GA16839635V,3N1EB31S1CK318181,PE - PÚBLICO ESTATAL,SI,63,HOMBRE,A,SI,,,1200,,,,,,,,,,,,,,,,,,,,,,
251,XALAPA,22/02/2014,SÁBADO,,10:00,,XALAPA,XALAPA,URBANA,,,XALAPEÑOS ILUSTRES,CENTRO,SANTOS DEGOLLADO,BUENO,SOLEADO,CONCRETO,SECO,ASCENDENTE,MARCA EN PAVIMENTO,SIN RESTRICCIÓN,COLISIÓN,LATERAL,VEHÍCULO CIRCULANDO,2,AS - AUTOBÚS SUBURBANO,NAVISTAR,CHASIS,VERACRUZ,BLANCO,466HM2N800NS2,3HUBFAAW99N142210,PE - PÚBLICO ESTATAL,NO,37,HOMBRE,A,SI,CAMBIAR CARRIL SIN PRECAUCIÓN,NO APLICA,100,0,,,,,,,,,,,,,,,,,,,,,
251,,,,,,,,,,,,,,,,,,,,,,,,,,A - AUTOMÓVIL,NISSAN,MAXIMA,VERACRUZ,BRONCE,VQ334440772,1NAGA41E1SC872187,P - PARTICULAR,SI,50,HOMBRE,B,SI,,,5000,,,,,,,,,,,,,,,,,,,,,,
252,XALAPA,22/02/2014,SÁBADO,14:40,14:50,15:00,XALAPA,XALAPA,URBANA,,,ENRIQUEZ,CENTRO,CLAVIJERO,BUENO,SOLEADO,CONCRETO,SECO,A NIVEL,NINGUNA,SIN RESTRICCIÓN,COLISIÓN,POR ALCANCE,VEHÍCULO CIRCULANDO,2,A - AUTOMÓVIL,NISSAN,TSURU,VERACRUZ,BLANCO/VERDE,GA16824839W,3N1EB31S29K303521,PE - PÚBLICO ESTATAL,SI,30,HOMBRE,,,NO GUARDAR DISTANCIA,NO APLICA,4000,0,,,,,,,,,,,,,,,,,,,,,
252,,,,,,,,,,,,,,,,,,,,,,,,,,C - CAMIONETA,NISSAN,PATHFINDER,VERACRUZ,BEIGE,V633208694,U8AR0858XW314771,P - PARTICULAR,SI,48,HOMBRE,B,SI,,,2000,,,,,,,,,,,,,,,,,,,,,,
253,XALAPA,22/02/2014,SÁBADO,,16:00,,XALAPA,XALAPA,URBANA,,,MAESTROS VERACRUZANOS,,XALAPA,BUENO,,CONCRETO,SECO,A NIVEL,NINGUNA,SIN RESTRICCIÓN,COLISIÓN,POR ALCANCE,VEHÍCULO CIRCULANDO,2,A - AUTOMÓVIL,NISSAN,TSURU,VERACRUZ,BLANCO/VERDE,GA16855214V,3N1EB31S66K364011,PE - PÚBLICO ESTATAL,SI,25,HOMBRE,A,SI,NO GUARDAR DISTANCIA,NO APLICA,2000,0,,,,,,,,,,,,,,,,,,,,,
253,,,,,,,,,,,,,,,,,,,,,,,,,,M - MOTOCICLETA,HARLEY,DAVIDSON,VERACRUZ,NARANJA,SIN NUMERO,1HD1BE1J1FY010125,P - PARTICULAR,NO,45,HOMBRE,D,SI,,,8000,,,,,,,,,,,,,,,,,,,,,,
254,XALAPA,22/02/2014,SÁBADO,,06:20,,XALAPA,XALAPA,URBANA,,,AVENIDA ARCO SUR,LOMAS VERDES,,BUENO,,ASFALTO,SECO,A NIVEL,NINGUNA,SIN RESTRICCIÓN,COLISIÓN,,OBJETO FIJO,1,A - AUTOMÓVIL,NISSAN,TSURU,VERACRUZ,BLANCO/ROJO,GA16729129Y,3N1EB31S4AK327774,P - PARTICULAR,SI,45,HOMBRE,A,SI,VELOCIDAD INMODERADA,NO APLICA,15000,0,,,,,,,,,,,,,,,,,,,,,
255,XALAPA,22/02/2014,SÁBADO,08:53,09:10,,XALAPA,XALAPA,URBANA,,,MARTIRES 28 DE AGOSTO,SAN BRUNO,PRIMERO DE MAYO,BUENO,,ASFALTO,SECO,A NIVEL,NINGUNA,SIN RESTRICCIÓN,COLISIÓN,POR ALCANCE,VEHÍCULO CIRCULANDO,2,C - CAMIONETA,JEEP,GRAND CHEROKEE,VERACRUZ,NEGRO,SIN NUMERO,1J4FX8SXWC2866895,P - PARTICULAR,,48,HOMBRE,,,OTRO,NO APLICA,800,0,,,,,,,,,,,,,,,,,,,,,
255,,,,,,,,,,,,,,,,,,,,,,,,,,C - CAMIONETA,FORD,ECO-SPORT,VERACRUZ,PLATA,HECHO EN USA,9BFUP3FXC8685094,P - PARTICULAR,,43,MUJER,C,SI,,,2500,,,,,,,,,,,,,,,,,,,,,,
256,XALAPA,22/02/2014,SÁBADO,05:43,05:53,,XALAPA,XALAPA,URBANA,,,AVENIDA LAZARO CARDENAS,PASTORESA,,BUENO,,ASFALTO,SECO,A NIVEL,NINGUNA,SIN RESTRICCIÓN,COLISIÓN,LATERAL,VEHÍCULO CIRCULANDO,2,A - AUTOMÓVIL,VOLKSWAGEN,SEAT,VERACRUZ,ROJO,BBX042396,VSSRK46L47R046624,P - PARTICULAR,,21,HOMBRE,,,ALCOHOL / DROGAS,NO APLICA,45000,3,,,,1,,,,,,,,,,,,,,,,,
256,,,,,,,,,,,1,,,,,,,,,,,,,,,A - AUTOMÓVIL,CHRYSLER,,MÉXICO,PLATA,SIN NUMERO,KA43R06H362989,P - PARTICULAR,,55,HOMBRE,A,SI,,,35000,,,,,,,,1,1,,,,,,,,,,,,,
257,XALAPA,22/02/2014,SÁBADO,10:23,10:35,,XALAPA,XALAPA,URBANA,,,BOULEVARD XALAPA-BANDERILLA,21 DE MARZO,,BUENO,,ASFALTO,SECO,A NIVEL,NINGUNA,SIN RESTRICCIÓN,COLISIÓN,,OBJETO FIJO,1,A - AUTOMÓVIL,HONDA,PILOT,DISTRITO FEDERAL,BLANCO,L35A92504470,5FNY185170237263,P - PARTICULAR,,,MUJER,,,VELOCIDAD INMODERADA,NO APLICA,45000,1,,,,,,,,,,,,,,,,,,,,,
258,XALAPA,23/02/2014,DOMINGO,,16:35,,XALAPA,XALAPA,URBANA,,,AVENIDA REBSAMEN,,,BUENO,,ASFALTO,SECO,ASCENDENTE,NINGUNA,SIN RESTRICCIÓN,COLISIÓN,ÁNGULO,VEHÍCULO CIRCULANDO,2,C - CAMIONETA,HONDA,CRV,VERACRUZ,GRIS,K24A14901103,JHLRD7874526001040,P - PARTICULAR,SI,35,HOMBRE,B,SI,CAMBIAR CARRIL SIN PRECAUCIÓN,NO APLICA,4000,0,,,,,,,,,,,,,,,,,,,,,
258,,,,,,,,,,,10,,,,,,,,,,,,,,,C - CAMIONETA,GMC,SIERRA,VERACRUZ,BLANCO,SIN NUMERO,1GTFC19V16Z200679,P - PARTICULAR,NO,33,HOMBRE,C,SI,,,3500,,,,,,,,,,,,,,,,,,,,,,
259,XALAPA,23/02/2014,DOMINGO,,17:20,19:00,LAS PUENTES,XALAPA,URBANA,CARRETERA COATEPEC SAN MARCOS 04+000,,,,ZIMPIZAHUA Y LAS PUENTES,BUENO,,CONCRETO,SECO,ASCENDENTE,NINGUNA,ACCIDENTE PREVIO,COLISIÓN,LATERAL,VEHÍCULO CIRCULANDO,2,A - AUTOMÓVIL,VOLKSWAGEN,GOLF,VERACRUZ,ROJO,ACC051184,1HRM905371,P - PARTICULAR,NO,33,HOMBRE,,,CIRCULAR EN SENTIDO CONTRARIO,NO APLICA,4500,0,,,,,,,,,,,,,,,,,,,,,
259,,,,,,,,,,,,,,,,,,,,,,,,,,A - AUTOMÓVIL,NISSAN,TSURU,VERACRUZ,ROJO,GA16754198,4BAVE13241Y8,P - PARTICULAR,NO,68,HOMBRE,B,SI,,,7000,,,,,,,,,,,,,,,,,,,,,,
260,XALAPA,23/02/2014,DOMINGO,18:00,18:15,18:30,XALAPA,XALAPA,URBANA,,,DIAZ MIRON,,CALLEJON DE LA CALAVERA,BUENO,,CONCRETO,SECO,A NIVEL,NINGUNA,SIN RESTRICCIÓN,COLISIÓN,,,2,A - AUTOMÓVIL,PEUGEOT,L-307,VERACRUZ,ROJO,10LHB90890502,VF33ARFNS5NYD16712,P - PARTICULAR,SI,43,HOMBRE,,,OTRO,NO APLICA,500,0,,,,,,,,,,,,,,,,,,,,,
260,,,,,,,,,,,,,,,,,,,,,,,,,,C - CAMIONETA,CHRYSLER,DODGE,VERACRUZ,NEGRO,HECHO EN MÉXICO,3DMB64FB4AT132013,P - PARTICULAR,SI,28,HOMBRE,B,SI,,,1000,,,,,,,,,,,,,,,,,,,,,,
261,XALAPA,23/02/2014,DOMINGO,16:35,17:00,17:14,XALAPA,XALAPA,URBANA,,,AVENIDA 20 DE NOVIEMBRE,,PIPILA,BUENO,,CONCRETO,SECO,ASCENDENTE,SEMÁFORO FUNCIONANDO,SIN RESTRICCIÓN,COLISIÓN,POR ALCANCE,VEHÍCULO CIRCULANDO,2,AS - AUTOBÚS SUBURBANO,MERCEDES BLUE,,VERACRUZ,AMARILLO,9.25E+12,3NBAA2DK08M032332,PE - PÚBLICO ESTATAL,,22,HOMBRE,A,SI,NO GUARDAR DISTANCIA,NO APLICA,SIN DAÑOS,0,,,,,,,,,,,,,,,,,,,,,
261,,,,,,,,,,,5,,,,,,,,,,,,,,,A - AUTOMÓVIL,VOLKSWAGEN,GOLF,VERACRUZ,PLATA,CF2311706,9BWD05U48T21523Y,P - PARTICULAR,,52,HOMBRE,A,SI,,,5000,,,,,,,,,,,,,,,,,,,,,,