idMES,DELEGACION DE TRANSITO,FECHA DEL ACCIDENTE,DIA DE LA SEMANA,HORA EN QUE SE RECIBIO LA LLAMADA REPORTANDO EL ACCIDENTE,HORA DE ARRIBO DEL PERITO AL SITIO,HORA DE REGRESO DEL PERITO A LAS INSTALACIONES DE SU DELEGACION,LOCALIDAD ACCIDENTE,MUNICIPIO ACCIDENTE,ZONA,CARRETERA/KILOMETRO DEL ACCIDENTE,NUMERO DE AVENIDA,CALLE/AVENIDA DEL ACCIDENTE,COLONIA,ENTRE CALLES,CONDICIONES DE LA VIA,CONDICIONES NATURALES,SUPERFICIE DE LA VIA,ESTADO DE LA VIA,TANGENTE,TIPO DE CONTROL DE TRANSITO,RESTRICCIONES DE LA VIA,TIPO DE ACCIDENTE,FORMA DE ACCIDENTARSE,CONTRA QUE FUE EL IMPACTO,CANTIDAD DE VEHICULOS,TIPO DE VEHICULO,MARCA,SUBMARCA,ENTIDAD FEDERATIVA DEL VEHICULO,COLOR DEL VEHICULO,MOTOR,SERIE,TIPO DE SERVICIO PARA EL QUE SE OCUPAN LOS VEHICULOS,ASEGURADO,EDAD CONDUCTOR,SEXO CONDUCTOR,TIPO LICENCIA,LICENCIA VIGENTE,CAUSA ATRIBUIBLE AL CONDUCTOR,CAUSA ATRIBUIBLE AL PEATON,DANIOS (MONTO APROXIMADO EN MXN),NUMERO DE HERIDOS,MUJER HERIDA DE 0-15 ANIOS,HOMBRE HERIDO DE 0-15 ANIOS,MUJER HERIDA DE 16-30 ANIOS,HOMBRE HERIDO DE 16-30 ANIOS,MUJER HERIDA DE 31-45 ANIOS,HOMBRE HERIDO DE 31-45 ANIOS,MUJER HERIDA DE 46-60 ANIOS,HOMBRE HERIDO DE 46-60 ANIOS,MUJER HERIDA MAS DE 60 ANIOS,HOMBRE HERIDO MAS DE 60 ANIOS,NUMERO DE MUERTOS,MUJER MUERTA DE 0-15 ANIOS,HOMBRE MUERTO DE 0-15 ANIOS,MUJER MUERTA DE 16-30 ANIOS,HOMBRE MUERTO DE 16-30 ANIOS,MUJER MUERTA DE 31-45 ANIOS,HOMBRE MUERTO DE 31-45 ANIOS,MUJER MUERTA DE 46-60 ANIOS,HOMBRE MUERTO DE 46-60 ANIOS,MUJER MUERTA MAS DE 60 ANIOS,HOMBRE MUERTO MAS DE 60 ANIOS
262,XALAPA,23/02/2014,DOMINGO,02:18,02:45,,XALAPA,XALAPA,URBANA,,,AVENIDA MARTIRES 28 DE AGOSTO,FRANCISCO FERRER GUARDIA,HONORIO RODRIGUEZ Y RUIZ CORTINEZ,BUENO,,ASFALTO,SECO,A NIVEL,NINGUNA,SIN RESTRICCIÓN,COLISIÓN,,VEHÍCULO ESTACIONADO,2,A - AUTOMÓVIL,VOLKSWAGEN,JETTA,CHIAPAS,AZUL,AEG363571,3VWRH09M4YM095450,P - PARTICULAR,,50,HOMBRE,,,VELOCIDAD INMODERADA,NO APLICA,9000,0,,,,,,,,,,,,,,,,,,,,,
262,,,,,,,,,,,20,,,,,,,,,,,,,,,A - AUTOMÓVIL,CHEVROLET,CORSA,VERACRUZ,GRIS,,,P - PARTICULAR,,,,,,,,12500,,,,,,,,,,,,,,,,,,,,,,
263,XALAPA,23/02/2014,DOMINGO,12:50,13:30,,XALAPA,EMILIANO ZAPATA,URBANA,LAS TRANCAS-ESTANZUELA,,,,PASO LADRILLO,BUENO,,ASFALTO,SECO,ASCENDENTE,NINGUNA,SIN RESTRICCIÓN,COLISIÓN,POR ALCANCE,VEHÍCULO CIRCULANDO,2,A - AUTOMÓVIL,NISSAN,TSURU,VERACRUZ,BLANCO/ROJO,GA168053357W,3N1EB31SX8K355573,PE - PÚBLICO ESTATAL,SI,24,HOMBRE,A,SI,NO GUARDAR DISTANCIA,NO APLICA,500,0,,,,,,,,,,,,,,,,,,,,,
263,,,,,,,,,,,,,,,,,,,,,,,,,,C - CAMIONETA,NISSAN,X-TRAIL,VERACRUZ,,QR25031592A,JN1BT05A72W703194,P - PARTICULAR,,25,HOMBRE,A,SI,,,3000,,,,,,,,,,,,,,,,,,,,,,
264,XALAPA,24/02/2014,LUNES,08:07,08:17,08:30,XALAPA,XALAPA,URBANA,,,AVENIDA MURILLO VIDAL,CUAUHTEMOC,PRESIDENTES,BUENO,SOLEADO,CONCRETO,SECO,A NIVEL,NINGUNA,SIN RESTRICCIÓN,COLISIÓN,POR ALCANCE,,2,,,,,,,,,,,,,,,,,0,,,,,,,,,,,,,,,,,,,,,
264,,,,,,,,,,,11,,,,,,,,,,,,,,,A - AUTOMÓVIL,CHRYSLER,STRATUS,VERACRUZ,AZUL,HECHO EN USA,5N655576,P - PARTICULAR,NO,40,HOMBRE,A,SI,NO GUARDAR DISTANCIA,NO APLICA,SIN DAÑOS,,,,,,,,,,,,,,,,,,,,,,
264,,,,,,,,,,,,,,,,,,,,,,,,,,A - AUTOMÓVIL,VOLKSWAGEN,JETTA,PUEBLA,CAFÉ,CCC167806,34WLE64JJ240964,P - PARTICULAR,SI,40,HOMBRE,C,SI,,,1000,,,,,,,,,,,,,,,,,,,,,,
265,XALAPA,24/02/2014,LUNES,,13:30,,XALAPA,XALAPA,URBANA,,,AMERICAS,,,BUENO,,CONCRETO,,DESCENDENTE,NINGUNA,SIN RESTRICCIÓN,COLISIÓN,LATERAL,,2,,,,,,,,,,,,,,,,,0,,,,,,,,,,,,,,,,,,,,,
265,,,,,,,,,,,3,,,,,,,,,,,,,,,A - AUTOMÓVIL,NISSAN,TSURU,VERACRUZ,BLANCO/VERDE,2010,2012,PE - PÚBLICO ESTATAL,NO,40,HOMBRE,A,SI,CAMBIAR CARRIL SIN PRECAUCIÓN,NO APLICA,1000,,,,,,,,,,,,,,,,,,,,,,
265,,,,,,,,,,,,,,,,,,,,,,,,,,A - AUTOMÓVIL,VOLKSWAGEN,BEETLE,VERACRUZ,AZUL,GA16716547Y,CCC124170,P - PARTICULAR,NO,35,HOMBRE,B,SI,,,1000,,,,,,,,,,,,,,,,,,,,,,
266,XALAPA,24/02/2014,LUNES,,0.635416667,,XALAPA,XALAPA,URBANA,,,ANGEL CARVAJAL,EMILIANO ZAPATA,,BUENO,SOLEADO,ASFALTO,SECO,A NIVEL,NINGUNA,SIN RESTRICCIÓN,COLISIÓN,,VEHÍCULO ESTACIONADO,2,,,,,,,,,,,,,,,,,0,,,,,,,,,,,,,,,,,,,,,
266,,,,,,,,,,,,,,,,,,,,,,,,,,C - CAMIONETA,CHRYSLER,JEEP,VERACRUZ,AZUL,SIN NUMERO,ZW237212,P - PARTICULAR,NO,50,HOMBRE,,NO,VELOCIDAD INMODERADA,NO APLICA,500,,,,,,,,,,,,,,,,,,,,,,
266,,,,,,,,,,,,,,,,,,,,,,,,,,A - AUTOMÓVIL,NISSAN,TSURU,VERACRUZ,BLANCO/VERDE,GA167030487,3NIEB312ZAK306373,PE - PÚBLICO ESTATAL,SI,,,,NO,,,2000,,,,,,,,,,,,,,,,,,,,,,
267,XALAPA,24/02/2014,LUNES,,21:45,22:15,XALAPA,XALAPA,URBANA,,,MIGUEL ALEMAN,FEDERAL,,REGULAR,,CONCRETO,,A NIVEL,NINGUNA,SIN RESTRICCIÓN,COLISIÓN,ÁNGULO,,2,,,,,,,,,,,,,,,,,0,,,,,,,,,,,,,,,,,,,,,
267,,,,,,,,,,,,,,,,,,,,,,,,,,M - MOTOCICLETA,YAMAHA,FZ16,VERACRUZ,NEGRO/NARANJA,1ES400153,MEIKG04XD38901,P - PARTICULAR,NO,23,HOMBRE,A,SI,VELOCIDAD INMODERADA,NO APLICA,2000,,,,,,,,,,,,,,,,,,,,,,
267,,,,,,,,,,,,,,,,,,,,,,,,,,A - AUTOMÓVIL,FORD,KA,VERACRUZ,GRIS,SIN NUMERO,9DFBT19N64784646642,P - PARTICULAR,NO,39,MUJER,A,SI,,,2000,,,,,,,,,,,,,,,,,,,,,,
268,XALAPA,24/02/2014,LUNES,,08:30,,XALAPA,XALAPA,URBANA,,,AVENIDA RUIZ CORTINES,,,BUENO,,CONCRETO,,A NIVEL,NINGUNA,SIN RESTRICCIÓN,COLISIÓN,LATERAL,,2,,,,,,,,,,,,,,,,,0,,,,,,,,,,,,,,,,,,,,,
268,,,,,,,,,,,2,,,,,,,,,,,,,,,A - AUTOMÓVIL,VOLKSWAGEN,DERBY,VERACRUZ,NEGRO,SIN NUMERO,8AWJC09EXA652501,P - PARTICULAR,NO,54,HOMBRE,A,SI,VELOCIDAD INMODERADA,NO APLICA,3000,,,,,,,,,,,,,,,,,,,,,,
268,,,,,,,,,,,,,,,,,,,,,,,,,,AS - AUTOBÚS SUBURBANO,MERCEDES BLUE,INTERNATIONAL,VERACRUZ,BLANCO,SIN NUMERO,3HVBZAAV87N53110,PE - PÚBLICO ESTATAL,NO,30,HOMBRE,A,SI,,,400,,,,,,,,,,,,,,,,,,,,,,
269,XALAPA,24/02/2014,LUNES,20:31,21:10,21:32,XALAPA,XALAPA,URBANA,,,RIO SAMARIA,TABASCO,TECOLUTLA,REGULAR,,CONCRETO,,A NIVEL,NINGUNA,SIN RESTRICCIÓN,COLISIÓN,DE FRENTE,,2,,,,,,,,,,,,,,,,,1,,,,,,,,,,,,,,,,,,,,,
269,,,,,,,,,,,,,,,,,,,,,,,,,,CC - CAMIÓN DE CARGA,DINA,VOLTEO,VERACRUZ,ANARANJADO,SIN NUMERO,387HFT3YT6174453,P - PARTICULAR,NO,,,,NO,NO GUARDAR DISTANCIA,NO APLICA,500,,,1,,,,,,,,,,,,,,,,,,,
269,,,,,,,,,,,,,,,,,,,,,,,,,,C - CAMIONETA,CHRYSLER,PICK UP,VERACRUZ,BLANCO,SIN NUMERO,2164BC13,P - PARTICULAR,NO,32,HOMBRE,A,SI,,,10000,,,,,,,,,,,,,,,,,,,,,,
270,XALAPA,24/02/2014,LUNES,,22:15,,XALAPA,XALAPA,URBANA,,,AVENIDA RUIZ CORTINES,,,BUENO,,ASFALTO,MOJADO,A NIVEL,NINGUNA,SIN RESTRICCIÓN,COLISIÓN,LATERAL,,2,,,,,,,,,,,,,,,,,0,,,,,,,,,,,,,,,,,,,,,
270,,,,,,,,,,,2,,,,,,,,,,,,,,,CC - CAMIÓN DE CARGA,FAMSA,ESTACAS,VERACRUZ,AMARILLO,SIN NUMERO,SIN NUMERO,P - PARTICULAR,NO,46,HOMBRE,A,SI,VELOCIDAD INMODERADA,NO APLICA,500,,,,,,,,,,,,,,,,,,,,,,
270,,,,,,,,,,,,,,,,,,,,,,,,,,A - AUTOMÓVIL,NISSAN,ALTIMA,VERACRUZ,PLATA,SIN NUMERO,SIN NUMERO,P - PARTICULAR,NO,29,HOMBRE,A,SI,,,10000,,,,,,,,,,,,,,,,,,,,,,
271,XALAPA,25/02/2014,MARTES,,08:20,08:30,XALAPA,XALAPA,URBANA,,,PRINCIPAL LAS TRANCAS,,,REGULAR,SOLEADO,ASFALTO,SECO,A NIVEL,NINGUNA,SIN RESTRICCIÓN,COLISIÓN,POR ALCANCE,,2,,,,,,,,,,,,,,,,,0,,,,,,,,,,,,,,,,,,,,,
271,,,,,,,,,,,15,,,,,,,,,,,,,,,CC - CAMIÓN DE CARGA,INTERNATIONAL,CAJA,VERACRUZ,BLANCO,SIN NUMERO,3H6MMAARR337397,P - PARTICULAR,SI,25,HOMBRE,A,SI,NO GUARDAR DISTANCIA,NO APLICA,MINIMOS,,,,,,,,,,,,,,,,,,,,,,
271,,,,,,,,,,,,,,,,,,,,,,,,,,A - AUTOMÓVIL,NISSAN,SENTRA,VERACRUZ,BLANCO/VERDE,GA168994774,3NIEB315XDK14189,PE - PÚBLICO ESTATAL,SI,47,HOMBRE,A,SI,,,600,,,,,,,,,,,,,,,,,,,,,,
272,XALAPA,25/02/2014,MARTES,,09:20,,XALAPA,XALAPA,URBANA,,,CAMINO ANTIGUO A NAOLINCO,,,BUENO,SOLEADO,ASFALTO,SECO,A NIVEL,MARCA EN PAVIMENTO,SIN RESTRICCIÓN,COLISIÓN,ÁNGULO,,2,,,,,,,,,,,,,,,,,0,,,,,,,,,,,,,,,,,,,,,
272,,,,,,,,,,,,,,,,,,,,,,,,,,C - CAMIONETA,JEEP,CHEROKEE,VERACRUZ,ROJO,SIN NUMERO,1JJGZ78575669,P - PARTICULAR,NO,70,HOMBRE,A,SI,NO RESPETAR CEDA EL PASO,NO APLICA,4000,,,,,,,,,,,,,,,,,,,,,,
272,,,,,,,,,,,,,,,,,,,,,,,,,,A - AUTOMÓVIL,NISSAN,TSURU,VERACRUZ,BLANCO/VERDE,GA167061272,3NIEB3159D3119965,PE - PÚBLICO ESTATAL,NO,24,HOMBRE,A,SI,,,9500,,,,,,,,,,,,,,,,,,,,,,
273,XALAPA,25/02/2014,MARTES,,14:20,,XALAPA,XALAPA,URBANA,,,AGUASCALIENTES,PROGRESO MACUILTEPEC,,BUENO,SOLEADO,ASFALTO,SECO,A NIVEL,MARCA EN PAVIMENTO,SIN RESTRICCIÓN,COLISIÓN,LATERAL,,2,,,,,,,,,,,,,,,,,0,,,,,,,,,,,,,,,,,,,,,
273,,,,,,,,,,,,,,,,,,,,,,,,,,AS - AUTOBÚS SUBURBANO,MERCEDES BENZ,CHASIS,VERACRUZ,BLANCO,3.91E+14,3AM685291500,PE - PÚBLICO ESTATAL,NO,31,HOMBRE,A,SI,CAMBIAR CARRIL SIN PRECAUCIÓN,NO APLICA,400,,,,,,,,,,,,,,,,,,,,,,
273,,,,,,,,,,,,,,,,,,,,,,,,,,A - AUTOMÓVIL,CHEVROLET,CORSA,VERACRUZ,ROJO,HECHO EN MEXICO,8AGXM19R2312116010,P - PARTICULAR,NO,47,HOMBRE,B,SI,,,1500,,,,,,,,,,,,,,,,,,,,,,
274,XALAPA,25/02/2014,MARTES,14:45,14:55,,XALAPA,XALAPA,URBANA,,,AGUASCALIENTES,PROGRESO MACUILTEPEC,,BUENO,SOLEADO,,SECO,A NIVEL,MARCA EN PAVIMENTO,SIN RESTRICCIÓN,COLISIÓN,LATERAL,,2,,,,,,,,,,,,,,,,,0,,,,,,,,,,,,,,,,,,,,,
274,,,,,,,,,,,,,,,,,,,,,,,,,,C - CAMIONETA,CHRYSLER,JEEP,PUEBLA,ROJO,SIN NUMERO,1JMK587W634,P - PARTICULAR,SI,26,HOMBRE,A,SI,NO RESPETAR CEDA EL PASO,NO APLICA,1200,,,,,,,,,,,,,,,,,,,,,,
274,,,,,,,,,,,,,,,,,,,,,,,,,,AS - AUTOBÚS SUBURBANO,NAVISTAR,CHASIS,VERACRUZ,BLANCO,4G9JM20115020345,3HUBWAA3XNNI23720,PE - PÚBLICO ESTATAL,NO,40,HOMBRE,,NO,,,200,,,,,,,,,,,,,,,,,,,,,,
275,XALAPA,25/02/2014,MARTES,19:02,19:30,19:45,XALAPA,XALAPA,URBANA,,,AVENIDA XALAPA,,TOLUCA,BUENO,,CONCRETO,,A NIVEL,NINGUNA,SIN RESTRICCIÓN,COLISIÓN,POR ALCANCE,,2,,,,,,,,,,,,,,,,,0,,,,,,,,,,,,,,,,,,,,,
275,,,,,,,,,,,7,,,,,,,,,,,,,,,A - AUTOMÓVIL,VOLKSWAGEN,JETTA,VERACRUZ,ROJO,AD075709,3VW1671HMTM201289,P - PARTICULAR,NO,22,HOMBRE,,NO,VELOCIDAD INMODERADA,NO APLICA,1000,,,,,,,,,,,,,,,,,,,,,,
275,,,,,,,,,,,,,,,,,,,,,,,,,,M - MOTOCICLETA,SCOOTER,VENTO,VERACRUZ,NEGRO,157MJE1000705,1FFWT403E100306,P - PARTICULAR,NO,40,HOMBRE,B,SI,,,2500,,,,,,,,,,,,,,,,,,,,,,
276,XALAPA,25/02/2014,MARTES,,22:20,,XALAPA,XALAPA,URBANA,,,ARAUCARIAS,INDECO ANIMAS,,BUENO,,CONCRETO,,A NIVEL,NINGUNA,SIN RESTRICCIÓN,COLISIÓN,POR ALCANCE,,2,,,,,,,,,,,,,,,,,0,,,,,,,,,,,,,,,,,,,,,
276,,,,,,,,,,,,,,,,,,,,,,,,,,A - AUTOMÓVIL,NISSAN,TSURU,VERACRUZ,BLANCO/VERDE,GA167208824,3NIEB3155AK320847,PE - PÚBLICO ESTATAL,SI,25,HOMBRE,A,SI,CAMBIAR CARRIL SIN PRECAUCIÓN,NO APLICA,500,,,,,,,,,,,,,,,,,,,,,,
276,,,,,,,,,,,,,,,,,,,,,,,,,,A - AUTOMÓVIL,VOLKSWAGEN,SEDAN,VERACRUZ,NEGRO,ACD050777,11P9050747,P - PARTICULAR,SI,38,HOMBRE,A,SI,,,500,,,,,,,,,,,,,,,,,,,,,,
277,XALAPA,25/02/2014,MARTES,,23:45,00:15,XALAPA,XALAPA,URBANA,,,AVENIDA LAZARO CARDENAS,RAFAEL LUCIO,,BUENO,,CONCRETO,,ASCENDENTE,NINGUNA,ACCIDENTE PREVIO,COLISIÓN,LATERAL,,2,,,,,,,,,,,,,,,,,0,,,,,,,,,,,,,,,,,,,,,
277,,,,,,,,,,,1,,,,,,,,,,,,,,,AS - AUTOBÚS SUBURBANO,MERCEDES BENZ,INTERNATIONAL,VERACRUZ,BLANCO,3ALAAXCSK98825,SIN NUMERO,P - PARTICULAR,NO,23,HOMBRE,A,SI,CAMBIAR CARRIL SIN PRECAUCIÓN,NO APLICA,300,,,,,,,,,,,,,,,,,,,,,,
277,,,,,,,,,,,,,,,,,,,,,,,,,,A - AUTOMÓVIL,CHEVROLET,CHEVY,VERACRUZ,BLANCO/VERDE,HECHO EN MEXICO,3GIS1X2118266,PE - PÚBLICO ESTATAL,SI,26,HOMBRE,A,SI,,,1200,,,,,,,,,,,,,,,,,,,,,,
278,XALAPA,25/02/2014,MARTES,,16:20,,XALAPA,XALAPA,URBANA,,,AVENIDA LAZARO CARDENAS,UNIDAD DEL BOSQUE,,BUENO,,ASFALTO,,ASCENDENTE,NINGUNA,SIN RESTRICCIÓN,COLISIÓN,POR ALCANCE,,3,CC - CAMIÓN DE CARGA,EMPRESAS,CHASIS,VERACRUZ,BLANCO,06R0029582,369P8115101141,P - PARTICULAR,NO,40,HOMBRE,A,SI,,,1000,0,,,,,,,,,,,,,,,,,,,,,
278,,,,,,,,,,,1,,,,,,,,,,,,,,,A - AUTOMÓVIL,PEUGEOT,206-W,VERACRUZ,GRIS,10DBTH0037110,936KNA36B003495,P - PARTICULAR,NO,43,MUJER,C,SI,NO GUARDAR DISTANCIA,NO APLICA,30000,,,,,,,,,,,,,,,,,,,,,,
278,,,,,,,,,,,,,,,,,,,,,,,,,,CC - CAMIÓN DE CARGA,VOLTEO,VOLTEO,VERACRUZ,BLANCO,SIN NUMERO,3H64CSS12051,P - PARTICULAR,SI,33,HOMBRE,B,SI,,,4000,,,,,,,,,,,,,,,,,,,,,,
279,XALAPA,25/02/2014,MARTES,,14:50,,XALAPA,XALAPA,URBANA,,,ZEMPOALA,SEBASTIAN LERDO DE TEJEDA,COYOACAN,BUENO,SOLEADO,CONCRETO,SECO,A NIVEL,NINGUNA,SIN RESTRICCIÓN,COLISIÓN,ÁNGULO,,2,,,,,,,,,,,,,,,,,0,,,,,,,,,,,,,,,,,,,,,
279,,,,,,,,,,,,,,,,,,,,,,,,,,A - AUTOMÓVIL,VOLKSWAGEN,POINTER,PUEBLA,PLATA,BJ4002357,9BWCC05X4356,P - PARTICULAR,NO,45,HOMBRE,A,SI,VELOCIDAD INMODERADA,NO APLICA,2000,,,,,,,,,,,,,,,,,,,,,,
279,,,,,,,,,,,,,,,,,,,,,,,,,,A - AUTOMÓVIL,NISSAN,TSURU,VERACRUZ,BLANCO/ROJO,GA16719366Y,3NIEB31S9AK319850,PE - PÚBLICO ESTATAL,SI,40,HOMBRE,A,SI,,,800,,,,,,,,,,,,,,,,,,,,,,
280,XALAPA,26/02/2014,MIÉRCOLES,07:18,07:25,,XALAPA,XALAPA,URBANA,,,AVENIDA RUIZ CORTINES,FERRER GUARDIA,,BUENO,,ASFALTO,SECO,ASCENDENTE,NINGUNA,SIN RESTRICCIÓN,COLISIÓN,ÁNGULO,,2,,,,,,,,,,,,,,,,,0,,,,,,,,,,,,,,,,,,,,,
280,,,,,,,,,,,2,,,,,,,,,,,,,,,A - AUTOMÓVIL,VOLKSWAGEN,POINTER,VERACRUZ,AZUL,UDH323947,PBWCCD5X0032POLI,P - PARTICULAR,NO,67,HOMBRE,A,SI,NO RESPETAR SEÑAL DE ALTO,NO APLICA,12000,,,,,,,,,,,,,,,,,,,,,,
280,,,,,,,,,,,,,,,,,,,,,,,,,,A - AUTOMÓVIL,VOLKSWAGEN,GOLF,VERACRUZ,GRIS,CF2087089,PBWA05U4175636,P - PARTICULAR,SI,45,HOMBRE,A,SI,,,19000,,,,,,,,,,,,,,,,,,,,,,
281,XALAPA,26/02/2014,MIÉRCOLES,,08:30,,XALAPA,XALAPA,URBANA,,,MARTIRES 28 DE AGOSTO,FERRER GUARDIA,,REGULAR,SOLEADO,ASFALTO,SECO,A NIVEL,NINGUNA,SIN RESTRICCIÓN,COLISIÓN,LATERAL,,2,,,,,,,,,,,,,,,,,0,,,,,,,,,,,,,,,,,,,,,
281,,,,,,,,,,,,,,,,,,,,,,,,,,A - AUTOMÓVIL,NISSAN,TSURU,VERACRUZ,BLANCO/NEGRO,GA16720351W,3NLE55K3543,PE - PÚBLICO ESTATAL,SI,42,HOMBRE,A,SI,CAMBIAR CARRIL SIN PRECAUCIÓN,NO APLICA,500,,,,,,,,,,,,,,,,,,,,,,
281,,,,,,,,,,,,,,,,,,,,,,,,,,CC - CAMIÓN DE CARGA,NISSAN,DOBLE CABINA,VERACRUZ,AZUL,KA24256190A,3N600615405,P - PARTICULAR,NO,62,MUJER,A,SI,,,300,,,,,,,,,,,,,,,,,,,,,,
282,XALAPA,26/02/2014,MIÉRCOLES,14:18,14:25,14:35,XALAPA,XALAPA,URBANA,,,AVENIDA AVILA CAMACHO,CENTRO,,BUENO,SOLEADO,CONCRETO,SECO,A NIVEL,NINGUNA,SIN RESTRICCIÓN,COLISIÓN,POR ALCANCE,,2,,,,,,,,,,,,,,,,,0,,,,,,,,,,,,,,,,,,,,,
282,,,,,,,,,,,4,,,,,,,,,,,,,,,A - AUTOMÓVIL,NISSAN,TSURU,VERACRUZ,BLANCO/VERDE,GA16897892W,3NIEB3157AK0108,PE - PÚBLICO ESTATAL,SI,43,HOMBRE,A,SI,NO GUARDAR DISTANCIA,NO APLICA,500,,,,,,,,,,,,,,,,,,,,,,
282,,,,,,,,,,,,,,,,,,,,,,,,,,A - AUTOMÓVIL,VOLKSWAGEN,SEAT,VERACRUZ,ROJO,BBX032036,YJSSSRH75254,P - PARTICULAR,SI,40,HOMBRE,B,SI,,,800,,,,,,,,,,,,,,,,,,,,,,
283,XALAPA,26/02/2014,MIÉRCOLES,,14:40,,XALAPA,XALAPA,URBANA,,,AVENIDA MEXICO,REVOLUCION,,BUENO,SOLEADO,CONCRETO,SECO,A NIVEL,MARCA EN PAVIMENTO,SIN RESTRICCIÓN,COLISIÓN,POR ALCANCE,,2,,,,,,,,,,,,,,,,,0,,,,,,,,,,,,,,,,,,,,,
283,,,,,,,,,,,,,,,,,,,,,,,,,,A - AUTOMÓVIL,NISSAN,TSURU,VERACRUZ,BLANCO/ROJO,GA167734184,3NIEB311850,PE - PÚBLICO ESTATAL,SI,28,HOMBRE,A,SI,VELOCIDAD INMODERADA,NO APLICA,2000,,,,,,,,,,,,,,,,,,,,,,
283,,,,,,,,,,,,,,,,,,,,,,,,,,A - AUTOMÓVIL,NISSAN,TSURU,VERACRUZ,BLANCO/ROJO,GA16773324374,3NIEWB9AK29374,PE - PÚBLICO ESTATAL,SI,37,HOMBRE,A,SI,,,3000,,,,,,,,,,,,,,,,,,,,,,
284,XALAPA,26/02/2014,MIÉRCOLES,,18:00,,XALAPA,XALAPA,URBANA,,,AVENIDA MURILLO VIDAL,,,BUENO,,CONCRETO,,A NIVEL,NINGUNA,SIN RESTRICCIÓN,COLISIÓN,POR ALCANCE,,2,,,,,,,,,,,,,,,,,0,,,,,,,,,,,,,,,,,,,,,
284,,,,,,,,,,,11,,,,,,,,,,,,,,,A - AUTOMÓVIL,NISSAN,PLATINA,QUERÉTARO,PLATA,180212,3NIJH586L200331,PE - PÚBLICO ESTATAL,SI,31,HOMBRE,A,SI,NO GUARDAR DISTANCIA,NO APLICA,1000,,,,,,,,,,,,,,,,,,,,,,
284,,,,,,,,,,,,,,,,,,,,,,,,,,A - AUTOMÓVIL,NISSAN,TSURU,VERACRUZ,BLANCO/VERDE,GA16850067Y,3NIEN3156CK3244667,P - PARTICULAR,SI,37,HOMBRE,A,SI,,,1000,,,,,,,,,,,,,,,,,,,,,,
285,XALAPA,26/02/2014,MIÉRCOLES,,21:45,22:15,XALAPA,XALAPA,URBANA,,,AVENIDA LAZARO CARDENAS,,VERACRUZ,BUENO,,CONCRETO,MOJADO,A NIVEL,NINGUNA,SIN RESTRICCIÓN,COLISIÓN,LATERAL,,2,,,,,,,,,,,,,,,,,0,,,,,,,,,,,,,,,,,,,,,
285,,,,,,,,,,,1,,,,,,,,,,,,,,,A - AUTOMÓVIL,CHRYSLER,ATOS,VERACRUZ,ROJO/BLANCO,HECHO EN INDIA,MALAB51H578825,PE - PÚBLICO ESTATAL,SI,44,HOMBRE,A,SI,CAMBIAR CARRIL SIN PRECAUCIÓN,NO APLICA,2000,,,,,,,,,,,,,,,,,,,,,,
285,,,,,,,,,,,,,,,,,,,,,,,,,,A - AUTOMÓVIL,NISSAN,TSURU,VERACRUZ,BLANCO/VERDE,GA167165572,3NIEB31S327989,PE - PÚBLICO ESTATAL,SI,48,HOMBRE,A,SI,,,7000,,,,,,,,,,,,,,,,,,,,,,
286,XALAPA,26/02/2014,MIÉRCOLES,,23:00,,XALAPA,XALAPA,URBANA,,,CAMINO ANTIGUO A NAOLINCO,,,BUENO,,CONCRETO,,A NIVEL,NINGUNA,SIN RESTRICCIÓN,SALIDA DE CAMINO,MANIOBRA EN REVERSA,,2,,,,,,,,,,,,,,,,,0,,,,,,,,,,,,,,,,,,,,,
286,,,,,,,,,,,,,,,,,,,,,,,,,,C - CAMIONETA,NISSAN,ESTACAS,VERACRUZ,BLANCO,SIN NUMERO,HECHO EN USA,P - PARTICULAR,NO,27,HOMBRE,,NO,VELOCIDAD INMODERADA,NO APLICA,500,,,,,,,,,,,,,,,,,,,,,,
286,,,,,,,,,,,,,,,,,,,,,,,,,,C - CAMIONETA,FORD,EXPLORER,VERACRUZ,NEGRO,SIN NUMERO,1FMDU34X0TC4238,P - PARTICULAR,NO,40,HOMBRE,,NO,,,1600,,,,,,,,,,,,,,,,,,,,,,
287,XALAPA,26/02/2014,MIÉRCOLES,23:30,23:45,,XALAPA,XALAPA,URBANA,,,XALAPEÑOS ILUSTRES,CENTRO,,BUENO,LLUVIA,CONCRETO,MOJADO,A NIVEL,NINGUNA,SIN RESTRICCIÓN,COLISIÓN,POR ALCANCE,,2,,,,,,,,,,,,,,,,,0,,,,,,,,,,,,,,,,,,,,,
287,,,,,,,,,,,,,,,,,,,,,,,,,,A - AUTOMÓVIL,FORD,FIESTA,VERACRUZ,ROJO,SIN NUMERO,9BFB104983517835,P - PARTICULAR,NO,44,HOMBRE,A,SI,NO GUARDAR DISTANCIA,NO APLICA,5000,,,,,,,,,,,,,,,,,,,,,,
287,,,,,,,,,,,,,,,,,,,,,,,,,,C - CAMIONETA,TOYOTA,TACOMA,VERACRUZ,NEGRO,16R8153919,3TM62N57M0200R,P - PARTICULAR,NO,41,HOMBRE,C,SI,,,9000,,,,,,,,,,,,,,,,,,,,,,
288,XALAPA,26/02/2014,MIÉRCOLES,,00:10,,XALAPA,XALAPA,URBANA,,,MANUEL R. GUTIERREZ,EL MAESTROS,,BUENO,,EMPEDRADO,MOJADO,ASCENDENTE,NINGUNA,SIN RESTRICCIÓN,COLISIÓN,ÁNGULO,,2,,,,,,,,,,,,,,,,,0,,,,,,,,,,,,,,,,,,,,,
288,,,,,,,,,,,,,,,,,,,,,,,,,,A - AUTOMÓVIL,VOLKSWAGEN,JETTA,VERACRUZ,NEGRO,SIN NUMERO,SIN NUMERO,P - PARTICULAR,NO,47,HOMBRE,,NO,NO RESPETAR CEDA EL PASO,NO APLICA,8000,,,,,,,,,,,,,,,,,,,,,,