idMES,DELEGACION DE TRANSITO,FECHA DEL ACCIDENTE,DIA DE LA SEMANA,HORA EN QUE SE RECIBIO LA LLAMADA REPORTANDO EL ACCIDENTE,HORA DE ARRIBO DEL PERITO AL SITIO,HORA DE REGRESO DEL PERITO A LAS INSTALACIONES DE SU DELEGACION,LOCALIDAD ACCIDENTE,MUNICIPIO ACCIDENTE,ZONA,CARRETERA/KILOMETRO DEL ACCIDENTE,NUMERO DE AVENIDA,CALLE/AVENIDA DEL ACCIDENTE,COLONIA,ENTRE CALLES,CONDICIONES DE LA VIA,CONDICIONES NATURALES,SUPERFICIE DE LA VIA,ESTADO DE LA VIA,TANGENTE,TIPO DE CONTROL DE TRANSITO,RESTRICCIONES DE LA VIA,TIPO DE ACCIDENTE,FORMA DE ACCIDENTARSE,CONTRA QUE FUE EL IMPACTO,CANTIDAD DE VEHICULOS,TIPO DE VEHICULO,MARCA,SUBMARCA,ENTIDAD FEDERATIVA DEL VEHICULO,COLOR DEL VEHICULO,MOTOR,SERIE,TIPO DE SERVICIO PARA EL QUE SE OCUPAN LOS VEHICULOS,ASEGURADO,EDAD CONDUCTOR,SEXO CONDUCTOR,TIPO LICENCIA,LICENCIA VIGENTE,CAUSA ATRIBUIBLE AL CONDUCTOR,CAUSA ATRIBUIBLE AL PEATON,DANIOS (MONTO APROXIMADO EN MXN),NUMERO DE HERIDOS,MUJER HERIDA DE 0-15 ANIOS,HOMBRE HERIDO DE 0-15 ANIOS,MUJER HERIDA DE 16-30 ANIOS,HOMBRE HERIDO DE 16-30 ANIOS,MUJER HERIDA DE 31-45 ANIOS,HOMBRE HERIDO DE 31-45 ANIOS,MUJER HERIDA DE 46-60 ANIOS,HOMBRE HERIDO DE 46-60 ANIOS,MUJER HERIDA MAS DE 60 ANIOS,HOMBRE HERIDO MAS DE 60 ANIOS,NUMERO DE MUERTOS,MUJER MUERTA DE 0-15 ANIOS,HOMBRE MUERTO DE 0-15 ANIOS,MUJER MUERTA DE 16-30 ANIOS,HOMBRE MUERTO DE 16-30 ANIOS,MUJER MUERTA DE 31-45 ANIOS,HOMBRE MUERTO DE 31-45 ANIOS,MUJER MUERTA DE 46-60 ANIOS,HOMBRE MUERTO DE 46-60 ANIOS,MUJER MUERTA MAS DE 60 ANIOS,HOMBRE MUERTO MAS DE 60 ANIOS
288,,,,,,,,,,,,,,,,,,,,,,,,,,A - AUTOMÓVIL,VOLKSWAGEN,JETTA,VERACRUZ,PLATA,SIN NUMERO,SIN NUMERO,P - PARTICULAR,NO,42,HOMBRE,C,SI,,,10000,,,,,,,,,,,,,,,,,,,,,,
289,XALAPA,26/02/2014,MIÉRCOLES,,01:25,02:00,XALAPA,XALAPA,URBANA,,,PIPILA,CENTRO,ALFARO,REGULAR,LLUVIA,ASFALTO,MOJADO,A NIVEL,NINGUNA,SIN RESTRICCIÓN,COLISIÓN,POR ALCANCE,,2,,,,,,,,,,,,,,,,,0,,,,,,,,,,,,,,,,,,,,,
289,,,,,,,,,,,,,,,,,,,,,,,,,,A - AUTOMÓVIL,CHRYSLER,DODGE,VERACRUZ,GRIS,HECHO EN INDIA,MALANB938855,P - PARTICULAR,NO,43,HOMBRE,A,SI,NO GUARDAR DISTANCIA,NO APLICA,30000,,,,,,,,,,,,,,,,,,,,,,
289,,,,,,,,,,,,,,,,,,,,,,,,,,C - CAMIONETA,JEEP,CHEROKEE,VERACRUZ,BLANCO,SIN NUMERO,1J46858RLI22739,P - PARTICULAR,SI,58,HOMBRE,A,SI,,,600,,,,,,,,,,,,,,,,,,,,,,
290,XALAPA,26/02/2014,MIÉRCOLES,,07:25,07:50,XALAPA,XALAPA,URBANA,,,AVENIDA LAZARO CARDENAS,,,REGULAR,LLUVIA,CONCRETO,MOJADO,A NIVEL,NINGUNA,SIN RESTRICCIÓN,COLISIÓN,ÁNGULO,,2,,,,,,,,,,,,,,,,,0,,,,,,,,,,,,,,,,,,,,,
290,,,,,,,,,,,1,,,,,,,,,,,,,,,AS - AUTOBÚS SUBURBANO,MERCEDES BENZ,CHASIS,VERACRUZ,BLANCO/AZUL,9.07E+12,4UZXC547XW80173,PE - PÚBLICO ESTATAL,SI,22,HOMBRE,A,SI,CAMBIAR CARRIL SIN PRECAUCIÓN,OTRO,1500,,,,,,,,,,,,,,,,,,,,,,
290,,,,,,,,,,,,,,,,,,,,,,,,,,A - AUTOMÓVIL,NISSAN,TSURU,VERACRUZ,BLANCO/VERDE,GA16897892W,3NIEB31S7AK301668,PE - PÚBLICO ESTATAL,SI,38,HOMBRE,A,SI,,,2000,,,,,,,,,,,,,,,,,,,,,,
291,XALAPA,26/02/2014,MIÉRCOLES,13:30,13:35,15:30,XALAPA,XALAPA,URBANA,,,ARCO SUR,,,BUENO,SOLEADO,ASFALTO,SECO,A NIVEL,NINGUNA,SIN RESTRICCIÓN,ATROPELLAMIENTO,,,1,,,,,,,,,,,,,,,,,1,,,,,,,,,,,,,,,,,,,,,
291,,,,,,,,,,,14,,,,,,,,,,,,,,,A - AUTOMÓVIL,CHEVROLET,CAVALIER,CHIAPAS,GRIS,SIN NUMERO,381JCF535192511,P - PARTICULAR,NO,29,HOMBRE,A,SI,VELOCIDAD INMODERADA,NO USABA ZONA PEATONAL,MINIMOS,,,,1,,,,,,,,,,,,,,,,,,
292,XALAPA,26/02/2014,MIÉRCOLES,,23:25,,XALAPA,XALAPA,URBANA,,,AVENIDA LAZARO CARDENAS,ANIMAS,,REGULAR,SOLEADO,ASFALTO,,A NIVEL,NINGUNA,SIN RESTRICCIÓN,ATROPELLAMIENTO,,OBJETO FIJO,1,,,,,,,,,,,,,,,,,0,,,,,,,,,,,,,,,,,,,,,
292,,,,,,,,,,,1,,,,,,,,,,,,,,,A - AUTOMÓVIL,HONDA,CIVIC,VERACRUZ,NEGRO,SIN NUMERO,1HGEM21982L08072,P - PARTICULAR,NO,28,HOMBRE,A,SI,VELOCIDAD INMODERADA,NO APLICA,20000,,,,,,,,,,,,,,,,,,,,,,
293,XALAPA,26/02/2014,MIÉRCOLES,,06:20,,XALAPA,XALAPA,URBANA,,,CIRCUITO PRESIDENTES,CUAUHTEMOC,,REGULAR,NIEBLA,ASFALTO,MOJADO,A NIVEL,NINGUNA,SIN RESTRICCIÓN,,,OBJETO FIJO,1,,,,,,,,,,,,,,,,,0,,,,,,,,,,,,,,,,,,,,,
293,,,,,,,,,,,9,,,,,,,,,,,,,,,A - AUTOMÓVIL,MAZDA,PICK UP,VERACRUZ,VERDE,SIN NUMERO,YFXR16A8RTMO36338,P - PARTICULAR,NO,49,HOMBRE,A,SI,VELOCIDAD INMODERADA,NO APLICA,10000,,,,,,,,,,,,,,,,,,,,,,
294,XALAPA,26/02/2014,MIÉRCOLES,,16:56,,XALAPA,XALAPA,URBANA,,,CALLE HUISACHE DEL FRACC.,,,BUENO,,ASFALTO,,A NIVEL,NINGUNA,SIN RESTRICCIÓN,,,OBJETO FIJO,1,,,,,,,,,,,,,,,,,0,,,,,,,,,,,,,,,,,,,,,
294,,,,,,,,,,,,,,,,,,,,,,,,,,C - CAMIONETA,JEEP,GRAND CHEROKEE,VERACRUZ,PLATA,SIN NUMERO,1JAGZ8STC238819,P - PARTICULAR,NO,24,HOMBRE,,NO,VELOCIDAD INMODERADA,NO APLICA,5000,,,,,,,,,,,,,,,,,,,,,,
295,XALAPA,27/02/2014,JUEVES,,14:40,,XALAPA,XALAPA,URBANA,,,CALLE DEL DIQUE,FELIPE CARRILLO PUERTO,BOCANEGRA,BUENO,LLUVIA,CONCRETO,,A NIVEL,NINGUNA,SIN RESTRICCIÓN,COLISIÓN,ÁNGULO,,2,,,,,,,,,,,,,,,,,1,,,,,,,,,,,,,,,,,,,,,
295,,,,,,,,,,,,,,,,,,,,,,,,,,A - AUTOMÓVIL,CHEVROLET,CHEVY,VERACRUZ,PLATA,HECHO EN MEXICO,3G1SE5430X5137818,P - PARTICULAR,NO,32,HOMBRE,A,SI,NO RESPETAR CEDA EL PASO,NO APLICA,2500,,,,,,,,,,,,,,,,,,,,,,
295,,,,,,,,,,,,,,,,,,,,,,,,,,A - AUTOMÓVIL,CHEVROLET,MATIZ,VERACRUZ,BLANCO/VERDE,HECHO EN KOREA,KLIMD6A02D57775,PE - PÚBLICO ESTATAL,NO,48,HOMBRE,A,SI,,,3000,,,,,,,,1,,,,,,,,,,,,,,
296,XALAPA,27/02/2014,JUEVES,,15:00,,XALAPA,XALAPA,URBANA,,,CIRCUITO PRESIDENTES,,,MALO,LLUVIA,ASFALTO,MOJADO,A NIVEL,NINGUNA,SIN RESTRICCIÓN,COLISIÓN,POR ALCANCE,,2,,,,,,,,,,,,,,,,,0,,,,,,,,,,,,,,,,,,,,,
296,,,,,,,,,,,9,,,,,,,,,,,,,,,A - AUTOMÓVIL,CHRYSLER,VERNA,DISTRITO FEDERAL,PLATA,HECHO EN KOREA,2ARD614126,P - PARTICULAR,NO,36,HOMBRE,A,SI,NO GUARDAR DISTANCIA,NO APLICA,500,,,,,,,,,,,,,,,,,,,,,,
296,,,,,,,,,,,,,,,,,,,,,,,,,,A - AUTOMÓVIL,TOYOTA,VCAMRY,VERACRUZ,GRIS,2ARD614126,4T1BFIKCU36957,P - PARTICULAR,SI,58,HOMBRE,B,SI,,,3000,,,,,,,,,,,,,,,,,,,,,,
297,XALAPA,27/02/2014,JUEVES,15:25,15:50,,XALAPA,XALAPA,URBANA,,,AVENIDA ACUEDUCTO,BUROCRATAS,,BUENO,LLUVIA,ASFALTO,MOJADO,A NIVEL,NINGUNA,SIN RESTRICCIÓN,COLISIÓN,ÁNGULO,,2,,,,,,,,,,,,,,,,,0,,,,,,,,,,,,,,,,,,,,,
297,,,,,,,,,,,,,,,,,,,,,,,,,,A - AUTOMÓVIL,VOLKSWAGEN,SEDAN,VERACRUZ,ROJO,AF1156931,11M0063848,P - PARTICULAR,NO,40,HOMBRE,,NO,VELOCIDAD INMODERADA,OTRO,8000,,,,,,,,,,,,,,,,,,,,,,
297,,,,,,,,,,,,,,,,,,,,,,,,,,C - CAMIONETA,FORD,ESCAPE,VERACRUZ,PLATA,SIN NUMERO,1FMCU2739K892734,P - PARTICULAR,SI,37,HOMBRE,B,SI,,,9000,,,,,,,,,,,,,,,,,,,,,,
298,XALAPA,27/02/2014,JUEVES,16:47,17:20,18:30,XALAPA,XALAPA,URBANA,,,AVENIDA YANGA,FRACCIONAMIENTO FUENTES,,BUENO,,CONCRETO,,DESCENDENTE,NINGUNA,SIN RESTRICCIÓN,COLISIÓN,ÁNGULO,,2,,,,,,,,,,,,,,,,,0,,,,,,,,,,,,,,,,,,,,,
298,,,,,,,,,,,,,,,,,,,,,,,,,,A - AUTOMÓVIL,CHEVROLET,AVEO,VERACRUZ,PLATA,HECHO EN MEXICO,3617A5AF99019,P - PARTICULAR,SI,26,MUJER,A,SI,NO RESPETAR CEDA EL PASO,NO APLICA,2500,,,,,,,,,,,,,,,,,,,,,,
298,,,,,,,,,,,,,,,,,,,,,,,,,,A - AUTOMÓVIL,GENERAL MOTORS,CORSA,DISTRITO FEDERAL,AZUL,HECHO EN BRASIL,93CXM19R73CI50173,P - PARTICULAR,SI,25,MUJER,,NO,,,3000,,,,,,,,,,,,,,,,,,,,,,
299,XALAPA,27/02/2014,JUEVES,,22:20,,XALAPA,XALAPA,URBANA,,,CALLE MANZANO,SUMIDERO,,BUENO,,CONCRETO,MOJADO,DESCENDENTE,NINGUNA,SIN RESTRICCIÓN,COLISIÓN,POR ALCANCE,,2,,,,,,,,,,,,,,,,,0,,,,,,,,,,,,,,,,,,,,,
299,,,,,,,,,,,,,,,,,,,,,,,,,,AS - AUTOBÚS SUBURBANO,INTERNATIONAL,CHASIS,VERACRUZ,BLANCO,SIN NUMERO,GA16722584Y,PE - PÚBLICO ESTATAL,NO,46,HOMBRE,A,SI,NO GUARDAR DISTANCIA,NO APLICA,MINIMOS,,,,,,,,,,,,,,,,,,,,,,
299,,,,,,,,,,,,,,,,,,,,,,,,,,A - AUTOMÓVIL,NISSAN,TSURU,VERACRUZ,BLANCO/ROJO,SIN NUMERO,3NIEB1S4K322199,PE - PÚBLICO ESTATAL,SI,53,HOMBRE,A,SI,,,2500,,,,,,,,,,,,,,,,,,,,,,
300,XALAPA,27/02/2014,JUEVES,13:50,14:00,,XALAPA,XALAPA,URBANA,,,AVENIDA AVILA CAMACHO,CENTRO,,BUENO,LLUVIA,ASFALTO,MOJADO,DESCENDENTE,NINGUNA,SIN RESTRICCIÓN,COLISIÓN,ÁNGULO,,3,A - AUTOMÓVIL,NISSAN,TSURU,VERACRUZ,ROJO/BLANCO,GA16855190W,GA16748629Y,PE - PÚBLICO ESTATAL,SI,52,HOMBRE,A,SI,,,900,0,,,,,,,,,,,,,,,,,,,,,
300,,,,,,,,,,,4,,,,,,,,,,,,,,,A - AUTOMÓVIL,NISSAN,TSURU,VERACRUZ,ROJO/BLANCO,SIN NUMERO,GA16732820W,PE - PÚBLICO ESTATAL,SI,36,HOMBRE,,NO,VELOCIDAD INMODERADA,NO APLICA,700,,,,,,,,,,,,,,,,,,,,,,
300,,,,,,,,,,,,,,,,,,,,,,,,,,A - AUTOMÓVIL,NISSAN,TSURU,VERACRUZ,BLANCO/VERDE,SIN NUMERO,3NIEB315CK44674,PE - PÚBLICO ESTATAL,SI,25,HOMBRE,,NO,,,300,,,,,,,,,,,,,,,,,,,,,,
301,XALAPA,27/02/2014,JUEVES,09:20,09:30,,XALAPA,XALAPA,URBANA,,,AVENIDA AVILA CAMACHO,CENTRO,,BUENO,LLUVIA,ASFALTO,MOJADO,DESCENDENTE,NINGUNA,SIN RESTRICCIÓN,COLISIÓN,POR ALCANCE,,2,,,,,,,,,,,,,,,,,0,,,,,,,,,,,,,,,,,,,,,
301,,,,,,,,,,,4,,,,,,,,,,,,,,,A - AUTOMÓVIL,NISSAN,TSURU,VERACRUZ,BLANCO/VERDE,GA16877375W,3NIEB315191K3509,PE - PÚBLICO ESTATAL,SI,36,HOMBRE,A,SI,NO GUARDAR DISTANCIA,NO APLICA,900,,,,,,,,,,,,,,,,,,,,,,
301,,,,,,,,,,,,,,,,,,,,,,,,,,A - AUTOMÓVIL,CHEVROLET,PONTIAC,VERACRUZ,AZUL,HECHO EN KOREA,KL2TJ516X7,P - PARTICULAR,SI,40,HOMBRE,C,SI,,,300,,,,,,,,,,,,,,,,,,,,,,
302,XALAPA,27/02/2014,JUEVES,18:15,19:00,19:50,XALAPA,XALAPA,URBANA,CARRETERA ESTANZUELA,,,,,BUENO,LLUVIA,ASFALTO,,DESCENDENTE,NINGUNA,ACCIDENTE PREVIO,,,OBJETO FIJO,1,,,,,,,,,,,,,,,,,0,,,,,,,,,,,,,,,,,,,,,
302,,,,,,,,,,,,,,,,,,,,,,,,,,C - CAMIONETA,CHEVROLET,PICK UP,VERACRUZ,AZUL,SIN NUMERO,1CCC14WXZZZ92167,P - PARTICULAR,NO,56,HOMBRE,B,SI,VELOCIDAD INMODERADA,NO APLICA,20000,,,,,,,,,,,,,,,,,,,,,,
303,XALAPA,27/02/2014,JUEVES,08:15,08:15,08:40,XALAPA,XALAPA,URBANA,,,AVENIDA 20 DE NOVIEMBRE,POMONA,,BUENO,LLUVIA,CONCRETO,MOJADO,A NIVEL,NINGUNA,SIN RESTRICCIÓN,COLISIÓN,POR ALCANCE,,3,A - AUTOMÓVIL,VOLKSWAGEN,SEDAN,VERACRUZ,NEGRO,SIN NUMERO,SIN NUMERO,P - PARTICULAR,NO,38,HOMBRE,B,SI,,,2000,0,,,,,,,,,,,,,,,,,,,,,
303,,,,,,,,,,,5,,,,,,,,,,,,,,,A - AUTOMÓVIL,NISSAN,VERSA,VERACRUZ,ROJO,HR1671600BE,HECHO EN USA,P - PARTICULAR,SI,37,HOMBRE,C,SI,NO GUARDAR DISTANCIA,NO APLICA,1200,,,,,,,,,,,,,,,,,,,,,,
303,,,,,,,,,,,,,,,,,,,,,,,,,,A - AUTOMÓVIL,CHEVROLET,CHEVY,VERACRUZ,AZUL,3NICU780405031,3G1SEX365149034,P - PARTICULAR,NO,58,HOMBRE,C,SI,,,1500,,,,,,,,,,,,,,,,,,,,,,
304,XALAPA,27/02/2014,JUEVES,,17:25,14:55,XALAPA,XALAPA,URBANA,,,AVENIDA LAZARO CARDENAS,BADILLO,,BUENO,NIEBLA,ASFALTO,MOJADO,A NIVEL,NINGUNA,SIN RESTRICCIÓN,COLISIÓN,POR ALCANCE,,2,,,,,,,,,,,,,,,,,1,,,,,,,,,,,,,,,,,,,,,
304,,,,,,,,,,,1,,,,,,,,,,,,,,,A - AUTOMÓVIL,CHEVROLET,CENTURY,VERACRUZ,NEGRO,GS106899,39MLI9X59106899,P - PARTICULAR,NO,19,HOMBRE,C,SI,VELOCIDAD INMODERADA,NO APLICA,1500,,,,,,,,,,,,,,,,,,,,,,
304,,,,,,,,,,,,,,,,,,,,,,,,,,A - AUTOMÓVIL,CHRYSLER,ATOS BY,VERACRUZ,ROJO/BLANCO,HCEHO EN INDIA,MALAB51H8527808,PE - PÚBLICO ESTATAL,SI,80,HOMBRE,A,SI,,,4500,,,,1,,,,,,,,,,,,,,,,,,
305,XALAPA,27/02/2014,JUEVES,22:00,22:15,,XALAPA,XALAPA,URBANA,,,JOAQUIN RAMIREZ CABAÑAS,,,BUENO,LLUVIA,ASFALTO,MOJADO,A NIVEL,NINGUNA,SIN RESTRICCIÓN,COLISIÓN,,VEHÍCULO ESTACIONADO,2,,,,,,,,,,,,,,,,,0,,,,,,,,,,,,,,,,,,,,,
305,,,,,,,,,,,,,,,,,,,,,,,,,,C - CAMIONETA,CHEVROLET,SILVERADO,VERACRUZ,CAFÉ,SIN NUMERO,1GC8C1411256,P - PARTICULAR,NO,37,HOMBRE,A,SI,VELOCIDAD INMODERADA,OTRO,10000,,,,,,,,,,,,,,,,,,,,,,
305,,,,,,,,,,,,,,,,,,,,,,,,,,A - AUTOMÓVIL,GENERAL MOTORS,SEDAN,PUEBLA,BLANCO,HECHO EN KOREA,KL8CDGADC52116,P - PARTICULAR,SI,,,,NO,,,5000,,,,,,,,,,,,,,,,,,,,,,
306,XALAPA,28/02/2014,VIERNES,15:23,15:30,15:35,XALAPA,XALAPA,URBANA,,,AVENIDA AVILA CAMACHO,CENTRO,,BUENO,SOLEADO,CONCRETO,SECO,A NIVEL,NINGUNA,SIN RESTRICCIÓN,COLISIÓN,LATERAL,,2,,,,,,,,,,,,,,,,,0,,,,,,,,,,,,,,,,,,,,,
306,,,,,,,,,,,4,,,,,,,,,,,,,,,A - AUTOMÓVIL,TOYOTA,YARIS,VERACRUZ,PLATA,1NZC771964,JTDT92528514235,P - PARTICULAR,NO,38,HOMBRE,C,SI,CAMBIAR CARRIL SIN PRECAUCIÓN,NO APLICA,2000,,,,,,,,,,,,,,,,,,,,,,
306,,,,,,,,,,,,,,,,,,,,,,,,,,AS - AUTOBÚS SUBURBANO,MERCEDES BENZ,CHASIS,VERACRUZ,BLANCO,9.07E+13,3MB AA56304664,PE - PÚBLICO ESTATAL,SI,26,HOMBRE,A,SI,,,500,,,,,,,,,,,,,,,,,,,,,,
307,XALAPA,28/02/2014,VIERNES,,00:30,,XALAPA,XALAPA,URBANA,,,AMERICAS,,,BUENO,,CONCRETO,,ASCENDENTE,NINGUNA,SIN RESTRICCIÓN,COLISIÓN,LATERAL,,2,,,,,,,,,,,,,,,,,0,,,,,,,,,,,,,,,,,,,,,
307,,,,,,,,,,,3,,,,,,,,,,,,,,,A - AUTOMÓVIL,MERCURY,VILLAGER,VERACRUZ,AZUL,SIN NUMERO,SIN NUMERO,P - PARTICULAR,NO,22,HOMBRE,,NO,CAMBIAR CARRIL SIN PRECAUCIÓN,NO APLICA,1200,,,,,,,,,,,,,,,,,,,,,,
307,,,,,,,,,,,,,,,,,,,,,,,,,,AS - AUTOBÚS SUBURBANO,INTERNATIONAL,CHASIS,VERACRUZ,BLANCO,SIN NUMERO,4M2DV11W7TDJ22406,PE - PÚBLICO ESTATAL,NO,40,HOMBRE,A,SI,,,800,,,,,,,,,,,,,,,,,,,,,,
308,XALAPA,28/02/2014,VIERNES,,16:00,,XALAPA,XALAPA,URBANA,,,AVENIDA BOLIVIA,FRANSCISCO I. MADERO,CARRANZA,BUENO,SOLEADO,CONCRETO,SECO,A NIVEL,NINGUNA,SIN RESTRICCIÓN,COLISIÓN,LATERAL,,2,,,,,,,,,,,,,,,,,0,,,,,,,,,,,,,,,,,,,,,
308,,,,,,,,,,,,,,,,,,,,,,,,,,C - CAMIONETA,FORD,CAJA,DISTRITO FEDERAL,GRIS,SIN NUMERO,1FDE3667A00483,P - PARTICULAR,NO,34,HOMBRE,A,SI,CAMBIAR CARRIL SIN PRECAUCIÓN,NO APLICA,500,,,,,,,,,,,,,,,,,,,,,,
308,,,,,,,,,,,,,,,,,,,,,,,,,,A - AUTOMÓVIL,VOLKSWAGEN,GOLF,VERACRUZ,ROJO,CF2M95623,398WA977474,P - PARTICULAR,NO,24,MUJER,C,SI,,,3000,,,,,,,,,,,,,,,,,,,,,,
309,XALAPA,28/02/2014,VIERNES,,01:00,,XALAPA,XALAPA,URBANA,,,ATLETAS,,,BUENO,,CONCRETO,SECO,A NIVEL,NINGUNA,SIN RESTRICCIÓN,COLISIÓN,,VEHÍCULO ESTACIONADO,2,,,,,,,,,,,,,,,,,0,,,,,,,,,,,,,,,,,,,,,
309,,,,,,,,,,,,,,,,,,,,,,,,,,A - AUTOMÓVIL,CHEVROLET,CHEVY,VERACRUZ,NEGRO,HECHO EN MEXICO,361SE51X5152639,P - PARTICULAR,NO,28,HOMBRE,A,SI,NO GUARDAR DISTANCIA,NO APLICA,1000,,,,,,,,,,,,,,,,,,,,,,
309,,,,,,,,,,,,,,,,,,,,,,,,,,A - AUTOMÓVIL,VOLKSWAGEN,JETTA,DISTRITO FEDERAL,ROJO,AFG543560,2VWRH91M106746,P - PARTICULAR,NO,,,,,,,1000,,,,,,,,,,,,,,,,,,,,,,
310,XALAPA,28/02/2014,VIERNES,,02:40,,XALAPA,XALAPA,URBANA,,,AVENIDA MAESTROS VERACRUZANOS,,,BUENO,,CONCRETO,SECO,A NIVEL,NINGUNA,SIN RESTRICCIÓN,COLISIÓN,,OBJETO FIJO,1,,,,,,,,,,,,,,,,,0,,,,,,,,,,,,,,,,,,,,,
310,,,,,,,,,,,,,,,,,,,,,,,,,,C - CAMIONETA,MITSUBISHI,OUTLANDER,VERACRUZ,NEGRO,SIN NUMERO,SIN NUMERO,P - PARTICULAR,NO,61,HOMBRE,,NO,VELOCIDAD INMODERADA,NO APLICA,60000,,,,,,,,,,,,,,,,,,,,,,
311,XALAPA,28/02/2014,VIERNES,,12:45,,XALAPA,XALAPA,URBANA,,,PASEO LAS PALMAS,,ORIZABA,BUENO,SOLEADO,CONCRETO,SECO,A NIVEL,NINGUNA,SIN RESTRICCIÓN,COLISIÓN,ÁNGULO,,2,C - CAMIONETA,RENAULT,DUSTER,VERACRUZ,BLANCO,C0323125,9F2AXFM7482,P - PARTICULAR,SI,42,HOMBRE,C,SI,VELOCIDAD INMODERADA,OTRO,1000,0,,,,,,,,,,,,,,,,,,,,,
311,,,,,,,,,,,,,,,,,,,,,,,,,,C - CAMIONETA,NISSAN,ESTACAS,VERACRUZ,BLANCO,KA24151169A,3N6CD4K0046422,P - PARTICULAR,NO,47,HOMBRE,B,SI,,,1000,,,,,,,,,,,,,,,,,,,,,,
312,XALAPA,28/02/2014,VIERNES,,19:45,,XALAPA,XALAPA,URBANA,,,AVENIDA LAZARO CARDENAS,,PUENTE MACUILTEPETL,BUENO,,CONCRETO,SECO,A NIVEL,NINGUNA,SIN RESTRICCIÓN,COLISIÓN,ÁNGULO,,3,A - AUTOMÓVIL,VOLKSWAGEN,JETTA,VERACRUZ,BLANCO,BEJ019710,3VWRV09M12216,P - PARTICULAR,NO,27,HOMBRE,B,SI,,,18000,0,,,,,,,,,,,,,,,,,,,,,
312,,,,,,,,,,,1,,,,,,,,,,,,,,,A - AUTOMÓVIL,HONDA,CIVIC,VERACRUZ,PLATA,R18A13488550,CIHFA168091091,P - PARTICULAR,SI,40,HOMBRE,C,SI,NO GUARDAR DISTANCIA,NO APLICA,15000,,,,,,,,,,,,,,,,,,,,,,
312,,,,,,,,,,,,,,,,,,,,,,,,,,C - CAMIONETA,CHEVROLET,GMC,TABASCO,AZUL,IMPORTADO,90KC8C28CM1403,P - PARTICULAR,SI,34,HOMBRE,A,SI,,,13000,,,,,,,,,,,,,,,,,,,,,,
1,XALAPA,03/01/2014,SÁBADO,09:59,10:10,,XALAPA,XALAPA,URBANA,,,AVENIDA RUIZ CORTINES,PROLONGACION VILLAHERMOSA,ACUEDUCTO Y PELICANOS,BUENO,SOLEADO,ASFALTO,SECO,A NIVEL,NINGUNA,SIN RESTRICCIÓN,COLISIÓN,LATERAL,VEHÍCULO CIRCULANDO,2,CC - CAMIÓN DE CARGA,KEENWORTH,CAMION,,BLANCO,46745591,3BKM1N9X28F313611,PF- PÚBLICO FEDERAL,NO,41,HOMBRE,B,SI,OTRO,NO APLICA,SIN DAÑOS,0,,,,,,,,,,,,,,,,,,,,,
1,,,,,,,,,,,2,,,,,,,,,,,,,,,A - AUTOMÓVIL,NISSAN,TSURU,VERACRUZ,BLANCO/VERDE,GA16747903Z,3N1EB31SGEK314787,PE - PÚBLICO ESTATAL,SI,29,HOMBRE,A,SI,,,2000,,,,,,,,,,,,,,,,,,,,,,
2,XALAPA,03/01/2014,SÁBADO,02:00,16:15,17:48,XALAPA,XALAPA,URBANA,EL CASTILLO-ALTO LUCERO,,,6 DE ENERO,,BUENO,,ASFALTO,SECO,DESCENDENTE,NINGUNA,SIN RESTRICCIÓN,COLISIÓN,,OBJETO FIJO,1,A - AUTOMÓVIL,FORD,FIESTA,VERACRUZ,BLANCO/VERDE,A8457026,9BFBP1AN3A8457026,PE - PÚBLICO ESTATAL,SI,41,HOMBRE,A,SI,VELOCIDAD INMODERADA,NO APLICA,5000,2,,,,1,1,,,,,,,,,,,,,,,,
3,XALAPA,03/01/2014,SÁBADO,19:25,19:32,20:03,XALAPA,XALAPA,URBANA,,,AVENIDA 20 DE NOVIEMBRE,CENTRO,CLAVIJERO,BUENO,,CONCRETO,SECO,A NIVEL,NINGUNA,SIN RESTRICCIÓN,COLISIÓN,LATERAL,VEHÍCULO CIRCULANDO,2,C - CAMIONETA,TOYOTA,COROLLA,VERACRUZ,BLANCO,27RK978504,5YFBURHE7EEP014430,P - PARTICULAR,SI,51,HOMBRE,A,SI,"VUELTA EN ""U""",NO APLICA,3000,0,,,,,,,,,,,,,,,,,,,,,
3,,,,,,,,,,,5,,,,,,,,,,,,,,,M - MOTOCICLETA,YAMAHA,T 110 CBC,VERACRUZ,NEGRO,E3J9E016376,LL8KE1546CB022415,P - PARTICULAR,SI,28,MUJER,B,SI,,,2000,,,,,,,,,,,,,,,,,,,,,,
4,XALAPA,03/01/2014,SÁBADO,,01:33,02:30,XALAPA,XALAPA,URBANA,,,AVENIDA LAZARO CARDENAS,BADILLO,ALTURA PALO VERDE,BUENO,,ASFALTO,SECO,DESCENDENTE,NINGUNA,SIN RESTRICCIÓN,COLISIÓN,ÁNGULO,VEHÍCULO ESTACIONADO,2,C - CAMIONETA,FORD,TRANSIT,VERACRUZ,BLANCO,SIN NUMERO,WFORT46H38JA84954,P - PARTICULAR,SI,37,HOMBRE,,,VELOCIDAD INMODERADA,NO APLICA,2000,0,,,,,,,,,,,,,,,,,,,,,
4,,,,,,,,,,,1,,,,,,,,,,,,,,,A - AUTOMÓVIL,SUZUKI,SEDAN,VERACRUZ,VERDE,,JS24C45995100671,O - OFICIAL,SI,,,,,,,4000,,,,,,,,,,,,,,,,,,,,,,