idMES,DELEGACION DE TRANSITO,FECHA DEL ACCIDENTE,DIA DE LA SEMANA,HORA EN QUE SE RECIBIO LA LLAMADA REPORTANDO EL ACCIDENTE,HORA DE ARRIBO DEL PERITO AL SITIO,HORA DE REGRESO DEL PERITO A LAS INSTALACIONES DE SU DELEGACION,LOCALIDAD ACCIDENTE,MUNICIPIO ACCIDENTE,ZONA,CARRETERA/KILOMETRO DEL ACCIDENTE,NUMERO DE AVENIDA,CALLE/AVENIDA DEL ACCIDENTE,COLONIA,ENTRE CALLES,CONDICIONES DE LA VIA,CONDICIONES NATURALES,SUPERFICIE DE LA VIA,ESTADO DE LA VIA,TANGENTE,TIPO DE CONTROL DE TRANSITO,RESTRICCIONES DE LA VIA,TIPO DE ACCIDENTE,FORMA DE ACCIDENTARSE,CONTRA QUE FUE EL IMPACTO,CANTIDAD DE VEHICULOS,TIPO DE VEHICULO,MARCA,SUBMARCA,ENTIDAD FEDERATIVA DEL VEHICULO,COLOR DEL VEHICULO,MOTOR,SERIE,TIPO DE SERVICIO PARA EL QUE SE OCUPAN LOS VEHICULOS,ASEGURADO,EDAD CONDUCTOR,SEXO CONDUCTOR,TIPO LICENCIA,LICENCIA VIGENTE,CAUSA ATRIBUIBLE AL CONDUCTOR,CAUSA ATRIBUIBLE AL PEATON,DANIOS (MONTO APROXIMADO EN MXN),NUMERO DE HERIDOS,MUJER HERIDA DE 0-15 ANIOS,HOMBRE HERIDO DE 0-15 ANIOS,MUJER HERIDA DE 16-30 ANIOS,HOMBRE HERIDO DE 16-30 ANIOS,MUJER HERIDA DE 31-45 ANIOS,HOMBRE HERIDO DE 31-45 ANIOS,MUJER HERIDA DE 46-60 ANIOS,HOMBRE HERIDO DE 46-60 ANIOS,MUJER HERIDA MAS DE 60 ANIOS,HOMBRE HERIDO MAS DE 60 ANIOS,NUMERO DE MUERTOS,MUJER MUERTA DE 0-15 ANIOS,HOMBRE MUERTO DE 0-15 ANIOS,MUJER MUERTA DE 16-30 ANIOS,HOMBRE MUERTO DE 16-30 ANIOS,MUJER MUERTA DE 31-45 ANIOS,HOMBRE MUERTO DE 31-45 ANIOS,MUJER MUERTA DE 46-60 ANIOS,HOMBRE MUERTO DE 46-60 ANIOS,MUJER MUERTA MAS DE 60 ANIOS,HOMBRE MUERTO MAS DE 60 ANIOS
5,XALAPA,03/01/2014,SÁBADO,03:24,03:40,04:15,XALAPA,XALAPA,URBANA,,,AVENIDA 20 DE NOVIEMBRE,,MAESTROS VERACRUZANOS,BUENO,,CONCRETO,SECO,DESCENDENTE,NINGUNA,SIN RESTRICCIÓN,COLISIÓN,LATERAL,VEHÍCULO CIRCULANDO,2,A - AUTOMÓVIL,HONDA,CIVIC,VERACRUZ,PLATA,D1GY84785D7A,1HGEJ8661XL901756,P - PARTICULAR,,34,HOMBRE,,,CAMBIAR CARRIL SIN PRECAUCIÓN,NO APLICA,7000,0,,,,,,,,,,,,,,,,,,,,,
5,,,,,,,,,,,5,,,,,,,,,,,,,,,A - AUTOMÓVIL,CHEVROLET,SPARK,VERACRUZ,BLANCO/VERDE,HECHO EN KOREAA,KL1CA6ADOBC528247,PE - PÚBLICO ESTATAL,SI,,HOMBRE,,,,,1500,,,,,,,,,,,,,,,,,,,,,,
6,XALAPA,03/01/2014,SÁBADO,00:10,00:25,,XALAPA,XALAPA,URBANA,,,JOAQUIN ARRONIZ,7 DE NOVIEMBRE,,BUENO,,CONCRETO,SECO,DESCENDENTE,NINGUNA,SIN RESTRICCIÓN,COLISIÓN,,VEHÍCULO ESTACIONADO,2,A - AUTOMÓVIL,CHEVROLET,CHEVY,VERACRUZ,AZUL,SIN NUMERO,3G1SF21694S175862,P - PARTICULAR,,,,,,VELOCIDAD INMODERADA,NO APLICA,8000,0,,,,,,,,,,,,,,,,,,,,,
6,,,,,,,,,,,,,,,,,,,,,,,,,,A - AUTOMÓVIL,CHRYSLER,FIAT,VERACRUZ,GRIS,SIN NUMERO,3C3CFBR7QT520705,P - PARTICULAR,,,,,,,,9000,,,,,,,,,,,,,,,,,,,,,,
7,XALAPA,03/01/2014,SÁBADO,07:09,07:25,,XALAPA,XALAPA,URBANA,LIBRAMIENTO LAS TRANCAS-LAS PRADERAS,,,LAS TRANCAS,,BUENO,,ASFALTO,SECO,DESCENDENTE,NINGUNA,SIN RESTRICCIÓN,COLISIÓN,,OBJETO FIJO,1,A - AUTOMÓVIL,FORD,FUSION,VERACRUZ,BLANCO,,,,,,,,,VELOCIDAD INMODERADA,NO APLICA,50000,0,,,,,,,,,,,,,,,,,,,,,
8,XALAPA,03/01/2014,SÁBADO,07:30,07:55,,XALAPA,XALAPA,URBANA,,,AVENIDA LAZARO CARDENAS,EL OLMO,,BUENO,,ASFALTO,SECO,A NIVEL,NINGUNA,SIN RESTRICCIÓN,COLISIÓN,,OBJETO FIJO,1,A - AUTOMÓVIL,NISSAN,TSURU,VERACRUZ,BLANCO,GA167780465,3N1EB31S11K280753,P - PARTICULAR,,20,HOMBRE,,,NO GUARDAR DISTANCIA,NO APLICA,8000,0,,,,,,,,,,,,,,,,,,,,,
8,,,,,,,,,,,1,,,,,,,,,,,,,,,,,,,,,,,,,,,,,,,,,,,,,,,,,,,,,,,,,,,,
9,XALAPA,03/01/2014,SÁBADO,07:25,07:35,,XALAPA,XALAPA,URBANA,,,AVENIDA CIRCUITO PRESIDENTES,FRACCIONAMIENTO ENSUEÑO,,BUENO,,CONCRETO,SECO,ASCENDENTE,NINGUNA,SIN RESTRICCIÓN,COLISIÓN,,VEHÍCULO CIRCULANDO,2,A - AUTOMÓVIL,CHEVROLET,CORSA,VERACRUZ,AZUL,,,P - PARTICULAR,,,,,,VELOCIDAD INMODERADA,NO APLICA,150000,0,,,,,,,,,,,,,,,,,,,,,
9,,,,,,,,,,,9,,,,,,,,,,,,,,,A - AUTOMÓVIL,MERCEDES BENZ,C-180,TLAXCALA,BLANCO,2.75E+13,WDDGF3BBHEA900663,P - PARTICULAR,,40,HOMBRE,B,SI,,,35000,,,,,,,,,,,,,,,,,,,,,,
10,XALAPA,03/01/2014,SÁBADO,16:21,16:30,,XALAPA,XALAPA,URBANA,,,BOLIVIA,LIBERTAD,JOSE A. ARIZA Y PARAGUAY,BUENO,,ASFALTO,SECO,A NIVEL,NINGUNA,SIN RESTRICCIÓN,COLISIÓN,ÁNGULO,VEHÍCULO CIRCULANDO,2,A - AUTOMÓVIL,NISSAN,TSURU,VERACRUZ,BLANCO/ROJO,GA16703869Y,3N1EB31SAK306828,PE - PÚBLICO ESTATAL,SI,53,HOMBRE,,,VELOCIDAD INMODERADA,NO APLICA,20000,1,,,,,,,,1,,,,,,,,,,,,,
10,,,,,,,,,,,,,,,,,,,,,,,,,,A - AUTOMÓVIL,CHEVROLET,SONIC,VERACRUZ,ROJO,HECHO EN MEXICO,3G1J85CCXE5572024,P - PARTICULAR,SI,60,HOMBRE,B,SI,,,40000,,,,,,,,,,,,,,,,,,,,,,
11,XALAPA,03/01/2014,SÁBADO,03:10,,,XALAPA,XALAPA,URBANA,,,MARTIRES 28 DE AGOSTO,OBRERO CAMPESINA,DELFINO VALENZUELA Y MARCOS ELIZALDE,BUENO,,ASFALTO,SECO,A NIVEL,NINGUNA,SIN RESTRICCIÓN,COLISIÓN,,VEHÍCULO ESTACIONADO,3,A - AUTOMÓVIL,CHRYSLER,STRATUS,VERACRUZ,VERDE,HECHO EN USA,1B3DL46X12N209856,P - PARTICULAR,,21,HOMBRE,,SI,ALCOHOL / DROGAS,NO APLICA,5000,0,,,,,,,,,,,,,,,,,,,,,
11,,,,,,,,,,,20,,,,,,,,,,,,,,,C - CAMIONETA,CHRYSLER,JEEP,VERACRUZ,VERDE,SIN NUMERO,1J4FX5858VC667102,P - PARTICULAR,,,,,,,,1000,,,,,,,,,,,,,,,,,,,,,,
11,,,,,,,,,,,,,,,,,,,,,,,,,,A - AUTOMÓVIL,VOLKSWAGEN,POINTER,VERACRUZ,VERDE,SIN NUMERO,9BWCC05X43T1500664,P - PARTICULAR,,,,,,,,,,,,,,,,,,,,,,,,,,,,,,
12,XALAPA,03/01/2014,SÁBADO,00:09,00:50,,XALAPA,EMILIANO ZAPATA,URBANA,LAS TRANCAS-ESTANZUELA,,,,,BUENO,,ASFALTO,SECO,DESCENDENTE,NINGUNA,SIN RESTRICCIÓN,SALIDA DE CAMINO,,,1,C - CAMIONETA,FORD,SPORT,VERACRUZ,NEGRO,SIN NUMERO,98FUT35F458687098,P - PARTICULAR,,,,,,VELOCIDAD INMODERADA,NO APLICA,25000,0,,,,,,,,,,,,,,,,,,,,,
13,XALAPA,03/02/2014,DOMINGO,,12:30,,XALAPA,XALAPA,URBANA,,,AVENIDA XALAPA,PROGRESO MACUILTEPEC,,BUENO,SOLEADO,CONCRETO,SECO,A NIVEL,MARCA EN PAVIMENTO,SIN RESTRICCIÓN,COLISIÓN,ÁNGULO,VEHÍCULO CIRCULANDO,2,A - AUTOMÓVIL,NISSAN,TSURU,,BLANCO/VERDE,GA168847384,3N1EB31590K303295,PE - PÚBLICO ESTATAL,SI,20,HOMBRE,,,CAMBIAR CARRIL SIN PRECAUCIÓN,NO APLICA,1000,0,,,,,,,,,,,,,,,,,,,,,
13,,,,,,,,,,,7,,,,,,,,,,,,,,,A - AUTOMÓVIL,NISSAN,TSURU,,BLANCO,GA167801562,3N1EB3150EK340575,P - PARTICULAR,SI,25,HOMBRE,A,SI,,,2000,,,,,,,,,,,,,,,,,,,,,,
14,XALAPA,03/02/2014,DOMINGO,,14:40,,XALAPA,XALAPA,URBANA,,,AVENIDA LAZARO CARDENAS,,LATERAL PUENTE BICENTENARIO,BUENO,,ASFALTO,SECO,A NIVEL,NINGUNA,SIN RESTRICCIÓN,COLISIÓN,ÁNGULO,VEHÍCULO CIRCULANDO,2,C - CAMIONETA,FORD,ESCAPE,VERACRUZ,AZUL,,,P - PARTICULAR,,29,HOMBRE,B,SI,NO RESPETAR CEDA EL PASO,NO APLICA,2000,0,,,,,,,,,,,,,,,,,,,,,
14,,,,,,,,,,,1,,,,,,,,,,,,,,,AS - AUTOBÚS SUBURBANO,INTERNATIONAL,,,BLANCO/NARANJA,,,PE - PÚBLICO ESTATAL,,52,HOMBRE,A,SI,,,SIN DAÑOS,,,,,,,,,,,,,,,,,,,,,,
15,XALAPA,03/02/2014,DOMINGO,14:41,14:50,15:00,XALAPA,XALAPA,URBANA,,,ENRIQUEZ,CENTRO,CARRILLO PUERTO,BUENO,SOLEADO,CONCRETO,SECO,A NIVEL,NINGUNA,SIN RESTRICCIÓN,COLISIÓN,LATERAL,VEHÍCULO CIRCULANDO,2,C - CAMIONETA,FORD,ECO-SPORT,VERACRUZ,PLATINO,SIN NUMERO,9BFUT25F16824B599,P - PARTICULAR,NO,65,HOMBRE,B,SI,CAMBIAR CARRIL SIN PRECAUCIÓN,NO APLICA,3500,0,,,,,,,,,,,,,,,,,,,,,
15,,,,,,,,,,,,,,,,,,,,,,,,,,AS - AUTOBÚS SUBURBANO,INTERNATIONAL,,VERACRUZ,BLANCO,SIN NUMERO,3HBB1SEN1BL383815,PE - PÚBLICO ESTATAL,SI,40,HOMBRE,A,SI,,,1000,,,,,,,,,,,,,,,,,,,,,,
16,XALAPA,03/02/2014,DOMINGO,20:30,20:40,20:55,XALAPA,XALAPA,URBANA,,,URSULO GALVAN,CENTRO,,BUENO,,CONCRETO,SECO,A NIVEL,NINGUNA,SIN RESTRICCIÓN,COLISIÓN,LATERAL,VEHÍCULO CIRCULANDO,2,A - AUTOMÓVIL,VOLKSWAGEN,LUPO,VERACRUZ,ROJO,BUH010371,9BW1CB059B021221,P - PARTICULAR,NO,22,HOMBRE,C,SI,REBASAR INDEBIDAMENTE,NO APLICA,2000,0,,,,,,,,,,,,,,,,,,,,,
16,,,,,,,,,,,,,,,,,,,,,,,,,,AS - AUTOBÚS SUBURBANO,INTERNATIONAL,CHASIS,VERACRUZ,BLANCO,470HM2U1395459,3HUBNA12N532446,PE - PÚBLICO ESTATAL,,29,HOMBRE,A,SI,,,800,,,,,,,,,,,,,,,,,,,,,,
17,XALAPA,03/02/2014,DOMINGO,19:20,19:40,,XALAPA,XALAPA,URBANA,,,AVENIDA ATENAS VERACRUZANAS,REVOLUCION,,BUENO,,CONCRETO,SECO,A NIVEL,NINGUNA,SIN RESTRICCIÓN,COLISIÓN,ÁNGULO,VEHÍCULO CIRCULANDO,2,C - CAMIONETA,NISSAN,PICK UP,VERACRUZ,VERDE,KA24439734M,3N1UCAD21VK001019,P - PARTICULAR,,34,HOMBRE,,,OTRO,NO APLICA,5000,2,,,,,,,,,,,,,,,,,,,,,
17,,,,,,,,,,,,,,,,,,,,,,,,,,M - MOTOCICLETA,ITALIKA,,,ROJO,,,P - PARTICULAR,,20,HOMBRE,,,,,5000,,,,1,1,,,,,,,,,,,,,,,,,
18,XALAPA,03/03/2014,LUNES,08:13,08:25,08:32,XALAPA,XALAPA,URBANA,,,AVENIDA RUIZ CORTINES,MAGISTERIAL,ACUEDUCTO,BUENO,,CONCRETO,,A NIVEL,NINGUNA,SIN RESTRICCIÓN,COLISIÓN,POR ALCANCE,VEHÍCULO CIRCULANDO,2,C - CAMIONETA,FORD,RANGER,VERACRUZ,AZUL,SIN NUMERO,1FTCR10A1RTA42995,P - PARTICULAR,NO,35,HOMBRE,B,SI,NO GUARDAR DISTANCIA,NO APLICA,800,0,,,,,,,,,,,,,,,,,,,,,
18,,,,,,,,,,,2,,,,,,,,,,,,,,,A - AUTOMÓVIL,CHRYSLER,ACCTITTUDE,VERACRUZ,ROJO,SIN NUMERO,KMHCM4NABU516138,P - PARTICULAR,SI,51,HOMBRE,C,SI,,,4000,,,,,,,,,,,,,,,,,,,,,,
19,XALAPA,03/03/2014,LUNES,09:48,10:05,,XALAPA,XALAPA,URBANA,,,AVENIDA LAZARO CARDENAS,FERROCARRILERA,FELIX Z. LICONA Y MIGUEL ALEMAN,BUENO,SOLEADO,ASFALTO,SECO,A NIVEL,NINGUNA,SIN RESTRICCIÓN,COLISIÓN,LATERAL,VEHÍCULO CIRCULANDO,2,A - AUTOMÓVIL,NISSAN,NP-300,VERACRUZ,PLATA,KA24538297A,3NGDD25T6CK008618,P - PARTICULAR,SI,35,HOMBRE,A,SI,OTRO,NO APLICA,6000,0,,,,,,,,,,,,,,,,,,,,,
19,,,,,,,,,,,1,,,,,,,,,,,,,,,AS - AUTOBÚS SUBURBANO,INTERNATIONAL,,,BLANCO/NARANJA,470HM2U1305519,3HVBNAAN92N028538,PE - PÚBLICO ESTATAL,NO,44,HOMBRE,A,SI,,,4000,,,,,,,,,,,,,,,,,,,,,,
20,XALAPA,03/03/2014,LUNES,12:32,12:50,,XALAPA,XALAPA,URBANA,,,AVENIDA LAZARO CARDENAS,RAFAEL LUCIO,HERMINIO CABAÑAS,BUENO,SOLEADO,CONCRETO,SECO,A NIVEL,MARCA EN PAVIMENTO,SIN RESTRICCIÓN,COLISIÓN,ÁNGULO,VEHÍCULO CIRCULANDO,2,A - AUTOMÓVIL,NISSAN,TSURU,VERACRUZ,BLANCO/VERDE,ILEGIBLE,ILEGIBLE,PE - PÚBLICO ESTATAL,SI,25,HOMBRE,B,SI,CAMBIAR CARRIL SIN PRECAUCIÓN,NO APLICA,2500,0,,,,,,,,,,,,,,,,,,,,,
20,,,,,,,,,,,1,,,,,,,,,,,,,,,A - AUTOMÓVIL,NISSAN,SENTRA,VERACRUZ,BLANCO,GA167567609,3N1BDAB14VK004946,P - PARTICULAR,NO,34,MUJER,A,SI,,,900,,,,,,,,,,,,,,,,,,,,,,
21,XALAPA,03/03/2014,LUNES,,14:15,15:20,XALAPA,XALAPA,URBANA,,,AVENIDA CHEDRAUI CARAM,HERON PROAL,CENTRAL Y BASALTO,BUENO,,CONCRETO,SECO,DESCENDENTE,NINGUNA,ACCIDENTE PREVIO,COLISIÓN,LATERAL,VEHÍCULO CIRCULANDO,2,A - AUTOMÓVIL,CHEVROLET,MATIZ,VERACRUZ,BLANCO/ROJO,HECHO EN COREA,KL1MD6A00BC116234,PE - PÚBLICO ESTATAL,NO,51,HOMBRE,A,SI,CAMBIAR CARRIL SIN PRECAUCIÓN,NO APLICA,1000,0,,,,,,,,,,,,,,,,,,,,,
21,,,,,,,,,,,16,,,,,,,,,,,,,,,M - MOTOCICLETA,VENTO,TRITON,,ROJO,LH157QMJAHAF0357,5KMTCKPLXB0001021,P - PARTICULAR,NO,24,HOMBRE,A,SI,,,3000,,,,,,,,,,,,,,,,,,,,,,
22,XALAPA,03/03/2014,LUNES,,14:30,,XALAPA,XALAPA,URBANA,,,AVENIDA 20 DE NOVIEMBRE,CENTRO,SARABIA Y FAUSTO VEGA,BUENO,SOLEADO,CONCRETO,SECO,DESCENDENTE,NINGUNA,SIN RESTRICCIÓN,COLISIÓN,POR ALCANCE,VEHÍCULO CIRCULANDO,2,C - CAMIONETA,CHEVROLET,C-35,VERACRUZ,TURQUESA,RM111239,3GCJC44KGRM111239,P - PARTICULAR,SI,41,HOMBRE,B,SI,NO GUARDAR DISTANCIA,NO APLICA,SIN DAÑOS,0,,,,,,,,,,,,,,,,,,,,,
22,,,,,,,,,,,5,,,,,,,,,,,,,,,A - AUTOMÓVIL,NISSAN,TSURU,VERACRUZ,BLANCO/ROJO,GA16705294,3N1EB31S5AK307842,PE - PÚBLICO ESTATAL,SI,29,HOMBRE,A,SI,,,1000,,,,,,,,,,,,,,,,,,,,,,
23,XALAPA,03/03/2014,LUNES,,14:50,,XALAPA,XALAPA,URBANA,,,REVOLUCION,CENTRO,JULIO REBOLLEDO Y MELCHOR OCAMPO,BUENO,,CONCRETO,SECO,ASCENDENTE,NINGUNA,SIN RESTRICCIÓN,COLISIÓN,,VEHÍCULO ESTACIONADO,1,AS - AUTOBÚS SUBURBANO,MERCEDES BENZ,,VERACRUZ,BLANCO/AZUL,9.07E+13,5DHAA3CSX1M42182,PE - PÚBLICO ESTATAL,NO,43,HOMBRE,A,SI,CAMBIAR CARRIL SIN PRECAUCIÓN,NO APLICA,MINIMOS,0,,,,,,,,,,,,,,,,,,,,,
23,,,,,,,,,,,,,,,,,,,,,,,,,,M - MOTOCICLETA,YAMAHA,125 CL,,ROJO,,L13PKE1318B0037292,P - PARTICULAR,NO,25,HOMBRE,,,,,MINIMOS,,,,,,,,,,,,,,,,,,,,,,
24,XALAPA,03/03/2014,LUNES,,19:10,,XALAPA,XALAPA,URBANA,,,ALTAMIRANO,CENTRO,CLAVIJERO AZUETA,BUENO,,ASFALTO,SECO,A NIVEL,NINGUNA,SIN RESTRICCIÓN,COLISIÓN,ÁNGULO,VEHÍCULO CIRCULANDO,2,A - AUTOMÓVIL,CHEVROLET,CHEVY,VERACRUZ,ROJO,HECHO EN MEXICO,3G1SF2428Y5221677,P - PARTICULAR,NO,40,HOMBRE,B,SI,OTRO,NO APLICA,2000,0,,,,,,,,,,,,,,,,,,,,,
24,,,,,,,,,,,,,,,,,,,,,,,,,,A - AUTOMÓVIL,VOLKSWAGEN,JETTA,,ROJO,,,P - PARTICULAR,NO,57,HOMBRE,,,,,1500,,,,,,,,,,,,,,,,,,,,,,
25,XALAPA,03/03/2014,LUNES,,19:20,20:25,XALAPA,XALAPA,URBANA,,,AVENIDA LAZARO CARDENAS,7 DE NOVIEMBRE,ANTONIO M. CONTRERAS M. QUIRASCO MIGUEL ALEMAN,BUENO,,CONCRETO,,ASCENDENTE,NINGUNA,ACCIDENTE PREVIO,COLISIÓN,LATERAL,VEHÍCULO CIRCULANDO,2,A - AUTOMÓVIL,VOLKSWAGEN,BOCHO,VERACRUZ,AZUL,ACD145320,11R0072421,P - PARTICULAR,NO,36,HOMBRE,,,CAMBIAR CARRIL SIN PRECAUCIÓN,NO APLICA,900,0,,,,,,,,,,,,,,,,,,,,,
25,,,,,,,,,,,1,,,,,,,,,,,,,,,C - CAMIONETA,DODGE,JOURNEY,VERACRUZ,BLANCO,HECHO EN MEXICO,3C4PDCFGXDT72342,P - PARTICULAR,SI,40,HOMBRE,,,,,6500,,,,,,,,,,,,,,,,,,,,,,
26,XALAPA,03/03/2014,LUNES,20:47,20:10,20:22,XALAPA,XALAPA,URBANA,,,28 DE AGOSTO,SAN BRUNO,JOSE HERNANDEZ,BUENO,,ASFALTO,SECO,A NIVEL,NINGUNA,SIN RESTRICCIÓN,COLISIÓN,POR ALCANCE,VEHÍCULO CIRCULANDO,2,C - CAMIONETA,CHRYSLER,RAM 1500,VERACRUZ,BLANCO,HECHO EN USA,1D7HA16K03J565089,P - PARTICULAR,NO,41,HOMBRE,B,SI,NO GUARDAR DISTANCIA,NO APLICA,500,0,,,,,,,,,,,,,,,,,,,,,
26,,,,,,,,,,,,,,,,,,,,,,,,,,C - CAMIONETA,NISSAN,X-TRAIL,VERACRUZ,,QR25026019A,JN1BT05A32W702450,P - PARTICULAR,,31,HOMBRE,,,,,2500,,,,,,,,,,,,,,,,,,,,,,
27,XALAPA,03/03/2014,LUNES,19:50,20:15,,XALAPA,XALAPA,URBANA,,,CLAVIJERO,CENTRO,REVOLUCION,BUENO,LLUVIA,ASFALTO,MOJADO,A NIVEL,NINGUNA,SIN RESTRICCIÓN,COLISIÓN,POR ALCANCE,VEHÍCULO CIRCULANDO,2,A - AUTOMÓVIL,VOLKSWAGEN,JETTA,VERACRUZ,BLANCO,,3VW5H29M61M13,P - PARTICULAR,NO,37,MUJER,C,NO,NO GUARDAR DISTANCIA,NO APLICA,4000,1,,,,,1,,,,,,,,,,,,,,,,
27,,,,,,,,,,,,,,,,,,,,,,,,,,A - AUTOMÓVIL,NISSAN,TSURU,VERACRUZ,BLANCO/VERDE,GA16758408W,3N1ECB31S28K316508,PE - PÚBLICO ESTATAL,NO,41,HOMBRE,A,SI,,,1000,,,,,,,,,,,,,,,,,,,,,,
28,XALAPA,03/03/2014,LUNES,,12:35,,XALAPA,XALAPA,URBANA,,,GUSTAVO DIAZ ORDAZ,JARDINES DE XALAPA,,BUENO,,CONCRETO,,A NIVEL,NINGUNA,SIN RESTRICCIÓN,COLISIÓN,ÁNGULO,VEHÍCULO CIRCULANDO,2,C - CAMIONETA,FORD,RANGER,VERACRUZ,VERDE,SIN NUMERO,1FTXR15V1YPA32319,P - PARTICULAR,NO,35,HOMBRE,B,SI,NO RESPETAR CEDA EL PASO,NO APLICA,5000,0,,,,,,,,,,,,,,,,,,,,,
28,,,,,,,,,,,,,,,,,,,,,,,,,,A - AUTOMÓVIL,NISSAN,TSURU,VERACRUZ,BLANCO/ROJO,GA16720831Y,3N1EB31S5AK320534,PE - PÚBLICO ESTATAL,SI,27,HOMBRE,A,SI,,,6000,,,,,,,,,,,,,,,,,,,,,,
29,XALAPA,03/03/2014,LUNES,,20:50,21:05,XALAPA,XALAPA,URBANA,,,BREMONT,CENTRO,PINO SUAREZ,BUENO,,CONCRETO,SECO,A NIVEL,NINGUNA,SIN RESTRICCIÓN,COLISIÓN,ÁNGULO,VEHÍCULO CIRCULANDO,2,A - AUTOMÓVIL,VOLKSWAGEN,PASSAT,PUEBLA,BLANCO,CCT266310,WVWHN73C4CE534435,P - PARTICULAR,,48,HOMBRE,C,SI,OTRO,NO APLICA,3500,0,,,,,,,,,,,,,,,,,,,,,
29,,,,,,,,,,,,,,,,,,,,,,,,,,C - CAMIONETA,CHRYSLER,CHRYSLER,VERACRUZ,BLANCO,HECHO EN MEXICO,3C1PDCFG8DT689254,P - PARTICULAR,,52,HOMBRE,B,SI,,,4000,,,,,,,,,,,,,,,,,,,,,,
30,XALAPA,03/04/2014,MARTES,19:43,20:00,,XALAPA,XALAPA,URBANA,,,RIO CONSULADO,CAROLINO ANAYA,CAMINO ANTIGUO AL SUMIDERO,BUENO,LLUVIA,ASFALTO,MOJADO,A NIVEL,MARCA EN PAVIMENTO,SIN RESTRICCIÓN,COLISIÓN,LATERAL,VEHÍCULO CIRCULANDO,2,A - AUTOMÓVIL,CHRYSLER,STRATUS,VERACRUZ,JADE,HECHO EN USA,183DL46X14N280,P - PARTICULAR,NO,40,MUJER,C,SI,CAMBIAR CARRIL SIN PRECAUCIÓN,NO APLICA,900,0,,,,,,,,,,,,,,,,,,,,,
30,,,,,,,,,,,,,,,,,,,,,,,,,,AS - AUTOBÚS SUBURBANO,NAVISTAR,INTERNATIONAL,VERACRUZ,BLANCO,,,PE - PÚBLICO ESTATAL,NO,54,HOMBRE,A,SI,,,200,,,,,,,,,,,,,,,,,,,,,,
31,XALAPA,03/04/2014,MARTES,09:15,09:25,09:40,XALAPA,XALAPA,URBANA,,,AVENIDA LAZARO CARDENAS,PEDREGAL DE LAS ANIMAS,ANIMAS,BUENO,LLUVIA,CONCRETO,MOJADO,A NIVEL,NINGUNA,SIN RESTRICCIÓN,COLISIÓN,POR ALCANCE,VEHÍCULO CIRCULANDO,2,A - AUTOMÓVIL,DODGE,ATOS,VERACRUZ,BLANCO/VERDE,HECHO EN CHINA,MACAMSNBSPM27828,PE - PÚBLICO ESTATAL,SI,34,HOMBRE,A,SI,NO GUARDAR DISTANCIA,NO APLICA,SIN DAÑOS,0,,,,,,,,,,,,,,,,,,,,,
31,,,,,,,,,,,1,,,,,,,,,,,,,,,A - AUTOMÓVIL,NISSAN,SENTRA,VERACRUZ,PLATA,QE18577122R,N1CB5153X223556,P - PARTICULAR,SI,38,HOMBRE,B,SI,,,800,,,,,,,,,,,,,,,,,,,,,,
32,VERACRUZ,03/04/2014,MARTES,10:13,10:20,10:35,XALAPA,XALAPA,URBANA,,,URSULO GALVAN,CENTRO,,BUENO,LLUVIA,CONCRETO,MOJADO,A NIVEL,NINGUNA,SIN RESTRICCIÓN,COLISIÓN,POR ALCANCE,VEHÍCULO CIRCULANDO,2,A - AUTOMÓVIL,NISSAN,TSURU,VERACRUZ,BLANCO/ROJO,GA16747570Y,3N1EB31S0A12342457,PE - PÚBLICO ESTATAL,SI,33,HOMBRE,A,SI,NO GUARDAR DISTANCIA,NO APLICA,2000,0,,,,,,,,,,,,,,,,,,,,,
32,,,,,,,,,,,,,,,,,,,,,,,,,,A - AUTOMÓVIL,NISSAN,TSURU,VERACRUZ,BLANCO/ROJO,GA16754256Y,3N1EB31S4AK348186,PE - PÚBLICO ESTATAL,SI,28,HOMBRE,A,SI,,,700,,,,,,,,,,,,,,,,,,,,,,
33,XALAPA,03/04/2014,MARTES,,11:30,11:50,XALAPA,XALAPA,URBANA,,,AVENIDA LAZARO CARDENAS,,CHEDRAUI CARAM,REGULAR,LLUVIA,CONCRETO,MOJADO,A NIVEL,SEMÁFORO FUNCIONANDO,SIN RESTRICCIÓN,COLISIÓN,POR ALCANCE,VEHÍCULO CIRCULANDO,2,AS - AUTOBÚS SUBURBANO,MERCEDES BENZ,CHASIS,VERACRUZ,BLANCO/AZUL,56711268,4UZ6CFAA91CH26515,PE - PÚBLICO ESTATAL,SI,49,HOMBRE,A,SI,NO GUARDAR DISTANCIA,NO APLICA,1000,0,,,,,,,,,,,,,,,,,,,,,
33,,,,,,,,,,,1,,,,,,,,,,,,,,,A - AUTOMÓVIL,NISSAN,TSURU,VERACRUZ,BLANCO/ROJO,GA167886564,3N1EB31S3BK325970,PE - PÚBLICO ESTATAL,SI,56,HOMBRE,A,SI,,,1500,,,,,,,,,,,,,,,,,,,,,,