idMES,DELEGACION DE TRANSITO,FECHA DEL ACCIDENTE,DIA DE LA SEMANA,HORA EN QUE SE RECIBIO LA LLAMADA REPORTANDO EL ACCIDENTE,HORA DE ARRIBO DEL PERITO AL SITIO,HORA DE REGRESO DEL PERITO A LAS INSTALACIONES DE SU DELEGACION,LOCALIDAD ACCIDENTE,MUNICIPIO ACCIDENTE,ZONA,CARRETERA/KILOMETRO DEL ACCIDENTE,NUMERO DE AVENIDA,CALLE/AVENIDA DEL ACCIDENTE,COLONIA,ENTRE CALLES,CONDICIONES DE LA VIA,CONDICIONES NATURALES,SUPERFICIE DE LA VIA,ESTADO DE LA VIA,TANGENTE,TIPO DE CONTROL DE TRANSITO,RESTRICCIONES DE LA VIA,TIPO DE ACCIDENTE,FORMA DE ACCIDENTARSE,CONTRA QUE FUE EL IMPACTO,CANTIDAD DE VEHICULOS,TIPO DE VEHICULO,MARCA,SUBMARCA,ENTIDAD FEDERATIVA DEL VEHICULO,COLOR DEL VEHICULO,MOTOR,SERIE,TIPO DE SERVICIO PARA EL QUE SE OCUPAN LOS VEHICULOS,ASEGURADO,EDAD CONDUCTOR,SEXO CONDUCTOR,TIPO LICENCIA,LICENCIA VIGENTE,CAUSA ATRIBUIBLE AL CONDUCTOR,CAUSA ATRIBUIBLE AL PEATON,DANIOS (MONTO APROXIMADO EN MXN),NUMERO DE HERIDOS,MUJER HERIDA DE 0-15 ANIOS,HOMBRE HERIDO DE 0-15 ANIOS,MUJER HERIDA DE 16-30 ANIOS,HOMBRE HERIDO DE 16-30 ANIOS,MUJER HERIDA DE 31-45 ANIOS,HOMBRE HERIDO DE 31-45 ANIOS,MUJER HERIDA DE 46-60 ANIOS,HOMBRE HERIDO DE 46-60 ANIOS,MUJER HERIDA MAS DE 60 ANIOS,HOMBRE HERIDO MAS DE 60 ANIOS,NUMERO DE MUERTOS,MUJER MUERTA DE 0-15 ANIOS,HOMBRE MUERTO DE 0-15 ANIOS,MUJER MUERTA DE 16-30 ANIOS,HOMBRE MUERTO DE 16-30 ANIOS,MUJER MUERTA DE 31-45 ANIOS,HOMBRE MUERTO DE 31-45 ANIOS,MUJER MUERTA DE 46-60 ANIOS,HOMBRE MUERTO DE 46-60 ANIOS,MUJER MUERTA MAS DE 60 ANIOS,HOMBRE MUERTO MAS DE 60 ANIOS
34,XALAPA,03/04/2014,MARTES,,11:40,,XALAPA,XALAPA,URBANA,,,AVENIDA LAZARO CARDENAS,,ARAUCARIAS,BUENO,,ASFALTO,SECO,A NIVEL,NINGUNA,SIN RESTRICCIÓN,COLISIÓN,POR ALCANCE,VEHÍCULO CIRCULANDO,2,A - AUTOMÓVIL,VOLKSWAGEN,JETTA,MÉXICO,BLANCO,CBP23054,3VW1V49M6DMN032051,P - PARTICULAR,,24,HOMBRE,A,SI,NO GUARDAR DISTANCIA,NO APLICA,500,0,,,,,,,,,,,,,,,,,,,,,
34,,,,,,,,,,,1,,,,,,,,,,,,,,,A - AUTOMÓVIL,VOLKSWAGEN,SEDAN,VERACRUZ,NEGRO,ACD1S6552,11R0083653,P - PARTICULAR,,33,HOMBRE,,,,,500,,,,,,,,,,,,,,,,,,,,,,
35,XALAPA,03/04/2014,MARTES,,13:00,13:15,XALAPA,XALAPA,URBANA,,,CIRCUITO PRESIDENTES,EMILIANO ZAPATA,,REGULAR,LLUVIA,CONCRETO,MOJADO,A NIVEL,NINGUNA,SIN RESTRICCIÓN,COLISIÓN,LATERAL,VEHÍCULO CIRCULANDO,2,A - AUTOMÓVIL,NISSAN,TIDA,VERACRUZ,ROJO,MR18671768H,3N1BC1A5XBK310156,P - PARTICULAR,SI,27,HOMBRE,C,SI,CAMBIAR CARRIL SIN PRECAUCIÓN,NO APLICA,1000,0,,,,,,,,,,,,,,,,,,,,,
35,,,,,,,,,,,9,,,,,,,,,,,,,,,CC - CAMIÓN DE CARGA,CHRYSLER,RAM 4000,VERACRUZ,BLANCO,HECHO EN MEXICO,306WN560186171764,P - PARTICULAR,SI,24,HOMBRE,A,SI,,,1000,,,,,,,,,,,,,,,,,,,,,,
36,XALAPA,03/04/2014,MARTES,,22:00,,XALAPA,XALAPA,URBANA,,,LAZARO CARDENAS,ANIMAS,,BUENO,,CONCRETO,SECO,A NIVEL,NINGUNA,SIN RESTRICCIÓN,COLISIÓN,POR ALCANCE,VEHÍCULO CIRCULANDO,2,A - AUTOMÓVIL,NISSAN,SENTRA,VERACRUZ,ROJO,GA16750668R,,P - PARTICULAR,,39,HOMBRE,B,SI,NO GUARDAR DISTANCIA,NO APLICA,1500,0,,,,,,,,,,,,,,,,,,,,,
36,,,,,,,,,,,1,,,,,,,,,,,,,,,A - AUTOMÓVIL,NISSAN,X-TRAIL,VERACRUZ,BLANCO,QR25290758,JN8BT08T55W804365,P - PARTICULAR,,49,HOMBRE,C,SI,,,2500,,,,,,,,,,,,,,,,,,,,,,
37,XALAPA,03/04/2014,MARTES,,17:30,,XALAPA,XALAPA,URBANA,,,AVENIDA ALAMOS,,,BUENO,,CONCRETO,SECO,A NIVEL,NINGUNA,SIN RESTRICCIÓN,COLISIÓN,DE FRENTE,VEHÍCULO CIRCULANDO,2,A - AUTOMÓVIL,CHEVROLET,CORSA,VERACRUZ,ROJO,SIN NUMERO,93CXM68R15C113413,P - PARTICULAR,NO,60,HOMBRE,B,SI,OTRO,NO APLICA,4000,0,,,,,,,,,,,,,,,,,,,,,
37,,,,,,,,,,,,,,,,,,,,,,,,,,A - AUTOMÓVIL,VOLKSWAGEN,POLO,VERACRUZ,NEGRO,BBX017949,9BWJE09N15P008682,P - PARTICULAR,NO,36,HOMBRE,B,SI,,,4000,,,,,,,,,,,,,,,,,,,,,,
38,XALAPA,03/04/2014,MARTES,,23:30,23:50,XALAPA,XALAPA,URBANA,,,AVENIDA MAESTROS VERACRUZANOS,POMONA,VERACRUZ,BUENO,,CONCRETO,SECO,A NIVEL,NINGUNA,SIN RESTRICCIÓN,COLISIÓN,POR ALCANCE,VEHÍCULO CIRCULANDO,2,A - AUTOMÓVIL,VOLKSWAGEN,JETTA,VERACRUZ,PLATEADO,10454,3VWSB981H0VM010454,P - PARTICULAR,,21,HOMBRE,,,NO GUARDAR DISTANCIA,NO APLICA,5000,0,,,,,,,,,,,,,,,,,,,,,
38,,,,,,,,,,,,,,,,,,,,,,,,,,A - AUTOMÓVIL,NISSAN,VERSA,VERACRUZ,ROJO,HR16762712E,3N1CN7ADXCL838359,P - PARTICULAR,,23,MUJER,C,SI,,,7000,,,,,,,,,,,,,,,,,,,,,,
39,XALAPA,03/04/2014,MARTES,,08:03,08:20,XALAPA,XALAPA,URBANA,,,AVENIDA CIRCUITO PRESIDENTES,EMILIANO ZAPATA,NUÑEZ BELTRAN,BUENO,,ASFALTO,SECO,A NIVEL,NINGUNA,SIN RESTRICCIÓN,COLISIÓN,POR ALCANCE,VEHÍCULO CIRCULANDO,2,C - CAMIONETA,FORD,F-150,VERACRUZ,BLANCO,,,P - PARTICULAR,,26,HOMBRE,,,NO GUARDAR DISTANCIA,NO APLICA,6000,0,,,,,,,,,,,,,,,,,,,,,
39,,,,,,,,,,,9,,,,,,,,,,,,,,,A - AUTOMÓVIL,HONDA,CIVIC,VERACRUZ,GRIS,K18311724955,1SXFB265XCE605674,P - PARTICULAR,,38,MUJER,C,SI,,,2000,,,,,,,,,,,,,,,,,,,,,,
40,XALAPA,03/04/2014,MARTES,12:32,12:40,,XALAPA,XALAPA,URBANA,,,AVENIDA CIRCUITO PRESIDENTES,EMILIANO ZAPATA,,BUENO,LLUVIA,ASFALTO,MOJADO,A NIVEL,NINGUNA,SIN RESTRICCIÓN,VOLCADURA,,,1,CC - CAMIÓN DE CARGA,VOLVO,VOLTEO,VERACRUZ,BLANCO/ROSA,,,P - PARTICULAR,,23,HOMBRE,A,SI,VELOCIDAD INMODERADA,NO APLICA,10000,1,,,,1,,,,,,,,,,,,,,,,,
40,,,,,,,,,,,9,,,,,,,,,,,,,,,,,,,,,,,,,,,,,,,,,,,,,,,,,,,,,,,,,,,,
41,XALAPA,03/04/2014,MARTES,18:10,18:20,,XALAPA,XALAPA,URBANA,,,AVENIDA MARTIRES 28 DE AGOSTO,FERRER GUARDIA,FRANCISCO MORALES,BUENO,,CONCRETO,SECO,A NIVEL,NINGUNA,SIN RESTRICCIÓN,COLISIÓN,ÁNGULO,VEHÍCULO CIRCULANDO,2,A - AUTOMÓVIL,CHEVROLET,CUTLASS,VERACRUZ,PLATINO,NS112223,3G5AJ54T5NS112223,P - PARTICULAR,,20,HOMBRE,C,SI,OTRO,NO APLICA,1000,0,,,,,,,,,,,,,,,,,,,,,
41,,,,,,,,,,,20,,,,,,,,,,,,,,,A - AUTOMÓVIL,MERCEDES BENZ,CHASIS,VERACRUZ,BLANCO,9.05E+13,3MBAA2CN23M005088,P - PARTICULAR,,41,HOMBRE,A,SI,,,2000,,,,,,,,,,,,,,,,,,,,,,
42,XALAPA,03/05/2014,MIÉRCOLES,09:00,09:15,,XALAPA,XALAPA,URBANA,,,AGUACATE,FRAMBOYANES,PONIENTE Y NARANJAS,BUENO,SOLEADO,TERRACERÍA,MOJADO,A NIVEL,NINGUNA,SIN RESTRICCIÓN,COLISIÓN,MANIOBRA EN REVERSA,,2,CC - CAMIÓN DE CARGA,CHRYSLER,D-600,VERACRUZ,ROJO,HECHO EN MEXICO,L920278,P - PARTICULAR,NO,41,HOMBRE,B,SI,OTRO,NO APLICA,SIN DAÑOS,0,,,,,,,,,,,,,,,,,,,,,
42,,,,,,,,,,,,,,,,,,,,,,,,,,C - CAMIONETA,FORD,WINDSTAR,VERACRUZ,ARENA,,2FMDA5143TBA56414,P - PARTICULAR,NO,51,HOMBRE,A,SI,,,2500,,,,,,,,,,,,,,,,,,,,,,
43,XALAPA,03/05/2014,MIÉRCOLES,,10:00,10:20,XALAPA,XALAPA,URBANA,,,BOLIVIA,FRANSCISCO I. MADERO,ENSINO Y VENUSTIANO CARRANZA,BUENO,,ASFALTO,SECO,A NIVEL,NINGUNA,ACCIDENTE PREVIO,COLISIÓN,POR ALCANCE,VEHÍCULO CIRCULANDO,2,A - AUTOMÓVIL,VOLKSWAGEN,BORA,VERACRUZ,GRIS,BGP018980,3VWPF11K56M607534,P - PARTICULAR,NO,20,HOMBRE,C,SI,NO GUARDAR DISTANCIA,NO APLICA,900,0,,,,,,,,,,,,,,,,,,,,,
43,,,,,,,,,,,,,,,,,,,,,,,,,,A - AUTOMÓVIL,NISSAN,TSURU,VERACRUZ,BLANCO/ROJO,GA167098AW,3N1EB31S77K342746.,PE - PÚBLICO ESTATAL,SI,23,HOMBRE,A,SI,,,3000,,,,,,,,,,,,,,,,,,,,,,
43,,,,,,,,,,,,,,,,,,,,,,,,,,AS - AUTOBÚS SUBURBANO,MERCEDES BENZ,CHASIS,VERACRUZ,BLANCO/ROJO,9.07E+13,3ALADXXCS42PJ4059,PE - PÚBLICO ESTATAL,SI,32,HOMBRE,A,SI,,,500,,,,,,,,,,,,,,,,,,,,,,
44,XALAPA,03/05/2014,MIÉRCOLES,10:30,10:40,,XALAPA,XALAPA,URBANA,,,AVENIDA CIRCUITO PRESIDENTES,,,BUENO,SOLEADO,ASFALTO,SECO,DESCENDENTE,NINGUNA,SIN RESTRICCIÓN,COLISIÓN,POR ALCANCE,VEHÍCULO CIRCULANDO,2,A - AUTOMÓVIL,NISSAN,TSURU,VERACRUZ,BLANCO/VERDE,GA16783191Y,3N1EB31S78K320,PE - PÚBLICO ESTATAL,SI,23,HOMBRE,A,SI,NO GUARDAR DISTANCIA,NO APLICA,900,1,,,,,1,,,,,,,,,,,,,,,,
44,,,,,,,,,,,9,,,,,,,,,,,,,,,A - AUTOMÓVIL,PEUGEOT,,VERACRUZ,AZUL,10LH680861676,VF33CRFN04Y015946,P - PARTICULAR,NO,32,HOMBRE,A,SI,,,1500,,,,,,,,,,,,,,,,,,,,,,
45,XALAPA,03/05/2014,MIÉRCOLES,11:00,11:20,,XALAPA,XALAPA,URBANA,,,ZAMORA,CENTRO,FTE. A TELEGRAFOS,BUENO,SOLEADO,ASFALTO,SECO,A NIVEL,MARCA EN PAVIMENTO,SIN RESTRICCIÓN,COLISIÓN,LATERAL,VEHÍCULO CIRCULANDO,2,A - AUTOMÓVIL,VOLKSWAGEN,GOLF,DISTRITO FEDERAL,ROJO,CFZ2060799,9BWAB05UXBP02,P - PARTICULAR,SI,29,HOMBRE,,SI,CAMBIAR CARRIL SIN PRECAUCIÓN,NO APLICA,900,0,,,,,,,,,,,,,,,,,,,,,
45,,,,,,,,,,,,,,,,,,,,,,,,,,A - AUTOMÓVIL,VOLKSWAGEN,JETTA,VERACRUZ,NEGRO,CBP219974,3UW1V09M5BM041393,P - PARTICULAR,SI,36,HOMBRE,C,SI,,,600,,,,,,,,,,,,,,,,,,,,,,
46,XALAPA,03/05/2014,MIÉRCOLES,,14:15,,XALAPA,XALAPA,URBANA,,,NORA BERISTAIN,,,BUENO,SOLEADO,CONCRETO,SECO,A NIVEL,NINGUNA,SIN RESTRICCIÓN,COLISIÓN,LATERAL,VEHÍCULO CIRCULANDO,2,A - AUTOMÓVIL,NISSAN,TSURU,VERACRUZ,BLANCO/VERDE,GA16751136Z,3N1EB31S8EK317593,PE - PÚBLICO ESTATAL,SI,31,HOMBRE,A,SI,OTRO,NO APLICA,SIN DAÑOS,0,,,,,,,,,,,,,,,,,,,,,
46,,,,,,,,,,,,,,,,,,,,,,,,,,A - AUTOMÓVIL,NISSAN,TSURU,VERACRUZ,AZUL,GA16823158P,3N1EB31531K313073,P - PARTICULAR,NO,54,HOMBRE,A,SI,,,400,,,,,,,,,,,,,,,,,,,,,,
47,XALAPA,03/05/2014,MIÉRCOLES,15:40,15:55,,XALAPA,XALAPA,URBANA,,,AVENIDA CIRCUITO PRESIDENTES,,,BUENO,SOLEADO,ASFALTO,SECO,A NIVEL,MARCA EN PAVIMENTO,SIN RESTRICCIÓN,COLISIÓN,ÁNGULO,VEHÍCULO CIRCULANDO,2,C - CAMIONETA,FORD,F-150,VERACRUZ,ROJO,SIN NUMERO,1FTDF15YBJPA29873,P - PARTICULAR,NO,42,MUJER,C,SI,CAMBIAR CARRIL SIN PRECAUCIÓN,NO APLICA,700,0,,,,,,,,,,,,,,,,,,,,,
47,,,,,,,,,,,9,,,,,,,,,,,,,,,A - AUTOMÓVIL,FORD,FOCUS,,,SE IGNORA,,P - PARTICULAR,NO,23,HOMBRE,C,SI,,,4500,,,,,,,,,,,,,,,,,,,,,,
48,XALAPA,03/05/2014,MIÉRCOLES,,16:57,17:55,XALAPA,XALAPA,URBANA,,,RAMON LOPEZ VELARDE,VASCONCELOS,,BUENO,,ASFALTO,SECO,A NIVEL,NINGUNA,SIN RESTRICCIÓN,COLISIÓN,LATERAL,VEHÍCULO CIRCULANDO,2,A - AUTOMÓVIL,NISSAN,TSURU,VERACRUZ,BLANCO/VERDE,GA188899004,3N1EB31S14K542128,PE - PÚBLICO ESTATAL,SI,30,HOMBRE,A,SI,CAMBIAR CARRIL SIN PRECAUCIÓN,NO APLICA,1000,1,,,1,,,,,,,,,,,,,,,,,,
48,,,,,,,,,,,,,,,,,,,,,,,,,,M - MOTOCICLETA,DINAMO,,VERACRUZ,NEGRO,JK1P57GMJ1206857,3CUSAAF6CX000437,P - PARTICULAR,NO,16,HOMBRE,,,,,8000,,,,,,,,,,,,,,,,,,,,,,
49,XALAPA,03/05/2014,MIÉRCOLES,,17:05,,XALAPA,XALAPA,URBANA,,,ALLENDE,CENTRO,JJ HERRERA,BUENO,,CONCRETO,SECO,ASCENDENTE,NINGUNA,SIN RESTRICCIÓN,COLISIÓN,POR ALCANCE,VEHÍCULO CIRCULANDO,2,A - AUTOMÓVIL,CHEVROLET,MALIBU,VERACRUZ,BLANCO,HECHO EN USA,1G1ZK7749F185478,P - PARTICULAR,NO,35,HOMBRE,C,SI,NO GUARDAR DISTANCIA,NO APLICA,3000,1,,,,,,,1,,,,,,,,,,,,,,
49,,,,,,,,,,,,,,,,,,,,,,,,,,A - AUTOMÓVIL,CHEVROLET,CHEVY,DISTRITO FEDERAL,PLATA,HECHO EN MEXICO,3G1SF61X158205616,P - PARTICULAR,SI,50,MUJER,C,SI,,,5000,,,,,,,,,,,,,,,,,,,,,,
50,XALAPA,03/05/2014,MIÉRCOLES,17:50,18:20,,XALAPA,XALAPA,URBANA,,,REVOLUCION,CENTRO,ALTAMIRANO,BUENO,SOLEADO,ASFALTO,SECO,A NIVEL,NINGUNA,SIN RESTRICCIÓN,COLISIÓN,LATERAL,VEHÍCULO CIRCULANDO,2,AS - AUTOBÚS SUBURBANO,NAVISTAR,CHASIS,VERACRUZ,BLANCO,470HMZU1286,3HNBNAAM1N0195,PE - PÚBLICO ESTATAL,SI,24,HOMBRE,A,SI,CAMBIAR CARRIL SIN PRECAUCIÓN,NO APLICA,300,0,,,,,,,,,,,,,,,,,,,,,
50,,,,,,,,,,,,,,,,,,,,,,,,,,AS - AUTOBÚS SUBURBANO,NAVISTAR,INTERNATIONAL,VERACRUZ,BLANCO,470HM2U140045,3HBBNAN641601102,PE - PÚBLICO ESTATAL,SI,29,HOMBRE,A,SI,,,900,,,,,,,,,,,,,,,,,,,,,,
51,XALAPA,03/05/2014,MIÉRCOLES,22:53,23:00,23:33,XALAPA,XALAPA,URBANA,,,AVENIDA RUIZ CORTINES,,HORTENCIA E IGNACIO DE LA LLAVE,BUENO,,CONCRETO,,A NIVEL,NINGUNA,SIN RESTRICCIÓN,COLISIÓN,ÁNGULO,VEHÍCULO CIRCULANDO,2,A - AUTOMÓVIL,NISSAN,TSURU,VERACRUZ,BLANCO/VERDE,GA16751176Y,3N1EB31S2AK345609,PE - PÚBLICO ESTATAL,SI,22,HOMBRE,A,SI,NO RESPETAR SEÑAL DE ALTO,NO APLICA,2500,0,,,,,,,,,,,,,,,,,,,,,
51,,,,,,,,,,,2,,,,,,,,,,,,,,,A - AUTOMÓVIL,CHEVROLET,CHEVY,VERACRUZ,AZUL,HECHO EN MEXICO,3G1SF21X27S165087,P - PARTICULAR,NO,31,HOMBRE,A,SI,,,5000,,,,,,,,,,,,,,,,,,,,,,
52,XALAPA,03/05/2014,MIÉRCOLES,,18:00,,XALAPA,XALAPA,URBANA,,,AVENIDA CIRCUITO PRESIDENTES,ISLETA,,BUENO,,ASFALTO,,A NIVEL,NINGUNA,SIN RESTRICCIÓN,COLISIÓN,LATERAL,VEHÍCULO CIRCULANDO,2,C - CAMIONETA,FORD,GRUA,VERACRUZ,BLANCO,SE IGNORA,KK36L72MA27G62,P - PARTICULAR,NO,23,HOMBRE,,,CAMBIAR CARRIL SIN PRECAUCIÓN,NO APLICA,200,0,,,,,,,,,,,,,,,,,,,,,
52,,,,,,,,,,,9,,,,,,,,,,,,,,,C - CAMIONETA,UPLANDER,GM 500,MÉXICO,AZUL,SIN NUMERO,1GNDV33147D132732,P - PARTICULAR,SI,44,HOMBRE,B,SI,,,2500,,,,,,,,,,,,,,,,,,,,,,
53,XALAPA,03/06/2014,JUEVES,,08:30,,XALAPA,XALAPA,URBANA,,,AVENIDA XALAPA,,RUIZ CORTINES,BUENO,,CONCRETO,SECO,ASCENDENTE,NINGUNA,SIN RESTRICCIÓN,COLISIÓN,POR ALCANCE,VEHÍCULO CIRCULANDO,2,AS - AUTOBÚS SUBURBANO,INTERNATIONAL,,VERACRUZ,BLANCO/VERDE,470HM2U1347851,3HVBNAAN42N548324,PE - PÚBLICO ESTATAL,,26,HOMBRE,A,SI,NO GUARDAR DISTANCIA,NO APLICA,1000,0,,,,,,,,,,,,,,,,,,,,,
53,,,,,,,,,,,7,,,,,,,,,,,,,,,A - AUTOMÓVIL,FORD,FOCUS,VERACRUZ,GRIS,SIN NUMERO,1FAFP36353W112647,P - PARTICULAR,,27,HOMBRE,,,,,5000,,,,,,,,,,,,,,,,,,,,,,
54,XALAPA,03/06/2014,JUEVES,,13:40,,XALAPA,XALAPA,URBANA,,,RIO TESOCHUACAN,CUAUHTEMOC,MURILLO VIDAL,BUENO,SOLEADO,CONCRETO,SECO,A NIVEL,NINGUNA,SIN RESTRICCIÓN,COLISIÓN,LATERAL,VEHÍCULO CIRCULANDO,2,M - MOTOCICLETA,HONDA,,VERACRUZ,BLANCO,WH1SS6FMRRJ759007,341JA4177D0208217,P - PARTICULAR,SI,33,HOMBRE,D,SI,REBASAR INDEBIDAMENTE,NO APLICA,500,0,,,,,,,,,,,,,,,,,,,,,
54,,,,,,,,,,,,,,,,,,,,,,,,,,A - AUTOMÓVIL,NISSAN,TSURU,VERACRUZ,BLANCO/VERDE,GA16804769Y,3N1EB31S5BK340616,PE - PÚBLICO ESTATAL,SI,28,HOMBRE,A,SI,,,500,,,,,,,,,,,,,,,,,,,,,,
55,XALAPA,03/06/2014,JUEVES,,15:00,,XALAPA,XALAPA,URBANA,,,AVENIDA MURILLO VIDAL,CUAUHTEMOC,,BUENO,SOLEADO,CONCRETO,SECO,A NIVEL,MARCA EN PAVIMENTO,SIN RESTRICCIÓN,COLISIÓN,LATERAL,VEHÍCULO CIRCULANDO,2,A - AUTOMÓVIL,NISSAN,TSURU,VERACRUZ,BLANCO/ROJO,GA16899557W,3N1EB31S8AK303011,PE - PÚBLICO ESTATAL,SI,28,HOMBRE,A,SI,CAMBIAR CARRIL SIN PRECAUCIÓN,NO APLICA,1000,1,,,1,,,,,,,,,,,,,,,,,,
55,,,,,,,,,,,11,,,,,,,,,,,,,,,M - MOTOCICLETA,ITALIKA,CS 125,,NEGRO,SE IGNORA,SE IGNORA,P - PARTICULAR,NO,25,HOMBRE,D,SI,,,3000,,,,,,,,,,,,,,,,,,,,,,
56,XALAPA,03/06/2014,JUEVES,15:30,15:45,16:00,XALAPA,XALAPA,URBANA,,,AVENIDA LAZARO CARDENAS,,,BUENO,LLUVIA,ASFALTO,MOJADO,A NIVEL,NINGUNA,SIN RESTRICCIÓN,COLISIÓN,POR ALCANCE,VEHÍCULO CIRCULANDO,3,A - AUTOMÓVIL,FORD,MUSTANG,VERACRUZ,VERDE,HECHO EN USA,1FALP403TEZ06617,P - PARTICULAR,NO,39,HOMBRE,C,SI,NO GUARDAR DISTANCIA,NO APLICA,1500,0,,,,,,,,,,,,,,,,,,,,,
56,,,,,,,,,,,1,,,,,,,,,,,,,,,A - AUTOMÓVIL,NISSAN,TSURU,VERACRUZ,BLANCO/ROJO,GA16759390Y,3N1EB31SBK326533,PE - PÚBLICO ESTATAL,SI,33,HOMBRE,A,SI,,,5000,,,,,,,,,,,,,,,,,,,,,,
56,,,,,,,,,,,,,,,,,,,,,,,,,,A - AUTOMÓVIL,FORD,SCAPE,PUEBLA,GRIS,IMPORTADO,FMCU027491LA88804,P - PARTICULAR,SI,26,MUJER,A,SI,,,4000,,,,,,,,,,,,,,,,,,,,,,
57,XALAPA,03/06/2014,JUEVES,17:02,17:10,17:25,XALAPA,XALAPA,URBANA,,,AVENIDA AVILA CAMACHO,CENTRO,JUAREZ,BUENO,LLUVIA,CONCRETO,MOJADO,A NIVEL,NINGUNA,SIN RESTRICCIÓN,COLISIÓN,ÁNGULO,VEHÍCULO CIRCULANDO,2,A - AUTOMÓVIL,CHRYSLER,ATOS,VERACRUZ,BLANCO,HECHO EN KOREAA,KMHAGS1804U340025,P - PARTICULAR,NO,41,MUJER,C,SI,OTRO,NO APLICA,1000,0,,,,,,,,,,,,,,,,,,,,,
57,,,,,,,,,,,4,,,,,,,,,,,,,,,A - AUTOMÓVIL,NISSAN,TSURU,VERACRUZ,BLANCO/VERDE,GA168132204,3N1EB31S9BK348413,PE - PÚBLICO ESTATAL,NO,33,HOMBRE,A,SI,,,1200,,,,,,,,,,,,,,,,,,,,,,
58,XALAPA,03/06/2014,JUEVES,,18:30,18:45,XALAPA,XALAPA,URBANA,,,ENRIQUEZ,CENTRO,REVOLUCION Y CLAVIJERO,BUENO,LLUVIA,CONCRETO,MOJADO,A NIVEL,SEMÁFORO FUNCIONANDO,SIN RESTRICCIÓN,COLISIÓN,POR ALCANCE,VEHÍCULO CIRCULANDO,2,A - AUTOMÓVIL,VOLKSWAGEN,CROSSFOX,VERACRUZ,NEGRO,BLH03486H,9BWLB452574039610,P - PARTICULAR,SI,44,HOMBRE,B,SI,NO GUARDAR DISTANCIA,NO APLICA,1000,0,,,,,,,,,,,,,,,,,,,,,
58,,,,,,,,,,,,,,,,,,,,,,,,,,A - AUTOMÓVIL,VOLKSWAGEN,SEAT,VERACRUZ,BLANCO,CEK027901,VSSSK46J5CR005705,P - PARTICULAR,SI,63,HOMBRE,A,SI,,,1000,,,,,,,,,,,,,,,,,,,,,,
59,XALAPA,03/06/2014,JUEVES,20:30,20:45,,XALAPA,XALAPA,URBANA,,,AVENIDA RUIZ CORTINES,DEL BOSQUE,,BUENO,,CONCRETO,,A NIVEL,NINGUNA,SIN RESTRICCIÓN,COLISIÓN,LATERAL,VEHÍCULO CIRCULANDO,2,C - CAMIONETA,FORD,CHASIS,VERACRUZ,BLANCO,SIN NUMERO,3FEKF36L28MA05291,P - PARTICULAR,,21,HOMBRE,B,SI,OTRO,NO APLICA,1000,0,,,,,,,,,,,,,,,,,,,,,
59,,,,,,,,,,,2,,,,,,,,,,,,,,,A - AUTOMÓVIL,VOLKSWAGEN,POINTER,VERACRUZ,PLATA,BHG007015,9BWCC05X73T086815,P - PARTICULAR,,32,HOMBRE,,,,,7000,,,,,,,,,,,,,,,,,,,,,,
60,XALAPA,03/07/2014,VIERNES,02:15,02:40,03:15,XALAPA,XALAPA,URBANA,,,AVENIDA 20 DE NOVIEMBRE,CENTRO,OTHONIEL RODRIGUEZ BASARTE,BUENO,,CONCRETO,,ASCENDENTE,NINGUNA,SIN RESTRICCIÓN,COLISIÓN,LATERAL,,2,,,,,,,,,,,,,,,,,0,,,,,,,,,,,,,,,,,,,,,
60,,,,,,,,,,,5,,,,,,,,,,,,,,,A - AUTOMÓVIL,NISSAN,TSURU,VERACRUZ,BLANCO/VERDE,GA167852304,3NEIEB31593K2670,PE - PÚBLICO ESTATAL,SI,40,HOMBRE,A,SI,CAMBIAR CARRIL SIN PRECAUCIÓN,NO APLICA,3000,,,,,,,,,,,,,,,,,,,,,,
60,,,,,,,,,,,,,,,,,,,,,,,,,,A - AUTOMÓVIL,NISSAN,TSURU,VERACRUZ,BLANCO/VERDE,GA167454112,3NIEB31572K312594,PE - PÚBLICO ESTATAL,SI,35,HOMBRE,A,SI,,,2500,,,,,,,,,,,,,,,,,,,,,,
61,XALAPA,03/07/2014,VIERNES,,20:30,21:40,XALAPA,XALAPA,URBANA,CARRETERA ESTATAL EL CASTILLO,,,CASA BLANCA,,BUENO,,ASFALTO,,ASCENDENTE,NINGUNA,SIN RESTRICCIÓN,COLISIÓN,LATERAL,,2,,,,,,,,,,,,,,,,,0,,,,,,,,,,,,,,,,,,,,,
61,,,,,,,,,,,,,,,,,,,,,,,,,,C - CAMIONETA,MAZDA,PICK UP,VERACRUZ,GRIS,SIN NUMERO,JM2VF6146P0384263,P - PARTICULAR,NO,53,HOMBRE,,NO,CAMBIAR CARRIL SIN PRECAUCIÓN,NO APLICA,4000,,,,,,,,,,,,,,,,,,,,,,
61,,,,,,,,,,,,,,,,,,,,,,,,,,AS - AUTOBÚS SUBURBANO,INTERNATIONAL,CHASIS,VERACRUZ,BLANCO/AMARILLO,HECHO EN MEXICO,3HVPAAN2WG1014,PE - PÚBLICO ESTATAL,NO,26,HOMBRE,,NO,,,5000,,,,,,,,,,,,,,,,,,,,,,
62,XALAPA,03/07/2014,VIERNES,13:50,14:00,,XALAPA,XALAPA,URBANA,,,AVENIDA RUIZ CORTINES,,,BUENO,SOLEADO,CONCRETO,SECO,A NIVEL,MARCA EN PAVIMENTO,SIN RESTRICCIÓN,COLISIÓN,POR ALCANCE,,2,,,,,,,,,,,,,,,,,0,,,,,,,,,,,,,,,,,,,,,