idMES,DELEGACION DE TRANSITO,FECHA DEL ACCIDENTE,DIA DE LA SEMANA,HORA EN QUE SE RECIBIO LA LLAMADA REPORTANDO EL ACCIDENTE,HORA DE ARRIBO DEL PERITO AL SITIO,HORA DE REGRESO DEL PERITO A LAS INSTALACIONES DE SU DELEGACION,LOCALIDAD ACCIDENTE,MUNICIPIO ACCIDENTE,ZONA,CARRETERA/KILOMETRO DEL ACCIDENTE,NUMERO DE AVENIDA,CALLE/AVENIDA DEL ACCIDENTE,COLONIA,ENTRE CALLES,CONDICIONES DE LA VIA,CONDICIONES NATURALES,SUPERFICIE DE LA VIA,ESTADO DE LA VIA,TANGENTE,TIPO DE CONTROL DE TRANSITO,RESTRICCIONES DE LA VIA,TIPO DE ACCIDENTE,FORMA DE ACCIDENTARSE,CONTRA QUE FUE EL IMPACTO,CANTIDAD DE VEHICULOS,TIPO DE VEHICULO,MARCA,SUBMARCA,ENTIDAD FEDERATIVA DEL VEHICULO,COLOR DEL VEHICULO,MOTOR,SERIE,TIPO DE SERVICIO PARA EL QUE SE OCUPAN LOS VEHICULOS,ASEGURADO,EDAD CONDUCTOR,SEXO CONDUCTOR,TIPO LICENCIA,LICENCIA VIGENTE,CAUSA ATRIBUIBLE AL CONDUCTOR,CAUSA ATRIBUIBLE AL PEATON,DANIOS (MONTO APROXIMADO EN MXN),NUMERO DE HERIDOS,MUJER HERIDA DE 0-15 ANIOS,HOMBRE HERIDO DE 0-15 ANIOS,MUJER HERIDA DE 16-30 ANIOS,HOMBRE HERIDO DE 16-30 ANIOS,MUJER HERIDA DE 31-45 ANIOS,HOMBRE HERIDO DE 31-45 ANIOS,MUJER HERIDA DE 46-60 ANIOS,HOMBRE HERIDO DE 46-60 ANIOS,MUJER HERIDA MAS DE 60 ANIOS,HOMBRE HERIDO MAS DE 60 ANIOS,NUMERO DE MUERTOS,MUJER MUERTA DE 0-15 ANIOS,HOMBRE MUERTO DE 0-15 ANIOS,MUJER MUERTA DE 16-30 ANIOS,HOMBRE MUERTO DE 16-30 ANIOS,MUJER MUERTA DE 31-45 ANIOS,HOMBRE MUERTO DE 31-45 ANIOS,MUJER MUERTA DE 46-60 ANIOS,HOMBRE MUERTO DE 46-60 ANIOS,MUJER MUERTA MAS DE 60 ANIOS,HOMBRE MUERTO MAS DE 60 ANIOS
62,,,,,,,,,,,2,,,,,,,,,,,,,,,A - AUTOMÓVIL,CHEVROLET,CHEVY,VERACRUZ,PLATA,HECHO EN MEXICO,3G16548613156,P - PARTICULAR,NO,20,HOMBRE,A,SI,NO GUARDAR DISTANCIA,NO APLICA,800,,,,,,,,,,,,,,,,,,,,,,
62,,,,,,,,,,,,,,,,,,,,,,,,,,A - AUTOMÓVIL,NISSAN,TSURU,VERACRUZ,ROJO/BLANCO,GAN68135884,3NI8831578346762,PE - PÚBLICO ESTATAL,NO,31,HOMBRE,A,SI,,,2500,,,,,,,,,,,,,,,,,,,,,,
63,XALAPA,03/07/2014,VIERNES,,07:00,,XALAPA,XALAPA,URBANA,,,AVENIDA RUIZ CORTINES,RAFAEL LUCIO,FRENTE A FINANZAS,,,ASFALTO,SECO,A NIVEL,MARCA EN PAVIMENTO,SIN RESTRICCIÓN,COLISIÓN,POR ALCANCE,,2,,,,,,,,,,,,,,,,,0,,,,,,,,,,,,,,,,,,,,,
63,,,,,,,,,,,2,,,,,,,,,,,,,,,AS - AUTOBÚS SUBURBANO,MERCEDES BENZ,CHASIS,VERACRUZ,AMARILLO,9.25E+13,3MBRA20K405281,P - PARTICULAR,SI,28,HOMBRE,A,SI,CAMBIAR CARRIL SIN PRECAUCIÓN,OTRO,1000,,,,,,,,,,,,,,,,,,,,,,
63,,,,,,,,,,,,,,,,,,,,,,,,,,A - AUTOMÓVIL,NISSAN,TSURU,VERACRUZ,BLANCO/VERDE,GA16704820W,3NIEB315334765,PE - PÚBLICO ESTATAL,SI,29,HOMBRE,A,SI,,,5000,,,,,,,,,,,,,,,,,,,,,,
64,XALAPA,03/07/2014,VIERNES,08:30,09:10,,XALAPA,XALAPA,URBANA,,,AVENIDA LAZARO CARDENAS,MIRADOR,,BUENO,SOLEADO,ASFALTO,SECO,A NIVEL,MARCA EN PAVIMENTO,SIN RESTRICCIÓN,COLISIÓN,POR ALCANCE,,3,C - CAMIONETA,HONDA,CRV,DISTRITO FEDERAL,GRIS,K24292511914,3HGRA4893003024,P - PARTICULAR,SI,36,MUJER,C,SI,,,8500,0,,,,,,,,,,,,,,,,,,,,,
64,,,,,,,,,,,1,,,,,,,,,,,,,,,C - CAMIONETA,HONDA,BLEMOUNT,TAMAULIPAS,VERDE,HECHO EN USA,56L005621,P - PARTICULAR,NO,40,HOMBRE,A,SI,NO GUARDAR DISTANCIA,NO APLICA,4500,,,,,,,,,,,,,,,,,,,,,,
64,,,,,,,,,,,,,,,,,,,,,,,,,,A - AUTOMÓVIL,NISSAN,TSURU,PUEBLA,BLANCO,GA1675895R,3NIEB68315313,P - PARTICULAR,NO,48,HOMBRE,C,SI,,,3500,,,,,,,,,,,,,,,,,,,,,,
65,XALAPA,03/07/2014,VIERNES,,09:30,,XALAPA,XALAPA,URBANA,,,CALLE TUXPAN,FRACCIONAMIENTO VERACRUZ,PANUCO,BUENO,,CONCRETO,SECO,ASCENDENTE,NINGUNA,SIN RESTRICCIÓN,COLISIÓN,MANIOBRA EN REVERSA,,2,,,,,,,,,,,,,,,,,0,,,,,,,,,,,,,,,,,,,,,
65,,,,,,,,,,,,,,,,,,,,,,,,,,A - AUTOMÓVIL,G. MOTORS,CHEVY,DISTRITO FEDERAL,ROJO,HECHO EN MEXICO,3G1SF21X59S104125,P - PARTICULAR,NO,71,HOMBRE,,NO,NO GUARDAR DISTANCIA,NO APLICA,2000,,,,,,,,,,,,,,,,,,,,,,
65,,,,,,,,,,,,,,,,,,,,,,,,,,C - CAMIONETA,CHRYSLER,ASPER,VERACRUZ,BLANCO/CREMA,HECHO EN USA,1A8HX58208F08F34610,P - PARTICULAR,SI,42,HOMBRE,C,SI,,,3500,,,,,,,,,,,,,,,,,,,,,,
66,XALAPA,03/07/2014,VIERNES,,10:40,,XALAPA,XALAPA,URBANA,,,HERMINIO CABAÑAS,REVOLUCION,,BUENO,NIEBLA,CONCRETO,,A NIVEL,NINGUNA,SIN RESTRICCIÓN,COLISIÓN,POR ALCANCE,,2,,,,,,,,,,,,,,,,,0,,,,,,,,,,,,,,,,,,,,,
66,,,,,,,,,,,,,,,,,,,,,,,,,,M - MOTOCICLETA,KURAZAI,150C,VERACRUZ,NEGRO,SIN NUMERO,GA16772082Y,P - PARTICULAR,NO,22,HOMBRE,,NO,NO GUARDAR DISTANCIA,NO APLICA,500,,,,,,,,,,,,,,,,,,,,,,
66,,,,,,,,,,,,,,,,,,,,,,,,,,A - AUTOMÓVIL,NISSAN,TSURU,VERACRUZ,BLANCO/VERDE,SIN NUMERO,3NIEB31508K310634,PE - PÚBLICO ESTATAL,SI,37,HOMBRE,A,SI,,,850,,,,,,,,,,,,,,,,,,,,,,
67,XALAPA,03/07/2014,VIERNES,11:33,11:50,12:20,XALAPA,XALAPA,URBANA,,,PASEO LAS PALMAS,ANIMAS,,BUENO,,CONCRETO,,A NIVEL,NINGUNA,SIN RESTRICCIÓN,COLISIÓN,POR ALCANCE,,2,,,,,,,,,,,,,,,,,0,,,,,,,,,,,,,,,,,,,,,
67,,,,,,,,,,,,,,,,,,,,,,,,,,C - CAMIONETA,NISSAN,REDILAS,VERACRUZ,BLANCO/ROJO,KA2457414M,3NIGCAD211279,P - PARTICULAR,NO,31,HOMBRE,A,SI,VELOCIDAD INMODERADA,NO APLICA,1000,,,,,,,,,,,,,,,,,,,,,,
67,,,,,,,,,,,,,,,,,,,,,,,,,,M - MOTOCICLETA,HONDA,,VERACRUZ,AZUL,JHZPC37094M101766,4.00E+17,P - PARTICULAR,NO,22,HOMBRE,,NO,,,4000,,,,,,,,,,,,,,,,,,,,,,
68,XALAPA,03/07/2014,VIERNES,18:51,19:25,20:30,XALAPA,XALAPA,URBANA,,,FERNANDO GUTIERREZ BARRIOS,LUZ DEL BARRIO,,BUENO,,CONCRETO,,A NIVEL,NINGUNA,SIN RESTRICCIÓN,ATROPELLAMIENTO,,,1,,,,,,,,,,,,,,,,,1,,,,,,,,,,,,,,,,,,,,,
68,,,,,,,,,,,,,,,,,,,,,,,,,,C - CAMIONETA,CHRYSLER,PLYMOUNTH,VERACRUZ,GRIS,SIN NUMERO,1P4GH2433R162132,P - PARTICULAR,NO,34,MUJER,A,SI,NO GUARDAR DISTANCIA,NO APLICA,SIN DAÑOS,,,,,,1,,,,,,,,,,,,,,,,
69,XALAPA,03/07/2014,VIERNES,,03:40,,XALAPA,XALAPA,URBANA,,,AVENIDA LAZARO CARDENAS,RAFAEL LUCIO,,BUENO,,ASFALTO,SECO,A NIVEL,NINGUNA,SIN RESTRICCIÓN,,,OBJETO FIJO,1,,,,,,,,,,,,,,,,,0,,,,,,,,,,,,,,,,,,,,,
69,,,,,,,,,,,1,,,,,,,,,,,,,,,A - AUTOMÓVIL,NISSAN,PLATINA,VERACRUZ,AZUL,Q957411,3NIJW015662230721,P - PARTICULAR,NO,,,,NO,VELOCIDAD INMODERADA,NO APLICA,30000,,,,,,,,,,,,,,,,,,,,,,
70,XALAPA,03/07/2014,VIERNES,,19:40,,XALAPA,XALAPA,URBANA,,,ARCO SUR,MOCTEZUMA,,MALO,,ASFALTO,SECO,DESCENDENTE,NINGUNA,SIN RESTRICCIÓN,COLISIÓN,ÁNGULO,,2,A - AUTOMÓVIL,NISSAN,TSURU,VERACRUZ,BLANCO/ROJO,GA16877467V,31EB31507K314528,PE - PÚBLICO ESTATAL,SI,55,HOMBRE,A,SI,,,900,0,,,,,,,,,,,,,,,,,,,,,
70,,,,,,,,,,,14,,,,,,,,,,,,,,,M - MOTOCICLETA,HONDA,,VERACRUZ,ROJO,KCOR2075984,ME4KC05JID8008074,P - PARTICULAR,NO,22,HOMBRE,D,SI,NO GUARDAR DISTANCIA,NO APLICA,10000,,,,,,,,,,,,,,,,,,,,,,
70,,,,,,,,,,,,,,,,,,,,,,,,,,A - AUTOMÓVIL,VOLKSWAGEN,SEAT,VERACRUZ,VERDE,CEK06066A,VSSFK46JSE11535,P - PARTICULAR,SI,,,,NO,,,1500,,,,,,,,,,,,,,,,,,,,,,
71,XALAPA,03/07/2014,VIERNES,,08:30,,XALAPA,XALAPA,URBANA,,,AVENIDA LAZARO CARDENAS,ANIMAS,,BUENO,,ASFALTO,SECO,A NIVEL,NINGUNA,SIN RESTRICCIÓN,OTRO,FALLA MECÁNICA,,2,,,,,,,,,,,,,,,,,0,,,,,,,,,,,,,,,,,,,,,
71,,,,,,,,,,,1,,,,,,,,,,,,,,,C - CAMIONETA,FORD,F-250,VERACRUZ,AZUL,L06742,3FTEF257RMA05789,P - PARTICULAR,NO,26,HOMBRE,B,SI,OTRO,NO APLICA,2000,,,,,,,,,,,,,,,,,,,,,,
71,,,,,,,,,,,,,,,,,,,,,,,,,,A - AUTOMÓVIL,NISSAN,TSURU,VERACRUZ,ROJO/BLANCO,GA1680833684,3FTEFF25N7RAD5789,PE - PÚBLICO ESTATAL,SI,66,HOMBRE,A,SI,,,25000,,,,,,,,,,,,,,,,,,,,,,
72,XALAPA,03/08/2014,SÁBADO,,06:15,,XALAPA,XALAPA,URBANA,,,PROLONGACION DIAMANTE,FOVISSSTE,,BUENO,,CONCRETO,,DESCENDENTE,NINGUNA,SIN RESTRICCIÓN,COLISIÓN,POR ALCANCE,,2,,,,,,,,,,,,,,,,,0,,,,,,,,,,,,,,,,,,,,,
72,,,,,,,,,,,,,,,,,,,,,,,,,,C - CAMIONETA,CHEVROLET,SILVERADO,VERACRUZ,BLANCO,HECHO EN MEXICO,3GCNC9CXB2514704,P - PARTICULAR,NO,29,HOMBRE,A,SI,NO GUARDAR DISTANCIA,NO APLICA,1500,,,,,,,,,,,,,,,,,,,,,,
72,,,,,,,,,,,,,,,,,,,,,,,,,,A - AUTOMÓVIL,NISSAN,TSURU,VERACRUZ,ROJO/BLANCO,GA167330982,3NIEB3155EK302405,PE - PÚBLICO ESTATAL,NO,22,HOMBRE,A,SI,,,8000,,,,,,,,,,,,,,,,,,,,,,
73,XALAPA,03/08/2014,SÁBADO,,07:10,07:40,XALAPA,XALAPA,URBANA,,,AVENIDA MURILLO VIDAL,CENTRO,PRESIDENTES,BUENO,,CONCRETO,,ASCENDENTE,NINGUNA,ACCIDENTE PREVIO,COLISIÓN,ÁNGULO,,2,,,,,,,,,,,,,,,,,1,,,,,,,,,,,,,,,,,,,,,
73,,,,,,,,,,,11,,,,,,,,,,,,,,,M - MOTOCICLETA,BILEEX,VENOTI,VERACRUZ,AZUL/AMARILLO,SIN NUMERO,GA16792997P,P - PARTICULAR,NO,19,HOMBRE,,NO,NO RESPETAR SEMÁFORO,NO APLICA,800,,,,,,,,,,,,,,,,,,,,,,
73,,,,,,,,,,,,,,,,,,,,,,,,,,A - AUTOMÓVIL,NISSAN,TSURU,VERACRUZ,ROJO,SIN NUMERO,158B1309393,P - PARTICULAR,NO,52,HOMBRE,A,SI,,,500,,,,,1,,,,,,,,,,,,,,,,,
74,XALAPA,03/08/2014,SÁBADO,,07:55,08:10,XALAPA,XALAPA,URBANA,,,AVENIDA AVILA CAMACHO,CENTRO,MIGUEL ALEMAN,BUENO,,CONCRETO,,ASCENDENTE,NINGUNA,ACCIDENTE PREVIO,COLISIÓN,ÁNGULO,,2,,,,,,,,,,,,,,,,,0,,,,,,,,,,,,,,,,,,,,,
74,,,,,,,,,,,4,,,,,,,,,,,,,,,CC - CAMIÓN DE CARGA,CHRYSLER,CHASIS,VERACRUZ,BLANCO,9.07E+13,3ALCX60028013,P - PARTICULAR,SI,38,HOMBRE,B,SI,NO RESPETAR SEMÁFORO,NO APLICA,300,,,,,,,,,,,,,,,,,,,,,,
74,,,,,,,,,,,,,,,,,,,,,,,,,,A - AUTOMÓVIL,NISSAN,TSURU,VERACRUZ,BLANCO/VERDE,GA16895216V,3NIEB5116K328854,PE - PÚBLICO ESTATAL,SI,47,HOMBRE,A,SI,,,900,,,,,,,,,,,,,,,,,,,,,,
75,XALAPA,03/08/2014,SÁBADO,,11:10,,XALAPA,XALAPA,URBANA,,,HORTENCIA Y COLIMA,,,BUENO,,CONCRETO,,A NIVEL,NINGUNA,SIN RESTRICCIÓN,COLISIÓN,POR ALCANCE,,2,,,,,,,,,,,,,,,,,0,,,,,,,,,,,,,,,,,,,,,
75,,,,,,,,,,,,,,,,,,,,,,,,,,A - AUTOMÓVIL,CHEVROLET,CORSA,VERACRUZ,AZUL,ZL5006815,SIN NUMERO,P - PARTICULAR,NO,45,HOMBRE,,NO,VELOCIDAD INMODERADA,OTRO,6000,,,,,,,,,,,,,,,,,,,,,,
75,,,,,,,,,,,,,,,,,,,,,,,,,,A - AUTOMÓVIL,NISSAN,TSURU,VERACRUZ,BLANCO/VERDE,SIN NUMERO,SIN NUMERO,PE - PÚBLICO ESTATAL,NO,40,HOMBRE,A,SI,,,10000,,,,,,,,,,,,,,,,,,,,,,
76,XALAPA,03/08/2014,SÁBADO,,11:50,,XALAPA,XALAPA,URBANA,,,CALLE REVOLUCION,CENTRO,,BUENO,,CONCRETO,SECO,A NIVEL,NINGUNA,SIN RESTRICCIÓN,COLISIÓN,POR ALCANCE,,2,,,,,,,,,,,,,,,,,0,,,,,,,,,,,,,,,,,,,,,
76,,,,,,,,,,,,,,,,,,,,,,,,,,AS - AUTOBÚS SUBURBANO,NAVISTAR,CHASIS,VERACRUZ,BLANCO,SIN NUMERO,SIN NUMERO,PE - PÚBLICO ESTATAL,SI,40,HOMBRE,A,SI,REBASAR INDEBIDAMENTE,NO APLICA,1000,,,,,,,,,,,,,,,,,,,,,,
76,,,,,,,,,,,,,,,,,,,,,,,,,,A - AUTOMÓVIL,CHEVROLET,CHEVY,VERACRUZ,BLANCO/VERDE,SIN NUMERO,SIN NUMERO,PE - PÚBLICO ESTATAL,SI,42,HOMBRE,A,SI,,,5000,,,,,,,,,,,,,,,,,,,,,,
77,XALAPA,03/08/2014,SÁBADO,,15:00,15:20,XALAPA,XALAPA,URBANA,,,AVENIDA LAZARO CARDENAS,ENCINAL,,BUENO,SOLEADO,CONCRETO,SECO,ASCENDENTE,NINGUNA,SIN RESTRICCIÓN,,MANIOBRA EN REVERSA,,2,,,,,,,,,,,,,,,,,0,,,,,,,,,,,,,,,,,,,,,
77,,,,,,,,,,,1,,,,,,,,,,,,,,,A - AUTOMÓVIL,NISSAN,TSURU,DISTRITO FEDERAL,ROJO,GA167449872,3NIEB31S9EK2208,P - PARTICULAR,SI,50,HOMBRE,A,SI,NO GUARDAR DISTANCIA,NO APLICA,1500,,,,,,,,,,,,,,,,,,,,,,
77,,,,,,,,,,,,,,,,,,,,,,,,,,A - AUTOMÓVIL,NISSAN,VERSA,VERACRUZ,NEGRO,HR16714038H,3NIC7ADEK39367,P - PARTICULAR,SI,25,HOMBRE,,NO,,,2500,,,,,,,,,,,,,,,,,,,,,,
78,XALAPA,03/08/2014,SÁBADO,,22:20,,XALAPA,XALAPA,URBANA,,,BOULEVARD XALAPA-BANDERILLA,21 DE MARZO,,BUENO,,CONCRETO,SECO,A NIVEL,NINGUNA,SIN RESTRICCIÓN,COLISIÓN,POR ALCANCE,,2,,,,,,,,,,,,,,,,,0,,,,,,,,,,,,,,,,,,,,,
78,,,,,,,,,,,,,,,,,,,,,,,,,,C - CAMIONETA,FORD,LOBO,VERACRUZ,AZUL,SIN NUMERO,1FTR08W83393,P - PARTICULAR,NO,29,HOMBRE,A,SI,NO GUARDAR DISTANCIA,NO APLICA,1000,,,,,,,,,,,,,,,,,,,,,,
78,,,,,,,,,,,,,,,,,,,,,,,,,,A - AUTOMÓVIL,MAZDA,SEDAN,DISTRITO FEDERAL,ROJO,PY20255288,JMIGJI381139896,P - PARTICULAR,SI,32,HOMBRE,B,SI,,,1200,,,,,,,,,,,,,,,,,,,,,,
79,XALAPA,03/08/2014,SÁBADO,,23:20,,XALAPA,XALAPA,URBANA,,,MANUEL M. CONTRERAS,,,BUENO,,CONCRETO,,ASCENDENTE,NINGUNA,SIN RESTRICCIÓN,COLISIÓN,ÁNGULO,,2,,,,,,,,,,,,,,,,,0,,,,,,,,,,,,,,,,,,,,,
79,,,,,,,,,,,,,,,,,,,,,,,,,,C - CAMIONETA,CHEVROLET,PICK UP,VERACRUZ,NEGRO,SIN NUMERO,SIN NUMERO,P - PARTICULAR,NO,35,HOMBRE,A,SI,NO GUARDAR DISTANCIA,NO APLICA,2000,,,,,,,,,,,,,,,,,,,,,,
79,,,,,,,,,,,,,,,,,,,,,,,,,,A - AUTOMÓVIL,NISSAN,TSURU,VERACRUZ,BLANCO/VERDE,SIN NUMERO,GA16771367W,PE - PÚBLICO ESTATAL,NO,47,HOMBRE,A,SI,,,8000,,,,,,,,,,,,,,,,,,,,,,
80,XALAPA,03/08/2014,SÁBADO,,12:22,,XALAPA,XALAPA,URBANA,,,AVENIDA MANUEL AVILA CAMACHO,FERRER GUARDIA,,BUENO,SOLEADO,CONCRETO,SECO,DESCENDENTE,NINGUNA,SIN RESTRICCIÓN,ATROPELLAMIENTO,,,1,,,,,,,,,,,,,,,,,1,,,,,,,,,,,,,,,,,,,,,
80,,,,,,,,,,,4,,,,,,,,,,,,,,,A - AUTOMÓVIL,NISSAN,TSURU,VERACRUZ,ROJO/BLANCO,GA16823921W,3NIEB169302855,PE - PÚBLICO ESTATAL,SI,47,HOMBRE,A,SI,VELOCIDAD INMODERADA,NO APLICA,1500,,,,1,,,,,,,,,,,,,,,,,,
81,XALAPA,03/08/2014,SÁBADO,,23:25,,XALAPA,XALAPA,URBANA,,,AVENIDA MIGUEL ALEMAN,FERROCARRILERA,,BUENO,,ASFALTO,,A NIVEL,NINGUNA,SIN RESTRICCIÓN,COLISIÓN,,OBJETO FIJO,1,,,,,,,,,,,,,,,,,0,,,,,,,,,,,,,,,,,,,,,
81,,,,,,,,,,,,,,,,,,,,,,,,,,A - AUTOMÓVIL,PONTIAC,SEDAN,DISTRITO FEDERAL,GRIS,SIN NUMERO,SIN NUMERO,P - PARTICULAR,NO,,,,NO,VELOCIDAD INMODERADA,NO APLICA,20000,,,,,,,,,,,,,,,,,,,,,,
82,XALAPA,03/08/2014,SÁBADO,,19:20,,XALAPA,XALAPA,URBANA,,,AVENIDA AVILA CAMACHO,CENTRO,,BUENO,,CONCRETO,,A NIVEL,NINGUNA,SIN RESTRICCIÓN,COLISIÓN,POR ALCANCE,,3,A - AUTOMÓVIL,CHEVROLET,CHEVY,VERACRUZ,AZUL,HECHO EN MEXICO,3G15E467151528530,P - PARTICULAR,NO,18,HOMBRE,C,SI,,,3000,0,,,,,,,,,,,,,,,,,,,,,
82,,,,,,,,,,,4,,,,,,,,,,,,,,,A - AUTOMÓVIL,NISSAN,TSURU,VERACRUZ,BLANCO/VERDE,GA16854151W,3NIEB315X99K,PE - PÚBLICO ESTATAL,NO,33,HOMBRE,C,SI,NO GUARDAR DISTANCIA,NO APLICA,3000,,,,,,,,,,,,,,,,,,,,,,
82,,,,,,,,,,,,,,,,,,,,,,,,,,A - AUTOMÓVIL,NISSAN,TSURU,VERACRUZ,BLANCO/VERDE,GA16824293Y,3NIEB3151CK303483,PE - PÚBLICO ESTATAL,NO,25,HOMBRE,A,SI,,,3000,,,,,,,,,,,,,,,,,,,,,,
83,VERACRUZ,03/08/2014,SÁBADO,,09:05,,XALAPA,XALAPA,URBANA,,,AVENIDA XALAPA,,,BUENO,SOLEADO,ASFALTO,,A NIVEL,NINGUNA,SIN RESTRICCIÓN,COLISIÓN,POR ALCANCE,,3,C - CAMIONETA,VOLKSWAGEN,CROSSFOX,DISTRITO FEDERAL,NEGRO,SIN NUMERO,SIN NUMERO,P - PARTICULAR,NO,23,HOMBRE,A,SI,,,10000,3,,,,,,,,,,,,,,,,,,,,,
83,,,,,,,,,,,7,,,,,,,,,,,,,,,A - AUTOMÓVIL,NISSAN,TSURU,VERACRUZ,BLANCO/ROJO,GA16700414Z,3NIEB31S1DK31499,PE - PÚBLICO ESTATAL,NO,48,HOMBRE,A,SI,NO GUARDAR DISTANCIA,NO APLICA,15000,,,,,,,,,,,,,,,,,,,,,,
83,,,,,,,,,,,,,,,,,,,,,,,,,,AS - AUTOBÚS SUBURBANO,INTERNATIONAL,CHASIS,VERACRUZ,BLANCO,SIN NUMERO,SIN NUMERO,PE - PÚBLICO ESTATAL,NO,34,HOMBRE,A,SI,,,1000,,1,1,,,,,,1,,,,,,,,,,,,,
84,XALAPA,03/08/2014,SÁBADO,,00:30,,XALAPA,XALAPA,URBANA,,,AVENIDA LAZARO CARDENAS,,PUENTE ARAUCARIAS,BUENO,,ASFALTO,,A NIVEL,NINGUNA,SIN RESTRICCIÓN,COLISIÓN,ÁNGULO,,2,,,,,,,,,,,,,,,,,1,,,,,,,,,,,,,,,,,,,,,
84,,,,,,,,,,,1,,,,,,,,,,,,,,,A - AUTOMÓVIL,VOLKSWAGEN,POINTER,DISTRITO FEDERAL,ROJO,SIN NUMERO,SIN NUMERO,P - PARTICULAR,NO,30,HOMBRE,,NO,VELOCIDAD INMODERADA,NO APLICA,10000,,,,,,,,,,,,,,,,,,,,,,
84,,,,,,,,,,,,,,,,,,,,,,,,,,A - AUTOMÓVIL,FORD,FUSION,VERACRUZ,NEGRO,SIN NUMERO,3FAH908189R95489,P - PARTICULAR,NO,44,HOMBRE,A,SI,,,20000,,,,,1,,,,,,,,,,,,,,,,,
85,XALAPA,03/09/2014,DOMINGO,21:30,21:48,22:20,XALAPA,XALAPA,URBANA,,,AVENIDA LAZARO CARDENAS,,DELFINO VALENZUELA.,BUENO,,CONCRETO,,A NIVEL,SEMÁFORO FUNCIONANDO,SIN RESTRICCIÓN,COLISIÓN,POR ALCANCE,,2,,,,,,,,,,,,,,,,,0,,,,,,,,,,,,,,,,,,,,,
85,,,,,,,,,,,1,,,,,,,,,,,,,,,AS - AUTOBÚS SUBURBANO,INTERNATIONAL,CHASIS,VERACRUZ,AMARILLO,YA006394,3HBBZSENXDL,PE - PÚBLICO ESTATAL,SI,37,HOMBRE,A,SI,,,1500,,,,,,,,,,,,,,,,,,,,,,
85,,,,,,,,,,,,,,,,,,,,,,,,,,AS - AUTOBÚS SUBURBANO,INTERNATIONAL,NAVISTAR,VERACRUZ,BLANCO/VERDE,470HMZU1338818,3HBVBNAA82N539626,PE - PÚBLICO ESTATAL,SI,38,HOMBRE,A,SI,NO GUARDAR DISTANCIA,NO APLICA,3000,,,,,,,,,,,,,,,,,,,,,,
86,XALAPA,03/09/2014,DOMINGO,,21:45,,XALAPA,XALAPA,URBANA,,,AVENIDA MURILLO VIDAL,CUAUHTEMOC,RIO PAPALOAPAN,REGULAR,LLUVIA,CONCRETO,MOJADO,A NIVEL,SEMÁFORO FUNCIONANDO,SIN RESTRICCIÓN,COLISIÓN,,VEHÍCULO ESTACIONADO,2,,,,,,,,,,,,,,,,,0,,,,,,,,,,,,,,,,,,,,,
86,,,,,,,,,,,11,,,,,,,,,,,,,,,C - CAMIONETA,GENERAL MOTORS,SUBURBAN,TLAXCALA,PLATA,HECHO EN USA,1GNC07B1535,P - PARTICULAR,SI,42,HOMBRE,A,SI,,,15000,,,,,,,,,,,,,,,,,,,,,,
86,,,,,,,,,,,,,,,,,,,,,,,,,,C - CAMIONETA,GENERAL MOTORS,SILVERADO,OAXACA,BLANCO,HECHO EN MEXICO,3GCEC14V56G222871,P - PARTICULAR,SI,,,,NO,VELOCIDAD INMODERADA,NO APLICA,17000,,,,,,,,,,,,,,,,,,,,,,
87,XALAPA,03/09/2014,DOMINGO,,19:55,20:25,XALAPA,XALAPA,URBANA,,,AVENIDA RUIZ CORTINES,OBRERO CAMPESINA,,BUENO,SOLEADO,ASFALTO,,ASCENDENTE,SEMÁFORO FUNCIONANDO,ACCIDENTE PREVIO,COLISIÓN,,VEHÍCULO ESTACIONADO,3,,,,,,,,,,,,,,,,,0,,,,,,,,,,,,,,,,,,,,,
87,,,,,,,,,,,2,,,,,,,,,,,,,,,A - AUTOMÓVIL,NISSAN,TSURU,VERACRUZ,BLANCO/ROJO,GA1685592445,3NIEB31J536410,PE - PÚBLICO ESTATAL,SI,42,HOMBRE,A,SI,NO GUARDAR DISTANCIA,NO APLICA,400,,,,,,,,,,,,,,,,,,,,,,
87,,,,,,,,,,,,,,,,,,,,,,,,,,A - AUTOMÓVIL,PEUGEOT,,VERACRUZ,ROJO,Q836610,XV33CK8401589,P - PARTICULAR,NO,37,HOMBRE,B,SI,,,600,,,,,,,,,,,,,,,,,,,,,,
88,XALAPA,03/09/2014,DOMINGO,,13:30,,XALAPA,XALAPA,URBANA,,,AVENIDA 20 DE NOVIEMBRE,JUSTO SIERRA,,BUENO,SOLEADO,CONCRETO,SECO,A NIVEL,NINGUNA,SIN RESTRICCIÓN,COLISIÓN,LATERAL,,2,,,,,,,,,,,,,,,,,0,,,,,,,,,,,,,,,,,,,,,
88,,,,,,,,,,,5,,,,,,,,,,,,,,,A - AUTOMÓVIL,NISSAN,TSURU,VERACRUZ,BLANCO/VERDE,GA16758826Y,3NIEB31S1AK333242,PE - PÚBLICO ESTATAL,NO,19,HOMBRE,A,SI,CAMBIAR CARRIL SIN PRECAUCIÓN,NO APLICA,SIN DAÑOS,,,,,,,,,,,,,,,,,,,,,,
88,,,,,,,,,,,,,,,,,,,,,,,,,,A - AUTOMÓVIL,FORD,FOCUS,VERACRUZ,BLANCO,SIN NUMERO,1FABP33364W13541,P - PARTICULAR,NO,43,HOMBRE,C,SI,,,800,,,,,,,,,,,,,,,,,,,,,,