idMES,DELEGACION DE TRANSITO,FECHA DEL ACCIDENTE,DIA DE LA SEMANA,HORA EN QUE SE RECIBIO LA LLAMADA REPORTANDO EL ACCIDENTE,HORA DE ARRIBO DEL PERITO AL SITIO,HORA DE REGRESO DEL PERITO A LAS INSTALACIONES DE SU DELEGACION,LOCALIDAD ACCIDENTE,MUNICIPIO ACCIDENTE,ZONA,CARRETERA/KILOMETRO DEL ACCIDENTE,NUMERO DE AVENIDA,CALLE/AVENIDA DEL ACCIDENTE,COLONIA,ENTRE CALLES,CONDICIONES DE LA VIA,CONDICIONES NATURALES,SUPERFICIE DE LA VIA,ESTADO DE LA VIA,TANGENTE,TIPO DE CONTROL DE TRANSITO,RESTRICCIONES DE LA VIA,TIPO DE ACCIDENTE,FORMA DE ACCIDENTARSE,CONTRA QUE FUE EL IMPACTO,CANTIDAD DE VEHICULOS,TIPO DE VEHICULO,MARCA,SUBMARCA,ENTIDAD FEDERATIVA DEL VEHICULO,COLOR DEL VEHICULO,MOTOR,SERIE,TIPO DE SERVICIO PARA EL QUE SE OCUPAN LOS VEHICULOS,ASEGURADO,EDAD CONDUCTOR,SEXO CONDUCTOR,TIPO LICENCIA,LICENCIA VIGENTE,CAUSA ATRIBUIBLE AL CONDUCTOR,CAUSA ATRIBUIBLE AL PEATON,DANIOS (MONTO APROXIMADO EN MXN),NUMERO DE HERIDOS,MUJER HERIDA DE 0-15 ANIOS,HOMBRE HERIDO DE 0-15 ANIOS,MUJER HERIDA DE 16-30 ANIOS,HOMBRE HERIDO DE 16-30 ANIOS,MUJER HERIDA DE 31-45 ANIOS,HOMBRE HERIDO DE 31-45 ANIOS,MUJER HERIDA DE 46-60 ANIOS,HOMBRE HERIDO DE 46-60 ANIOS,MUJER HERIDA MAS DE 60 ANIOS,HOMBRE HERIDO MAS DE 60 ANIOS,NUMERO DE MUERTOS,MUJER MUERTA DE 0-15 ANIOS,HOMBRE MUERTO DE 0-15 ANIOS,MUJER MUERTA DE 16-30 ANIOS,HOMBRE MUERTO DE 16-30 ANIOS,MUJER MUERTA DE 31-45 ANIOS,HOMBRE MUERTO DE 31-45 ANIOS,MUJER MUERTA DE 46-60 ANIOS,HOMBRE MUERTO DE 46-60 ANIOS,MUJER MUERTA MAS DE 60 ANIOS,HOMBRE MUERTO MAS DE 60 ANIOS
89,XALAPA,03/09/2014,DOMINGO,,07:10,,XALAPA,XALAPA,URBANA,,,RUIZ CORTINES,,,BUENO,,ASFALTO,SECO,ASCENDENTE,NINGUNA,SIN RESTRICCIÓN,COLISIÓN,ÁNGULO,,2,,,,,,,,,,,,,,,,,0,,,,,,,,,,,,,,,,,,,,,
89,,,,,,,,,,,2,,,,,,,,,,,,,,,C - CAMIONETA,FORD,MOTOR,VERACRUZ,BLANCO,SIN NUMERO,SIN NUMERO,P - PARTICULAR,NO,28,HOMBRE,,NO,NO RESPETAR SEÑAL DE ALTO,NO APLICA,4000,,,,,,,,,,,,,,,,,,,,,,
89,,,,,,,,,,,,,,,,,,,,,,,,,,C - CAMIONETA,VOLKSWAGEN,CARIBE,PUEBLA,ROJO,SIN NUMERO,SIN NUMERO,P - PARTICULAR,NO,53,HOMBRE,A,SI,,,6000,,,,,,,,,,,,,,,,,,,,,,
90,XALAPA,03/09/2014,DOMINGO,,19:40,20:00,XALAPA,XALAPA,URBANA,,,AVENIDA RUIZ CORTINES,OBRERO CAMPESINA,,BUENO,SOLEADO,ASFALTO,,ASCENDENTE,NINGUNA,SIN RESTRICCIÓN,ATROPELLAMIENTO,,,1,,,,,,,,,,,,,,,,,1,,,,,,,,,,,,,,,,,,,,,
90,,,,,,,,,,,2,,,,,,,,,,,,,,,C - CAMIONETA,CHRYSLER,JEEP,VERACRUZ,BLANCO,HECHO EN USA,1C4AJCC603067,P - PARTICULAR,SI,24,HOMBRE,A,SI,VELOCIDAD INMODERADA,NO APLICA,500,,,,,1,,,,,,,,,,,,,,,,,
91,XALAPA,03/09/2014,DOMINGO,20:55,21:20,,XALAPA,XALAPA,URBANA,,,AVENIDA LAZARO CARDENAS,PASTORESA,,BUENO,LLUVIA,ASFALTO,MOJADO,A NIVEL,MARCA EN PAVIMENTO,SIN RESTRICCIÓN,COLISIÓN,POR ALCANCE,,3,A - AUTOMÓVIL,RENAULT,SEDAN,DISTRITO FEDERAL,AZUL,SIN NUMERO,VFIHCI7C9105035B,P - PARTICULAR,NO,33,HOMBRE,,NO,,,4000,0,,,,,,,,,,,,,,,,,,,,,
91,,,,,,,,,,,1,,,,,,,,,,,,,,,C - CAMIONETA,CHRYSLER,CHRYSLER,VERACRUZ,BLANCO,HECHO EN MEXICO,3D49FB4AT004470,P - PARTICULAR,SI,64,HOMBRE,C,SI,NO GUARDAR DISTANCIA,NO APLICA,2000,,,,,,,,,,,,,,,,,,,,,,
91,,,,,,,,,,,,,,,,,,,,,,,,,,A - AUTOMÓVIL,VOLKSWAGEN,VOLKSWAGEN,VERACRUZ,AZUL,BBX00737,VSSRKL841468,P - PARTICULAR,SI,56,HOMBRE,B,SI,,,3500,,,,,,,,,,,,,,,,,,,,,,
92,XALAPA,03/10/2014,LUNES,,10:50,,XALAPA,XALAPA,URBANA,,,AVENIDA RUIZ CORTINES,,ACUEDUCTO,BUENO,,ASFALTO,SECO,A NIVEL,NINGUNA,SIN RESTRICCIÓN,COLISIÓN,POR ALCANCE,VEHÍCULO CIRCULANDO,4,C - CAMIONETA,NISSAN,DOBLE CABINA,VERACRUZ,BLANCO,ADD269952,BAWJC09E43A650435,P - PARTICULAR,NO,76,HOMBRE,B,SI,NO GUARDAR DISTANCIA,NO APLICA,6000,0,,,,,,,,,,,,,,,,,,,,,
92,,,,,,,,,,,2,,,,,,,,,,,,,,,A - AUTOMÓVIL,NISSAN,TSURU,VERACRUZ,BLANCO/VERDE,GA16782939W,3N1EB31S78K339069,PE - PÚBLICO ESTATAL,SI,28,HOMBRE,,,,,15000,,,,,,,,,,,,,,,,,,,,,,
92,,,,,,,,,,,,,,,,,,,,,,,,,,A - AUTOMÓVIL,VOLKSWAGEN,DERBY,VERACRUZ,,,,P - PARTICULAR,NO,41,HOMBRE,,,,,10000,,,,,,,,,,,,,,,,,,,,,,
93,XALAPA,03/10/2014,LUNES,,11:50,,XALAPA,XALAPA,URBANA,,,AVENIDA 20 DE NOVIEMBRE,LA PIEDAD,FTE. AL No. 421,BUENO,SOLEADO,CONCRETO,SECO,ASCENDENTE,SEMÁFORO FUNCIONANDO,SIN RESTRICCIÓN,COLISIÓN,POR ALCANCE,VEHÍCULO CIRCULANDO,2,AS - AUTOBÚS SUBURBANO,NAVISTAR,CHASIS,VERACRUZ,BLANCO/VERDE,470HMUZ1493291,3HUB2AAN97N396518,PE - PÚBLICO ESTATAL,NO,35,HOMBRE,A,SI,NO GUARDAR DISTANCIA,NO APLICA,1000,0,,,,,,,,,,,,,,,,,,,,,
93,,,,,,,,,,,5,,,,,,,,,,,,,,,A - AUTOMÓVIL,NISSAN,VERSA,VERACRUZ,BLANCO,HR16846096G,3N1CN7409EK410243,P - PARTICULAR,SI,50,HOMBRE,A,SI,,,15000,,,,,,,,,,,,,,,,,,,,,,
94,XALAPA,03/10/2014,LUNES,,12:15,,XALAPA,XALAPA,URBANA,,,AVENIDA BOLIVIA,CENTRO,ALLENDE,BUENO,,ASFALTO,SECO,A NIVEL,NINGUNA,SIN RESTRICCIÓN,COLISIÓN,POR ALCANCE,VEHÍCULO CIRCULANDO,2,AS - AUTOBÚS SUBURBANO,MERCEDES BENZ,CHASIS,VERACRUZ,BLANCO/VERDE,,,PE - PÚBLICO ESTATAL,,28,HOMBRE,A,SI,NO GUARDAR DISTANCIA,NO APLICA,,0,,,,,,,,,,,,,,,,,,,,,
94,,,,,,,,,,,19,,,,,,,,,,,,,,,A - AUTOMÓVIL,NISSAN,URVAN,VERACRUZ,BLANCO/AZUL,KA24825800Y,JN6FE52S87X587215,PE - PÚBLICO ESTATAL,,45,HOMBRE,A,SI,,,1200,,,,,,,,,,,,,,,,,,,,,,
95,XALAPA,03/10/2014,LUNES,,13:20,,XALAPA,XALAPA,URBANA,CARRETERA EL CASTILLO ALA ALTRA DEL RANCHO EL DÓLAR,,,,,REGULAR,SOLEADO,ASFALTO,SECO,ASCENDENTE,NINGUNA,SIN RESTRICCIÓN,SALIDA DE CAMINO,,,1,A - AUTOMÓVIL,NISSAN,TSURU,VERACRUZ,BLANCPO/VERDE,GA167409494,3N1EB31S0AK337346,PE - PÚBLICO ESTATAL,SI,41,HOMBRE,A,SI,VELOCIDAD INMODERADA,NO APLICA,10000,0,,,,,,,,,,,,,,,,,,,,,
96,XALAPA,03/10/2014,LUNES,,15:00,,XALAPA,XALAPA,URBANA,,,PIPILA,CENTRO,ALFARO,BUENO,SOLEADO,CONCRETO,SECO,A NIVEL,NINGUNA,SIN RESTRICCIÓN,COLISIÓN,ÁNGULO,VEHÍCULO CIRCULANDO,2,A - AUTOMÓVIL,MINICOOPER,PEPPER,MÉXICO,AZUL,DZ660610,WHWRC31076TH73845,P - PARTICULAR,NO,59,HOMBRE,C,SI,OTRO,NO APLICA,3000,0,,,,,,,,,,,,,,,,,,,,,
96,,,,,,,,,,,,,,,,,,,,,,,,,,A - AUTOMÓVIL,INTERNATIONAL,CHASIS,,,479HMU133484,3HUBUAAN73N552451,PF- PÚBLICO FEDERAL,NO,29,HOMBRE,A,SI,,,100,,,,,,,,,,,,,,,,,,,,,,
97,XALAPA,03/10/2014,LUNES,17:04,17:15,17:25,XALAPA,XALAPA,URBANA,,,REVOLUCION,DEL MAESTRO,ROTONDA,BUENO,NIEBLA,CONCRETO,SECO,A NIVEL,NINGUNA,SIN RESTRICCIÓN,COLISIÓN,LATERAL,VEHÍCULO CIRCULANDO,2,C - CAMIONETA,RENAULT,KANGOO,VERACRUZ,BLANCO,23497,8A1KC81767C016336,P - PARTICULAR,SI,67,HOMBRE,A,SI,REBASAR INDEBIDAMENTE,NO APLICA,1000,0,,,,,,,,,,,,,,,,,,,,,
97,,,,,,,,,,,,,,,,,,,,,,,,,,A - AUTOMÓVIL,NISSAN,TSURU,VERACRUZ,BLANCO/VERDE,GA16724553Y,3N1EB31S3AK314316,PE - PÚBLICO ESTATAL,SI,,,,,,,1000,,,,,,,,,,,,,,,,,,,,,,
98,XALAPA,03/10/2014,LUNES,17:30,17:40,17:55,XALAPA,XALAPA,URBANA,,,AVENIDA AVILA CAMACHO,TAMBORREL,IGNACIO DE LA LLAVE,BUENO,,CONCRETO,SECO,A NIVEL,NINGUNA,SIN RESTRICCIÓN,COLISIÓN,LATERAL,VEHÍCULO CIRCULANDO,2,C - CAMIONETA,RENAULT,KOLEOS,PUEBLA,BLANCO,P112823,VF1VY22646DC426820,P - PARTICULAR,SI,26,MUJER,C,SI,NO RESPETAR CEDA EL PASO,NO APLICA,1200,0,,,,,,,,,,,,,,,,,,,,,
98,,,,,,,,,,,4,,,,,,,,,,,,,,,M - MOTOCICLETA,ITALIKA,,VERACRUZ,ROJO,LC157QMJC6810087,3SCTDSEAK01005713,P - PARTICULAR,NO,26,MUJER,D,SI,,,3000,,,,,,,,,,,,,,,,,,,,,,
99,XALAPA,03/10/2014,LUNES,,19:00,,XALAPA,XALAPA,URBANA,,,POETA JESUS DIAZ,CENTRO,MADERO,BUENO,,CONCRETO,SECO,A NIVEL,NINGUNA,SIN RESTRICCIÓN,COLISIÓN,ÁNGULO,VEHÍCULO CIRCULANDO,2,AS - AUTOBÚS SUBURBANO,FREIGHTLINER,CHASIS,VERACRUZ,BLANCO/VERDE,9.07E+12,3ALAXCS43DK49215,PE - PÚBLICO ESTATAL,NO,37,MUJER,,,OTRO,NO APLICA,500,0,,,,,,,,,,,,,,,,,,,,,
99,,,,,,,,,,,,,,,,,,,,,,,,,,A - AUTOMÓVIL,CHEVROLET,CAVALIER,VERACRUZ,ROJO,55108700,3G1JX544955108700,P - PARTICULAR,NO,68,HOMBRE,,,,,2000,,,,,,,,,,,,,,,,,,,,,,
100,XALAPA,03/10/2014,LUNES,,23:10,,XALAPA,XALAPA,URBANA,,,CHEDRAUI CARAM,,POR IBIZA,BUENO,,CONCRETO,SECO,ASCENDENTE,NINGUNA,SIN RESTRICCIÓN,COLISIÓN,POR ALCANCE,VEHÍCULO CIRCULANDO,2,A - AUTOMÓVIL,MITSUBISHI,SPACE,TABASCO,PLATA,SIN NUMERO,XMCAAB1A54F000318,P - PARTICULAR,,27,MUJER,,,NO GUARDAR DISTANCIA,NO APLICA,3000,0,,,,,,,,,,,,,,,,,,,,,
100,,,,,,,,,,,16,,,,,,,,,,,,,,,A - AUTOMÓVIL,CHEVROLET,CHEVY,VERACRUZ,ROJO,SIN NUMERO,3G1SF6433VS125016,P - PARTICULAR,,,HOMBRE,B,SI,,,3000,,,,,,,,,,,,,,,,,,,,,,
101,XALAPA,03/10/2014,LUNES,,19:00,,XALAPA,XALAPA,URBANA,,,ANDADOR MELON,INFONAVIT SUMIDERO,OLIVO Y MANZANO,BUENO,,CONCRETO,SECO,A NIVEL,NINGUNA,SIN RESTRICCIÓN,COLISIÓN,,OBJETO FIJO,1,C - CAMIONETA,FORD,F-150,VERACRUZ,ROJO,SIN NUMERO,1FTDX1860VKA75658,P - PARTICULAR,NO,59,HOMBRE,A,SI,VELOCIDAD INMODERADA,NO APLICA,60000,0,,,,,,,,,,,,,,,,,,,,,
102,XALAPA,03/10/2014,LUNES,17:15,17:30,,XALAPA,XALAPA,URBANA,,,AVENIDA VILLAHERMOSA,PROGRESO MACUILTEPEC,XALAPA Y RUIZ CORTINEZ,BUENO,,EMPEDRADO,SECO,A NIVEL,NINGUNA,SIN RESTRICCIÓN,COLISIÓN,,OBJETO FIJO,1,C - CAMIONETA,FORD,ECO-SPORT,VERACRUZ,ROJO,SIN NUMERO,9BFUT35FX88960546,P - PARTICULAR,,31,HOMBRE,C,SI,VELOCIDAD INMODERADA,NO APLICA,10000,0,,,,,,,,,,,,,,,,,,,,,
102,,,,,,,,,,,6,,,,,,,,,,,,,,,,,,,,,,,,,,,,,,,,,,,,,,,,,,,,,,,,,,,,
103,XALAPA,03/11/2014,MARTES,,07:10,,XALAPA,XALAPA,URBANA,,,AVENIDA LAZARO CARDENAS,,,BUENO,,ASFALTO,,DESCENDENTE,NINGUNA,SIN RESTRICCIÓN,COLISIÓN,ÁNGULO,,3,A - AUTOMÓVIL,NISSAN,TSURU,VERACRUZ,BLANCO/VERDE,GA16716553Y,3NIEB3153AK317141,PE - PÚBLICO ESTATAL,NO,29,HOMBRE,A,SI,NO GUARDAR DISTANCIA,NO APLICA,8000,2,,,,,,,,,,,,,,,,,,,,,
103,,,,,,,,,,,1,,,,,,,,,,,,,,,A - AUTOMÓVIL,CHEVROLET,MATIZ,VERACRUZ,NARANJA,HECHO EN KOREAA,KL2MM6109C9328,P - PARTICULAR,NO,21,HOMBRE,B,SI,,,8000,,,,,,,,,,,,,,,,,,,,,,
103,,,,,,,,,,,,,,,,,,,,,,,,,,A - AUTOMÓVIL,FORD,ECORT,VERACRUZ,BLANCO,SIN NUMERO,SIN NUMERO,P - PARTICULAR,NO,40,HOMBRE,A,SI,,,6000,,,,1,,1,,,,,,,,,,,,,,,,
104,XALAPA,03/11/2014,MARTES,07:50,08:15,,XALAPA,XALAPA,URBANA,,,AMERICAS,,,BUENO,SOLEADO,ASFALTO,SECO,DESCENDENTE,AGENTE DE TRÁNSITO,SIN RESTRICCIÓN,COLISIÓN,ÁNGULO,,2,,,,,,,,,,,,,,,,,0,,,,,,,,,,,,,,,,,,,,,
104,,,,,,,,,,,3,,,,,,,,,,,,,,,A - AUTOMÓVIL,NISSAN,TSURU,VERACRUZ,BLANCO/VERDE,GA16704259Y,3NIEB3193AK3070,PE - PÚBLICO ESTATAL,SI,51,HOMBRE,A,SI,VELOCIDAD INMODERADA,NO APLICA,500,,,,,,,,,,,,,,,,,,,,,,
104,,,,,,,,,,,,,,,,,,,,,,,,,,A - AUTOMÓVIL,NISSAN,TSURU,VERACRUZ,BLANCO/VERDE,GA1677217Y,3NIEB3153K313785,PE - PÚBLICO ESTATAL,SI,40,HOMBRE,A,SI,,,1500,,,,,,,,,,,,,,,,,,,,,,
105,XALAPA,03/11/2014,MARTES,,10:05,,XALAPA,XALAPA,URBANA,AUTOPISTA PLAN DEL RIO,,,EMILIANO ZAPATA,,BUENO,SOLEADO,ASFALTO,SECO,DESCENDENTE,NINGUNA,SIN RESTRICCIÓN,,,OBJETO FIJO,1,,,,,,,,,,,,,,,,,0,,,,,,,,,,,,,,,,,,,,,
105,,,,,,,,,,,,,,,,,,,,,,,,,,C - CAMIONETA,FORD,RANGER,VERACRUZ,BLANCO,SIN NUMERO,BAFDT5006463368,P - PARTICULAR,SI,34,HOMBRE,C,SI,VELOCIDAD INMODERADA,NO APLICA,20000,,,,,,,,,,,,,,,,,,,,,,
106,XALAPA,03/11/2014,MARTES,10:32,10:50,,XALAPA,XALAPA,URBANA,,,PUENTE BICENTENARIO,,,BUENO,SOLEADO,ASFALTO,SECO,A NIVEL,MARCA EN PAVIMENTO,SIN RESTRICCIÓN,COLISIÓN,LATERAL,,2,,,,,,,,,,,,,,,,,0,,,,,,,,,,,,,,,,,,,,,
106,,,,,,,,,,,1,,,,,,,,,,,,,,,A - AUTOMÓVIL,NISSAN,TIDA,VERACRUZ,ARENA,MR1888061H,3NIBCIADICK611H,P - PARTICULAR,NO,19,HOMBRE,C,SI,CAMBIAR CARRIL SIN PRECAUCIÓN,NO APLICA,3500,,,,,,,,,,,,,,,,,,,,,,
106,,,,,,,,,,,,,,,,,,,,,,,,,,M - MOTOCICLETA,KAWASAKI,,VERACRUZ,ROJO/BLANCO,AV000485316,JK3ZXCI55A012519,P - PARTICULAR,NO,40,HOMBRE,,NO,,,3000,,,,,,,,,,,,,,,,,,,,,,
107,XALAPA,03/11/2014,MARTES,,12:05,,XALAPA,XALAPA,URBANA,,,CIRCUITO PRESIDENTES,CUAUHTEMOC,MAESTROS VERACRUZANOS,BUENO,,CONCRETO,SECO,A NIVEL,NINGUNA,SIN RESTRICCIÓN,COLISIÓN,POR ALCANCE,,2,,,,,,,,,,,,,,,,,0,,,,,,,,,,,,,,,,,,,,,
107,,,,,,,,,,,,,,,,,,,,,,,,,,A - AUTOMÓVIL,NISSAN,TSURU,VERACRUZ,ROJO/BLANCO,GA168267763W,3NIEB31559K304709,PE - PÚBLICO ESTATAL,SI,28,HOMBRE,A,SI,NO GUARDAR DISTANCIA,NO APLICA,1500,,,,,,,,,,,,,,,,,,,,,,
107,,,,,,,,,,,,,,,,,,,,,,,,,,A - AUTOMÓVIL,CHEVROLET,CHEVY,VERACRUZ,BLANCO,HECHO EN MEXICO,3G1SF2425152591,P - PARTICULAR,NO,39,HOMBRE,C,SI,,,100,,,,,,,,,,,,,,,,,,,,,,
108,XALAPA,03/11/2014,MARTES,12:57,13:20,,XALAPA,XALAPA,URBANA,,,ROJANO,CENTRO,ZAMORA,BUENO,SOLEADO,ASFALTO,SECO,DESCENDENTE,NINGUNA,SIN RESTRICCIÓN,COLISIÓN,POR ALCANCE,,2,,,,,,,,,,,,,,,,,0,,,,,,,,,,,,,,,,,,,,,
108,,,,,,,,,,,,,,,,,,,,,,,,,,A - AUTOMÓVIL,NISSAN,TSURU,VERACRUZ,BLANCO/VERDE,GA16899505Y,3NIEB3150DK314,PE - PÚBLICO ESTATAL,NO,48,HOMBRE,A,SI,NO GUARDAR DISTANCIA,NO APLICA,400,,,,,,,,,,,,,,,,,,,,,,
108,,,,,,,,,,,,,,,,,,,,,,,,,,A - AUTOMÓVIL,TOYOTA,YARIS,VERACRUZ,AZUL,IMZE097448,JT0BT9K37CI142287,P - PARTICULAR,SI,40,HOMBRE,A,SI,,,1500,,,,,,,,,,,,,,,,,,,,,,
109,XALAPA,03/11/2014,MARTES,,13:20,,XALAPA,XALAPA,URBANA,,,AVENIDA ORIZABA,OBRERO CAMPESINA,,BUENO,,CONCRETO,,A NIVEL,NINGUNA,SIN RESTRICCIÓN,COLISIÓN,ÁNGULO,,2,,,,,,,,,,,,,,,,,0,,,,,,,,,,,,,,,,,,,,,
109,,,,,,,,,,,,,,,,,,,,,,,,,,A - AUTOMÓVIL,VOLKSWAGEN,GOL,VERACRUZ,NEGRO,SIN NUMERO,9B05P022522,P - PARTICULAR,SI,23,HOMBRE,A,SI,NO GUARDAR DISTANCIA,NO APLICA,18000,,,,,,,,,,,,,,,,,,,,,,
109,,,,,,,,,,,,,,,,,,,,,,,,,,A - AUTOMÓVIL,NISSAN,TSURU,VERACRUZ,BLANCO/VERDE,GA168754005,3NIEB31564KS47972,PE - PÚBLICO ESTATAL,SI,66,HOMBRE,A,SI,,,2000,,,,,,,,,,,,,,,,,,,,,,
110,XALAPA,03/11/2014,MARTES,,14:40,,XALAPA,XALAPA,URBANA,,,CALLE HAITI,LOMAS DE CASA BLANCA,,BUENO,SOLEADO,TERRACERÍA,SECO,DESCENDENTE,NINGUNA,SIN RESTRICCIÓN,COLISIÓN,,OBJETO FIJO,1,,,,,,,,,,,,,,,,,1,,,,,,,,,,,,,,,,,,,,,
110,,,,,,,,,,,,,,,,,,,,,,,,,,C - CAMIONETA,FORD,EXPLORER,BAJA CALIFORNIA,AZUL,SIN NUMERO,SIN NUMERO,P - PARTICULAR,NO,,,,NO,OTRO,NO APLICA,15000,,,,,,,1,,,,,,,,,,,,,,,
111,XALAPA,03/11/2014,MARTES,,14:45,15:20,XALAPA,XALAPA,URBANA,,,AVENIDA CHEDRAUI CARAM,ENCINAL,,BUENO,,CONCRETO,,A NIVEL,NINGUNA,SIN RESTRICCIÓN,COLISIÓN,POR ALCANCE,,2,CC - CAMIÓN DE CARGA,DINA,VOLVO,VERACRUZ,BLANCO/NEGRO,11743668,1351929C1,P - PARTICULAR,NO,21,HOMBRE,B,SI,VELOCIDAD INMODERADA,NO APLICA,400,0,,,,,,,,,,,,,,,,,,,,,
111,,,,,,,,,,,16,,,,,,,,,,,,,,,A - AUTOMÓVIL,NISSAN,TSURU,VERACRUZ,ROJO,GA16890766V,3NIEB31X7K322535,P - PARTICULAR,NO,25,HOMBRE,A,SI,,,1200,,,,,,,,,,,,,,,,,,,,,,
112,XALAPA,03/11/2014,MARTES,,15:30,,XALAPA,XALAPA,URBANA,,,ENRIQUEZ,CENTRO,ROJAS,BUENO,,CONCRETO,,A NIVEL,NINGUNA,SIN RESTRICCIÓN,COLISIÓN,ÁNGULO,,2,,,,,,,,,,,,,,,,,0,,,,,,,,,,,,,,,,,,,,,
112,,,,,,,,,,,,,,,,,,,,,,,,,,A - AUTOMÓVIL,NISSAN,TSURU,VERACRUZ,BLANCO/ROJO,GA16762D81Y,3NIEB31568R,PE - PÚBLICO ESTATAL,SI,38,HOMBRE,A,SI,CAMBIAR CARRIL SIN PRECAUCIÓN,NO APLICA,1000,,,,,,,,,,,,,,,,,,,,,,
112,,,,,,,,,,,,,,,,,,,,,,,,,,A - AUTOMÓVIL,FORD,FOCUS,VERACRUZ,GRIS,SIN NUMERO,WFD32HA1122565,P - PARTICULAR,SI,60,HOMBRE,B,SI,,,2500,,,,,,,,,,,,,,,,,,,,,,
113,XALAPA,03/11/2014,MARTES,16:45,16:50,17:20,XALAPA,XALAPA,URBANA,,,AVENIDA MIGUEL ALEMAN,FEDERAL,CALLE 3,BUENO,,CONCRETO,,A NIVEL,NINGUNA,SIN RESTRICCIÓN,COLISIÓN,ÁNGULO,,2,,,,,,,,,,,,,,,,,0,,,,,,,,,,,,,,,,,,,,,
113,,,,,,,,,,,,,,,,,,,,,,,,,,M - MOTOCICLETA,ITALIKA,200 CC,VERACRUZ,ROJO/NEGRO,SIN NUMERO,QR250207354,P - PARTICULAR,NO,37,HOMBRE,,NO,CAMBIAR CARRIL SIN PRECAUCIÓN,NO APLICA,2500,,,,,,,,,,,,,,,,,,,,,,
113,,,,,,,,,,,,,,,,,,,,,,,,,,A - AUTOMÓVIL,NISSAN,ALTIMA,VERACRUZ,ROJO,SIN NUMERO,1N411E45C209474,P - PARTICULAR,SI,54,HOMBRE,A,SI,,,1000,,,,,,,,,,,,,,,,,,,,,,
114,XALAPA,03/11/2014,MARTES,,21:30,,XALAPA,XALAPA,URBANA,,,ATENAS VERACRUZANAS,REVOLUCION,,BUENO,,CONCRETO,,A NIVEL,NINGUNA,SIN RESTRICCIÓN,COLISIÓN,POR ALCANCE,,2,,,,,,,,,,,,,,,,,0,,,,,,,,,,,,,,,,,,,,,
114,,,,,,,,,,,,,,,,,,,,,,,,,,A - AUTOMÓVIL,NISSAN,TSURU,VERACRUZ,GRIS,ELL6327670M,ILB120445009544,P - PARTICULAR,NO,28,HOMBRE,,NO,NO GUARDAR DISTANCIA,NO APLICA,500,,,,,,,,,,,,,,,,,,,,,,
114,,,,,,,,,,,,,,,,,,,,,,,,,,A - AUTOMÓVIL,NISSAN,TSURU,VERACRUZ,BLANCO/VERDE,GA16748614,3NIEB3155AK342672,PE - PÚBLICO ESTATAL,NO,38,HOMBRE,A,SI,,,1000,,,,,,,,,,,,,,,,,,,,,,
115,XALAPA,03/11/2014,MARTES,,19:00,,XALAPA,XALAPA,URBANA,,,ANDADOR MELON NO 5,INFONAVIT SUMIDERO,,BUENO,,CONCRETO,SECO,A NIVEL,NINGUNA,SIN RESTRICCIÓN,,,OBJETO FIJO,1,,,,,,,,,,,,,,,,,0,,,,,,,,,,,,,,,,,,,,,
115,,,,,,,,,,,,,,,,,,,,,,,,,,C - CAMIONETA,FORD,EXPLORER,VERACRUZ,ROJO,SIN NUMERO,SIN NUMERO,P - PARTICULAR,NO,59,HOMBRE,A,SI,VELOCIDAD INMODERADA,NO APLICA,10000,,,,,,,,,,,,,,,,,,,,,,
116,XALAPA,03/11/2014,MARTES,11:20,11:45,12:35,XALAPA,XALAPA,URBANA,,,SOL,VILLAS DE XALAPA,LUNA,BUENO,,CONCRETO,,A NIVEL,NINGUNA,SIN RESTRICCIÓN,,,OBJETO FIJO,1,,,,,,,,,,,,,,,,,0,,,,,,,,,,,,,,,,,,,,,
116,,,,,,,,,,,,,,,,,,,,,,,,,,A - AUTOMÓVIL,NISSAN,TSURU,VERACRUZ,BLANCO/VERDE,SIN NUMERO,3NIEB50BK306602,PE - PÚBLICO ESTATAL,NO,,,,NO,VELOCIDAD INMODERADA,NO APLICA,2500,,,,,,,,,,,,,,,,,,,,,,
117,XALAPA,03/11/2014,MARTES,18:18,18:47,20:05,XALAPA,XALAPA,URBANA,PLAN DEL RIO 25+400,,,EMILIANO ZAPATA,,BUENO,,CONCRETO,,DESCENDENTE,NINGUNA,SIN RESTRICCIÓN,,,OBJETO FIJO,1,,,,,,,,,,,,,,,,,1,,,,,,,,,,,,,,,,,,,,,
117,,,,,,,,,,,,,,,,,,,,,,,,,,A - AUTOMÓVIL,VOLKSWAGEN,JETTA,VERACRUZ,AZUL,BHP062287,3VWRV49M65M03577,P - PARTICULAR,NO,25,HOMBRE,,NO,VELOCIDAD INMODERADA,NO APLICA,30000,,,, M ,,,,,,,,,,,,,,,,,,
118,XALAPA,03/12/2014,MIÉRCOLES,,09:00,,XALAPA,XALAPA,URBANA,,,AVENIDA LAZARO CARDENAS,,ESTANCIA GARNICA,BUENO,,ASFALTO,SECO,ASCENDENTE,NINGUNA,SIN RESTRICCIÓN,COLISIÓN,POR ALCANCE,,2,,,,,,,,,,,,,,,,,0,,,,,,,,,,,,,,,,,,,,,