idMES,DELEGACION DE TRANSITO,FECHA DEL ACCIDENTE,DIA DE LA SEMANA,HORA EN QUE SE RECIBIO LA LLAMADA REPORTANDO EL ACCIDENTE,HORA DE ARRIBO DEL PERITO AL SITIO,HORA DE REGRESO DEL PERITO A LAS INSTALACIONES DE SU DELEGACION,LOCALIDAD ACCIDENTE,MUNICIPIO ACCIDENTE,ZONA,CARRETERA/KILOMETRO DEL ACCIDENTE,NUMERO DE AVENIDA,CALLE/AVENIDA DEL ACCIDENTE,COLONIA,ENTRE CALLES,CONDICIONES DE LA VIA,CONDICIONES NATURALES,SUPERFICIE DE LA VIA,ESTADO DE LA VIA,TANGENTE,TIPO DE CONTROL DE TRANSITO,RESTRICCIONES DE LA VIA,TIPO DE ACCIDENTE,FORMA DE ACCIDENTARSE,CONTRA QUE FUE EL IMPACTO,CANTIDAD DE VEHICULOS,TIPO DE VEHICULO,MARCA,SUBMARCA,ENTIDAD FEDERATIVA DEL VEHICULO,COLOR DEL VEHICULO,MOTOR,SERIE,TIPO DE SERVICIO PARA EL QUE SE OCUPAN LOS VEHICULOS,ASEGURADO,EDAD CONDUCTOR,SEXO CONDUCTOR,TIPO LICENCIA,LICENCIA VIGENTE,CAUSA ATRIBUIBLE AL CONDUCTOR,CAUSA ATRIBUIBLE AL PEATON,DANIOS (MONTO APROXIMADO EN MXN),NUMERO DE HERIDOS,MUJER HERIDA DE 0-15 ANIOS,HOMBRE HERIDO DE 0-15 ANIOS,MUJER HERIDA DE 16-30 ANIOS,HOMBRE HERIDO DE 16-30 ANIOS,MUJER HERIDA DE 31-45 ANIOS,HOMBRE HERIDO DE 31-45 ANIOS,MUJER HERIDA DE 46-60 ANIOS,HOMBRE HERIDO DE 46-60 ANIOS,MUJER HERIDA MAS DE 60 ANIOS,HOMBRE HERIDO MAS DE 60 ANIOS,NUMERO DE MUERTOS,MUJER MUERTA DE 0-15 ANIOS,HOMBRE MUERTO DE 0-15 ANIOS,MUJER MUERTA DE 16-30 ANIOS,HOMBRE MUERTO DE 16-30 ANIOS,MUJER MUERTA DE 31-45 ANIOS,HOMBRE MUERTO DE 31-45 ANIOS,MUJER MUERTA DE 46-60 ANIOS,HOMBRE MUERTO DE 46-60 ANIOS,MUJER MUERTA MAS DE 60 ANIOS,HOMBRE MUERTO MAS DE 60 ANIOS
174,XALAPA,17/03/2014,LUNES,,17:30,18:15,XALAPA,XALAPA,URBANA,,,AVENIDA XALAPA,OBRERO CAMPESINA,LUCIO BLANCO Y SALTILLO,BUENO,LLUVIA,CONCRETO,MOJADO,DESCENDENTE,NINGUNA,ACCIDENTE PREVIO,COLISIÓN,POR ALCANCE,VEHÍCULO CIRCULANDO,2,AS - AUTOBÚS SUBURBANO,INTERNATIONAL,TORINO OMG,VERACRUZ,BLANCO,470HRMA12U14026B1,3HVBFAAN37N380258,PE - PÚBLICO ESTATAL,NO,31,HOMBRE,A,SI,NO GUARDAR DISTANCIA,NO APLICA,400,2,,,1,,,,1,,,,,,,,,,,,,,
174,,,,,,,,,,,7,,,,,,,,,,,,,,,A - AUTOMÓVIL,NISSAN,TSURU,VERACRUZ,BLANCO/ROJO,GA16736674W,3N1EB31537K338483,PE - PÚBLICO ESTATAL,SI,49,HOMBRE,A,SI,,,1500,,,,,,,,,,,,,,,,,,,,,,
175,XALAPA,17/03/2014,LUNES,,21:25,21:38,XALAPA,XALAPA,URBANA,,,AVENIDA ACUEDUCTO,,RUIZ CORTINES,BUENO,,CONCRETO,SECO,A NIVEL,NINGUNA,SIN RESTRICCIÓN,COLISIÓN,POR ALCANCE,VEHÍCULO CIRCULANDO,2,A - AUTOMÓVIL,CORSA,,VERACRUZ,CHAMPAGNE,HECHO EN BRASIL,93CXM19R94C103681,P - PARTICULAR,NO,37,HOMBRE,,,NO GUARDAR DISTANCIA,NO APLICA,500,0,,,,,,,,,,,,,,,,,,,,,
175,,,,,,,,,,,,,,,,,,,,,,,,,,A - AUTOMÓVIL,NISSAN,PLATINA,VERACRUZ,TITANIO,Q013250,3N1JH01543L060290,P - PARTICULAR,NO,22,HOMBRE,B,SI,,,2000,,,,,,,,,,,,,,,,,,,,,,
176,XALAPA,17/03/2014,LUNES,19:30,20:00,,XALAPA,XALAPA,URBANA,,,AVENIDA LAZARO CARDENAS,BADILLO,AGUA SANTA 1 Y VERACRUZ,BUENO,LLUVIA,CONCRETO,MOJADO,A NIVEL,NINGUNA,SIN RESTRICCIÓN,ATROPELLAMIENTO,,,1,AS - AUTOBÚS SUBURBANO,NAVISTAR,CHASIS,VERACRUZ,BLANCO,470HM201531278,3HVBZAAN98N057535,PE - PÚBLICO ESTATAL,,42,HOMBRE,A,SI,OTRO,NO APLICA,SIN DAÑOS,1,,,,,,,,,,1,,,,,,,,,,,
176,,,,,,,,,,,1,,,,,,,,,,,,,,,,,,,,,,,,,,,,,,,,,,,,,,,,,,,,,,,,,,,,
177,XALAPA,18/03/2014,MARTES,,08:00,09:22,XALAPA,XALAPA,URBANA,EL CASTILLO ,,,6 DE ENERO,FTE. AL RANCHO EL DÓLAR,BUENO,,ASFALTO,SECO,DESCENDENTE,NINGUNA,SIN RESTRICCIÓN,SALIDA DE CAMINO,,,1,A - AUTOMÓVIL,FORD,FOCUS,VERACRUZ,GRIS,SIN NUMERO,1FAHP3ELXCL432226,P - PARTICULAR,SI,58,MUJER,,,VELOCIDAD INMODERADA,NO APLICA,5000,2,,,,,,,,2,,,,,,,,,,,,,
178,XALAPA,18/03/2014,MARTES,,10:30,10:45,XALAPA,XALAPA,URBANA,,,AVENIDA LAZARO CARDENAS,,SOBRE PUENTE BICENTENARIO,BUENO,SOLEADO,ASFALTO,SECO,A NIVEL,NINGUNA,SIN RESTRICCIÓN,COLISIÓN,POR ALCANCE,VEHÍCULO CIRCULANDO,2,A - AUTOMÓVIL,NISSAN,TSURU,VERACRUZ,BLANCO/VERDE,GA16759895Z,3N1EB31SXEK324402,PE - PÚBLICO ESTATAL,SI,30,MUJER,A,SI,NO GUARDAR DISTANCIA,NO APLICA,1000,0,,,,,,,,,,,,,,,,,,,,,
178,,,,,,,,,,,1,,,,,,,,,,,,,,,A - AUTOMÓVIL,NISSAN,ALMERA,TLAXCALA,AZUL,QG18161706Q,SJNEBDN142A226039,P - PARTICULAR,NO,21,HOMBRE,,,,,2000,,,,,,,,,,,,,,,,,,,,,,
179,XALAPA,18/03/2014,MARTES,,10:45,,XALAPA,XALAPA,URBANA,,,AVENIDA MURILLO VIDAL,,,BUENO,SOLEADO,CONCRETO,SECO,A NIVEL,MARCA EN PAVIMENTO,SIN RESTRICCIÓN,COLISIÓN,LATERAL,VEHÍCULO CIRCULANDO,2,C - CAMIONETA,FORD,ESCAPE,PUEBLA,GRIS,SIN NUMERO,1FMCU0F77DNA32203,P - PARTICULAR,SI,19,MUJER,C,SI,CAMBIAR CARRIL SIN PRECAUCIÓN,NO APLICA,10000,0,,,,,,,,,,,,,,,,,,,,,
179,,,,,,,,,,,11,,,,,,,,,,,,,,,A - AUTOMÓVIL,NISSAN,TSURU,VERACRUZ,BLANCO/VERDE,GA16812444Y,3N1EB31S6BK347736,PE - PÚBLICO ESTATAL,SI,46,HOMBRE,A,SI,,,5000,,,,,,,,,,,,,,,,,,,,,,
180,XALAPA,18/03/2014,MARTES,,11:05,,XALAPA,XALAPA,URBANA,,,AVENIDA VILLAHERMOSA,PROGRESO MACUILTEPEC,DURANGO,BUENO,,ASFALTO,SECO,A NIVEL,NINGUNA,SIN RESTRICCIÓN,COLISIÓN,ÁNGULO,VEHÍCULO CIRCULANDO,2,A - AUTOMÓVIL,NISSAN,TSURU,VERACRUZ,BLANCO,GA16804190R,3N1EB31S02K389352,P - PARTICULAR,,74,HOMBRE,B,SI,NO RESPETAR CEDA EL PASO,NO APLICA,12000,0,,,,,,,,,,,,,,,,,,,,,
180,,,,,,,,,,,6,,,,,,,,,,,,,,,C - CAMIONETA,NISSAN,NP-300,VERACRUZ,BLANCO,KA24548996A,3N6DD25T4CK020041,P - PARTICULAR,,19,HOMBRE,B,SI,,,10000,,,,,,,,,,,,,,,,,,,,,,
181,XALAPA,18/03/2014,MARTES,,13:20,,XALAPA,XALAPA,URBANA,LAS TRANCAS - ESTANZUELA,,,,RUBI,BUENO,,ASFALTO,SECO,A NIVEL,NINGUNA,SIN RESTRICCIÓN,COLISIÓN,POR ALCANCE,VEHÍCULO CIRCULANDO,2,A - AUTOMÓVIL,VOLKSWAGEN,JETTA,VERACRUZ,BLANCO/VERDE,CBP295672,3VWBV09M9CM026238,PE - PÚBLICO ESTATAL,,22,HOMBRE,A,SI,NO GUARDAR DISTANCIA,NO APLICA,5000,0,,,,,,,,,,,,,,,,,,,,,
181,,,,,,,,,,,,,,,,,,,,,,,,,,A - AUTOMÓVIL,VOLKSWAGEN,DERBY,VERACRUZ,AZUL,ADD282921,8AWJC09E34A671701,P - PARTICULAR,,26,HOMBRE,A,SI,,,3000,,,,,,,,,,,,,,,,,,,,,,
182,XALAPA,18/03/2014,MARTES,,14:00,,XALAPA,XALAPA,URBANA,,,AVENIDA AVILA CAMACHO,CENTRO,,BUENO,SOLEADO,CONCRETO,SECO,ASCENDENTE,MARCA EN PAVIMENTO,SIN RESTRICCIÓN,COLISIÓN,POR ALCANCE,VEHÍCULO CIRCULANDO,2,C - CAMIONETA,HONDA,CRV,VERACRUZ,PLATA,K24A13900451,JHLRD78854C600017,P - PARTICULAR,NO,26,HOMBRE,,,NO GUARDAR DISTANCIA,NO APLICA,5000,0,,,,,,,,,,,,,,,,,,,,,
182,,,,,,,,,,,4,,,,,,,,,,,,,,,C - CAMIONETA,CHEVROLET,SPARK,VERACRUZ,SILVERT TOUCH,HECHO EN KOREA,KL8CJ6AD5EC423590,P - PARTICULAR,SI,22,HOMBRE,C,SI,,,4000,,,,,,,,,,,,,,,,,,,,,,
182,,,,,,,,,,,,,,,,,,,,,,,,,,A - AUTOMÓVIL,FORD,FIESTA,VERACRUZ,ROJO,7806354,9BFBT10NX78060654,P - PARTICULAR,NO,35,HOMBRE,A,SI,,,2000,,,,,,,,,,,,,,,,,,,,,,
183,XALAPA,18/03/2014,MARTES,14:50,15:10,15:24,XALAPA,XALAPA,URBANA,,,AVENIDA 20 DE NOVIEMBRE,,VERACRUZ,BUENO,SOLEADO,CONCRETO,SECO,A NIVEL,NINGUNA,SIN RESTRICCIÓN,COLISIÓN,LATERAL,VEHÍCULO CIRCULANDO,2,C - CAMIONETA,DODGE,JOURNEY,VERACRUZ,BLANCO,HECHO EN MEXICO,DT713556,P - PARTICULAR,SI,51,MUJER,B,SI,CAMBIAR CARRIL SIN PRECAUCIÓN,NO APLICA,4000,0,,,,,,,,,,,,,,,,,,,,,
183,,,,,,,,,,,5,,,,,,,,,,,,,,,AS - AUTOBÚS SUBURBANO,NAVISTAR,INTERNATIONAL,VERACRUZ,BLANCO,470HM2U1216461,3HUBNAAN3YN077243,PE - PÚBLICO ESTATAL,SI,31,HOMBRE,A,SI,,,1500,,,,,,,,,,,,,,,,,,,,,,
184,XALAPA,18/03/2014,MARTES,,17:25,18:40,XALAPA,XALAPA,URBANA,,,MANUEL HERNANDEZ,FERRER GUARDIA,DELFINO VICTORIA Y ALBERTO CALDERON,REGULAR,SOLEADO,CONCRETO,SECO,DESCENDENTE,NINGUNA,SIN RESTRICCIÓN,COLISIÓN,,VEHÍCULO ESTACIONADO,2,C - CAMIONETA,FORD,F-350,PUEBLA,ROJO,YMA30490,3EDKF36L0YMA20490,P - PARTICULAR,NO,38,HOMBRE,B,SI,NO GUARDAR DISTANCIA,NO APLICA,2000,0,,,,,,,,,,,,,,,,,,,,,
184,,,,,,,,,,,,,,,,,,,,,,,,,,A - AUTOMÓVIL,ATOS,CHRYSLER,DISTRITO FEDERAL,AMARILLO,HECHO EN KOREA,KMHJG5160N172432,P - PARTICULAR,NO,30,HOMBRE,B,SI,,,12000,,,,,,,,,,,,,,,,,,,,,,
185,XALAPA,18/03/2014,MARTES,23:35,,,XALAPA,XALAPA,URBANA,,,AVENIDA LAZARO CARDENAS,HEROES FERROCARRILEROS,MIGUEL ALEMAN,BUENO,,ASFALTO,SECO,A NIVEL,NINGUNA,SIN RESTRICCIÓN,COLISIÓN,POR ALCANCE,VEHÍCULO CIRCULANDO,2,A - AUTOMÓVIL,NISSAN,PLATINA,VERACRUZ,BLANCO,Q048662,3N1JH01S63L038744,P - PARTICULAR,,,,,,NO GUARDAR DISTANCIA,NO APLICA,20000,1,,,,,1,,,,,,,,,,,,,,,,
185,,,,,,,,,,,1,,,,,,,,,,,,,,,A - AUTOMÓVIL,FORD,FIESTA,VERACRUZ,VERDE,HECHO EN MEXICO,WF0BT09J1W4103180,P - PARTICULAR,,41,HOMBRE,B,SI,,,20000,,,,,,,,,,,,,,,,,,,,,,
186,XALAPA,19/03/2014,MIÉRCOLES,,09:05,,XALAPA,XALAPA,URBANA,,,ARAUCARIAS,ANIMAS,TAPACHULA,BUENO,,ASFALTO,SECO,DESCENDENTE,NINGUNA,SIN RESTRICCIÓN,COLISIÓN,ÁNGULO,VEHÍCULO CIRCULANDO,2,A - AUTOMÓVIL,NISSAN,NIS,VERACRUZ,BLANCO/ROJO,GA16894887W,3N1EB31S79K366810,PE - PÚBLICO ESTATAL,SI,57,HOMBRE,A,SI,CAMBIAR CARRIL SIN PRECAUCIÓN,NO APLICA,2000,0,,,,,,,,,,,,,,,,,,,,,
186,,,,,,,,,,,,,,,,,,,,,,,,,,A - AUTOMÓVIL,CHRYSLER,ATOS,DISTRITO FEDERAL,AZUL,HECHO EN KOREA,KMHAG51G82U278175,P - PARTICULAR,NO,32,HOMBRE,,,,,1500,,,,,,,,,,,,,,,,,,,,,,
187,XALAPA,19/03/2014,MIÉRCOLES,09:06,09:20,,XALAPA,XALAPA,URBANA,,,AVENIDA ORIZABA,OBRERO CAMPESINA,REYES HEROLES,BUENO,SOLEADO,ASFALTO,SECO,DESCENDENTE,MARCA EN PAVIMENTO,SIN RESTRICCIÓN,COLISIÓN,ÁNGULO,VEHÍCULO CIRCULANDO,2,AS - AUTOBÚS SUBURBANO,MASA,AUTOBUS,VERACRUZ,AMARILLO,06BC431722,3CE1T35K1W1018624,P - PARTICULAR,SI,40,HOMBRE,A,SI,CAMBIAR CARRIL SIN PRECAUCIÓN,NO APLICA,800,0,,,,,,,,,,,,,,,,,,,,,
187,,,,,,,,,,,,,,,,,,,,,,,,,,A - AUTOMÓVIL,NISSAN,TSURU,VERACRUZ,BLANCO/VERDE,GA1679507YW,3N1EB31598K347335,PE - PÚBLICO ESTATAL,SI,27,HOMBRE,A,SI,,,2500,,,,,,,,,,,,,,,,,,,,,,
188,XALAPA,19/03/2014,MIÉRCOLES,,09:20,,XALAPA,XALAPA,URBANA,,,AVENIDA AMERICAS,JOSE CARDEL,PIPILA Y FAUSTO VEGA,BUENO,SOLEADO,CONCRETO,SECO,ASCENDENTE,NINGUNA,SIN RESTRICCIÓN,COLISIÓN,POR ALCANCE,VEHÍCULO CIRCULANDO,2,C - CAMIONETA,CHEVROLET,COLORADO,VERACRUZ,PLATA,HECHO EN USA,,P - PARTICULAR,SI,57,HOMBRE,A,SI,NO GUARDAR DISTANCIA,NO APLICA,1000,0,,,,,,,,,,,,,,,,,,,,,
188,,,,,,,,,,,3,,,,,,,,,,,,,,,A - AUTOMÓVIL,NISSAN,TIDA,VERACRUZ,ARENA,MR18791643H,,P - PARTICULAR,NO,35,MUJER,C,SI,,,8000,,,,,,,,,,,,,,,,,,,,,,
189,XALAPA,19/03/2014,MIÉRCOLES,,11:40,,XALAPA,XALAPA,URBANA,,,PROSPERIDAD,DEL MAESTRO,F. BLANCAS,BUENO,,CONCRETO,SECO,ASCENDENTE,NINGUNA,SIN RESTRICCIÓN,COLISIÓN,ÁNGULO,VEHÍCULO CIRCULANDO,2,A - AUTOMÓVIL,NAVISTAR,CHASIS,VERACRUZ,AZUL,,,PE - PÚBLICO ESTATAL,NO,41,HOMBRE,A,SI,NO RESPETAR SEÑAL DE ALTO,NO APLICA,MINIMOS,0,,,,,,,,,,,,,,,,,,,,,
189,,,,,,,,,,,,,,,,,,,,,,,,,,C - CAMIONETA,FORD,COURIER,VERACRUZ,ROJO,SIN NUMERO,9BF8T33N297878015,P - PARTICULAR,NO,26,HOMBRE,,,,,3000,,,,,,,,,,,,,,,,,,,,,,
190,XALAPA,19/03/2014,MIÉRCOLES,11:35,11:55,,XALAPA,XALAPA,URBANA,,,AVENIDA RUIZ CORTINES,,,BUENO,SOLEADO,ASFALTO,SECO,A NIVEL,NINGUNA,SIN RESTRICCIÓN,COLISIÓN,ÁNGULO,VEHÍCULO CIRCULANDO,2,A - AUTOMÓVIL,FORD,TOPAZ,VERACRUZ,AZUL,11012,AL92YJ11012,P - PARTICULAR,NO,50,HOMBRE,B,SI,NO RESPETAR SEÑAL DE ALTO,NO APLICA,400,0,,,,,,,,,,,,,,,,,,,,,
190,,,,,,,,,,,2,,,,,,,,,,,,,,,A - AUTOMÓVIL,NISSAN,TSURU,VERACRUZ,BLANCO/VERDE,GA16778228W,3N1EB31878K33840,PE - PÚBLICO ESTATAL,SI,54,HOMBRE,,,,,1500,,,,,,,,,,,,,,,,,,,,,,
191,XALAPA,19/03/2014,MIÉRCOLES,,12:25,,XALAPA,XALAPA,URBANA,,,AVENIDA LAZARO CARDENAS,JARDINES DE LAS ANIMAS,,BUENO,,ASFALTO,SECO,ASCENDENTE,NINGUNA,ACCIDENTE PREVIO,COLISIÓN,POR ALCANCE,VEHÍCULO CIRCULANDO,2,A - AUTOMÓVIL,VOLKSWAGEN,POINTER,VERACRUZ,BLANCO,BJY090950,9BWCC05WX8P061494,P - PARTICULAR,NO,49,MUJER,C,SI,NO GUARDAR DISTANCIA,NO APLICA,900,0,,,,,,,,,,,,,,,,,,,,,
191,,,,,,,,,,,1,,,,,,,,,,,,,,,A - AUTOMÓVIL,NISSAN,TSURU,VERACRUZ,BLANCO/ROJO,GA1675868Y,3N1EB31S8AK351852,PE - PÚBLICO ESTATAL,SI,41,HOMBRE,A,SI,,,1200,,,,,,,,,,,,,,,,,,,,,,
192,XALAPA,19/03/2014,MIÉRCOLES,12:15,12:40,,XALAPA,XALAPA,URBANA,,,AVENIDA LAZARO CARDENAS,FTE. A GRUAS SEAX,,BUENO,SOLEADO,ASFALTO,SECO,A NIVEL,MARCA EN PAVIMENTO,SIN RESTRICCIÓN,COLISIÓN,LATERAL,VEHÍCULO CIRCULANDO,2,AS - AUTOBÚS SUBURBANO,INTERNATIONAL,CHASIS,VERACRUZ,BLANCO,SIN NUMERO,3HVCNAAN014017694,PE - PÚBLICO ESTATAL,SI,27,HOMBRE,A,SI,CAMBIAR CARRIL SIN PRECAUCIÓN,NO APLICA,1500,0,,,,,,,,,,,,,,,,,,,,,
192,,,,,,,,,,,1,,,,,,,,,,,,,,,A - AUTOMÓVIL,FORD,KA,VERACRUZ,VERDE,SIN NUMERO,98FBTSNX27767035,P - PARTICULAR,NO,73,HOMBRE,B,SI,,,6500,,,,,,,,,,,,,,,,,,,,,,
193,XALAPA,19/03/2014,MIÉRCOLES,,13:30,,XALAPA,XALAPA,URBANA,,,ENRIQUEZ,CENTRO,CALLEJON DE ROJAS Y REVOLUCION,BUENO,,ASFALTO,SECO,A NIVEL,NINGUNA,SIN RESTRICCIÓN,COLISIÓN,ÁNGULO,VEHÍCULO CIRCULANDO,2,A - AUTOMÓVIL,NISSAN,TSURU,VERACRUZ,BLANCO/ROJO,GA16779490Y,3N1EB3158BK317296,PE - PÚBLICO ESTATAL,SI,52,HOMBRE,A,SI,CAMBIAR CARRIL SIN PRECAUCIÓN,NO APLICA,1500,0,,,,,,,,,,,,,,,,,,,,,
193,,,,,,,,,,,,,,,,,,,,,,,,,,M - MOTOCICLETA,SUZUKI,805CC,VERACRUZ,NEGRO,VZ800K7805,JSNS56A972104654,P - PARTICULAR,NO,33,HOMBRE,B,SI,,,600,,,,,,,,,,,,,,,,,,,,,,
194,XALAPA,19/03/2014,MIÉRCOLES,,14:00,14:30,XALAPA,XALAPA,URBANA,,,CIRCUITO UNIVERSITARIO,ZONA UNIVERSITARIA,CTO. GONZALO BELTRAN Y CIRCUITO PRESIDENTES,BUENO,,CONCRETO,SECO,ASCENDENTE,NINGUNA,SIN RESTRICCIÓN,COLISIÓN,ÁNGULO,VEHÍCULO CIRCULANDO,2,A - AUTOMÓVIL,NISSAN,TSURU,VERACRUZ,BLANCO/VERDE,GA16817803Y,3N1EB31S0BK349823,PE - PÚBLICO ESTATAL,SI,40,HOMBRE,A,SI,NO RESPETAR CEDA EL PASO,NO APLICA,400,0,,,,,,,,,,,,,,,,,,,,,
194,,,,,,,,,,,,,,,,,,,,,,,,,,A - AUTOMÓVIL,FORD,FIESTA,VERACRUZ,AZUL,SIN NUMERO,9BFBT10N78847548,P - PARTICULAR,NO,23,HOMBRE,C,SI,,,700,,,,,,,,,,,,,,,,,,,,,,
195,XALAPA,19/03/2014,MIÉRCOLES,13:50,14:10,,XALAPA,XALAPA,URBANA,,,BRAVO,,GUERRERO,BUENO,SOLEADO,ASFALTO,SECO,ASCENDENTE,MARCA EN PAVIMENTO,SIN RESTRICCIÓN,COLISIÓN,LATERAL,VEHÍCULO CIRCULANDO,2,C - CAMIONETA,STERLING,GRUA,VERACRUZ,BLANCO,C99447,JLMBBH1568K01,P - PARTICULAR,SI,21,HOMBRE,B,SI,CAMBIAR CARRIL SIN PRECAUCIÓN,NO APLICA,200,0,,,,,,,,,,,,,,,,,,,,,
195,,,,,,,,,,,,,,,,,,,,,,,,,,A - AUTOMÓVIL,CHEVROLET,AVEO,VERACRUZ,ROJO,AL123232,3G1TC5C60AL121232,P - PARTICULAR,NO,24,MUJER,C,SI,,,2500,,,,,,,,,,,,,,,,,,,,,,
196,XALAPA,19/03/2014,MIÉRCOLES,13:59,14:15,14:30,XALAPA,XALAPA,URBANA,,,AVENIDA XALAPA,,,BUENO,SOLEADO,CONCRETO,SECO,A NIVEL,SEMÁFORO FUNCIONANDO,SIN RESTRICCIÓN,COLISIÓN,LATERAL,VEHÍCULO CIRCULANDO,2,A - AUTOMÓVIL,NISSAN,TSURU,VERACRUZ,VERDE,GA18798342T,31EB51S5WL050839,P - PARTICULAR,SI,51,HOMBRE,C,SI,CAMBIAR CARRIL SIN PRECAUCIÓN,NO APLICA,1000,0,,,,,,,,,,,,,,,,,,,,,
196,,,,,,,,,,,7,,,,,,,,,,,,,,,AS - AUTOBÚS SUBURBANO,TORINO,MERCEDEZ,VERACRUZ,BLANCO/VERDE,9L491700478081,3ACMWDC900TE5983,P - PARTICULAR,SI,37,HOMBRE,A,SI,,,1000,,,,,,,,,,,,,,,,,,,,,,
197,XALAPA,19/03/2014,MIÉRCOLES,14:32,14:45,15:00,XALAPA,XALAPA,URBANA,,,POETA,CENTRO,INSURGENTES,BUENO,SOLEADO,CONCRETO,SECO,A NIVEL,SEMÁFORO FUNCIONANDO,SIN RESTRICCIÓN,COLISIÓN,LATERAL,VEHÍCULO CIRCULANDO,2,A - AUTOMÓVIL,NISSAN,DATSUN,VERACRUZ,BLANCO,HECHO EN MEXICO,2FLA1003612,P - PARTICULAR,NO,53,HOMBRE,A,SI,CAMBIAR CARRIL SIN PRECAUCIÓN,NO APLICA,600,0,,,,,,,,,,,,,,,,,,,,,
197,,,,,,,,,,,,,,,,,,,,,,,,,,AS - AUTOBÚS SUBURBANO,FREIGHTLINER,CHASIS CORAZA,VERACRUZ,BLANCO/AZUL,9.07E+12,4UZAAXC505CU29254,PE - PÚBLICO ESTATAL,SI,31,HOMBRE,A,SI,,,500,,,,,,,,,,,,,,,,,,,,,,
198,XALAPA,19/03/2014,MIÉRCOLES,19:13,19:30,21:05,XALAPA,XALAPA,URBANA,,,AVENIDA AMERICAS,,MAESTROS VERACRUZANOS,REGULAR,,ASFALTO,SECO,A NIVEL,NINGUNA,SIN RESTRICCIÓN,COLISIÓN,ÁNGULO,VEHÍCULO CIRCULANDO,2,A - AUTOMÓVIL,NISSAN,TSURU,VERACRUZ,BLANCO/VERDE,GA16721806Y,3N1EB31SHK321624,PE - PÚBLICO ESTATAL,SI,51,HOMBRE,A,SI,NO RESPETAR CEDA EL PASO,NO APLICA,1500,0,,,,,,,,,,,,,,,,,,,,,
198,,,,,,,,,,,,,,,,,,,,,,,,,,A - AUTOMÓVIL,CHEVROLET,CHEVY,MÉXICO,VERDE,HECHO EN MEXICO,361SE5Y33W5190429,P - PARTICULAR,NO,22,HOMBRE,,,,,2500,,,,,,,,,,,,,,,,,,,,,,
199,XALAPA,19/03/2014,MIÉRCOLES,,00:05,,XALAPA,XALAPA,URBANA,,,AVENIDA LAZARO CARDENAS,MIRADOR,ENCANTO Y CANDIDO AGUILAR,BUENO,,CONCRETO,SECO,DESCENDENTE,NINGUNA,SIN RESTRICCIÓN,COLISIÓN,POR ALCANCE,VEHÍCULO CIRCULANDO,2,A - AUTOMÓVIL,FORD,MUSTANG,PUEBLA,VINO,HECHO EN USA,1ZVFT82H155109075,P - PARTICULAR,NO,,,,,NO GUARDAR DISTANCIA,NO APLICA,25000,0,,,,,,,,,,,,,,,,,,,,,
199,,,,,,,,,,,1,,,,,,,,,,,,,,,A - AUTOMÓVIL,VOLKSWAGEN,SEDAN,VERACRUZ,VERDE,ACD22298,3VWZZZ113TM521627,P - PARTICULAR,NO,20,HOMBRE,B,SI,,,30000,,,,,,,,,,,,,,,,,,,,,,
200,XALAPA,19/03/2014,MIÉRCOLES,08:05,08:35,09:10,XALAPA,XALAPA,URBANA,,,CHEDRAUI CARAM,CASA BLANCA,,BUENO,,ASFALTO,SECO,DESCENDENTE,NINGUNA,SIN RESTRICCIÓN,COLISIÓN,ÁNGULO,VEHÍCULO CIRCULANDO,2,A - AUTOMÓVIL,VOLKSWAGEN,CARIBE,VERACRUZ,VERDE,17C0545028,,P - PARTICULAR,NO,41,HOMBRE,,,OTRO,NO APLICA,1500,2,,,,2,,,,,,,,,,,,,,,,,
200,,,,,,,,,,,16,,,,,,,,,,,,,,,M - MOTOCICLETA,ITALIKA,FT 180,VERACRUZ,ROJO,HECHO EN MEXICO,427100JK,P - PARTICULAR,NO,19,HOMBRE,,,,,2500,,,,,,,,,,,,,,,,,,,,,,
201,XALAPA,19/03/2014,MIÉRCOLES,,12:00,,XALAPA,XALAPA,URBANA,,,AVENIDA LAZARO CARDENAS,RAFAEL LUCIO,HERNANDEZ CASTILLO Y GRACIANO VALENZUELA,BUENO,SOLEADO,CONCRETO,SECO,A NIVEL,NINGUNA,SIN RESTRICCIÓN,COLISIÓN,POR ALCANCE,VEHÍCULO CIRCULANDO,2,A - AUTOMÓVIL,CHEVROLET,CORSA,VERACRUZ,AZUL,HECHO EN BRASIL,93CXM19257C113163,P - PARTICULAR,NO,24,HOMBRE,,,OTRO,NO APLICA,2000,1,,,,1,,,,,,,,,,,,,,,,,
201,,,,,,,,,,,1,,,,,,,,,,,,,,,M - MOTOCICLETA,ITALIKA,,VERACRUZ,ROJO,,3SCMRTGE2B1006640,P - PARTICULAR,NO,35,HOMBRE,B,SI,,,1000,,,,,,,,,,,,,,,,,,,,,,