idMES,DELEGACION DE TRANSITO,FECHA DEL ACCIDENTE,DIA DE LA SEMANA,HORA EN QUE SE RECIBIO LA LLAMADA REPORTANDO EL ACCIDENTE,HORA DE ARRIBO DEL PERITO AL SITIO,HORA DE REGRESO DEL PERITO A LAS INSTALACIONES DE SU DELEGACION,LOCALIDAD ACCIDENTE,MUNICIPIO ACCIDENTE,ZONA,CARRETERA/KILOMETRO DEL ACCIDENTE,NUMERO DE AVENIDA,CALLE/AVENIDA DEL ACCIDENTE,COLONIA,ENTRE CALLES,CONDICIONES DE LA VIA,CONDICIONES NATURALES,SUPERFICIE DE LA VIA,ESTADO DE LA VIA,TANGENTE,TIPO DE CONTROL DE TRANSITO,RESTRICCIONES DE LA VIA,TIPO DE ACCIDENTE,FORMA DE ACCIDENTARSE,CONTRA QUE FUE EL IMPACTO,CANTIDAD DE VEHICULOS,TIPO DE VEHICULO,MARCA,SUBMARCA,ENTIDAD FEDERATIVA DEL VEHICULO,COLOR DEL VEHICULO,MOTOR,SERIE,TIPO DE SERVICIO PARA EL QUE SE OCUPAN LOS VEHICULOS,ASEGURADO,EDAD CONDUCTOR,SEXO CONDUCTOR,TIPO LICENCIA,LICENCIA VIGENTE,CAUSA ATRIBUIBLE AL CONDUCTOR,CAUSA ATRIBUIBLE AL PEATON,DANIOS (MONTO APROXIMADO EN MXN),NUMERO DE HERIDOS,MUJER HERIDA DE 0-15 ANIOS,HOMBRE HERIDO DE 0-15 ANIOS,MUJER HERIDA DE 16-30 ANIOS,HOMBRE HERIDO DE 16-30 ANIOS,MUJER HERIDA DE 31-45 ANIOS,HOMBRE HERIDO DE 31-45 ANIOS,MUJER HERIDA DE 46-60 ANIOS,HOMBRE HERIDO DE 46-60 ANIOS,MUJER HERIDA MAS DE 60 ANIOS,HOMBRE HERIDO MAS DE 60 ANIOS,NUMERO DE MUERTOS,MUJER MUERTA DE 0-15 ANIOS,HOMBRE MUERTO DE 0-15 ANIOS,MUJER MUERTA DE 16-30 ANIOS,HOMBRE MUERTO DE 16-30 ANIOS,MUJER MUERTA DE 31-45 ANIOS,HOMBRE MUERTO DE 31-45 ANIOS,MUJER MUERTA DE 46-60 ANIOS,HOMBRE MUERTO DE 46-60 ANIOS,MUJER MUERTA MAS DE 60 ANIOS,HOMBRE MUERTO MAS DE 60 ANIOS
202,XALAPA,20/03/2014,JUEVES,13:57,14:08,14:30,XALAPA,XALAPA,URBANA,,,AMERICAS,,MAESTROS VERACRUZANOS,BUENO,SOLEADO,CONCRETO,SECO,A NIVEL,NINGUNA,SIN RESTRICCIÓN,COLISIÓN,ÁNGULO,VEHÍCULO CIRCULANDO,2,C - CAMIONETA,NISSAN,QUEST,VERACRUZ,ARENA,SIN NUMERO,4NZXN11TXXD831315,P - PARTICULAR,NO,33,HOMBRE,B,SI,NO RESPETAR CEDA EL PASO,NO APLICA,2000,0,,,,,,,,,,,,,,,,,,,,,
202,,,,,,,,,,,3,,,,,,,,,,,,,,,A - AUTOMÓVIL,CHEVROLET,PONTIAC,VERACRUZ,AMARILLO,HECHO EN KOREA,RCC28810B9C318889,P - PARTICULAR,SI,32,MUJER,C,SI,,,3000,,,,,,,,,,,,,,,,,,,,,,
203,XALAPA,20/03/2014,JUEVES,,14:05,14:50,XALAPA,XALAPA,URBANA,,,CHAPULTEPEC,ENCINAL,SECCION 2,REGULAR,SOLEADO,CONCRETO,SECO,A NIVEL,NINGUNA,SIN RESTRICCIÓN,COLISIÓN,ÁNGULO,VEHÍCULO CIRCULANDO,2,A - AUTOMÓVIL,VOLKSWAGEN,GOL,VERACRUZ,ROJO,CF211301,7BNA305U7CP156838,P - PARTICULAR,SI,22,MUJER,C,SI,OTRO,NO APLICA,3500,0,,,,,,,,,,,,,,,,,,,,,
203,,,,,,,,,,,,,,,,,,,,,,,,,,A - AUTOMÓVIL,NISSAN,TSURU,VERACRUZ,BLANCO/VERDE,GA168107004,3N1EB3153BK46057,PE - PÚBLICO ESTATAL,SI,59,HOMBRE,A,SI,,,2500,,,,,,,,,,,,,,,,,,,,,,
204,XALAPA,20/03/2014,JUEVES,15:21,15:30,15:45,XALAPA,XALAPA,URBANA,,,VICENTE GUERRERO,CENTRO,AZCARATE,BUENO,SOLEADO,CONCRETO,SECO,A NIVEL,NINGUNA,SIN RESTRICCIÓN,COLISIÓN,LATERAL,VEHÍCULO CIRCULANDO,2,C - CAMIONETA,NISSAN,NP-300,VERACRUZ,PLATA,KA24572248A,3NGDD125T3C1K048963,P - PARTICULAR,SI,33,HOMBRE,,,CAMBIAR CARRIL SIN PRECAUCIÓN,NO APLICA,1000,0,,,,,,,,,,,,,,,,,,,,,
204,,,,,,,,,,,,,,,,,,,,,,,,,,A - AUTOMÓVIL,NISSAN,TSURU,VERACRUZ,BLANCO/ROJO,GA167722714,3N1EB31S4BK310829,PE - PÚBLICO ESTATAL,SI,49,HOMBRE,A,SI,,,1200,,,,,,,,,,,,,,,,,,,,,,
205,XALAPA,20/03/2014,JUEVES,,18:25,,XALAPA,XALAPA,URBANA,,,AVENIDA LAZARO CARDENAS,ENCINAL,COYOACAN,BUENO,,ASFALTO,MOJADO,A NIVEL,NINGUNA,SIN RESTRICCIÓN,COLISIÓN,ÁNGULO,VEHÍCULO CIRCULANDO,2,A - AUTOMÓVIL,RENAULT,CLIO,VERACRUZ,,,,,SI,47,HOMBRE,C,SI,NO RESPETAR CEDA EL PASO,NO APLICA,3000,0,,,,,,,,,,,,,,,,,,,,,
205,,,,,,,,,,,1,,,,,,,,,,,,,,,A - AUTOMÓVIL,VOLKSWAGEN,GOL,PUEBLA,,,,,SI,31,HOMBRE,C,SI,,,3500,,,,,,,,,,,,,,,,,,,,,,
206,XALAPA,20/03/2014,JUEVES,,19:55,20:10,XALAPA,XALAPA,URBANA,,,AVENIDA AVILA CAMACHO,,NETZAHUALCOYOTL Y CORDOBA,REGULAR,LLUVIA,CONCRETO,MOJADO,A NIVEL,SEMÁFORO FUNCIONANDO,SIN RESTRICCIÓN,COLISIÓN,LATERAL,VEHÍCULO CIRCULANDO,2,A - AUTOMÓVIL,VOLKSWAGEN,JETTA,VERACRUZ,AZUL,BHA079847,3VWRV49M55M062629,P - PARTICULAR,SI,59,MUJER,C,SI,REBASAR INDEBIDAMENTE,NO APLICA,1000,0,,,,,,,,,,,,,,,,,,,,,
206,,,,,,,,,,,4,,,,,,,,,,,,,,,A - AUTOMÓVIL,NISSAN,370Z,VERACRUZ,PLATA,VQ37510728A,JN1AZHHE9EM6000039,P - PARTICULAR,SI,39,HOMBRE,B,SI,,,4000,,,,,,,,,,,,,,,,,,,,,,
207,XALAPA,20/03/2014,JUEVES,,20:00,,XALAPA,XALAPA,URBANA,,,AVENIDA XALAPA,PROGRESO MACUILTEPEC,,BUENO,LLUVIA,CONCRETO,MOJADO,A NIVEL,MARCA EN PAVIMENTO,SIN RESTRICCIÓN,COLISIÓN,LATERAL,VEHÍCULO CIRCULANDO,2,A - AUTOMÓVIL,CHEVROLET,CAVALIER,VERACRUZ,AVELLANA,HECHO EN MEXICO,3G1JX594745149347,P - PARTICULAR,NO,70,MUJER,C,SI,CAMBIAR CARRIL SIN PRECAUCIÓN,NO APLICA,SIN DAÑOS,0,,,,,,,,,,,,,,,,,,,,,
207,,,,,,,,,,,7,,,,,,,,,,,,,,,AS - AUTOBÚS SUBURBANO,INTERNATIONAL,CHASIS,VERACRUZ,BLANCO,469HM2U1117137,3HVBNAAN0WN12069Z,PE - PÚBLICO ESTATAL,NO,22,HOMBRE,A,SI,,,300,,,,,,,,,,,,,,,,,,,,,,
208,XALAPA,20/03/2014,JUEVES,,20:05,,XALAPA,XALAPA,URBANA,,,AVENIDA XALAPA,,,BUENO,LLUVIA,CONCRETO,MOJADO,ASCENDENTE,MARCA EN PAVIMENTO,SIN RESTRICCIÓN,COLISIÓN,ÁNGULO,VEHÍCULO CIRCULANDO,2,A - AUTOMÓVIL,NISSAN,TSURU,VERACRUZ,BLANCO/VERDE,GA168138824,3N1EB31L36BK349082,PE - PÚBLICO ESTATAL,SI,27,HOMBRE,A,SI,OTRO,NO APLICA,1000,0,,,,,,,,,,,,,,,,,,,,,
208,,,,,,,,,,,7,,,,,,,,,,,,,,,A - AUTOMÓVIL,NISSAN,TSURU,VERACRUZ,BLANCO/VERDE,GA16768243Y,3N1EB31S4BK30771,PE - PÚBLICO ESTATAL,SI,42,HOMBRE,A,SI,,,2000,,,,,,,,,,,,,,,,,,,,,,
209,XALAPA,20/03/2014,JUEVES,,21:00,21:15,XALAPA,XALAPA,URBANA,,,IGNACIO DE LA LLAVE,,AVILA CAMACHO,BUENO,LLUVIA,CONCRETO,MOJADO,A NIVEL,SEMÁFORO FUNCIONANDO,SIN RESTRICCIÓN,COLISIÓN,POR ALCANCE,VEHÍCULO CIRCULANDO,2,A - AUTOMÓVIL,CHEVROLET,AVEO,VERACRUZ,GRIS,HECHO EN MEXICO,3G1TASAF8DL174104,P - PARTICULAR,SI,38,HOMBRE,,,NO GUARDAR DISTANCIA,NO APLICA,SIN DAÑOS,0,,,,,,,,,,,,,,,,,,,,,
209,,,,,,,,,,,8,,,,,,,,,,,,,,,A - AUTOMÓVIL,NISSAN,TSURU,VERACRUZ,BLANCO/ROJO,GA16865771Y,3N1EB31S8CK338604,PE - PÚBLICO ESTATAL,SI,27,HOMBRE,A,SI,,,1500,,,,,,,,,,,,,,,,,,,,,,
210,XALAPA,20/03/2014,JUEVES,,02:30,03:40,XALAPA,XALAPA,URBANA,,,CAMINO ANTIGUO AL SUMIDERO,HERON PROAL,SECUNDARIA,REGULAR,LLUVIA,ASFALTO,MOJADO,A NIVEL,NINGUNA,SIN RESTRICCIÓN,COLISIÓN,POR ALCANCE,VEHÍCULO CIRCULANDO,2,A - AUTOMÓVIL,NISSAN,TSURU,VERACRUZ,BLANCO/VERDE,GA167388202,3N1EB31S0EK307477,PE - PÚBLICO ESTATAL,SI,33,HOMBRE,A,SI,NO GUARDAR DISTANCIA,NO APLICA,3000,0,,,,,,,,,,,,,,,,,,,,,
210,,,,,,,,,,,,,,,,,,,,,,,,,,A - AUTOMÓVIL,NISSAN,TSURU,VERACRUZ,BLANCO/VERDE,GA16895216V,3N1EB31S17K328874,PE - PÚBLICO ESTATAL,SI,40,HOMBRE,A,,,,8000,,,,,,,,,,,,,,,,,,,,,,
211,XALAPA,20/03/2014,JUEVES,,22:00,,XALAPA,XALAPA,URBANA,,,ADOLFO RUIZ CORTINES,,,BUENO,LLUVIA,ASFALTO,MOJADO,A NIVEL,NINGUNA,SIN RESTRICCIÓN,COLISIÓN,POR ALCANCE,VEHÍCULO CIRCULANDO,2,A - AUTOMÓVIL,DODGE,ATOS,VERACRUZ,BLANCO/ROJO,HECHO EN INDIA,MALAC51H76M389946,PE - PÚBLICO ESTATAL,SI,70,HOMBRE,A,SI,NO GUARDAR DISTANCIA,NO APLICA,5000,3,2,,1,,,,,,,,,,,,,,,,,,
211,,,,,,,,,,,,,,,,,,,,,,,,,,A - AUTOMÓVIL,DODGE,STRATUS,VERACRUZ,ARENA,HECHO EN USA,1B3DL46X85N629618,P - PARTICULAR,SI,30,HOMBRE,C,SI,,,8000,,,,,,,,,,,,,,,,,,,,,,
212,XALAPA,20/03/2014,JUEVES,20:13,20:30,,XALAPA,XALAPA,URBANA,,,CARRILLO PUERTO,CENTRO,,BUENO,,CONCRETO,SECO,A NIVEL,NINGUNA,SIN RESTRICCIÓN,ATROPELLAMIENTO,,,1,A - AUTOMÓVIL,HONDA,CITY,VERACRUZ,NEGRO,L15A70904536,93HGM2620AZ806599,P - PARTICULAR,NO,27,MUJER,C,SI,OTRO,OTRO,6000,1,,,,,,,,,1,,,,,,,,,,,,
213,XALAPA,20/03/2014,JUEVES,23:08,23:40,,XALAPA,XALAPA,URBANA,,,HERNANDEZ CASTILLO,,,BUENO,,CONCRETO,MOJADO,A NIVEL,NINGUNA,SIN RESTRICCIÓN,COLISIÓN,ÁNGULO,VEHÍCULO CIRCULANDO,2,A - AUTOMÓVIL,VOLKSWAGEN,CARIBE,PUEBLA,AZUL,,,P - PARTICULAR,,,,,,VELOCIDAD INMODERADA,NO APLICA,500,0,,,,,,,,,,,,,,,,,,,,,
213,,,,,,,,,,,,,,,,,,,,,,,,,,AS - AUTOBÚS SUBURBANO,NAVISTAR,INTERNATIONAL,VERACRUZ,BLANCO,469HM201098361,469HM2U1098361,PE - PÚBLICO ESTATAL,,43,HOMBRE,A,SI,,,500,,,,,,,,,,,,,,,,,,,,,,
214,XALAPA,21/03/2014,VIERNES,08:46,09:00,,XALAPA,XALAPA,URBANA,,,AVENIDA AVILA CAMACHO,CENTRO,XICONTECATL,BUENO,SOLEADO,ASFALTO,SECO,DESCENDENTE,NINGUNA,SIN RESTRICCIÓN,COLISIÓN,ÁNGULO,,2,A - AUTOMÓVIL,CHRYSLER,ATOS,VERACRUZ,GRIS,HECHO EN KOREA,KMHAGSI972U2,P - PARTICULAR,NO,36,HOMBRE,A,SI,CAMBIAR CARRIL SIN PRECAUCIÓN,NO APLICA,1500,0,,,,,,,,,,,,,,,,,,,,,
214,,,,,,,,,,,4,,,,,,,,,,,,,,,A - AUTOMÓVIL,CHEVROLET,SONIC,VERACRUZ,NEGRO,HECHO EN MEXICO,3GIJ85CC1E5599354,P - PARTICULAR,NO,45,HOMBRE,C,SI,,,1500,,,,,,,,,,,,,,,,,,,,,,
215,XALAPA,21/03/2014,VIERNES,,18:45,19:10,XALAPA,XALAPA,URBANA,,,AVENIDA CIRCUITO PRESIDENTES,,,BUENO,,ASFALTO,,DESCENDENTE,NINGUNA,SIN RESTRICCIÓN,COLISIÓN,ÁNGULO,,2,,,,,,,,,,,,,,,,,0,,,,,,,,,,,,,,,,,,,,,
215,,,,,,,,,,,9,,,,,,,,,,,,,,,A - AUTOMÓVIL,FORD,FOCUS,VERACRUZ,AZUL MARINO,YW243021,1FABP33P8YW243021,P - PARTICULAR,NO,33,HOMBRE,A,SI,NO GUARDAR DISTANCIA,NO APLICA,1500,,,,,,,,,,,,,,,,,,,,,,
215,,,,,,,,,,,,,,,,,,,,,,,,,,C - CAMIONETA,CHRYSLER,JEEP,VERACRUZ,BLANCO,HECHO EN USA,1C4AJPABICO664783,P - PARTICULAR,SI,33,HOMBRE,B,SI,,,2000,,,,,,,,,,,,,,,,,,,,,,
216,XALAPA,21/03/2014,VIERNES,,20:45,,XALAPA,XALAPA,URBANA,,,AVENIDA XALAPA,,MANUEL C. TELLO Y AMERICAS,BUENO,,CONCRETO,SECO,A NIVEL,NINGUNA,SIN RESTRICCIÓN,COLISIÓN,POR ALCANCE,,2,,,,,,,,,,,,,,,,,0,,,,,,,,,,,,,,,,,,,,,
216,,,,,,,,,,,7,,,,,,,,,,,,,,,A - AUTOMÓVIL,SEAT,IBIZA,VERACRUZ,GRIS,BAH125495,YSSMM16L64R9698,P - PARTICULAR,SI,26,HOMBRE,B,SI,NO GUARDAR DISTANCIA,NO APLICA,1000,,,,,,,,,,,,,,,,,,,,,,
216,,,,,,,,,,,,,,,,,,,,,,,,,,A - AUTOMÓVIL,NISSAN,TSURU,VERACRUZ,BLANCO/ROJO,GA1675713W,3NIEB315998K312853,PE - PÚBLICO ESTATAL,SI,40,HOMBRE,A,SI,,,1500,,,,,,,,,,,,,,,,,,,,,,
217,XALAPA,21/03/2014,VIERNES,19:20,19:40,,XALAPA,XALAPA,URBANA,,,ALLENDE,,ZARAGOZA,BUENO,SOLEADO,ASFALTO,,ASCENDENTE,NINGUNA,SIN RESTRICCIÓN,COLISIÓN,POR ALCANCE,,2,,,,,,,,,,,,,,,,,0,,,,,,,,,,,,,,,,,,,,,
217,,,,,,,,,,,,,,,,,,,,,,,,,,A - AUTOMÓVIL,NISSAN,TSURU,VERACRUZ,BLANCO/VERDE,GA1679650224,3NIEB83154BK332801,PE - PÚBLICO ESTATAL,SI,27,HOMBRE,A,SI,NO GUARDAR DISTANCIA,NO APLICA,2000,,,,,,,,,,,,,,,,,,,,,,
217,,,,,,,,,,,,,,,,,,,,,,,,,,A - AUTOMÓVIL,VOLKSWAGEN,GOLF,VERACRUZ,AZUL,AEG585024,9BWXB1J514031745,P - PARTICULAR,SI,21,HOMBRE,C,SI,,,1500,,,,,,,,,,,,,,,,,,,,,,
218,XALAPA,21/03/2014,VIERNES,,17:25,18:00,XALAPA,XALAPA,URBANA,,,LATERAL ENTRADA A PLAZA AMERICAS,,,BUENO,,CONCRETO,,DESCENDENTE,NINGUNA,ACCIDENTE PREVIO,COLISIÓN,LATERAL,,2,,,,,,,,,,,,,,,,,0,,,,,,,,,,,,,,,,,,,,,
218,,,,,,,,,,,,,,,,,,,,,,,,,,A - AUTOMÓVIL,CHEVROLET,PONTIAC,VERACRUZ,ROJO/BLANCO,HECHO EN KOREA,KL2MJ61089603230,PE - PÚBLICO ESTATAL,SI,22,HOMBRE,A,SI,NO RESPETAR CEDA EL PASO,NO APLICA,400,,,,,,,,,,,,,,,,,,,,,,
218,,,,,,,,,,,,,,,,,,,,,,,,,,A - AUTOMÓVIL,NISSAN,TSURU,VERACRUZ,BLANCO/VERDE,GA1674534X,3NIEB3154R342453,PE - PÚBLICO ESTATAL,SI,41,HOMBRE,A,SI,,,400,,,,,,,,,,,,,,,,,,,,,,
219,XALAPA,21/03/2014,VIERNES,,14:30,,XALAPA,XALAPA,URBANA,,,CALLE ALVARADO No 27,CENTRO,HIDALGO,BUENO,,EMPEDRADO,,DESCENDENTE,NINGUNA,SIN RESTRICCIÓN,COLISIÓN,,VEHÍCULO ESTACIONADO,2,,,,,,,,,,,,,,,,,0,,,,,,,,,,,,,,,,,,,,,
219,,,,,,,,,,,,,,,,,,,,,,,,,,AS - AUTOBÚS SUBURBANO,BLUE BIRD,CHASIS,VERACRUZ,BLANCO,46090124,3ALAAXBVISDJ67470,PE - PÚBLICO ESTATAL,SI,55,HOMBRE,A,SI,VELOCIDAD INMODERADA,NO APLICA,MINIMOS,,,,,,,,,,,,,,,,,,,,,,
219,,,,,,,,,,,,,,,,,,,,,,,,,,C - CAMIONETA,CHEVROLET,SILVERADO,VERACRUZ,BLANCO,HECHO EN MEXICO,3GCPK9E79CC71610,P - PARTICULAR,SI,47,HOMBRE,B,SI,,,3000,,,,,,,,,,,,,,,,,,,,,,
220,XALAPA,21/03/2014,VIERNES,,20:15,,XALAPA,XALAPA,URBANA,,,AVENIDA LAZARO CARDENAS,ENCINAL,,BUENO,,ASFALTO,,A NIVEL,NINGUNA,SIN RESTRICCIÓN,COLISIÓN,LATERAL,,2,,,,,,,,,,,,,,,,,0,,,,,,,,,,,,,,,,,,,,,
220,,,,,,,,,,,1,,,,,,,,,,,,,,,A - AUTOMÓVIL,VOLKSWAGEN,JETTA,VERACRUZ,AZUL,CBP299614,3VW2V9MCMO28470,P - PARTICULAR,NO,37,HOMBRE,B,SI,CAMBIAR CARRIL SIN PRECAUCIÓN,OTRO,6000,,,,,,,,,,,,,,,,,,,,,,
220,,,,,,,,,,,,,,,,,,,,,,,,,,CC - CAMIÓN DE CARGA,CHEVROLET,TORTON,VERACRUZ,AMARILLO,11738361,6DWBAFM140991,P - PARTICULAR,NO,,,,,,,MINIMOS,,,,,,,,,,,,,,,,,,,,,,
221,XALAPA,21/03/2014,VIERNES,13:35,13:47,14:00,XALAPA,XALAPA,URBANA,,,AVENIDA LAZARO CARDENAS,FRANSCISCO I. MADERO,,BUENO,SOLEADO,CONCRETO,,A NIVEL,NINGUNA,SIN RESTRICCIÓN,COLISIÓN,ÁNGULO,,2,,,,,,,,,,,,,,,,,0,,,,,,,,,,,,,,,,,,,,,
221,,,,,,,,,,,,,,,,,,,,,,,,,,C - CAMIONETA,CHEVROLET,BLAZER,VERACRUZ,ROJO,SIN NUMERO,GNT13W3W202487,P - PARTICULAR,NO,33,HOMBRE,A,SI,NO GUARDAR DISTANCIA,NO APLICA,800,,,,,,,,,,,,,,,,,,,,,,
221,,,,,,,,,,,,,,,,,,,,,,,,,,A - AUTOMÓVIL,NISSAN,TSURU,VERACRUZ,BLANCO/VERDE,GA14,3NIEB307889,PE - PÚBLICO ESTATAL,SI,40,HOMBRE,A,SI,,,6000,,,,,,,,,,,,,,,,,,,,,,
222,XALAPA,21/03/2014,VIERNES,,07:05,,XALAPA,XALAPA,URBANA,CARRETERA-XALAPA VERACRUZ KM 23+800,,,,,BUENO,,ASFALTO,,A NIVEL,NINGUNA,SIN RESTRICCIÓN,COLISIÓN,POR ALCANCE,,2,,,,,,,,,,,,,,,,,8,,,,,,,,,,,,,,,,,,,,,
222,,,,,,,,,,,,,,,,,,,,,,,,,,AF- AUTOBÚS FORANEO,VOLVO,CHASIS,VERACRUZ,ARENA/ROJO,SIN NUMERO,HECHO EN MEXICO,PF- PÚBLICO FEDERAL,NO,57,HOMBRE,A,SI,VELOCIDAD INMODERADA,NO APLICA,120000,,,,,,,,,,,,,,,,,,,,,,
222,,,,,,,,,,,,,,,,,,,,,,,,,,CC - CAMIÓN DE CARGA,CHRYSLER,REDILAS,VERACRUZ,AZUL,SIN NUMERO,L801087,PF- PÚBLICO FEDERAL,NO,47,HOMBRE,,NO,,,10000,,,,1,2,,1,,2,,2,,,,,,,,,,,
223,XALAPA,22/03/2014,SÁBADO,,09:20,,XALAPA,XALAPA,URBANA,,,PUENTE MACUILTEPETL,,,BUENO,,ASFALTO,,A NIVEL,NINGUNA,SIN RESTRICCIÓN,,,OBJETO FIJO,1,,,,,,,,,,,,,,,,,0,,,,,,,,,,,,,,,,,,,,,
223,,,,,,,,,,,,,,,,,,,,,,,,,,A - AUTOMÓVIL,BMW,COUPER,MÉXICO,VERDE,SIN NUMERO,4JSCH320VVLB77615,P - PARTICULAR,NO,22,HOMBRE,,NO,VELOCIDAD INMODERADA,NO APLICA,30000,,,,,,,,,,,,,,,,,,,,,,
224,XALAPA,22/03/2014,SÁBADO,,11:30,,XALAPA,XALAPA,URBANA,,,LAS SAUCES,,,BUENO,SOLEADO,CONCRETO,SECO,A NIVEL,MARCA EN PAVIMENTO,SIN RESTRICCIÓN,ATROPELLAMIENTO,,,1,,,,,,,,,,,,,,,,,1,,,,,,,,,,,,,,,,,,,,,
224,,,,,,,,,,,,,,,,,,,,,,,,,,AS - AUTOBÚS SUBURBANO,NAVISTAR,CHASIS,VERACRUZ,BLANCO,45HU240582409,3HAVNNCK241077600,P - PARTICULAR,SI,32,HOMBRE,A,SI,VELOCIDAD INMODERADA,NO APLICA,500,,,,1,,,,,,,,,,,,,,,,,,
225,XALAPA,22/03/2014,SÁBADO,,13:50,,XALAPA,XALAPA,URBANA,,,AVENIDA XALAPA,,,BUENO,SOLEADO,CONCRETO,SECO,A NIVEL,MARCA EN PAVIMENTO,SIN RESTRICCIÓN,COLISIÓN,LATERAL,,2,,,,,,,,,,,,,,,,,0,,,,,,,,,,,,,,,,,,,,,
225,,,,,,,,,,,7,,,,,,,,,,,,,,,A - AUTOMÓVIL,VOLKSWAGEN,FORD,VERACRUZ,GRIS,AZL023977,VSSCK46663R167771,P - PARTICULAR,NO,25,HOMBRE,C,SI,CAMBIAR CARRIL SIN PRECAUCIÓN,NO APLICA,100,,,,,,,,,,,,,,,,,,,,,,
225,,,,,,,,,,,,,,,,,,,,,,,,,,C - CAMIONETA,SEAT,F-150,VERACRUZ,ORO,HECHO EN USA,1FT2X18W7W046635,P - PARTICULAR,NO,28,HOMBRE,A,SI,,,1000,,,,,,,,,,,,,,,,,,,,,,
226,XALAPA,22/03/2014,SÁBADO,,14:50,,XALAPA,XALAPA,URBANA,,,IGNACIO DE LA LLAVE,,,BUENO,SOLEADO,CONCRETO,SECO,A NIVEL,NINGUNA,SIN RESTRICCIÓN,COLISIÓN,ÁNGULO,,2,,,,,,,,,,,,,,,,,0,,,,,,,,,,,,,,,,,,,,,
226,,,,,,,,,,,8,,,,,,,,,,,,,,,A - AUTOMÓVIL,NISSAN,TSURU,VERACRUZ,BLANCO/VERDE,GA167707797,3NIEB3158K309475,PE - PÚBLICO ESTATAL,SI,53,HOMBRE,A,SI,VELOCIDAD INMODERADA,NO APLICA,1000,,,,,,,,,,,,,,,,,,,,,,
226,,,,,,,,,,,,,,,,,,,,,,,,,,A - AUTOMÓVIL,NISSAN,TSURU,VERACRUZ,BLANCO/VERDE,GA16858179Y,3NIEB3156CK331196,PE - PÚBLICO ESTATAL,SI,49,HOMBRE,A,SI,,,1000,,,,,,,,,,,,,,,,,,,,,,
227,XALAPA,22/03/2014,SÁBADO,,14:30,,XALAPA,XALAPA,URBANA,,,IGNACIO DE LA LLAVE,,,BUENO,SOLEADO,CONCRETO,SECO,A NIVEL,NINGUNA,SIN RESTRICCIÓN,SALIDA DE CAMINO,POR ALCANCE,,2,,,,,,,,,,,,,,,,,0,,,,,,,,,,,,,,,,,,,,,
227,,,,,,,,,,,8,,,,,,,,,,,,,,,C - CAMIONETA,FORD,ECO-SPORT,VERACRUZ,PLATA,SIN NUMERO,9NBUT288925566,P - PARTICULAR,NO,39,HOMBRE,A,SI,NO GUARDAR DISTANCIA,NO APLICA,2000,,,,,,,,,,,,,,,,,,,,,,
227,,,,,,,,,,,,,,,,,,,,,,,,,,A - AUTOMÓVIL,NISSAN,TSURU,VERACRUZ,BLANCO/VERDE,GA1677079Y,3NIEB31588K304473,PE - PÚBLICO ESTATAL,SI,53,HOMBRE,A,SI,,,3000,,,,,,,,,,,,,,,,,,,,,,
228,XALAPA,22/03/2014,SÁBADO,,16:15,,XALAPA,XALAPA,URBANA,CARRETERA CASTILLO-XALAPA,,,,,BUENO,,ASFALTO,SECO,ASCENDENTE,NINGUNA,SIN RESTRICCIÓN,VOLCADURA,,,1,,,,,,,,,,,,,,,,,0,,,,,,,,,,,,,,,,,,,,,
228,,,,,,,,,,,,,,,,,,,,,,,,,,A - AUTOMÓVIL,VOLKSWAGEN,GOLF,VERACRUZ,GRIS,UF2081497,9BWAB05U7BP115611,P - PARTICULAR,NO,43,HOMBRE,A,SI,VELOCIDAD INMODERADA,NO APLICA,35000,,,,,,,,,,,,,,,,,,,,,,
229,XALAPA,22/03/2014,SÁBADO,,18:33,,XALAPA,XALAPA,URBANA,,,1 DE MAYO,MAGISTERIAL,,BUENO,,ASFALTO,,ASCENDENTE,NINGUNA,SIN RESTRICCIÓN,COLISIÓN,POR ALCANCE,,2,,,,,,,,,,,,,,,,,0,,,,,,,,,,,,,,,,,,,,,
229,,,,,,,,,,,,,,,,,,,,,,,,,,C - CAMIONETA,NISSAN,TSURU,VERACRUZ,NEGRO,KA24335418-A,3N6DD14507K3382,P - PARTICULAR,NO,23,HOMBRE,,NO,NO GUARDAR DISTANCIA,NO APLICA,3000,,,,,,,,,,,,,,,,,,,,,,
229,,,,,,,,,,,,,,,,,,,,,,,,,,A - AUTOMÓVIL,NISSAN,CHASIS,VERACRUZ,BLANCO,SIN NUMERO,SIN NUMERO,P - PARTICULAR,NO,37,HOMBRE,A,SI,,,6000,,,,,,,,,,,,,,,,,,,,,,
230,XALAPA,22/03/2014,SÁBADO,,20:10,,XALAPA,XALAPA,URBANA,,,AVENIDA LAZARO CARDENAS,ENCINAL,,BUENO,SOLEADO,ASFALTO,SECO,DESCENDENTE,NINGUNA,SIN RESTRICCIÓN,COLISIÓN,POR ALCANCE,,2,,,,,,,,,,,,,,,,,0,,,,,,,,,,,,,,,,,,,,,
230,,,,,,,,,,,1,,,,,,,,,,,,,,,A - AUTOMÓVIL,VOLKSWAGEN,BORA,PUEBLA,CCC066840,CCC066840,3VMW1129850,P - PARTICULAR,SI,50,HOMBRE,A,SI,NO GUARDAR DISTANCIA,NO APLICA,3000,,,,,,,,,,,,,,,,,,,,,,