idMES,DELEGACION DE TRANSITO,FECHA DEL ACCIDENTE,DIA DE LA SEMANA,HORA EN QUE SE RECIBIO LA LLAMADA REPORTANDO EL ACCIDENTE,HORA DE ARRIBO DEL PERITO AL SITIO,HORA DE REGRESO DEL PERITO A LAS INSTALACIONES DE SU DELEGACION,LOCALIDAD ACCIDENTE,MUNICIPIO ACCIDENTE,ZONA,CARRETERA/KILOMETRO DEL ACCIDENTE,NUMERO DE AVENIDA,CALLE/AVENIDA DEL ACCIDENTE,COLONIA,ENTRE CALLES,CONDICIONES DE LA VIA,CONDICIONES NATURALES,SUPERFICIE DE LA VIA,ESTADO DE LA VIA,TANGENTE,TIPO DE CONTROL DE TRANSITO,RESTRICCIONES DE LA VIA,TIPO DE ACCIDENTE,FORMA DE ACCIDENTARSE,CONTRA QUE FUE EL IMPACTO,CANTIDAD DE VEHICULOS,TIPO DE VEHICULO,MARCA,SUBMARCA,ENTIDAD FEDERATIVA DEL VEHICULO,COLOR DEL VEHICULO,MOTOR,SERIE,TIPO DE SERVICIO PARA EL QUE SE OCUPAN LOS VEHICULOS,ASEGURADO,EDAD CONDUCTOR,SEXO CONDUCTOR,TIPO LICENCIA,LICENCIA VIGENTE,CAUSA ATRIBUIBLE AL CONDUCTOR,CAUSA ATRIBUIBLE AL PEATON,DANIOS (MONTO APROXIMADO EN MXN),NUMERO DE HERIDOS,MUJER HERIDA DE 0-15 ANIOS,HOMBRE HERIDO DE 0-15 ANIOS,MUJER HERIDA DE 16-30 ANIOS,HOMBRE HERIDO DE 16-30 ANIOS,MUJER HERIDA DE 31-45 ANIOS,HOMBRE HERIDO DE 31-45 ANIOS,MUJER HERIDA DE 46-60 ANIOS,HOMBRE HERIDO DE 46-60 ANIOS,MUJER HERIDA MAS DE 60 ANIOS,HOMBRE HERIDO MAS DE 60 ANIOS,NUMERO DE MUERTOS,MUJER MUERTA DE 0-15 ANIOS,HOMBRE MUERTO DE 0-15 ANIOS,MUJER MUERTA DE 16-30 ANIOS,HOMBRE MUERTO DE 16-30 ANIOS,MUJER MUERTA DE 31-45 ANIOS,HOMBRE MUERTO DE 31-45 ANIOS,MUJER MUERTA DE 46-60 ANIOS,HOMBRE MUERTO DE 46-60 ANIOS,MUJER MUERTA MAS DE 60 ANIOS,HOMBRE MUERTO MAS DE 60 ANIOS
230,,,,,,,,,,,,,,,,,,,,,,,,,,C - CAMIONETA,FORD,ECO-SPORT,VERACRUZ,SIN NUMERO,SIN NUMERO,9BFU268685400,P - PARTICULAR,SI,59,HOMBRE,C,SI,,,5000,,,,,,,,,,,,,,,,,,,,,,
231,XALAPA,22/03/2014,SÁBADO,,20:50,,XALAPA,XALAPA,URBANA,,,AVENIDA RUIZ CORTINES,UNIDAD DEL BOSQUE,,BUENO,,ASFALTO,SECO,A NIVEL,NINGUNA,SIN RESTRICCIÓN,COLISIÓN,LATERAL,,2,,,,,,,,,,,,,,,,,0,,,,,,,,,,,,,,,,,,,,,
231,,,,,,,,,,,2,,,,,,,,,,,,,,,A - AUTOMÓVIL,NISSAN,PLATINA,VERACRUZ,TITANIO,Q0132550,3NIHO543L060290,P - PARTICULAR,NO,22,HOMBRE,B,SI,VELOCIDAD INMODERADA,NO APLICA,1000,,,,,,,,,,,,,,,,,,,,,,
231,,,,,,,,,,,,,,,,,,,,,,,,,,A - AUTOMÓVIL,VOLKSWAGEN,JETTA,VERACRUZ,NEGRO,CBP399366,3VW1V49MXDM017004,P - PARTICULAR,NO,38,HOMBRE,B,SI,,,2000,,,,,,,,,,,,,,,,,,,,,,
232,XALAPA,22/03/2014,SÁBADO,,21:10,,XALAPA,XALAPA,URBANA,,,GUTIERREZ ZAMORA No 14,CENTRO,,BUENO,SOLEADO,CONCRETO,SECO,A NIVEL,NINGUNA,SIN RESTRICCIÓN,COLISIÓN,LATERAL,,2,,,,,,,,,,,,,,,,,0,,,,,,,,,,,,,,,,,,,,,
232,,,,,,,,,,,,,,,,,,,,,,,,,,A - AUTOMÓVIL,NISSAN,SENTRA,VERACRUZ,NEGRO,QG1864921YP,SIN NUMERO,P - PARTICULAR,NO,54,HOMBRE,,NO,CAMBIAR CARRIL SIN PRECAUCIÓN,NO APLICA,1000,,,,,,,,,,,,,,,,,,,,,,
232,,,,,,,,,,,,,,,,,,,,,,,,,,A - AUTOMÓVIL,FIAT,PALIO,VERACRUZ,ROJO,HECHO EN BRASIL,SIN NUMERO,P - PARTICULAR,NO,36,HOMBRE,,NO,,,1500,,,,,,,,,,,,,,,,,,,,,,
233,XALAPA,22/03/2014,SÁBADO,,13:00,,XALAPA,XALAPA,URBANA,,,PUENTE BICENTENARIO,,,REGULAR,SOLEADO,ASFALTO,,A NIVEL,NINGUNA,SIN RESTRICCIÓN,COLISIÓN,LATERAL,,2,,,,,,,,,,,,,,,,,0,,,,,,,,,,,,,,,,,,,,,
233,,,,,,,,,,,,,,,,,,,,,,,,,,A - AUTOMÓVIL,NISSAN,TSURU,VERACRUZ,BLANCO/VERDE,GA16786689Z,3NIEB315122EK346068,PE - PÚBLICO ESTATAL,NO,41,HOMBRE,A,SI,VELOCIDAD INMODERADA,NO APLICA,3000,,,,,,,,,,,,,,,,,,,,,,
233,,,,,,,,,,,,,,,,,,,,,,,,,,M - MOTOCICLETA,ITALIKA,,VERACRUZ,NEGRO,SIN NUMERO,SIN NUMERO,P - PARTICULAR,NO,26,HOMBRE,,NO,,,8000,,,,,,,,,,,,,,,,,,,,,,
234,XALAPA,22/03/2014,SÁBADO,,22:25,23:40,XALAPA,XALAPA,URBANA,,,ZANGA AGUAS NEGRAS,GUADALUPE VICTORIA,,MALO,,TERRACERÍA,SECO,A NIVEL,NINGUNA,SIN RESTRICCIÓN,SALIDA DE CAMINO,,,1,,,,,,,,,,,,,,,,,0,,,,,,,,,,,,,,,,,,,,,
234,,,,,,,,,,,,,,,,,,,,,,,,,,A - AUTOMÓVIL,VOLKSWAGEN,JETTA,DISTRITO FEDERAL,BLANCO,NVV035343,1GL609796,P - PARTICULAR,NO,,,,NO,VELOCIDAD INMODERADA,NO APLICA,5000,,,,,,,,,,,,,,,,,,,,,,
235,XALAPA,23/03/2014,DOMINGO,,10:40,,XALAPA,XALAPA,URBANA,,,AVENIDA LAZARO CARDENAS,LAURELES,,BUENO,,ASFALTO,MOJADO,A NIVEL,NINGUNA,SIN RESTRICCIÓN,SALIDA DE CAMINO,ÁNGULO,,2,,,,,,,,,,,,,,,,,3,,,,,,,,,,,,,,,,,,,,,
235,,,,,,,,,,,1,,,,,,,,,,,,,,,C - CAMIONETA,TOYOTA,RAV,VERACRUZ,BLANCO,ZARM033523,ZT3KFDVXBU103426,P - PARTICULAR,NO,30,HOMBRE,A,SI,NO RESPETAR SEÑAL DE ALTO,NO APLICA,15000,,,,,,,,,,,,,,,,,,,,,,
235,,,,,,,,,,,,,,,,,,,,,,,,,,A - AUTOMÓVIL,VOLKSWAGEN,POINTER,VERACRUZ,BEIGE,BH0097694,9BCC05X85P047873,P - PARTICULAR,NO,32,HOMBRE,,NO,,,8000,,1,,1,,,,,,,1,,,,,,,,,,,
236,XALAPA,23/03/2014,DOMINGO,13:38,14:05,14:45,XALAPA,XALAPA,URBANA,,,AVENIDA GRANADA,SUMIDERO,,BUENO,,CONCRETO,,DESCENDENTE,NINGUNA,SIN RESTRICCIÓN,COLISIÓN,ÁNGULO,,2,,,,,,,,,,,,,,,,,0,,,,,,,,,,,,,,,,,,,,,
236,,,,,,,,,,,,,,,,,,,,,,,,,,C - CAMIONETA,FORD,RANGER,VERACRUZ,AZUL,SIN NUMERO,1FTBR01T2GU306869,P - PARTICULAR,NO,45,HOMBRE,A,SI,NO GUARDAR DISTANCIA,NO APLICA,1500,,,,,,,,,,,,,,,,,,,,,,
236,,,,,,,,,,,,,,,,,,,,,,,,,,A - AUTOMÓVIL,CHEVROLET,CRUZER,VERACRUZ,GRIS,HECHO EN KOREA,KLIPM5C5CBKO14245,P - PARTICULAR,SI,31,HOMBRE,C,SI,,,5000,,,,,,,,,,,,,,,,,,,,,,
237,XALAPA,23/03/2014,DOMINGO,,14:45,,XALAPA,XALAPA,URBANA,,,DESIDEIRO PAVON,MARTIRES DE CHICAGO,ESTEBAN MASCAREÑAS,BUENO,,CONCRETO,,A NIVEL,NINGUNA,SIN RESTRICCIÓN,COLISIÓN,ÁNGULO,,2,,,,,,,,,,,,,,,,,0,,,,,,,,,,,,,,,,,,,,,
237,,,,,,,,,,,,,,,,,,,,,,,,,,A - AUTOMÓVIL,NISSAN,TSURU,VERACRUZ,BLANCO/ROJO,GA16718109,3NIEB3151K38546,PE - PÚBLICO ESTATAL,SI,45,HOMBRE,A,SI,NO GUARDAR DISTANCIA,NO APLICA,1500,,,,,,,,,,,,,,,,,,,,,,
237,,,,,,,,,,,,,,,,,,,,,,,,,,A - AUTOMÓVIL,NISSAN,TSURU,VERACRUZ,CAPUCHINO,GA16713893W,3NIEB1597K345972,P - PARTICULAR,SI,22,HOMBRE,C,SI,,,2500,,,,,,,,,,,,,,,,,,,,,,
238,XALAPA,23/03/2014,DOMINGO,03:42,03:52,04:12,XALAPA,XALAPA,URBANA,,,AVENIDA XALAPA,UNIDAD DEL BOSQUE,RUIZ CORTINES,BUENO,,CONCRETO,,ASCENDENTE,NINGUNA,SIN RESTRICCIÓN,COLISIÓN,ÁNGULO,,2,,,,,,,,,,,,,,,,,0,,,,,,,,,,,,,,,,,,,,,
238,,,,,,,,,,,7,,,,,,,,,,,,,,,A - AUTOMÓVIL,NISSAN,SEDAN,VERACRUZ,ROJO,GA16817032T,3NIEB31664K589316,PE - PÚBLICO ESTATAL,SI,53,HOMBRE,A,SI,CAMBIAR CARRIL SIN PRECAUCIÓN,OTRO,500,,,,,,,,,,,,,,,,,,,,,,
238,,,,,,,,,,,,,,,,,,,,,,,,,,A - AUTOMÓVIL,NISSAN,SEDAN,VERACRUZ,ROJO,GA167273784,3NIEB3154AK26568,PE - PÚBLICO ESTATAL,SI,39,HOMBRE,A,SI,,,1000,,,,,,,,,,,,,,,,,,,,,,
239,XALAPA,23/03/2014,DOMINGO,,14:15,,XALAPA,XALAPA,URBANA,,,28 DE AGOSTO,HERON PEREZ,,BUENO,SOLEADO,ASFALTO,SECO,A NIVEL,NINGUNA,SIN RESTRICCIÓN,COLISIÓN,LATERAL,,2,,,,,,,,,,,,,,,,,0,,,,,,,,,,,,,,,,,,,,,
239,,,,,,,,,,,,,,,,,,,,,,,,,,C - CAMIONETA,FORD,EXPLORER,VERACRUZ,NEGRO,SIN NUMERO,SIN NUMERO,P - PARTICULAR,NO,30,HOMBRE,C,SI,VELOCIDAD INMODERADA,NO APLICA,1000,,,,,,,,,,,,,,,,,,,,,,
239,,,,,,,,,,,,,,,,,,,,,,,,,,A - AUTOMÓVIL,VOLKSWAGEN,JETTA,VERACRUZ,BLANCO,1FMZU427MUC77838,SIN NUMERO,P - PARTICULAR,NO,24,HOMBRE,A,SI,,,3000,,,,,,,,,,,,,,,,,,,,,,
240,XALAPA,23/03/2014,DOMINGO,,17:20,,XALAPA,XALAPA,URBANA,,,SALVADOR DIAZ MIRON,CENTRO,,BUENO,SOLEADO,ASFALTO,SECO,A NIVEL,NINGUNA,SIN RESTRICCIÓN,COLISIÓN,LATERAL,,3,A - AUTOMÓVIL,CHEVROLET,CHEVY,VERACRUZ,NARANJA,HECHO EN MEXICO,3GIS216165276,P - PARTICULAR,NO,64,HOMBRE,,NO,,,4000,0,,,,,,,,,,,,,,,,,,,,,
240,,,,,,,,,,,,,,,,,,,,,,,,,,AS - AUTOBÚS SUBURBANO,INTERNATIONAL,CHASIS,VERACRUZ,BLANCO,470HM2U129193,3HPAANKH,PE - PÚBLICO ESTATAL,NO,49,HOMBRE,A,SI,VELOCIDAD INMODERADA,NO APLICA,2000,,,,,,,,,,,,,,,,,,,,,,
240,,,,,,,,,,,,,,,,,,,,,,,,,,A - AUTOMÓVIL,VOLKSWAGEN,JETTA,VERACRUZ,PLATA,BEJO29266,3VWSV29M03MOO00,P - PARTICULAR,NO,,,,NO,,,3000,,,,,,,,,,,,,,,,,,,,,,
241,XALAPA,23/03/2014,DOMINGO,16:50,17:25,17:50,XALAPA,XALAPA,URBANA,,,AVENIDA ARCO SUR,,,BUENO,,ASFALTO,,DESCENDENTE,NINGUNA,SIN RESTRICCIÓN,COLISIÓN,POR ALCANCE,,2,,,,,,,,,,,,,,,,,0,,,,,,,,,,,,,,,,,,,,,
241,,,,,,,,,,,14,,,,,,,,,,,,,,,C - CAMIONETA,JEEP,GRAN CHEROKKE,VERACRUZ,BLANCO,SIN NUMERO,1J4GZ851PCI102854,P - PARTICULAR,NO,49,HOMBRE,,NO,NO GUARDAR DISTANCIA,NO APLICA,3000,,,,,,,,,,,,,,,,,,,,,,
241,,,,,,,,,,,,,,,,,,,,,,,,,,C - CAMIONETA,FORD,ESCAPE,VERACRUZ,PLATA,SIN NUMERO,1FMYU78KCO8428,P - PARTICULAR,SI,59,HOMBRE,B,SI,,,4000,,,,,,,,,,,,,,,,,,,,,,
242,XALAPA,24/03/2014,LUNES,,09:20,,XALAPA,XALAPA,URBANA,,,AMERICAS,,SARABIA,BUENO,,CONCRETO,,ASCENDENTE,NINGUNA,SIN RESTRICCIÓN,COLISIÓN,LATERAL,,2,,,,,,,,,,,,,,,,,0,,,,,,,,,,,,,,,,,,,,,
242,,,,,,,,,,,3,,,,,,,,,,,,,,,A - AUTOMÓVIL,CHEVROLET,AVEO,VERACRUZ,BLANCO/VERDE,HECHO EN MEXICO,3GITA5AF6ELO104571,PE - PÚBLICO ESTATAL,NO,34,HOMBRE,A,SI,CAMBIAR CARRIL SIN PRECAUCIÓN,NO APLICA,2000,,,,,,,,,,,,,,,,,,,,,,
242,,,,,,,,,,,,,,,,,,,,,,,,,,C - CAMIONETA,CHRYSLER,TOWN COUNTRY,VERACRUZ,BLANCO,HECHO EN USA,SIN NUMERO,P - PARTICULAR,NO,35,HOMBRE,B,SI,,,2000,,,,,,,,,,,,,,,,,,,,,,
243,XALAPA,24/03/2014,LUNES,,10:30,10:40,XALAPA,XALAPA,URBANA,,,ANIMAS,,,REGULAR,SOLEADO,CONCRETO,SECO,A NIVEL,NINGUNA,SIN RESTRICCIÓN,COLISIÓN,POR ALCANCE,,2,,,,,,,,,,,,,,,,,0,,,,,,,,,,,,,,,,,,,,,
243,,,,,,,,,,,,,,,,,,,,,,,,,,A - AUTOMÓVIL,NISSAN,SEDAN,VERACRUZ,GRIS,HR16714163E,3NICN740PCLB02324,P - PARTICULAR,SI,23,HOMBRE,A,SI,NO GUARDAR DISTANCIA,NO APLICA,5000,,,,,,,,,,,,,,,,,,,,,,
243,,,,,,,,,,,,,,,,,,,,,,,,,,A - AUTOMÓVIL,NISSAN,SEDAN,VERACRUZ,ROJO/BLANCO,MR18682837H,3NIECIAAS2458758,PE - PÚBLICO ESTATAL,SI,477,HOMBRE,A,SI,,,800,,,,,,,,,,,,,,,,,,,,,,
244,XALAPA,24/03/2014,LUNES,,14:25,,XALAPA,XALAPA,URBANA,,,XALAPEÑOS ILUSTRES,CENTRO,LANDERO Y COSS,REGULAR,,CONCRETO,SECO,DESCENDENTE,NINGUNA,SIN RESTRICCIÓN,COLISIÓN,ÁNGULO,,2,,,,,,,,,,,,,,,,,0,,,,,,,,,,,,,,,,,,,,,
244,,,,,,,,,,,,,,,,,,,,,,,,,,A - AUTOMÓVIL,FIAT,STRADA,VERACRUZ,BLANCO,2010,9BD2783027168261,P - PARTICULAR,NO,28,HOMBRE,A,SI,CAMBIAR CARRIL SIN PRECAUCIÓN,NO APLICA,8000,,,,,,,,,,,,,,,,,,,,,,
244,,,,,,,,,,,,,,,,,,,,,,,,,,AS - AUTOBÚS SUBURBANO,DAIMELER,DELANTERO,VERACRUZ,BLANCO,2008,3MBAA2DKBBM030702,PE - PÚBLICO ESTATAL,NO,47,HOMBRE,,NO,,,1000,,,,,,,,,,,,,,,,,,,,,,
245,XALAPA,24/03/2014,LUNES,14:29,14:35,14:50,XALAPA,XALAPA,URBANA,,,AVENIDA RUIZ CORTINES,SALUD,,BUENO,SOLEADO,CONCRETO,SECO,A NIVEL,NINGUNA,SIN RESTRICCIÓN,COLISIÓN,MANIOBRA EN REVERSA,,2,,,,,,,,,,,,,,,,,0,,,,,,,,,,,,,,,,,,,,,
245,,,,,,,,,,,2,,,,,,,,,,,,,,,A - AUTOMÓVIL,NISSAN,TSURU,VERACRUZ,BLANCO,GA1678653851,3NIEB315528944,P - PARTICULAR,NO,56,HOMBRE,A,SI,VELOCIDAD INMODERADA,NO APLICA,1000,,,,,,,,,,,,,,,,,,,,,,
245,,,,,,,,,,,,,,,,,,,,,,,,,,C - CAMIONETA,GEO,TRACKER,VERACRUZ,ROJO,SIN NUMERO,2CNBEIU9926059,P - PARTICULAR,NO,26,HOMBRE,,NO,,,1500,,,,,,,,,,,,,,,,,,,,,,
246,XALAPA,24/03/2014,LUNES,,20:10,,XALAPA,XALAPA,URBANA,,,CIRCUITO CULTURAS VERACRUZANAS,FRANSCISCO I. MADERO,,BUENO,,EMPEDRADO,,A NIVEL,NINGUNA,SIN RESTRICCIÓN,COLISIÓN,POR ALCANCE,,2,,,,,,,,,,,,,,,,,0,,,,,,,,,,,,,,,,,,,,,
246,,,,,,,,,,,,,,,,,,,,,,,,,,A - AUTOMÓVIL,NISSAN,TIDA,VERACRUZ,ROJO,MR18476038H,3NIBC1AS9AL396894,P - PARTICULAR,NO,58,HOMBRE,A,SI,VELOCIDAD INMODERADA,NO APLICA,2000,,,,,,,,,,,,,,,,,,,,,,
246,,,,,,,,,,,,,,,,,,,,,,,,,,A - AUTOMÓVIL,NISSAN,JUKE,TAMAULIPAS,BLANCO,MR16178360A,JNIAF55C9DT051412,P - PARTICULAR,NO,23,HOMBRE,A,SI,,,2000,,,,,,,,,,,,,,,,,,,,,,
247,XALAPA,24/03/2014,LUNES,,03:10,,XALAPA,XALAPA,URBANA,,,AMERICAS,MARIA ESTHER,,BUENO,,CONCRETO,,A NIVEL,NINGUNA,SIN RESTRICCIÓN,COLISIÓN,,OBJETO FIJO,1,,,,,,,,,,,,,,,,,0,,,,,,,,,,,,,,,,,,,,,
247,,,,,,,,,,,3,,,,,,,,,,,,,,,A - AUTOMÓVIL,VOLKSWAGEN,JETTA,VERACRUZ,PLATA,AXR343148,3VWBW49M3BM015903,P - PARTICULAR,NO,21,HOMBRE,A,SI,VELOCIDAD INMODERADA,NO APLICA,3000,,,,,,,,,,,,,,,,,,,,,,
248,XALAPA,25/03/2014,MARTES,,22:45,,XALAPA,XALAPA,URBANA,,,AVENIDA MEXICO,REVOLUCION,POR LA VIA,BUENO,,CONCRETO,SECO,A NIVEL,NINGUNA,SIN RESTRICCIÓN,COLISIÓN,,OBJETO FIJO,1,,,,,,,,,,,,,,,,,0,,,,,,,,,,,,,,,,,,,,,
248,,,,,,,,,,,,,,,,,,,,,,,,,,M - MOTOCICLETA,HONDA,CARGO,VERACRUZ,BLANCO,SIN NUMERO,SIN NUMERO,P - PARTICULAR,NO,18,HOMBRE,,NO,VELOCIDAD INMODERADA,NO APLICA,2000,,,,,,,,,,,,,,,,,,,,,,
249,XALAPA,25/03/2014,MARTES,09:39,09:50,,XALAPA,XALAPA,URBANA,,,SONORA,PROGRESO MACUILTEPEC,HUAMANTLA,BUENO,SOLEADO,CONCRETO,SECO,A NIVEL,NINGUNA,SIN RESTRICCIÓN,COLISIÓN,LATERAL,,2,,,,,,,,,,,,,,,,,0,,,,,,,,,,,,,,,,,,,,,
249,,,,,,,,,,,,,,,,,,,,,,,,,,C - CAMIONETA,NISSAN,NP-300,VERACRUZ,BLANCO,KA24527738A,3NG002570BK049048,P - PARTICULAR,SI,28,HOMBRE,,NO,CAMBIAR CARRIL SIN PRECAUCIÓN,NO APLICA,1000,,,,,,,,,,,,,,,,,,,,,,
249,,,,,,,,,,,,,,,,,,,,,,,,,,A - AUTOMÓVIL,MARCH,SENTRA,VERACRUZ,ROJO,HR16754313H,3NICK3CD2L237299,P - PARTICULAR,SI,26,HOMBRE,C,SI,,,3000,,,,,,,,,,,,,,,,,,,,,,
250,XALAPA,25/03/2014,MARTES,13:25,13:35,13:50,XALAPA,XALAPA,URBANA,,,AVENIDA AVILA CAMACHO,CENTRO,,BUENO,,CONCRETO,SECO,A NIVEL,SEMÁFORO FUNCIONANDO,SIN RESTRICCIÓN,COLISIÓN,LATERAL,,2,,,,,,,,,,,,,,,,,0,,,,,,,,,,,,,,,,,,,,,
250,,,,,,,,,,,4,,,,,,,,,,,,,,,A - AUTOMÓVIL,NISSAN,TSURU,VERACRUZ,BLANCO/VERDE,GA5024161W,3NIEB375YBK25482,PE - PÚBLICO ESTATAL,SI,25,HOMBRE,A,SI,CAMBIAR CARRIL SIN PRECAUCIÓN,NO APLICA,500,,,,,,,,,,,,,,,,,,,,,,
250,,,,,,,,,,,,,,,,,,,,,,,,,,C - CAMIONETA,NISSAN,QUEST,VERACRUZ,BLANCO,VQ3771743587,GN1B28VZ7NI48180,P - PARTICULAR,NO,34,HOMBRE,C,SI,,,1500,,,,,,,,,,,,,,,,,,,,,,
251,XALAPA,25/03/2014,MARTES,13:50,14:15,,XALAPA,XALAPA,URBANA,,,AVENIDA LAZARO CARDENAS,POMONA,,BUENO,SOLEADO,ASFALTO,SECO,A NIVEL,MARCA EN PAVIMENTO,SIN RESTRICCIÓN,COLISIÓN,POR ALCANCE,,2,,,,,,,,,,,,,,,,,0,,,,,,,,,,,,,,,,,,,,,
251,,,,,,,,,,,1,,,,,,,,,,,,,,,M - MOTOCICLETA,CARABANA,KONCEP,VERACRUZ,ROJO/NEGRO,182FMJ11801480,LHJPCKLA816993,P - PARTICULAR,NO,37,HOMBRE,A,SI,NO GUARDAR DISTANCIA,NO APLICA,200,,,,,,,,,,,,,,,,,,,,,,
251,,,,,,,,,,,,,,,,,,,,,,,,,,AF- AUTOBÚS FORANEO,VOLKSWAGEN,BORA,PUEBLA,NEGRO,BTK007548,3VWGNIIKGM705428,P - PARTICULAR,NO,33,HOMBRE,A,SI,,,1800,,,,,,,,,,,,,,,,,,,,,,
252,XALAPA,25/03/2014,MARTES,,17:15,17:45,XALAPA,XALAPA,URBANA,,,BOULEVARD XALAPA-BANDERILLA,21 DE MARZO,,BUENO,,ASFALTO,SECO,DESCENDENTE,NINGUNA,ACCIDENTE PREVIO,COLISIÓN,,OBJETO FIJO,1,,,,,,,,,,,,,,,,,0,,,,,,,,,,,,,,,,,,,,,
252,,,,,,,,,,,,,,,,,,,,,,,,,,A - AUTOMÓVIL,CHEVROLET,CHEVY,VERACRUZ,BLANCO,SIN NUMERO,3GSAW21MOK5124163,P - PARTICULAR,NO,,,,NO,VELOCIDAD INMODERADA,NO APLICA,4500,,,,,,,,,,,,,,,,,,,,,,
253,XALAPA,25/03/2014,MARTES,,20:19,20:37,XALAPA,XALAPA,URBANA,,,AVENIDA 20 DE NOVIEMBRE,2 DE ABRIL,MOCTEZUMA,BUENO,,CONCRETO,,A NIVEL,NINGUNA,SIN RESTRICCIÓN,COLISIÓN,ÁNGULO,,2,,,,,,,,,,,,,,,,,0,,,,,,,,,,,,,,,,,,,,,
253,,,,,,,,,,,5,,,,,,,,,,,,,,,A - AUTOMÓVIL,NISSAN,SEDAN,VERACRUZ,BLANCO/VERDE,GA168054884,3NIEB3155BK341314,PE - PÚBLICO ESTATAL,SI,32,HOMBRE,A,SI,"VUELTA EN ""U""",NO APLICA,5000,,,,,,,,,,,,,,,,,,,,,,
253,,,,,,,,,,,,,,,,,,,,,,,,,,C - CAMIONETA,MAZDA,CX5,VERACRUZ,ROJO,PE30595987,JM3KEZ287E04410665,P - PARTICULAR,SI,40,HOMBRE,B,SI,,,5000,,,,,,,,,,,,,,,,,,,,,,
254,XALAPA,25/03/2014,MARTES,,20:30,20:50,XALAPA,XALAPA,URBANA,,,NUEVO LEON,PROGRESO MACUILTEPEC,SALTILLO,REGULAR,,CONCRETO,,A NIVEL,NINGUNA,SIN RESTRICCIÓN,COLISIÓN,LATERAL,,2,,,,,,,,,,,,,,,,,0,,,,,,,,,,,,,,,,,,,,,
254,,,,,,,,,,,,,,,,,,,,,,,,,,A - AUTOMÓVIL,NISSAN,SEDAN,VERACRUZ,BLANCO/VERDE,GA16815097Y,3NIEB31558K350174,PE - PÚBLICO ESTATAL,SI,53,HOMBRE,A,SI,CAMBIAR CARRIL SIN PRECAUCIÓN,NO APLICA,1500,,,,,,,,,,,,,,,,,,,,,,
254,,,,,,,,,,,,,,,,,,,,,,,,,,A - AUTOMÓVIL,CHRYSLER,VOYAGER,VERACRUZ,PLATA,HECHO EN USA,1C4CJ25P12B688443,P - PARTICULAR,SI,50,HOMBRE,A,SI,,,2000,,,,,,,,,,,,,,,,,,,,,,
255,XALAPA,25/03/2014,MARTES,02:30,03:00,,XALAPA,XALAPA,URBANA,,,FERROCARRIL EL TREN,,,BUENO,LLUVIA,TERRACERÍA,MOJADO,A NIVEL,NINGUNA,HOYO/ZANJA,SALIDA DE CAMINO,,,1,,,,,,,,,,,,,,,,,0,,,,,,,,,,,,,,,,,,,,,
255,,,,,,,,,,,,,,,,,,,,,,,,,,A - AUTOMÓVIL,NISSAN,SENTRA,DISTRITO FEDERAL,ROJO,SIN NUMERO,SIN NUMERO,P - PARTICULAR,NO,,,,NO,VELOCIDAD INMODERADA,NO APLICA,4000,,,,,,,,,,,,,,,,,,,,,,
256,XALAPA,25/03/2014,MARTES,15:30,15:50,16:50,XALAPA,XALAPA,URBANA,,,AVENIDA MIGUEL ALEMAN,7 DE NOVIEMBRE,,BUENO,,CONCRETO,MOJADO,DESCENDENTE,NINGUNA,SIN RESTRICCIÓN,COLISIÓN,LATERAL,,2,,,,,,,,,,,,,,,,,0,,,,,,,,,,,,,,,,,,,,,
256,,,,,,,,,,,,,,,,,,,,,,,,,,A - AUTOMÓVIL,NISSAN,ESTACAS,VERACRUZ,BLANCO,KA24246418A,3N60014565K009855,P - PARTICULAR,SI,40,HOMBRE,B,SI,NO GUARDAR DISTANCIA,NO APLICA,2500,,,,,,,,,,,,,,,,,,,,,,
256,,,,,,,,,,,,,,,,,,,,,,,,,,A - AUTOMÓVIL,NISSAN,ESTACAS,VERACRUZ,BEIGE,KA24011489C,8M5602130575,P - PARTICULAR,NO,21,HOMBRE,B,SI,,,5000,,,,,,,,,,,,,,,,,,,,,,
257,XALAPA,25/03/2014,MARTES,,18:00,,XALAPA,XALAPA,URBANA,,,IGNACIO DE LA LLAVE,REPRESA DEL CARMEN,,MALO,,CONCRETO,,A NIVEL,NINGUNA,SIN RESTRICCIÓN,COLISIÓN,DE FRENTE,,2,,,,,,,,,,,,,,,,,1,,,,,,,,,,,,,,,,,,,,,
257,,,,,,,,,,,8,,,,,,,,,,,,,,,A - AUTOMÓVIL,FORD,IKON,VERACRUZ,GRIS,SIN NUMERO,3FAP04B96101954,P - PARTICULAR,NO,69,HOMBRE,B,SI,CAMBIAR CARRIL SIN PRECAUCIÓN,OTRO,15000,,,,,,,,,,,,,,,,,,,,,,
257,,,,,,,,,,,,,,,,,,,,,,,,,,M - MOTOCICLETA,DINAMO,,VERACRUZ,NEGRO,SIN NUMERO,SIN NUMERO,P - PARTICULAR,SI,19,HOMBRE,,NO,,,15000,,,,1,,,,,,,,,,,,,,,,,,
258,XALAPA,25/03/2014,MARTES,,15:05,,XALAPA,XALAPA,URBANA,,,CHAPULTEPEC,ENCINAL,SECCION UNO,BUENO,,CONCRETO,,A NIVEL,NINGUNA,SIN RESTRICCIÓN,COLISIÓN,ÁNGULO,,2,,,,,,,,,,,,,,,,,0,,,,,,,,,,,,,,,,,,,,,
258,,,,,,,,,,,,,,,,,,,,,,,,,,A - AUTOMÓVIL,NISSAN,PLATINA,VERACRUZ,TITANIO,2005,3NIJH01532210733,P - PARTICULAR,NO,40,HOMBRE,A,SI,NO GUARDAR DISTANCIA,NO APLICA,5000,,,,,,,,,,,,,,,,,,,,,,