idMES,DELEGACION DE TRANSITO,FECHA DEL ACCIDENTE,DIA DE LA SEMANA,HORA EN QUE SE RECIBIO LA LLAMADA REPORTANDO EL ACCIDENTE,HORA DE ARRIBO DEL PERITO AL SITIO,HORA DE REGRESO DEL PERITO A LAS INSTALACIONES DE SU DELEGACION,LOCALIDAD ACCIDENTE,MUNICIPIO ACCIDENTE,ZONA,CARRETERA/KILOMETRO DEL ACCIDENTE,NUMERO DE AVENIDA,CALLE/AVENIDA DEL ACCIDENTE,COLONIA,ENTRE CALLES,CONDICIONES DE LA VIA,CONDICIONES NATURALES,SUPERFICIE DE LA VIA,ESTADO DE LA VIA,TANGENTE,TIPO DE CONTROL DE TRANSITO,RESTRICCIONES DE LA VIA,TIPO DE ACCIDENTE,FORMA DE ACCIDENTARSE,CONTRA QUE FUE EL IMPACTO,CANTIDAD DE VEHICULOS,TIPO DE VEHICULO,MARCA,SUBMARCA,ENTIDAD FEDERATIVA DEL VEHICULO,COLOR DEL VEHICULO,MOTOR,SERIE,TIPO DE SERVICIO PARA EL QUE SE OCUPAN LOS VEHICULOS,ASEGURADO,EDAD CONDUCTOR,SEXO CONDUCTOR,TIPO LICENCIA,LICENCIA VIGENTE,CAUSA ATRIBUIBLE AL CONDUCTOR,CAUSA ATRIBUIBLE AL PEATON,DANIOS (MONTO APROXIMADO EN MXN),NUMERO DE HERIDOS,MUJER HERIDA DE 0-15 ANIOS,HOMBRE HERIDO DE 0-15 ANIOS,MUJER HERIDA DE 16-30 ANIOS,HOMBRE HERIDO DE 16-30 ANIOS,MUJER HERIDA DE 31-45 ANIOS,HOMBRE HERIDO DE 31-45 ANIOS,MUJER HERIDA DE 46-60 ANIOS,HOMBRE HERIDO DE 46-60 ANIOS,MUJER HERIDA MAS DE 60 ANIOS,HOMBRE HERIDO MAS DE 60 ANIOS,NUMERO DE MUERTOS,MUJER MUERTA DE 0-15 ANIOS,HOMBRE MUERTO DE 0-15 ANIOS,MUJER MUERTA DE 16-30 ANIOS,HOMBRE MUERTO DE 16-30 ANIOS,MUJER MUERTA DE 31-45 ANIOS,HOMBRE MUERTO DE 31-45 ANIOS,MUJER MUERTA DE 46-60 ANIOS,HOMBRE MUERTO DE 46-60 ANIOS,MUJER MUERTA MAS DE 60 ANIOS,HOMBRE MUERTO MAS DE 60 ANIOS
258,,,,,,,,,,,,,,,,,,,,,,,,,,C - CAMIONETA,FORD,RANGER,VERACRUZ,BLANCO,2006,8AFDT50D466005158,P - PARTICULAR,SI,21,HOMBRE,A,SI,,,15000,,,,,,,,,,,,,,,,,,,,,,
259,XALAPA,25/03/2014,MARTES,,19:00,,XALAPA,XALAPA,URBANA,,,AVENIDA 20 DE NOVIEMBRE,2 DE ABRIL,INDEPENDENCIA,BUENO,,CONCRETO,,A NIVEL,NINGUNA,SIN RESTRICCIÓN,ATROPELLAMIENTO,,,1,,,,,,,,,,,,,,,,,1,,,,,,,,,,,,,,,,,,,,,
259,,,,,,,,,,,,,,,,,,,,,,,,,,C - CAMIONETA,VOLKSWAGEN,CROSSFOX,VERACRUZ,AMARILLO,BLH045383,9BWLB45Z684059926,P - PARTICULAR,SI,53,HOMBRE,,NO,VELOCIDAD INMODERADA,NO APLICA,500,,,,,,,1,,,,,,,,,,,,,,,
260,XALAPA,26/03/2014,MIÉRCOLES,,10:10,,XALAPA,XALAPA,URBANA,,,PABLO CASALS,MIGUEL ALEMAN,JUSTINO SARMIENTO,BUENO,,CONCRETO,,A NIVEL,NINGUNA,SIN RESTRICCIÓN,COLISIÓN,ÁNGULO,,2,,,,,,,,,,,,,,,,,0,,,,,,,,,,,,,,,,,,,,,
260,,,,,,,,,,,,,,,,,,,,,,,,,,A - AUTOMÓVIL,CHRYSLER,NEON,VERACRUZ,AZUL,HECHO EN USA,1B3ES46C31D214453,P - PARTICULAR,NO,60,HOMBRE,,NO,NO GUARDAR DISTANCIA,NO APLICA,5000,,,,,,,,,,,,,,,,,,,,,,
260,,,,,,,,,,,,,,,,,,,,,,,,,,C - CAMIONETA,NISSAN,PICK UP,VERACRUZ,VERDE,SIN NUMERO,1N65D11535C445687,P - PARTICULAR,NO,20,HOMBRE,,NO,,,5000,,,,,,,,,,,,,,,,,,,,,,
261,XALAPA,26/03/2014,MIÉRCOLES,10:17,10:30,10:30,XALAPA,XALAPA,URBANA,,,AVENIDA LAZARO CARDENAS,MIRADOR,,BUENO,,CONCRETO,,A NIVEL,NINGUNA,SIN RESTRICCIÓN,COLISIÓN,POR ALCANCE,,2,,,,,,,,,,,,,,,,,0,,,,,,,,,,,,,,,,,,,,,
261,,,,,,,,,,,1,,,,,,,,,,,,,,,A - AUTOMÓVIL,VOLKSWAGEN,SEAT,VERACRUZ,ROJO,BBX034583,VSSRK46L0272463,P - PARTICULAR,NO,31,HOMBRE,,NO,NO GUARDAR DISTANCIA,OTRO,500,,,,,,,,,,,,,,,,,,,,,,
261,,,,,,,,,,,,,,,,,,,,,,,,,,A - AUTOMÓVIL,CHEVROLET,PONTIAC,VERACRUZ,ROJO,HECHO EN MEXICO,3GSF6150286,P - PARTICULAR,SI,48,HOMBRE,A,SI,,,1000,,,,,,,,,,,,,,,,,,,,,,
262,XALAPA,26/03/2014,MIÉRCOLES,,11:00,11:15,XALAPA,XALAPA,URBANA,,,AVENIDA XALAPA,PREDIO DE LA VIRGEN,,REGULAR,SOLEADO,ASFALTO,SECO,A NIVEL,NINGUNA,SIN RESTRICCIÓN,COLISIÓN,ÁNGULO,,2,,,,,,,,,,,,,,,,,0,,,,,,,,,,,,,,,,,,,,,
262,,,,,,,,,,,7,,,,,,,,,,,,,,,A - AUTOMÓVIL,NISSAN,SENTRA,VERACRUZ,AZUL,Q6185435630,3NICB514207774,P - PARTICULAR,SI,71,HOMBRE,A,SI,CAMBIAR CARRIL SIN PRECAUCIÓN,OTRO,3500,,,,,,,,,,,,,,,,,,,,,,
262,,,,,,,,,,,,,,,,,,,,,,,,,,AS - AUTOBÚS SUBURBANO,INTERNATIONAL,NAVISTAR,VERACRUZ,BLANCO,470HM2U1474724,3HBBDPA66197090,PE - PÚBLICO ESTATAL,SI,39,HOMBRE,A,SI,,,1000,,,,,,,,,,,,,,,,,,,,,,
263,XALAPA,26/03/2014,MIÉRCOLES,,16:00,17:50,XALAPA,XALAPA,URBANA,,,CASCADA DE TAMUL,LAS CASCADAS,,REGULAR,LLUVIA,CONCRETO,MOJADO,A NIVEL,NINGUNA,SIN RESTRICCIÓN,COLISIÓN,ÁNGULO,,2,,,,,,,,,,,,,,,,,0,,,,,,,,,,,,,,,,,,,,,
263,,,,,,,,,,,,,,,,,,,,,,,,,,A - AUTOMÓVIL,NISSAN,MARCH,VERACRUZ,NEGRO,HR16701058G,3NICK05DL23078,P - PARTICULAR,SI,33,HOMBRE,C,SI,CAMBIAR CARRIL SIN PRECAUCIÓN,NO APLICA,1200,,,,,,,,,,,,,,,,,,,,,,
263,,,,,,,,,,,,,,,,,,,,,,,,,,AS - AUTOBÚS SUBURBANO,NAVISTAR,INTERNATIONAL,VERACRUZ,BLANCO,4070HM2U1503885,3HVBZAAN67N549986,PE - PÚBLICO ESTATAL,SI,44,HOMBRE,A,SI,,,3000,,,,,,,,,,,,,,,,,,,,,,
264,XALAPA,26/03/2014,MIÉRCOLES,,21:10,,XALAPA,XALAPA,URBANA,,,AVENIDA AVILA CAMACHO,CENTRO,,BUENO,LLUVIA,CONCRETO,MOJADO,A NIVEL,NINGUNA,SIN RESTRICCIÓN,COLISIÓN,LATERAL,,2,,,,,,,,,,,,,,,,,0,,,,,,,,,,,,,,,,,,,,,
264,,,,,,,,,,,4,,,,,,,,,,,,,,,A - AUTOMÓVIL,VOLKSWAGEN,SEAT,VERACRUZ,ROJO,BAH359200,VSSM16BR56211,P - PARTICULAR,SI,46,MUJER,A,SI,CAMBIAR CARRIL SIN PRECAUCIÓN,NO APLICA,1000,,,,,,,,,,,,,,,,,,,,,,
264,,,,,,,,,,,,,,,,,,,,,,,,,,A - AUTOMÓVIL,NISSAN,TSURU,VERACRUZ,BLANCO/ROJO,GA16790311Y,3NIE631520K327421,PE - PÚBLICO ESTATAL,SI,23,HOMBRE,A,SI,,,2000,,,,,,,,,,,,,,,,,,,,,,
265,XALAPA,26/03/2014,MIÉRCOLES,,07:30,,XALAPA,XALAPA,URBANA,,,AVENIDA LAZARO CARDENAS,,,BUENO,,ASFALTO,SECO,A NIVEL,NINGUNA,SIN RESTRICCIÓN,COLISIÓN,POR ALCANCE,,2,,,,,,,,,,,,,,,,,0,,,,,,,,,,,,,,,,,,,,,
265,,,,,,,,,,,1,,,,,,,,,,,,,,,A - AUTOMÓVIL,HONDA,PILOT,PUEBLA,BLANCO,J35A935105648,HECHO EN USA,P - PARTICULAR,NO,17,HOMBRE,A,SI,VELOCIDAD INMODERADA,NO APLICA,5000,,,,,,,,,,,,,,,,,,,,,,
265,,,,,,,,,,,,,,,,,,,,,,,,,,C - CAMIONETA,FORD,EXPEDITION,VERACRUZ,BLANCO,HECHO EN USA,1FMJK1K58BEF38086,P - PARTICULAR,NO,41,HOMBRE,A,SI,,,5000,,,,,,,,,,,,,,,,,,,,,,
266,XALAPA,26/03/2014,MIÉRCOLES,,16:00,,XALAPA,XALAPA,URBANA,,,EBANO,VERACRUZ,,BUENO,LLUVIA,CONCRETO,MOJADO,ASCENDENTE,NINGUNA,SIN RESTRICCIÓN,COLISIÓN,ÁNGULO,,2,,,,,,,,,,,,,,,,,0,,,,,,,,,,,,,,,,,,,,,
266,,,,,,,,,,,,,,,,,,,,,,,,,,C - CAMIONETA,FORD,TUNDER,VERACRUZ,BLANCO,ILEGIBLE,AL46F40577,P - PARTICULAR,NO,26,HOMBRE,B,SI,VELOCIDAD INMODERADA,NO APLICA,1000,,,,,,,,,,,,,,,,,,,,,,
266,,,,,,,,,,,,,,,,,,,,,,,,,,A - AUTOMÓVIL,PEUGEOT,,VERACRUZ,AZUL,HECHO EN MEXICO,VF32ACGA96W002468,P - PARTICULAR,NO,23,HOMBRE,,NO,,,7000,,,,,,,,,,,,,,,,,,,,,,
267,XALAPA,26/03/2014,MIÉRCOLES,,14:10,,XALAPA,XALAPA,URBANA,,,ADALBERTO TEJEDA,,,REGULAR,NIEBLA,EMPEDRADO,,ASCENDENTE,NINGUNA,SIN RESTRICCIÓN,COLISIÓN,,VEHÍCULO ESTACIONADO,2,,,,,,,,,,,,,,,,,0,,,,,,,,,,,,,,,,,,,,,
267,,,,,,,,,,,,,,,,,,,,,,,,,,A - AUTOMÓVIL,HONDA,ACCORD,VERACRUZ,ROJO,K24A82411746,3HG4556976002127,P - PARTICULAR,NO,78,HOMBRE,A,SI,VELOCIDAD INMODERADA,OTRO,10000,,,,,,,,,,,,,,,,,,,,,,
267,,,,,,,,,,,,,,,,,,,,,,,,,,A - AUTOMÓVIL,CHEVROLET,CHEVY,VERACRUZ,ROJO,HECHO EN MEXICO,3G1S3025152151,P - PARTICULAR,SI,,,,,,,15000,,,,,,,,,,,,,,,,,,,,,,
268,XALAPA,26/03/2014,MIÉRCOLES,21:15,21:30,22:10,XALAPA,XALAPA,URBANA,,,AVENIDA AVILA CAMACHO,CENTRO,SAYAGO,BUENO,,CONCRETO,,A NIVEL,SEMÁFORO FUNCIONANDO,SIN RESTRICCIÓN,COLISIÓN,ÁNGULO,,2,,,,,,,,,,,,,,,,,2,,,,,,,,,,,,,,,,,,,,,
268,,,,,,,,,,,4,,,,,,,,,,,,,,,A - AUTOMÓVIL,NISSAN,SEDAN,VERACRUZ,BLANCO/VERDE,SIN NUMERO,GH1675874W,PE - PÚBLICO ESTATAL,NO,32,HOMBRE,A,SI,VELOCIDAD INMODERADA,NO APLICA,4000,,,,,,,,,,,,,,,,,,,,,,
268,,,,,,,,,,,,,,,,,,,,,,,,,,AF- AUTOBÚS FORANEO,NISSAN,SEDAN,VERACRUZ,BLANCO/VERDE,SIN NUMERO,3NIEB31588K316836,PE - PÚBLICO ESTATAL,SI,38,HOMBRE,,NO,,,3000,,,,1,,1,,,,,,,,,,,,,,,,
269,XALAPA,26/04/2014,MIÉRCOLES,19:00,19:30,,XALAPA,XALAPA,URBANA,,,CAMINO ANTIGUO AL TRONCONAL,,,BUENO,,CONCRETO,,ASCENDENTE,NINGUNA,SIN RESTRICCIÓN,,,OBJETO FIJO,1,,,,,,,,,,,,,,,,,0,,,,,,,,,,,,,,,,,,,,,
269,,,,,,,,,,,,,,,,,,,,,,,,,,A - AUTOMÓVIL,CHEVROLET,CHEVY,VERACRUZ,BLANCO,HECHO EN MEXICO,3G1SF2XXAS151400,P - PARTICULAR,NO,36,HOMBRE,A,SI,VELOCIDAD INMODERADA,NO APLICA,5000,,,,,,,,,,,,,,,,,,,,,,
270,XALAPA,26/03/2014,MIÉRCOLES,,15:45,,XALAPA,XALAPA,URBANA,,,JOAQUIN ARRONIZ,7 DE NOVIEMBRE,,BUENO,,CONCRETO,SECO,A NIVEL,NINGUNA,SIN RESTRICCIÓN,COLISIÓN,,VEHÍCULO ESTACIONADO,2,A - AUTOMÓVIL,CHEVROLET,CHAYANNE,VERACRUZ,NEGRO,SIN NUMERO,SIN NUMERO,P - PARTICULAR,NO,52,HOMBRE,B,SI,,,10000,1,,,,,,,,,,,,,,,,,,,,,
270,,,,,,,,,,,,,,,,,,,,,,,,,,A - AUTOMÓVIL,NISSAN,TSURU,VERACRUZ,BLANCO/ROJO,SIN NUMERO,SIN NUMERO,PE - PÚBLICO ESTATAL,NO,48,MUJER,,NO,VELOCIDAD INMODERADA,NO APLICA,15000,,,,,,,,,,,,,,,,,,,,,,
270,,,,,,,,,,,,,,,,,,,,,,,,,,C - CAMIONETA,NISSAN,X TERRA,VERACRUZ,BLANCO,SIN NUMERO,SIN NUMERO,P - PARTICULAR,NO,,,,NO,,,3000,,,1,,,,,,,,,,,,,,,,,,,
271,XALAPA,27/03/2014,JUEVES,08:06,08:20,,XALAPA,XALAPA,URBANA,,,ARQUITECTOS,UNIDAD MAGISTERIAL,ACUEDUCTO,REGULAR,SOLEADO,ASFALTO,SECO,A NIVEL,NINGUNA,SIN RESTRICCIÓN,COLISIÓN,ÁNGULO,,2,,,,,,,,,,,,,,,,,2,,,,,,,,,,,,,,,,,,,,,
271,,,,,,,,,,,,,,,,,,,,,,,,,,C - CAMIONETA,FORD,RANGER,VERACRUZ,BLANCO,SIN NUMERO,8AFBR5XE6194262,P - PARTICULAR,NO,40,HOMBRE,A,SI,NO RESPETAR CEDA EL PASO,NO APLICA,400,,,,,,,,,,,,,,,,,,,,,,
271,,,,,,,,,,,,,,,,,,,,,,,,,,A - AUTOMÓVIL,NISSAN,TSURU,VERACRUZ,BLANCO/VERDE,SIN NUMERO,3NIEB3151578K305335,PE - PÚBLICO ESTATAL,SI,44,HOMBRE,A,SI,,,5000,,,,1,1,,,,,,,,,,,,,,,,,
272,XALAPA,27/03/2014,JUEVES,,08:25,,XALAPA,XALAPA,URBANA,,,AVENIDA LAZARO CARDENAS,RAFAEL LUCIO,GILDARDO AVILES,BUENO,SOLEADO,CONCRETO,SECO,A NIVEL,NINGUNA,SIN RESTRICCIÓN,COLISIÓN,LATERAL,,2,,,,,,,,,,,,,,,,,0,,,,,,,,,,,,,,,,,,,,,
272,,,,,,,,,,,1,,,,,,,,,,,,,,,A - AUTOMÓVIL,NISSAN,TSURU,VERACRUZ,BLANCO/VERDE,SIN NUMERO,GA167431402,PE - PÚBLICO ESTATAL,NO,,,,NO,CAMBIAR CARRIL SIN PRECAUCIÓN,NO APLICA,1000,,,,,,,,,,,,,,,,,,,,,,
272,,,,,,,,,,,,,,,,,,,,,,,,,,A - AUTOMÓVIL,NISSAN,TSURU,VERACRUZ,BLANCO/VERDE,SIN NUMERO,3NIEB3155EK1078,P - PARTICULAR,NO,33,HOMBRE,A,SI,,,1500,,,,,,,,,,,,,,,,,,,,,,
273,XALAPA,27/03/2014,JUEVES,08:04,08:40,09:00,XALAPA,XALAPA,URBANA,,,GUANAJUATO,PROGRESO MACUILTEPEC,MONTERREY,BUENO,,CONCRETO,SECO,DESCENDENTE,NINGUNA,SIN RESTRICCIÓN,COLISIÓN,ÁNGULO,,2,,,,,,,,,,,,,,,,,0,,,,,,,,,,,,,,,,,,,,,
273,,,,,,,,,,,,,,,,,,,,,,,,,,A - AUTOMÓVIL,HONDA,CIVIC,VERACRUZ,TITANIO,D17A2342633,1HGES53L902763,P - PARTICULAR,SI,72,HOMBRE,A,SI,VELOCIDAD INMODERADA,NO APLICA,2000,,,,,,,,,,,,,,,,,,,,,,
273,,,,,,,,,,,,,,,,,,,,,,,,,,C - CAMIONETA,CHEVROLET,BLAZER,VERACRUZ,ROJO,SIN NUMERO,1GMC513WZK181975,P - PARTICULAR,NO,,,,NO,,,3000,,,,,,,,,,,,,,,,,,,,,,
274,XALAPA,27/03/2014,JUEVES,08:10,08:50,,XALAPA,XALAPA,URBANA,,,AVENIDA XALAPA,PROGRESO MACUILTEPEC,MONTERREY,BUENO,,CONCRETO,,A NIVEL,NINGUNA,SIN RESTRICCIÓN,COLISIÓN,ÁNGULO,,2,,,,,,,,,,,,,,,,,0,,,,,,,,,,,,,,,,,,,,,
274,,,,,,,,,,,7,,,,,,,,,,,,,,,AS - AUTOBÚS SUBURBANO,MERCEDES,BENZ,VERACRUZ,BLANCO,924933C1011913,3MBAA20M9EM048803,PE - PÚBLICO ESTATAL,SI,27,HOMBRE,A,SI,VELOCIDAD INMODERADA,NO APLICA,2000,,,,,,,,,,,,,,,,,,,,,,
274,,,,,,,,,,,,,,,,,,,,,,,,,,AS - AUTOBÚS SUBURBANO,INTERNATIONAL,CHASIS,VERACRUZ,BLANCO/AZUL,9.07E+13,4UZAAXCV5677CW80017,P - PARTICULAR,SI,41,HOMBRE,A,SI,,,500,,,,,,,,,,,,,,,,,,,,,,
275,XALAPA,27/03/2014,JUEVES,,09:35,10:00,XALAPA,XALAPA,URBANA,,,AVENIDA 28 DE AGOSTO,FRANCISCO FERRER GUARDIA,,BUENO,,ASFALTO,SECO,DESCENDENTE,NINGUNA,ACCIDENTE PREVIO,ATROPELLAMIENTO,,,2,,,,,,,,,,,,,,,,,1,,,,,,,,,,,,,,,,,,,,,
275,,,,,,,,,,,20,,,,,,,,,,,,,,,M - MOTOCICLETA,VENTO,PHANTO,VERACRUZ,ROJO,VEIS7FMZA08H01690,5KMMSGZPX9700435,P - PARTICULAR,NO,23,HOMBRE,,NO,VELOCIDAD INMODERADA,NO APLICA,400,,,,,,,1,,,,,,,,,,,,,,,
276,XALAPA,27/03/2014,JUEVES,11:49,12:05,,XALAPA,XALAPA,URBANA,,,AVENIDA 20 DE NOVIEMBRE,,PIPILA,BUENO,SOLEADO,ASFALTO,SECO,ASCENDENTE,NINGUNA,SIN RESTRICCIÓN,COLISIÓN,POR ALCANCE,,2,,,,,,,,,,,,,,,,,0,,,,,,,,,,,,,,,,,,,,,
276,,,,,,,,,,,5,,,,,,,,,,,,,,,A - AUTOMÓVIL,TOYOTA,CAMARY,VERACRUZ,GRIS,ZAZ9151303,4TIB846K19U76,P - PARTICULAR,SI,20,MUJER,A,SI,NO GUARDAR DISTANCIA,NO APLICA,3000,,,,,,,,,,,,,,,,,,,,,,
276,,,,,,,,,,,,,,,,,,,,,,,,,,A - AUTOMÓVIL,NISSAN,PLATINA,VERACRUZ,CAPUCHINO,6200863,3NIEBGH01566,P - PARTICULAR,SI,40,HOMBRE,,NO,,,7000,,,,,,,,,,,,,,,,,,,,,,
277,XALAPA,27/03/2014,JUEVES,14:17,14:33,14:45,XALAPA,XALAPA,URBANA,,,IGNACIO DE LA LLAVE,,,BUENO,SOLEADO,CONCRETO,SECO,A NIVEL,NINGUNA,SIN RESTRICCIÓN,COLISIÓN,ÁNGULO,,2,,,,,,,,,,,,,,,,,0,,,,,,,,,,,,,,,,,,,,,
277,,,,,,,,,,,8,,,,,,,,,,,,,,,C - CAMIONETA,TOYOTA,RAV-4,DISTRITO FEDERAL,GRIS,ZA22156450,JTMZD3146608101,P - PARTICULAR,NO,30,MUJER,,NO,CAMBIAR CARRIL SIN PRECAUCIÓN,NO APLICA,500,,,,,,,,,,,,,,,,,,,,,,
277,,,,,,,,,,,,,,,,,,,,,,,,,,B - BICICLETA,HONDA,TITAN,DISTRITO FEDERAL,NEGRO,5D1PSBMIB83602,LALTCJN79030156,P - PARTICULAR,NO,40,HOMBRE,B,SI,,,2000,,,,,,,,,,,,,,,,,,,,,,
278,XALAPA,27/03/2014,JUEVES,15:20,15:40,,XALAPA,XALAPA,URBANA,,,AVENIDA AVILA CAMACHO,CENTRO,,BUENO,SOLEADO,,SECO,ASCENDENTE,NINGUNA,SIN RESTRICCIÓN,COLISIÓN,ÁNGULO,,2,,,,,,,,,,,,,,,,,0,,,,,,,,,,,,,,,,,,,,,
278,,,,,,,,,,,4,,,,,,,,,,,,,,,A - AUTOMÓVIL,VOLKSWAGEN,JETTA,VERACRUZ,MARRON,CCC164059,3VWIWAJ7DM230,P - PARTICULAR,NO,47,HOMBRE,C,SI,CAMBIAR CARRIL SIN PRECAUCIÓN,NO APLICA,800,,,,,,,,,,,,,,,,,,,,,,
278,,,,,,,,,,,,,,,,,,,,,,,,,,A - AUTOMÓVIL,NISSAN,SENTRA,VERACRUZ,PLATA,GA1673F319468,3NID84151XK,P - PARTICULAR,NO,59,HOMBRE,C,SI,,,2000,,,,,,,,,,,,,,,,,,,,,,
279,XALAPA,27/03/2014,JUEVES,,15:50,,XALAPA,XALAPA,URBANA,,,AVENIDA XALAPA,,RUIZ CORTINES,BUENO,,CONCRETO,SECO,ASCENDENTE,NINGUNA,SIN RESTRICCIÓN,COLISIÓN,LATERAL,,2,,,,,,,,,,,,,,,,,0,,,,,,,,,,,,,,,,,,,,,
279,,,,,,,,,,,7,,,,,,,,,,,,,,,A - AUTOMÓVIL,CHEVROLET,CORSA,VERACRUZ,PLATA,HECHO EN BRASIL,93CXMD126B2222,P - PARTICULAR,NO,,HOMBRE,A,SI,NO GUARDAR DISTANCIA,NO APLICA,3000,,,,,,,,,,,,,,,,,,,,,,
279,,,,,,,,,,,,,,,,,,,,,,,,,,AS - AUTOBÚS SUBURBANO,INTERNATIONAL,NAVISTAR,VERACRUZ,AMARILLO,470HM2U1405987,3HBYAAAN64L6082,PE - PÚBLICO ESTATAL,NO,,,,,,,1000,,,,,,,,,,,,,,,,,,,,,,
280,XALAPA,27/03/2014,JUEVES,16:15,16:35,17:00,XALAPA,XALAPA,URBANA,,,GUSTAVO DIAZ ORDAZ,SUMIDERO,,BUENO,SOLEADO,ASFALTO,SECO,A NIVEL,NINGUNA,SIN RESTRICCIÓN,COLISIÓN,POR ALCANCE,,2,,,,,,,,,,,,,,,,,0,,,,,,,,,,,,,,,,,,,,,
280,,,,,,,,,,,,,,,,,,,,,,,,,,A - AUTOMÓVIL,VOLKSWAGEN,POINTER,VERACRUZ,GRIS,UDH234438,9B2260672PO22067,P - PARTICULAR,SI,29,MUJER,A,SI,NO GUARDAR DISTANCIA,OTRO,2000,,,,,,,,,,,,,,,,,,,,,,
280,,,,,,,,,,,,,,,,,,,,,,,,,,A - AUTOMÓVIL,NISSAN,TSURU,VERACRUZ,BLANCO/VERDE,GA16847203W,3NIEB31564AK301035,PE - PÚBLICO ESTATAL,SI,48,HOMBRE,A,SI,,,2500,,,,,,,,,,,,,,,,,,,,,,
281,XALAPA,27/03/2014,JUEVES,17:50,18:00,,XALAPA,XALAPA,URBANA,,,IGNACIO DE LA LLAVE,SALUD,,BUENO,SOLEADO,ASFALTO,SECO,A NIVEL,NINGUNA,SIN RESTRICCIÓN,COLISIÓN,ÁNGULO,,2,,,,,,,,,,,,,,,,,0,,,,,,,,,,,,,,,,,,,,,
281,,,,,,,,,,,8,,,,,,,,,,,,,,,A - AUTOMÓVIL,NISSAN,TSURU,VERACRUZ,BLANCO/VERDE,GA1S7040438,3NIEB3150AK3069,PE - PÚBLICO ESTATAL,SI,28,HOMBRE,A,SI,CAMBIAR CARRIL SIN PRECAUCIÓN,NO APLICA,400,,,,,,,,,,,,,,,,,,,,,,
281,,,,,,,,,,,,,,,,,,,,,,,,,,B - BICICLETA,FORD,ECO-SPORT,DISTRITO FEDERAL,GRIS,SIN NUMERO,9BFUT35FA7882973,P - PARTICULAR,SI,37,HOMBRE,A,SI,,,700,,,,,,,,,,,,,,,,,,,,,,
282,XALAPA,27/03/2014,JUEVES,20:10,20:40,21:05,XALAPA,XALAPA,URBANA,,,AVENIDA BOLIVIA,BENITO JUAREZ,,BUENO,NIEBLA,ASFALTO,SECO,A NIVEL,NINGUNA,SIN RESTRICCIÓN,COLISIÓN,ÁNGULO,,2,,,,,,,,,,,,,,,,,0,,,,,,,,,,,,,,,,,,,,,
282,,,,,,,,,,,19,,,,,,,,,,,,,,,A - AUTOMÓVIL,NISSAN,SENTRA,VERACRUZ,BLANCO,MR20113043H,HECHO EN BRASIL,P - PARTICULAR,SI,46,HOMBRE,A,SI,CAMBIAR CARRIL SIN PRECAUCIÓN,NO APLICA,25000,,,,,,,,,,,,,,,,,,,,,,
282,,,,,,,,,,,,,,,,,,,,,,,,,,B - BICICLETA,CHEVROLET,TORNADO,VERACRUZ,BLANCO,HECHOE EN BRASIL,93CX802796148253,P - PARTICULAR,SI,35,HOMBRE,A,SI,,,15000,,,,,,,,,,,,,,,,,,,,,,
283,XALAPA,27/03/2014,JUEVES,,00:05,,XALAPA,XALAPA,URBANA,,,CAMINO ANTIGUO,CAMPO DE TIRO,,BUENO,,CONCRETO,SECO,A NIVEL,NINGUNA,SIN RESTRICCIÓN,COLISIÓN,DE FRENTE,,2,,,,,,,,,,,,,,,,,0,,,,,,,,,,,,,,,,,,,,,
283,,,,,,,,,,,,,,,,,,,,,,,,,,C - CAMIONETA,NISSAN,TSURU,VERACRUZ,PLATA,KA24152476A,3N6CD154K17506,P - PARTICULAR,NO,,,,NO,VELOCIDAD INMODERADA,NO APLICA,8000,,,,,,,,,,,,,,,,,,,,,,
283,,,,,,,,,,,,,,,,,,,,,,,,,,CC - CAMIÓN DE CARGA,INTERNATIONAL,CHASIS,VERACRUZ,BLANCO,47OHM2UI474651,3HAMMAR36L75861,P - PARTICULAR,SI,32,HOMBRE,A,SI,,,MINIMOS,,,,,,,,,,,,,,,,,,,,,,
284,XALAPA,27/03/2014,JUEVES,22:20,22:35,23:00,XALAPA,XALAPA,URBANA,,,AVENIDA 20 DE NOVIEMBRE,FRACCIONAMIENTO LOS ANGELES,,BUENO,,CONCRETO,,A NIVEL,NINGUNA,SIN RESTRICCIÓN,COLISIÓN,LATERAL,,2,,,,,,,,,,,,,,,,,0,,,,,,,,,,,,,,,,,,,,,
284,,,,,,,,,,,5,,,,,,,,,,,,,,,AS - AUTOBÚS SUBURBANO,MERCEDES,BENZ,VERACRUZ,BLANCO,SIN NUMERO,3NIEB315CX318631,P - PARTICULAR,SI,22,HOMBRE,A,SI,VELOCIDAD INMODERADA,NO APLICA,1000,,,,,,,,,,,,,,,,,,,,,,
284,,,,,,,,,,,,,,,,,,,,,,,,,,A - AUTOMÓVIL,VOLKSWAGEN,SEAT,VERACRUZ,NEGRO,BBX039706,VSSHK46L87R02916,P - PARTICULAR,SI,23,HOMBRE,A,SI,,,2500,,,,,,,,,,,,,,,,,,,,,,
285,XALAPA,27/03/2014,JUEVES,,12:10,13:30,XALAPA,XALAPA,URBANA,LIBRAMIENTO PLAN DEL RIO 23+500,,,,,BUENO,,ASFALTO,,ASCENDENTE,NINGUNA,SIN RESTRICCIÓN,INCENDIO,,,1,,,,,,,,,,,,,,,,,0,,,,,,,,,,,,,,,,,,,,,