idMES,DELEGACION DE TRANSITO,FECHA DEL ACCIDENTE,DIA DE LA SEMANA,HORA EN QUE SE RECIBIO LA LLAMADA REPORTANDO EL ACCIDENTE,HORA DE ARRIBO DEL PERITO AL SITIO,HORA DE REGRESO DEL PERITO A LAS INSTALACIONES DE SU DELEGACION,LOCALIDAD ACCIDENTE,MUNICIPIO ACCIDENTE,ZONA,CARRETERA/KILOMETRO DEL ACCIDENTE,NUMERO DE AVENIDA,CALLE/AVENIDA DEL ACCIDENTE,COLONIA,ENTRE CALLES,CONDICIONES DE LA VIA,CONDICIONES NATURALES,SUPERFICIE DE LA VIA,ESTADO DE LA VIA,TANGENTE,TIPO DE CONTROL DE TRANSITO,RESTRICCIONES DE LA VIA,TIPO DE ACCIDENTE,FORMA DE ACCIDENTARSE,CONTRA QUE FUE EL IMPACTO,CANTIDAD DE VEHICULOS,TIPO DE VEHICULO,MARCA,SUBMARCA,ENTIDAD FEDERATIVA DEL VEHICULO,COLOR DEL VEHICULO,MOTOR,SERIE,TIPO DE SERVICIO PARA EL QUE SE OCUPAN LOS VEHICULOS,ASEGURADO,EDAD CONDUCTOR,SEXO CONDUCTOR,TIPO LICENCIA,LICENCIA VIGENTE,CAUSA ATRIBUIBLE AL CONDUCTOR,CAUSA ATRIBUIBLE AL PEATON,DANIOS (MONTO APROXIMADO EN MXN),NUMERO DE HERIDOS,MUJER HERIDA DE 0-15 ANIOS,HOMBRE HERIDO DE 0-15 ANIOS,MUJER HERIDA DE 16-30 ANIOS,HOMBRE HERIDO DE 16-30 ANIOS,MUJER HERIDA DE 31-45 ANIOS,HOMBRE HERIDO DE 31-45 ANIOS,MUJER HERIDA DE 46-60 ANIOS,HOMBRE HERIDO DE 46-60 ANIOS,MUJER HERIDA MAS DE 60 ANIOS,HOMBRE HERIDO MAS DE 60 ANIOS,NUMERO DE MUERTOS,MUJER MUERTA DE 0-15 ANIOS,HOMBRE MUERTO DE 0-15 ANIOS,MUJER MUERTA DE 16-30 ANIOS,HOMBRE MUERTO DE 16-30 ANIOS,MUJER MUERTA DE 31-45 ANIOS,HOMBRE MUERTO DE 31-45 ANIOS,MUJER MUERTA DE 46-60 ANIOS,HOMBRE MUERTO DE 46-60 ANIOS,MUJER MUERTA MAS DE 60 ANIOS,HOMBRE MUERTO MAS DE 60 ANIOS
285,,,,,,,,,,,,,,,,,,,,,,,,,,C - CAMIONETA,JEEP,PATRIOT,VERACRUZ,VERDE,SIN NUMERO,SIN NUMERO,P - PARTICULAR,NO,,,,NO,VELOCIDAD INMODERADA,NO APLICA,90000,,,,,,,,,,,,,,,,,,,,,,
286,XALAPA,27/03/2014,JUEVES,21:15,21:45,00:15,XALAPA,XALAPA,URBANA,,,BOULEVARD XALAPA-BANDERILLA,,,BUENO,,,SECO,A NIVEL,NINGUNA,SIN RESTRICCIÓN,COLISIÓN,DE FRENTE,,1,,,,,,,,,,,,,,,,,,,,,,,,,,,,2,,,,,,,,,,
286,,,,,,,,,,,,,,,,,,,,,,,,,,M - MOTOCICLETA,KURAZAI,OLIVER,VERACRUZ,NEGRO/ROJO,SIN NUMERO,SIN NUMERO,P - PARTICULAR,NO,,,,NO,VELOCIDAD INMODERADA,NO APLICA,12000,,,,,,,,,,,,,,,,2,,,,,,
287,XALAPA,27/03/2014,JUEVES,19:07,19:10,19:40,XALAPA,XALAPA,URBANA,,,AVENIDA AMERICAS,JOSE CARDEL,,BUENO,,CONCRETO,SECO,A NIVEL,NINGUNA,SIN RESTRICCIÓN,COLISIÓN,ÁNGULO,,2,,,,,,,,,,,,,,,,,0,,,,,,,,,,,,,,,,,,,,,
287,,,,,,,,,,,,,,,,,,,,,,,,,,A - AUTOMÓVIL,CHEVROLET,MATIZ,VERACRUZ,BLANCO/ROJO,HECHO EN KOREA,KLID6A8CLL234,PE - PÚBLICO ESTATAL,SI,50,HOMBRE,A,SI,VELOCIDAD INMODERADA,NO APLICA,2000,,,,,,,,,,,,,,,,,,,,,,
287,,,,,,,,,,,,,,,,,,,,,,,,,,M - MOTOCICLETA,YAMAHA,,VERACRUZ,NEGRO,LBPK1246C0041581,JYM15411385211,P - PARTICULAR,NO,19,HOMBRE,D,SI,,,4000,,,,,,,,,,,,,,,,,,,,,,
288,XALAPA,27/03/2014,JUEVES,14:28,14:50,15:50,XALAPA,XALAPA,URBANA,,,AVENIDA LAZARO CARDENAS,,,BUENO,,ASFALTO,,ASCENDENTE,NINGUNA,SIN RESTRICCIÓN,SALIDA DE CAMINO,,,1,,,,,,,,,,,,,,,,,1,,,,,,,,,,,,,,,,,,,,,
288,,,,,,,,,,,,,,,,,,,,,,,,,,M - MOTOCICLETA,CARABELA,SHARK,VERACRUZ,NARANJA,172FMM13800509,1HYCMLAZD1857734,P - PARTICULAR,NO,47,HOMBRE,D,SI,VELOCIDAD INMODERADA,NO APLICA,2000,,,,,,,,1,,,,,,,,,,,,,,
289,XALAPA,28/03/2014,VIERNES,,08:20,,XALAPA,XALAPA,URBANA,,,AVENIDA LAZARO CARDENAS,CUAUHTEMOC,FTE. A COSTCO,BUENO,SOLEADO,CONCRETO,SECO,A NIVEL,MARCA EN PAVIMENTO,SIN RESTRICCIÓN,COLISIÓN,POR ALCANCE,VEHÍCULO CIRCULANDO,3,A - AUTOMÓVIL,CHEVROLET,CHEVY,VERACRUZ,PLATA/NEGRO,HECHO EN MEXICO,3G18F24244825335,P - PARTICULAR,SI,48,MUJER,C,NO,NO GUARDAR DISTANCIA,NO APLICA,5000,0,,,,,,,,,,,,,,,,,,,,,
289,,,,,,,,,,,1,,,,,,,,,,,,,,,A - AUTOMÓVIL,CHEVROLET,AVEO,VERACRUZ,AZUL,HECHO EN MEXICO,3G1TEB54F40L13404,P - PARTICULAR,NO,21,HOMBRE,B,SI,,,5000,,,,,,,,,,,,,,,,,,,,,,
289,,,,,,,,,,,,,,,,,,,,,,,,,,C - CAMIONETA,CHRYSLER,JEEP,VERACRUZ,PLATA,SIN NUMERO,1J4GK4STW304250,P - PARTICULAR,NO,24,MUJER,C,SI,,,2000,,,,,,,,,,,,,,,,,,,,,,
290,XALAPA,28/03/2014,VIERNES,,10:42,10:50,XALAPA,XALAPA,URBANA,,,AVENIDA LAZARO CARDENAS,SAHOP,,REGULAR,SOLEADO,ASFALTO,SECO,ASCENDENTE,NINGUNA,SIN RESTRICCIÓN,COLISIÓN,ÁNGULO,VEHÍCULO CIRCULANDO,2,A - AUTOMÓVIL,NISSAN,TSURU,VERACRUZ,BLANCO/VERDE,GA16806955S,3N1EB31583K486333,PE - PÚBLICO ESTATAL,SI,58,HOMBRE,A,SI,OTRO,NO APLICA,2000,0,,,,,,,,,,,,,,,,,,,,,
290,,,,,,,,,,,1,,,,,,,,,,,,,,,AS - AUTOBÚS SUBURBANO,NAVISTAR,INTERNATIONAL,VERACRUZ,BLANCO/VERDE,47D1HM2U1430459,3HBBPAAN04L658633,PE - PÚBLICO ESTATAL,SI,40,HOMBRE,A,SI,,,1000,,,,,,,,,,,,,,,,,,,,,,
291,XALAPA,28/03/2014,VIERNES,,12:45,,XALAPA,XALAPA,URBANA,,,MORELIA,PROGRESO MACUILTEPEC,JALISCO,BUENO,,CONCRETO,SECO,A NIVEL,NINGUNA,SIN RESTRICCIÓN,COLISIÓN,ÁNGULO,VEHÍCULO CIRCULANDO,2,C - CAMIONETA,NISSAN,NP-300,VERACRUZ,BLANCO,,,P - PARTICULAR,,33,HOMBRE,,,NO RESPETAR CEDA EL PASO,NO APLICA,10000,0,,,,,,,,,,,,,,,,,,,,,
291,,,,,,,,,,,,,,,,,,,,,,,,,,A - AUTOMÓVIL,CHRYSLER,01-oct,VERACRUZ,BLANCO/VERDE,,,PE - PÚBLICO ESTATAL,,39,HOMBRE,A,SI,,,4000,,,,,,,,,,,,,,,,,,,,,,
292,XALAPA,28/03/2014,VIERNES,,13:15,,XALAPA,XALAPA,URBANA,,,REVOLUCION,,ROTONDA,BUENO,SOLEADO,CONCRETO,SECO,DESCENDENTE,MARCA EN PAVIMENTO,SIN RESTRICCIÓN,COLISIÓN,,VEHÍCULO CIRCULANDO,2,A - AUTOMÓVIL,NISSAN,URBAN PANEL,VERACRUZ,BLANCO/ROJO,QR2506255B,JN6AE5256BX03164,PE - PÚBLICO ESTATAL,SI,26,HOMBRE,,,OTRO,NO APLICA,500,0,,,,,,,,,,,,,,,,,,,,,
292,,,,,,,,,,,,,,,,,,,,,,,,,,A - AUTOMÓVIL,CHEVROLET,CHEVY,VERACRUZ,TERRACOTA,HECHO EN MEXICO,3G156242845185118,P - PARTICULAR,SI,72,MUJER,B,SI,,,500,,,,,,,,,,,,,,,,,,,,,,
293,XALAPA,28/03/2014,VIERNES,15:25,15:40,16:00,XALAPA,XALAPA,URBANA,,,AVENIDA XALAPA,PROGRESO MACUILTEPEC,PELICANOS,BUENO,,CONCRETO,SECO,A NIVEL,SEMÁFORO FUNCIONANDO,SIN RESTRICCIÓN,COLISIÓN,POR ALCANCE,VEHÍCULO CIRCULANDO,2,A - AUTOMÓVIL,NISSAN,TSURU,VERACRUZ,BLANCO/ROJO,GA16871799Y,3N1EB31S8CM344013,PE - PÚBLICO ESTATAL,SI,29,HOMBRE,A,SI,NO GUARDAR DISTANCIA,NO APLICA,400,0,,,,,,,,,,,,,,,,,,,,,
293,,,,,,,,,,,,,,,,,,,,,,,,,,C - CAMIONETA,TOYOTA,AVANZA,VERACRUZ,PLATA,35Z0BW2705,MHFMC13F7B2X007327,P - PARTICULAR,NO,54,MUJER,C,SI,,,6000,,,,,,,,,,,,,,,,,,,,,,
294,XALAPA,28/03/2014,VIERNES,,16:50,,XALAPA,XALAPA,URBANA,,,AVENIDA IGNACIO DE LA LLAVE,REPRESA DEL CARMEN,PLAN AGRARIA,BUENO,LLUVIA,CONCRETO,MOJADO,DESCENDENTE,MARCA EN PAVIMENTO,SIN RESTRICCIÓN,COLISIÓN,ÁNGULO,VEHÍCULO CIRCULANDO,2,C - CAMIONETA,CHEVROLET,SPARK,VERACRUZ,TEALFLY,HECHO EN KOREA,KL1CJ64D3CC57677,P - PARTICULAR,SI,22,HOMBRE,B,SI,"VUELTA EN ""U""",NO APLICA,3000,0,,,,,,,,,,,,,,,,,,,,,
294,,,,,,,,,,,8,,,,,,,,,,,,,,,A - AUTOMÓVIL,PEUGEOT,,VERACRUZ,GRIS,10DBT50008427,VF32AN6A74W055845,P - PARTICULAR,SI,26,HOMBRE,C,SI,,,5000,,,,,,,,,,,,,,,,,,,,,,
295,XALAPA,28/03/2014,VIERNES,,19:10,,XALAPA,XALAPA,URBANA,,,MIGUEL ALEMAN,,MUNICIPAL,BUENO,,CONCRETO,,A NIVEL,NINGUNA,SIN RESTRICCIÓN,COLISIÓN,LATERAL,VEHÍCULO CIRCULANDO,2,AS - AUTOBÚS SUBURBANO,INTERNATIONAL,,VERACRUZ,BLANCO,,,PE - PÚBLICO ESTATAL,,23,HOMBRE,A,SI,CAMBIAR CARRIL SIN PRECAUCIÓN,NO APLICA,2000,0,,,,,,,,,,,,,,,,,,,,,
295,,,,,,,,,,,,,,,,,,,,,,,,,,A - AUTOMÓVIL,FORD,F-150,VERACRUZ,NEGRO,SIN NUMERO,1FTZX18W4WKA11873,P - PARTICULAR,,23,HOMBRE,B,SI,,,2000,,,,,,,,,,,,,,,,,,,,,,
296,XALAPA,28/03/2014,VIERNES,,20:40,,XALAPA,XALAPA,URBANA,,,LUCIO BLANCO,,OBRERO CAMPESINA,BUENO,,ASFALTO,SECO,ASCENDENTE,NINGUNA,SIN RESTRICCIÓN,COLISIÓN,ÁNGULO,VEHÍCULO CIRCULANDO,2,A - AUTOMÓVIL,HONDA,ACCORD,VERACRUZ,BLANCO,,,P - PARTICULAR,,37,MUJER,B,SI,NO RESPETAR CEDA EL PASO,NO APLICA,300,0,,,,,,,,,,,,,,,,,,,,,
296,,,,,,,,,,,,,,,,,,,,,,,,,,A - AUTOMÓVIL,NISSAN,TSURU,VERACRUZ,BLANCO/ROJO,,,PE - PÚBLICO ESTATAL,,24,HOMBRE,A,SI,,,300,,,,,,,,,,,,,,,,,,,,,,
297,XALAPA,28/03/2014,VIERNES,,23:25,23:45,XALAPA,XALAPA,URBANA,,,AVENIDA LAZARO CARDENAS,ANIMAS,,REGULAR,,ASFALTO,SECO,ASCENDENTE,NINGUNA,SIN RESTRICCIÓN,COLISIÓN,ÁNGULO,VEHÍCULO CIRCULANDO,2,C - CAMIONETA,DODGE,RAM 1500,VERACRUZ,BLANCO,HECHO EN MEXICO,RM527322,P - PARTICULAR,NO,37,HOMBRE,B,SI,CAMBIAR CARRIL SIN PRECAUCIÓN,NO APLICA,600,0,,,,,,,,,,,,,,,,,,,,,
297,,,,,,,,,,,1,,,,,,,,,,,,,,,A - AUTOMÓVIL,NISSAN,TSURU,VERACRUZ,GRIS,E18229117M,9LB1244068,P - PARTICULAR,NO,29,HOMBRE,C,SI,,,500,,,,,,,,,,,,,,,,,,,,,,
298,XALAPA,29/03/2014,SÁBADO,,07:00,,XALAPA,XALAPA,URBANA,,,AVENIDA LAZARO CARDENAS,,MURILLO VIDAL,BUENO,,ASFALTO,SECO,DESCENDENTE,NINGUNA,SIN RESTRICCIÓN,COLISIÓN,,OBJETO FIJO,1,A - AUTOMÓVIL,VOLKSWAGEN,JETTA,VERACRUZ,BLANCO,CCC139791,3VW2W1AJ5CM112506,P - PARTICULAR,,20,HOMBRE,C,SI,VELOCIDAD INMODERADA,NO APLICA,15000,0,,,,,,,,,,,,,,,,,,,,,
298,,,,,,,,,,,1,,,,,,,,,,,,,,,,,,,,,,,,,,,,,,,,,,,,,,,,,,,,,,,,,,,,
299,XALAPA,29/03/2014,SÁBADO,,08:00,,XALAPA,XALAPA,URBANA,,,AVENIDA RUIZ CORTINES,HERNANDEZ OCHOA,PROL. VILLAHERMOSA,BUENO,,ASFALTO,SECO,A NIVEL,NINGUNA,SIN RESTRICCIÓN,COLISIÓN,ÁNGULO,VEHÍCULO CIRCULANDO,2,C - CAMIONETA,CHRYSLER,JOURNEY,VERACRUZ,PLATA,HECHO EN MEXICO,3D4BG4FBT531464,P - PARTICULAR,,37,MUJER,B,SI,OTRO,NO APLICA,5000,0,,,,,,,,,,,,,,,,,,,,,
299,,,,,,,,,,,2,,,,,,,,,,,,,,,A - AUTOMÓVIL,NISSAN,TSURU,VERACRUZ,BLANCO/VERDE,GA168469954,3N1EB31S0CK32221,PE - PÚBLICO ESTATAL,,35,HOMBRE,A,SI,,,8000,,,,,,,,,,,,,,,,,,,,,,
300,XALAPA,29/03/2014,SÁBADO,11:31,11:50,,XALAPA,XALAPA,URBANA,,,ENTRADA AL CASTILLO,,,BUENO,SOLEADO,ASFALTO,SECO,A NIVEL,NINGUNA,SIN RESTRICCIÓN,COLISIÓN,LATERAL,VEHÍCULO CIRCULANDO,2,C - CAMIONETA,NISSAN,CHASIS,VERACRUZ,BLANCO,KA2408028ZA,3NGC0155332K094546,P - PARTICULAR,,41,HOMBRE,A,SI,CAMBIAR CARRIL SIN PRECAUCIÓN,NO APLICA,800,0,,,,,,,,,,,,,,,,,,,,,
300,,,,,,,,,,,,,,,,,,,,,,,,,,A - AUTOMÓVIL,NISSAN,PLATINA,VERACRUZ,ROJO,Q042B60,3N1JH01505L233600,P - PARTICULAR,,48,HOMBRE,,,,,200,,,,,,,,,,,,,,,,,,,,,,
301,XALAPA,29/03/2014,SÁBADO,,12:00,13:35,XALAPA,XALAPA,URBANA,,,AVENIDA LAZARO CARDENAS,OLMOS,EL TREBOL LAS TRANCAS,BUENO,,,SECO,DESCENDENTE,NINGUNA,SIN RESTRICCIÓN,COLISIÓN,POR ALCANCE,VEHÍCULO CIRCULANDO,2,C - CAMIONETA,NISSAN,NP-300,VERACRUZ,BLANCO,KA24313036A,3NGD014T1BK0372202,P - PARTICULAR,SI,29,HOMBRE,B,SI,NO GUARDAR DISTANCIA,NO APLICA,400,0,,,,,,,,,,,,,,,,,,,,,
301,,,,,,,,,,,1,,,,,,,,,,,,,,,C - CAMIONETA,FORD,RANGER,VERACRUZ,GRIS,SIN NUMERO,1FMLV31868JB03682,P - PARTICULAR,SI,71,HOMBRE,C,SI,,,600,,,,,,,,,,,,,,,,,,,,,,
302,XALAPA,29/03/2014,SÁBADO,,14:15,14:40,XALAPA,XALAPA,URBANA,,,BOULEVARD XALAPA-BANDERILLA,21 DE MARZO,JUAN DE LA BARRERA Y ARAUCARIAS,BUENO,,ASFALTO,SECO,ASCENDENTE,NINGUNA,SIN RESTRICCIÓN,COLISIÓN,ÁNGULO,VEHÍCULO CIRCULANDO,2,A - AUTOMÓVIL,NISSAN,TSURU,VERACRUZ,AZUL,E16549267M,2BLB1370599,P - PARTICULAR,NO,35,HOMBRE,A,SI,NO RESPETAR CEDA EL PASO,NO APLICA,500,0,,,,,,,,,,,,,,,,,,,,,
302,,,,,,,,,,,,,,,,,,,,,,,,,,A - AUTOMÓVIL,NISSAN,TSURU,VERACRUZ,BLANCO,GA16769772W,3N1EB31S56K3141134,P - PARTICULAR,NO,46,HOMBRE,B,SI,,,1200,,,,,,,,,,,,,,,,,,,,,,
303,XALAPA,29/03/2014,SÁBADO,,15:35,,XALAPA,XALAPA,URBANA,CARRETERA XALAPA-COATEPEC,,,ARENALES,BOLIVIA,BUENO,SOLEADO,ASFALTO,SECO,DESCENDENTE,NINGUNA,SIN RESTRICCIÓN,COLISIÓN,,VEHÍCULO ESTACIONADO,3,A - AUTOMÓVIL,NISSAN,TSURU,VERACRUZ,BLANCO/VERDE,,,PE - PÚBLICO ESTATAL,SI,22,HOMBRE,A,NO,VELOCIDAD INMODERADA,NO APLICA,3000,0,,,,,,,,,,,,,,,,,,,,,
303,,,,,,,,,,,,,,,,,,,,,,,,,,A - AUTOMÓVIL,NISSAN,SENTRA,TABASCO,NEGRO,,3N1AB6ADBL727,P - PARTICULAR,SI,,,,,,,5000,,,,,,,,,,,,,,,,,,,,,,
303,,,,,,,,,,,,,,,,,,,,,,,,,,C - CAMIONETA,CHRYSLER,JEEP,VERACRUZ,PLATA,HECHO EN USA,1J4RS5GG7BC597516,P - PARTICULAR,NO,38,HOMBRE,B,SI,,,,,,,,,,,,,,,,,,,,,,,,,
304,XALAPA,29/03/2014,SÁBADO,,15:50,,XALAPA,XALAPA,URBANA,,,AVENIDA LAZARO CARDENAS,FERROCARRILERA,MIGUEL ALEMAN Y ORIENTE,BUENO,,ASFALTO,SECO,A NIVEL,SEMÁFORO FUNCIONANDO,SIN RESTRICCIÓN,COLISIÓN,ÁNGULO,VEHÍCULO CIRCULANDO,2,A - AUTOMÓVIL,NISSAN,TSURU,VERACRUZ,BLANCO/ROJO,GA16815912Y,3N1EB31S4BK350845,PE - PÚBLICO ESTATAL,NO,57,HOMBRE,A,SI,CAMBIAR CARRIL SIN PRECAUCIÓN,NO APLICA,5000,0,,,,,,,,,,,,,,,,,,,,,
304,,,,,,,,,,,1,,,,,,,,,,,,,,,AS - AUTOBÚS SUBURBANO,VOLKSWAGEN,INTEGRAL,DISTRITO FEDERAL,BLANCO/VERDE,36111887,3VW1V52RXAM950277,P - PARTICULAR,SI,34,HOMBRE,A,SI,,,1000,,,,,,,,,,,,,,,,,,,,,,
305,XALAPA,29/03/2014,SÁBADO,18:36,18:36,19:40,XALAPA,XALAPA,URBANA,,,AVENIDA LAZARO CARDENAS,PROGRESO MACUILTEPEC,PUENTE MIGUEL ALEMAN,BUENO,,CONCRETO,SECO,A NIVEL,NINGUNA,SIN RESTRICCIÓN,COLISIÓN,POR ALCANCE,VEHÍCULO CIRCULANDO,2,C - CAMIONETA,FORD,F-180,VERACRUZ,BLANCO,SIN NUMERO,3FTRF17239MA0362,P - PARTICULAR,SI,35,HOMBRE,B,SI,NO GUARDAR DISTANCIA,NO APLICA,,0,,,,,,,,,,,,,,,,,,,,,
305,,,,,,,,,,,1,,,,,,,,,,,,,,,C - CAMIONETA,VOLKSWAGEN,CROSSFOX,VERACRUZ,ROJO,CF2756534,9BWLB4576B4602956,P - PARTICULAR,NO,39,HOMBRE,B,SI,,,3500,,,,,,,,,,,,,,,,,,,,,,
306,XALAPA,29/03/2014,SÁBADO,,05:50,,XALAPA,XALAPA,URBANA,,,MAGNOLIAS,VENUSTIANO CARRANZA,ROBLE,BUENO,LLUVIA,ASFALTO,MOJADO,A NIVEL,SEMÁFORO FUNCIONANDO,SIN RESTRICCIÓN,COLISIÓN,ÁNGULO,VEHÍCULO CIRCULANDO,2,A - AUTOMÓVIL,VOLKSWAGEN,JETTA,VERACRUZ,GRIS,CCC195311,3VWGW2AJDEM208834,P - PARTICULAR,SI,30,HOMBRE,B,SI,NO RESPETAR SEÑAL DE ALTO,NO APLICA,8000,0,,,,,,,,,,,,,,,,,,,,,
306,,,,,,,,,,,,,,,,,,,,,,,,,,A - AUTOMÓVIL,NISSAN,TSURU,VERACRUZ,BLANCO,GA167470832,3N1EB152EK314057,PE - PÚBLICO ESTATAL,SI,71,HOMBRE,A,SI,,,8000,,,,,,,,,,,,,,,,,,,,,,
307,XALAPA,29/03/2014,SÁBADO,15:52,16:10,,XALAPA,XALAPA,URBANA,,,VILLA HERMOSA,PROGRESO MACUILTEPEC,ACAPULCO,BUENO,SOLEADO,ASFALTO,SECO,DESCENDENTE,MARCA EN PAVIMENTO,SIN RESTRICCIÓN,ATROPELLAMIENTO,,,1,A - AUTOMÓVIL,FORD,FOCUS,VERACRUZ,BLANCO,SE IGNORA,SE IGNORA,P - PARTICULAR,NO,43,HOMBRE,C,SI,OTRO,OTRO,1500,1,,,,,,,,1,,,,,,,,,,,,,
308,XALAPA,29/03/2014,SÁBADO,,15:03,,XALAPA,XALAPA,URBANA,,,AVENIDA LAZARO CARDENAS,,XALAPA,BUENO,,CONCRETO,SECO,A NIVEL,NINGUNA,SIN RESTRICCIÓN,COLISIÓN,,,1,C - CAMIONETA,CHEVROLET,PICK UP,VERACRUZ,PLATA,RM128005,3GCEC30K9RM128005,P - PARTICULAR,,,,,,OTRO,NO APLICA,1500,0,,,,,,,,,,,,,,,,,,,,,
308,,,,,,,,,,,1,,,,,,,,,,,,,,,,,,,,,,,,,,,,,,,,,,,,,,,,,,,,,,,,,,,,
309,XALAPA,29/03/2014,SÁBADO,21:20,21:30,,XALAPA,XALAPA,URBANA,,,TEODORO AVENDAÑO,FERRER GUARDIA,HONORIO RODRIGUEZ,BUENO,,CONCRETO,SECO,A NIVEL,NINGUNA,SIN RESTRICCIÓN,COLISIÓN,ÁNGULO,VEHÍCULO CIRCULANDO,2,A - AUTOMÓVIL,NISSAN,TSURU,VERACRUZ,BLANCO,GA16719177Z,3N1EB31S3DK330024,P - PARTICULAR,,23,HOMBRE,B,SI,VELOCIDAD INMODERADA,NO APLICA,10000,2,,,1,1,,,,,,,,,,,,,,,,,
309,,,,,,,,,,,,,,,,,,,,,,,,,,A - AUTOMÓVIL,SUZUKI,AERIO,VERACRUZ,GRIS,J23A129281,JS2RA615875390680,P - PARTICULAR,,22,MUJER,B,SI,,,18000,,,,,,,,,,,,,,,,,,,,,,
310,XALAPA,30/03/2014,DOMINGO,,07:15,13:35,XALAPA,EMILIANO ZAPATA,URBANA,LAS TRANCAS - ESTANZUELA,,,FRACCIONAMIENTO SAN FRANCISCO,ALCANFOR,BUENO,,ASFALTO,SECO,DESCENDENTE,NINGUNA,ACCIDENTE PREVIO,VOLCADURA,,,1,CC - CAMIÓN DE CARGA,FORD,F-600,VERACRUZ,ROJO,TC21326V598720G,AC51TC51853,P - PARTICULAR,NO,36,HOMBRE,A,SI,OTRO,NO APLICA,25000,0,,,,,,,,,,,,,,,,,,,,,
311,XALAPA,30/03/2014,DOMINGO,,12:00,12:20,XALAPA,XALAPA,URBANA,,,AVENIDA LAZARO CARDENAS,RAFAEL LUCIO,JOAQUIN RAMIREZ CABAÑAS,REGULAR,SOLEADO,ASFALTO,SECO,A NIVEL,NINGUNA,SIN RESTRICCIÓN,COLISIÓN,POR ALCANCE,VEHÍCULO CIRCULANDO,2,M - MOTOCICLETA,YAMAHA,,VERACRUZ,BLANCO,J4M154FM11036892,LSPKE1240C0041897,P - PARTICULAR,SI,27,HOMBRE,B,SI,NO GUARDAR DISTANCIA,NO APLICA,2000,0,,,,,,,,,,,,,,,,,,,,,
311,,,,,,,,,,,1,,,,,,,,,,,,,,,A - AUTOMÓVIL,CHEVROLET,CHEVY,VERACRUZ,BLANCO/ROJO,HECHO EN MEXICO,G1DRD1X0AS152057,PE - PÚBLICO ESTATAL,SI,47,HOMBRE,A,SI,,,3000,,,,,,,,,,,,,,,,,,,,,,
312,XALAPA,30/03/2014,DOMINGO,,18:00,,XALAPA,XALAPA,URBANA,,,LUCIO BLANCO,,JESUS LOPEZ DOMINGUEZ,BUENO,LLUVIA,CONCRETO,MOJADO,A NIVEL,NINGUNA,SIN RESTRICCIÓN,COLISIÓN,LATERAL,VEHÍCULO CIRCULANDO,2,A - AUTOMÓVIL,CHRYSLER,DAKOTA,VERACRUZ,PLATA,HECHO EN USA,,,,32,HOMBRE,C,SI,CAMBIAR CARRIL SIN PRECAUCIÓN,NO APLICA,500,0,,,,,,,,,,,,,,,,,,,,,
312,,,,,,,,,,,,,,,,,,,,,,,,,,A - AUTOMÓVIL,CHEVROLET,VAN20,VERACRUZ,BLANCO,,,,,27,HOMBRE,,,,,500,,,,,,,,,,,,,,,,,,,,,,
313,XALAPA,30/03/2014,DOMINGO,,22:00,,XALAPA,XALAPA,URBANA,,,JOSE AZUETA,,MANUEL AVILA CAMACHO,BUENO,,CONCRETO,,ASCENDENTE,NINGUNA,SIN RESTRICCIÓN,COLISIÓN,ÁNGULO,VEHÍCULO CIRCULANDO,2,C - CAMIONETA,FORD,CLUB CAB,VERACRUZ,BLANCO/AZUL,,1FTFW1EF0CK13878,O - OFICIAL,,29,HOMBRE,B,SI,OTRO,NO APLICA,3000,0,,,,,,,,,,,,,,,,,,,,,
313,,,,,,,,,,,,,,,,,,,,,,,,,,M - MOTOCICLETA,ITALIKA,,PUEBLA,GRIS,156FM1C2R01627,3SCPDTDE9D1001325,P - PARTICULAR,,25,HOMBRE,D,SI,,,3000,,,,,,,,,,,,,,,,,,,,,,
314,XALAPA,30/03/2014,DOMINGO,,22:15,,XALAPA,XALAPA,URBANA,,,REBSAMEN,MARTIRES DE CHICAGO,,BUENO,,ASFALTO,MOJADO,ASCENDENTE,NINGUNA,SIN RESTRICCIÓN,COLISIÓN,POR ALCANCE,VEHÍCULO CIRCULANDO,2,A - AUTOMÓVIL,NISSAN,ICHI VAN,VERACRUZ,AZUL,M8D1A0205,1PGC12000768,P - PARTICULAR,NO,57,HOMBRE,B,SI,NO GUARDAR DISTANCIA,NO APLICA,10000,1,,,1,,,,,,,,,,,,,,,,,,
314,,,,,,,,,,,10,,,,,,,,,,,,,,,A - AUTOMÓVIL,VOLKSWAGEN,LUPO,VERACRUZ,GRIS,BLH007256,9BWKB0SZ354008481,P - PARTICULAR,NO,58,HOMBRE,B,SI,,,6000,,,,,,,,,,,,,,,,,,,,,,
315,XALAPA,30/03/2014,DOMINGO,12:00,12:35,13:30,XALAPA,EMILIANO ZAPATA,URBANA,TRANCAS-COATEPEC,,,,PASO LADRILLO,BUENO,,ASFALTO,SECO,DESCENDENTE,NINGUNA,SIN RESTRICCIÓN,COLISIÓN,,OBJETO FIJO,1,A - AUTOMÓVIL,CHEVROLET,CORSA,VERACRUZ,BEIGE,HECHO EN BRASIL,23CKM19R15C254005,P - PARTICULAR,,20,HOMBRE,,,VELOCIDAD INMODERADA,NO APLICA,30000,0,,,,,,,,,,,,,,,,,,,,,