idMES,DELEGACION DE TRANSITO,FECHA DEL ACCIDENTE,DIA DE LA SEMANA,HORA EN QUE SE RECIBIO LA LLAMADA REPORTANDO EL ACCIDENTE,HORA DE ARRIBO DEL PERITO AL SITIO,HORA DE REGRESO DEL PERITO A LAS INSTALACIONES DE SU DELEGACION,LOCALIDAD ACCIDENTE,MUNICIPIO ACCIDENTE,ZONA,CARRETERA/KILOMETRO DEL ACCIDENTE,NUMERO DE AVENIDA,CALLE/AVENIDA DEL ACCIDENTE,COLONIA,ENTRE CALLES,CONDICIONES DE LA VIA,CONDICIONES NATURALES,SUPERFICIE DE LA VIA,ESTADO DE LA VIA,TANGENTE,TIPO DE CONTROL DE TRANSITO,RESTRICCIONES DE LA VIA,TIPO DE ACCIDENTE,FORMA DE ACCIDENTARSE,CONTRA QUE FUE EL IMPACTO,CANTIDAD DE VEHICULOS,TIPO DE VEHICULO,MARCA,SUBMARCA,ENTIDAD FEDERATIVA DEL VEHICULO,COLOR DEL VEHICULO,MOTOR,SERIE,TIPO DE SERVICIO PARA EL QUE SE OCUPAN LOS VEHICULOS,ASEGURADO,EDAD CONDUCTOR,SEXO CONDUCTOR,TIPO LICENCIA,LICENCIA VIGENTE,CAUSA ATRIBUIBLE AL CONDUCTOR,CAUSA ATRIBUIBLE AL PEATON,DANIOS (MONTO APROXIMADO EN MXN),NUMERO DE HERIDOS,MUJER HERIDA DE 0-15 ANIOS,HOMBRE HERIDO DE 0-15 ANIOS,MUJER HERIDA DE 16-30 ANIOS,HOMBRE HERIDO DE 16-30 ANIOS,MUJER HERIDA DE 31-45 ANIOS,HOMBRE HERIDO DE 31-45 ANIOS,MUJER HERIDA DE 46-60 ANIOS,HOMBRE HERIDO DE 46-60 ANIOS,MUJER HERIDA MAS DE 60 ANIOS,HOMBRE HERIDO MAS DE 60 ANIOS,NUMERO DE MUERTOS,MUJER MUERTA DE 0-15 ANIOS,HOMBRE MUERTO DE 0-15 ANIOS,MUJER MUERTA DE 16-30 ANIOS,HOMBRE MUERTO DE 16-30 ANIOS,MUJER MUERTA DE 31-45 ANIOS,HOMBRE MUERTO DE 31-45 ANIOS,MUJER MUERTA DE 46-60 ANIOS,HOMBRE MUERTO DE 46-60 ANIOS,MUJER MUERTA MAS DE 60 ANIOS,HOMBRE MUERTO MAS DE 60 ANIOS
316,XALAPA,30/03/2014,DOMINGO,13:20,13:30,,XALAPA,XALAPA,URBANA,,,LIBERTAD,,20 DE NOVIEMBRE,BUENO,,CONCRETO,SECO,ASCENDENTE,NINGUNA,SIN RESTRICCIÓN,COLISIÓN,ÁNGULO,VEHÍCULO CIRCULANDO,2,A - AUTOMÓVIL,NISSAN,TSURU,VERACRUZ,BLANCO/VERDE,GA168227008,3N1EB31S03K503140,PE - PÚBLICO ESTATAL,,25,HOMBRE,A,SI,OTRO,NO APLICA,8000,3,,,,1,1,1,,,,,,,,,,,,,,,
316,,,,,,,,,,,,,,,,,,,,,,,,,,C - CAMIONETA,NISSAN,PICK UP,VERACRUZ,ROJO,KA24935435M,3N6CD1257YK029485,P - PARTICULAR,,25,HOMBRE,,,,,4000,,,,,,,,,,,,,,,,,,,,,,
317,XALAPA,31/03/2014,LUNES,,08:35,,XALAPA,XALAPA,URBANA,,,AVENIDA 20 DE NOVIEMBRE,CENTRO,AVILA CAMACHO Y ACOSTA,BUENO,SOLEADO,CONCRETO,SECO,A NIVEL,NINGUNA,SIN RESTRICCIÓN,COLISIÓN,LATERAL,VEHÍCULO CIRCULANDO,2,AS - AUTOBÚS SUBURBANO,INTERNATIONAL,CHASIS,VERACRUZ,BLANCO/AZUL,470HM2U1232734,3HVBNAAN21N088157,PE - PÚBLICO ESTATAL,NO,33,HOMBRE,A,SI,CAMBIAR CARRIL SIN PRECAUCIÓN,NO APLICA,MINIMOS,0,,,,,,,,,,,,,,,,,,,,,
317,,,,,,,,,,,5,,,,,,,,,,,,,,,AS - AUTOBÚS SUBURBANO,INTERNATIONAL,,VERACRUZ,BLANCO,,,PE - PÚBLICO ESTATAL,NO,41,HOMBRE,A,SI,,,1000,,,,,,,,,,,,,,,,,,,,,,
318,XALAPA,31/03/2014,LUNES,13:50,14:10,,XALAPA,XALAPA,URBANA,,,AVENIDA LAZARO CARDENAS,PEDREGAL,,BUENO,SOLEADO,ASFALTO,SECO,A NIVEL,MARCA EN PAVIMENTO,SIN RESTRICCIÓN,COLISIÓN,POR ALCANCE,VEHÍCULO CIRCULANDO,2,A - AUTOMÓVIL,PEUGEOT,,VERACRUZ,GRIS,1753972,VF32AN6A83WC,P - PARTICULAR,,28,HOMBRE,C,SI,NO GUARDAR DISTANCIA,NO APLICA,2500,0,,,,,,,,,,,,,,,,,,,,,
318,,,,,,,,,,,1,,,,,,,,,,,,,,,A - AUTOMÓVIL,CHEVROLET,CHEVY,VERACRUZ,PLATA,HECHO EN MEXICO,3G1SF61XBAS100783,P - PARTICULAR,,20,HOMBRE,B,SI,,,1500,,,,,,,,,,,,,,,,,,,,,,
319,XALAPA,31/03/2014,LUNES,,18:10,18:40,XALAPA,XALAPA,URBANA,,,ARAUCARIAS,INDECO ANIMAS,RINCON DE LAS PALMAS Y AGUSTIN LARA,BUENO,,CONCRETO,SECO,ASCENDENTE,NINGUNA,ACCIDENTE PREVIO,COLISIÓN,ÁNGULO,VEHÍCULO CIRCULANDO,2,A - AUTOMÓVIL,CHEVROLET,CHEVY,VERACRUZ,ROJO,YS2655398,3G1SF2422YS260398,P - PARTICULAR,NO,46,HOMBRE,C,SI,NO RESPETAR CEDA EL PASO,NO APLICA,900,0,,,,,,,,,,,,,,,,,,,,,
319,,,,,,,,,,,,,,,,,,,,,,,,,,C - CAMIONETA,NISSAN,X-TRAIL,VERACRUZ,TITANIUM,OR25263638,JN1BT05AX5W772384,P - PARTICULAR,SI,57,MUJER,C,SI,,,2000,,,,,,,,,,,,,,,,,,,,,,
320,XALAPA,31/03/2014,LUNES,,20:45,,XALAPA,XALAPA,URBANA,,,AVENIDA LAZARO CARDENAS,,JUSTINO SARMIENTO,BUENO,,CONCRETO,SECO,A NIVEL,NINGUNA,SIN RESTRICCIÓN,COLISIÓN,POR ALCANCE,VEHÍCULO CIRCULANDO,2,A - AUTOMÓVIL,RENAULT,CLIO,VERACRUZ,AZUL,Q195430451,3BNBB2JGN61303,P - PARTICULAR,SI,59,MUJER,,,NO GUARDAR DISTANCIA,NO APLICA,1000,1,,,,,1,,,,,,,,,,,,,,,,
320,,,,,,,,,,,1,,,,,,,,,,,,,,,A - AUTOMÓVIL,CHEVROLET,AVEO,VERACRUZ,BLANCO,HECHO EN MEXICO,3G1TASAF6DL126228,P - PARTICULAR,SI,32,MUJER,C,SI,,,,,,,,,,,,,,,,,,,,,,,,,
321,XALAPA,31/03/2014,LUNES,,21:30,21:55,XALAPA,XALAPA,URBANA,,,AVENIDA LAZARO CARDENAS,7 DE NOVIEMBRE,JUSTINO SARMIENTO Y PIPILA,BUENO,,CONCRETO,SECO,DESCENDENTE,NINGUNA,SIN RESTRICCIÓN,COLISIÓN,LATERAL,VEHÍCULO CIRCULANDO,2,AS - AUTOBÚS SUBURBANO,INTERNATIONAL,NAVISTAR,VERACRUZ,BLANCO/AZUL,470HM2U1338194,3HVBNAAN42N537858,PE - PÚBLICO ESTATAL,NO,52,HOMBRE,A,SI,CAMBIAR CARRIL SIN PRECAUCIÓN,NO APLICA,900,0,,,,,,,,,,,,,,,,,,,,,
321,,,,,,,,,,,1,,,,,,,,,,,,,,,A - AUTOMÓVIL,CHEVROLET,SPARK,VERACRUZ,RED CHIP,HECHO EN KOREA,XL8CM6CD9EC486454,P - PARTICULAR,SI,25,HOMBRE,B,SI,,,7745,,,,,,,,,,,,,,,,,,,,,,
322,XALAPA,31/03/2014,LUNES,13:55,14:00,,XALAPA,XALAPA,URBANA,,,FRANCISCO SARABIA,MIRADOR,DE LAS AMERICAS Y 20 DE NOVIEMBRE,BUENO,,CONCRETO,SECO,ASCENDENTE,NINGUNA,SIN RESTRICCIÓN,COLISIÓN,ÁNGULO,VEHÍCULO CIRCULANDO,2,AS - AUTOBÚS SUBURBANO,INTERNATIONAL,CHASIS,VERACRUZ,BLANCO,470HM2U1541489,BZAAN5AN064276,PE - PÚBLICO ESTATAL,,58,HOMBRE,A,SI,OTRO,NO APLICA,1500,0,,,,,,,,,,,,,,,,,,,,,
322,,,,,,,,,,,,,,,,,,,,,,,,,,C - CAMIONETA,TOYOTA,SIENNA,VERACRUZ,GRIS,2GRE193485,5TDYK3DC2D5310981,P - PARTICULAR,,43,MUJER,B,SI,,,20000,,,,,,,,,,,,,,,,,,,,,,
323,XALAPA,31/03/2014,LUNES,12:40,13:00,,XALAPA,XALAPA,URBANA,,,MANUEL M. CONTRERAS,RAFAEL LUCIO,RAMIREZ CABAÑAS,BUENO,,CONCRETO,SECO,A NIVEL,NINGUNA,SIN RESTRICCIÓN,COLISIÓN,ÁNGULO,VEHÍCULO CIRCULANDO,2,A - AUTOMÓVIL,NISSAN,TSURU,VERACRUZ,BLANCO/VERDE,GA16787976W,3N1EB31S26K342381,PE - PÚBLICO ESTATAL,,,,,,OTRO,NO APLICA,1500,2,,,2,,,,,,,,,,,,,,,,,,
323,,,,,,,,,,,,,,,,,,,,,,,,,,M - MOTOCICLETA,HONDA,ELITE 125,VERACRUZ,ROJO,SDH1P52QM1B73006103,LALTCJN0773254075,P - PARTICULAR,,21,MUJER,,,,,2000,,,,,,,,,,,,,,,,,,,,,,
324,XALAPA,31/03/2014,LUNES,13:15,13:28,,XALAPA,XALAPA,URBANA,,,RIO VERDE,CAROLINO ANAYA,RIO COLORADO,BUENO,,ASFALTO,SECO,A NIVEL,NINGUNA,SIN RESTRICCIÓN,COLISIÓN,ÁNGULO,VEHÍCULO CIRCULANDO,2,A - AUTOMÓVIL,FORD,ESCAPE,VERACRUZ,BLANCO,SIN NUMERO,1FMYU03146KD06678,P - PARTICULAR,,23,MUJER,,,OTRO,NO APLICA,2000,0,,,,,,,,,,,,,,,,,,,,,
324,,,,,,,,,,,,,,,,,,,,,,,,,,A - AUTOMÓVIL,NISSAN,SEDAN,VERACRUZ,B,GA1676244899Y,3N1EB31S58K3011825,PE - PÚBLICO ESTATAL,,41,HOMBRE,A,SI,,,3000,,,,,,,,,,,,,,,,,,,,,,
1,XALAPA,04/01/2014,MARTES,07:35,07:50,08:12,XALAPA,XALAPA,URBANA,,,AVENIDA REBSAMEN,MARTIRES DE CHICAGO,,BUENO,SOLEADO,ASFALTO,SECO,A NIVEL,NINGUNA,SIN RESTRICCIÓN,COLISIÓN,LATERAL,VEHÍCULO CIRCULANDO,2,A - AUTOMÓVIL,NISSAN,PICK UP,VERACRUZ,BLANCO,070042ABKA24,1NGSD11S0LC388107,P - PARTICULAR,NO,50,HOMBRE,,,CAMBIAR CARRIL SIN PRECAUCIÓN,NO APLICA,SIN DAÑOS,0,,,,,,,,,,,,,,,,,,,,,
1,,,,,,,,,,,10,,,,,,,,,,,,,,,A - AUTOMÓVIL,NISSAN,TIDA,VERACRUZ,BLANCO,MR18110796H,3N1BC11D87K204333,P - PARTICULAR,SI,38,HOMBRE,A,SI,,,1500,,,,,,,,,,,,,,,,,,,,,,
2,XALAPA,04/01/2014,MARTES,07:40,08:00,08:30,XALAPA,XALAPA,URBANA,,,AVENIDA AMERICAS,2 DE ABRIL,LAZARO CARDENAS,BUENO,,CONCRETO,SECO,A NIVEL,NINGUNA,SIN RESTRICCIÓN,COLISIÓN,ÁNGULO,VEHÍCULO CIRCULANDO,2,A - AUTOMÓVIL,NISSAN,TSURU,VERACRUZ,BLANCO/VERDE,GA1672842BY,3N1EB315AK327203,PE - PÚBLICO ESTATAL,SI,23,HOMBRE,A,SI,NO RESPETAR CEDA EL PASO,NO APLICA,1500,0,,,,,,,,,,,,,,,,,,,,,
2,,,,,,,,,,,3,,,,,,,,,,,,,,,A - AUTOMÓVIL,VOLKSWAGEN,SEDAN,VERACRUZ,,,,,NO,35,HOMBRE,,,,,5000,,,,,,,,,,,,,,,,,,,,,,
3,XALAPA,04/01/2014,MARTES,,12:00,12:20,XALAPA,XALAPA,URBANA,,,AVENIDA CHEDRAUI CARAM,ENCINAL,LAZARO CARDENAS Y PRIV. CHEDRAUI,REGULAR,SOLEADO,ASFALTO,SECO,A NIVEL,NINGUNA,SIN RESTRICCIÓN,COLISIÓN,ÁNGULO,VEHÍCULO CIRCULANDO,2,A - AUTOMÓVIL,VOLKSWAGEN,JETTA,VERACRUZ,ROJO,CBP484701,3VW1V49M1DM065555,P - PARTICULAR,SI,25,MUJER,C,SI,NO RESPETAR CEDA EL PASO,NO APLICA,6000,0,,,,,,,,,,,,,,,,,,,,,
3,,,,,,,,,,,16,,,,,,,,,,,,,,,AS - AUTOBÚS SUBURBANO,NAVISTAR,INTERNATIONAL,VERACRUZ,BLANCO/NARANJA,470HM2U1446433,3HBBNAAN9HL683567,PE - PÚBLICO ESTATAL,NO,54,HOMBRE,A,SI,,,1000,,,,,,,,,,,,,,,,,,,,,,
4,XALAPA,04/01/2014,MARTES,13:10,13:13,13:30,XALAPA,XALAPA,URBANA,,,AVENIDA LAZARO CARDENAS,ANIMAS,,BUENO,SOLEADO,ASFALTO,SECO,A NIVEL,NINGUNA,SIN RESTRICCIÓN,COLISIÓN,POR ALCANCE,VEHÍCULO CIRCULANDO,2,A - AUTOMÓVIL,CHEVROLET,CHEVY,MÉXICO,AZUL,HECHO EN MEXICO,3G1SES1K2AS149726,P - PARTICULAR,NO,29,HOMBRE,B,SI,NO GUARDAR DISTANCIA,NO APLICA,4000,0,,,,,,,,,,,,,,,,,,,,,
4,,,,,,,,,,,1,,,,,,,,,,,,,,,C - CAMIONETA,CHEVROLET,SUBURBAN,VERACRUZ,BLANCO/AZUL,HECHO EN MEXICO,3GNEC16TXG155428,O - OFICIAL,SI,28,MUJER,B,SI,,,2000,,,,,,,,,,,,,,,,,,,,,,
5,XALAPA,04/01/2014,MARTES,,15:50,,XALAPA,XALAPA,URBANA,,,AVENIDA LAZARO CARDENAS,,POR EL TREBOL,BUENO,,ASFALTO,SECO,A NIVEL,NINGUNA,SIN RESTRICCIÓN,COLISIÓN,LATERAL,VEHÍCULO CIRCULANDO,2,C - CAMIONETA,NISSAN,NP-300,MÉXICO,BLANCO,KA2Y557138A,,P - PARTICULAR,,,,A,SI,CAMBIAR CARRIL SIN PRECAUCIÓN,NO APLICA,1000,0,,,,,,,,,,,,,,,,,,,,,
5,,,,,,,,,,,1,,,,,,,,,,,,,,,C - CAMIONETA,MITSUBISHI,ENDEAVOR,VERACRUZ,PLATA,6526,4A4MM41S77E071070,P - PARTICULAR,,47,HOMBRE,B,SI,,,1000,,,,,,,,,,,,,,,,,,,,,,
6,XALAPA,04/01/2014,MARTES,17:44,17:48,17:50,XALAPA,XALAPA,URBANA,,,IGNACIO DE LA LLAVE,REPRESA DEL CARMEN,MIGUEL ALEMAN,BUENO,SOLEADO,CONCRETO,SECO,ASCENDENTE,NINGUNA,SIN RESTRICCIÓN,COLISIÓN,ÁNGULO,VEHÍCULO CIRCULANDO,2,C - CAMIONETA,DODGE,O 150,VERACRUZ,AZUL,HECHO EN MEXICO,T137030,P - PARTICULAR,NO,69,HOMBRE,B,SI,NO RESPETAR CEDA EL PASO,NO APLICA,1000,0,,,,,,,,,,,,,,,,,,,,,
6,,,,,,,,,,,8,,,,,,,,,,,,,,,A - AUTOMÓVIL,CHEVROLET,CHEVY,DISTRITO FEDERAL,,HECHO EN MEXICO,3G1SE54681S153735,P - PARTICULAR,NO,42,MUJER,B,SI,,,2200,,,,,,,,,,,,,,,,,,,,,,
7,XALAPA,04/01/2014,MARTES,,18:00,,XALAPA,XALAPA,URBANA,,,LIDERES,UNION,LIBRES,BUENO,,CONCRETO,SECO,A NIVEL,NINGUNA,SIN RESTRICCIÓN,COLISIÓN,ÁNGULO,VEHÍCULO CIRCULANDO,2,CC - CAMIÓN DE CARGA,NISSAN,CHASIS,VERACRUZ,PLATA,,,P - PARTICULAR,,20,HOMBRE,B,SI,NO RESPETAR CEDA EL PASO,NO APLICA,4000,0,,,,,,,,,,,,,,,,,,,,,
7,,,,,,,,,,,,,,,,,,,,,,,,,,C - CAMIONETA,NISSAN,PICK UP,VERACRUZ,BLANCO,,,P - PARTICULAR,,50,HOMBRE,A,SI,,,400,,,,,,,,,,,,,,,,,,,,,,
8,XALAPA,04/01/2014,MARTES,,20:15,,XALAPA,XALAPA,URBANA,,,RIO GRANDE,CAROLINO ANAYA,,BUENO,,CONCRETO,SECO,DESCENDENTE,NINGUNA,SIN RESTRICCIÓN,COLISIÓN,POR ALCANCE,VEHÍCULO CIRCULANDO,2,C - CAMIONETA,CHEVROLET,S-10,VERACRUZ,,SIN NUMERO,1GCCS194XT8200084,P - PARTICULAR,,34,MUJER,,,NO GUARDAR DISTANCIA,NO APLICA,1000,1,,,1,,,,,,,,,,,,,,,,,,
8,,,,,,,,,,,,,,,,,,,,,,,,,,A - AUTOMÓVIL,NISSAN,TSURU,VERACRUZ,BLANCO/ROJO,GA1677494BY,3N1EB31S0BK313503,PE - PÚBLICO ESTATAL,,32,HOMBRE,A,SI,,,4000,,,,,,,,,,,,,,,,,,,,,,
9,XALAPA,04/01/2014,MARTES,,21:20,,XALAPA,XALAPA,URBANA,,,AVENIDA LAZARO CARDENAS,,,BUENO,,CONCRETO,SECO,A NIVEL,NINGUNA,SIN RESTRICCIÓN,COLISIÓN,LATERAL,VEHÍCULO CIRCULANDO,2,AS - AUTOBÚS SUBURBANO,INTERNATIONAL,,VERACRUZ,VERDE,,,PE - PÚBLICO ESTATAL,,34,HOMBRE,A,SI,CAMBIAR CARRIL SIN PRECAUCIÓN,NO APLICA,SIN DAÑOS,0,,,,,,,,,,,,,,,,,,,,,
9,,,,,,,,,,,1,,,,,,,,,,,,,,,A - AUTOMÓVIL,VOLKSWAGEN,JETTA,VERACRUZ,NEGRO,CBP051538,3VWRV09M98M851857,P - PARTICULAR,,21,HOMBRE,C,SI,,,3000,,,,,,,,,,,,,,,,,,,,,,
10,XALAPA,04/01/2014,MARTES,14:15,14:20,,XALAPA,XALAPA,URBANA,,,ALLENDE,CENTRO,MIGUEL PALACIOS,BUENO,,CONCRETO,SECO,ASCENDENTE,NINGUNA,SIN RESTRICCIÓN,COLISIÓN,POR ALCANCE,VEHÍCULO CIRCULANDO,2,M - MOTOCICLETA,SUZUKI,,VERACRUZ,AZUL,E441TH136063,9FSBE4CA07C135514,P - PARTICULAR,,38,HOMBRE,D,SI,NO GUARDAR DISTANCIA,NO APLICA,5000,0,,,,,,,,,,,,,,,,,,,,,
10,,,,,,,,,,,,,,,,,,,,,,,,,,C - CAMIONETA,CHRYSLER,JEEP,PUEBLA,GRIS,HECHO EN USA,1C4AJCCBXCD684794,P - PARTICULAR,,39,HOMBRE,,,,,3000,,,,,,,,,,,,,,,,,,,,,,
11,XALAPA,04/02/2014,MIÉRCOLES,,07:40,,XALAPA,XALAPA,URBANA,,,CHILPANCINGO,,SONORA,BUENO,,CONCRETO,,A NIVEL,NINGUNA,SIN RESTRICCIÓN,COLISIÓN,ÁNGULO,VEHÍCULO CIRCULANDO,2,C - CAMIONETA,TOYOTA,RAV-4,VERACRUZ,NEGRO,2AZ2136212,JTM2D35Y26501185Y,P - PARTICULAR,NO,44,MUJER,,,NO RESPETAR CEDA EL PASO,NO APLICA,10000,0,,,,,,,,,,,,,,,,,,,,,
11,,,,,,,,,,,,,,,,,,,,,,,,,,A - AUTOMÓVIL,NISSAN,SENTRA,VERACRUZ,ROJO,G187289045,3N1ECB51S065L478714,P - PARTICULAR,NO,57,HOMBRE,B,SI,,,1000,,,,,,,,,,,,,,,,,,,,,,
12,XALAPA,04/02/2014,MIÉRCOLES,,09:25,,XALAPA,XALAPA,URBANA,,,AVENIDA LAZARO CARDENAS,AGUA SANTA,VERACRUZ Y 20 DE NOVIEMBRE,BUENO,SOLEADO,CONCRETO,SECO,DESCENDENTE,NINGUNA,SIN RESTRICCIÓN,COLISIÓN,POR ALCANCE,VEHÍCULO CIRCULANDO,2,C - CAMIONETA,GENERAL MOTORS,SILVERADO,VERACRUZ,NEGRO,IMPORTADO,1GCEC19J182143531,P - PARTICULAR,SI,21,HOMBRE,B,SI,VELOCIDAD INMODERADA,NO APLICA,5000,0,,,,,,,,,,,,,,,,,,,,,
12,,,,,,,,,,,1,,,,,,,,,,,,,,,A - AUTOMÓVIL,VOLKSWAGEN,JETTA,VERACRUZ,PLATA,BHP17475,3VNRV09M14M048215,P - PARTICULAR,NO,49,HOMBRE,A,SI,,,4000,,,,,,,,,,,,,,,,,,,,,,
13,XALAPA,04/02/2014,MIÉRCOLES,,10:45,11:42,XALAPA,XALAPA,URBANA,,,AVENIDA LAZARO CARDENAS,,MURILLO VIDAL,BUENO,,ASFALTO,SECO,ASCENDENTE,NINGUNA,SIN RESTRICCIÓN,COLISIÓN,POR ALCANCE,VEHÍCULO CIRCULANDO,2,A - AUTOMÓVIL,FORD,SCORT,VERACRUZ,BLANCO,SIN NUMERO,1FABPB2WW284827,P - PARTICULAR,NO,53,MUJER,C,SI,NO GUARDAR DISTANCIA,NO APLICA,5000,0,,,,,,,,,,,,,,,,,,,,,
13,,,,,,,,,,,1,,,,,,,,,,,,,,,A - AUTOMÓVIL,FORD,IKON,VERACRUZ,GRIS,HECHO EN USA,MAJFP16D7DC113412,P - PARTICULAR,SI,48,HOMBRE,B,SI,,,2500,,,,,,,,,,,,,,,,,,,,,,
14,XALAPA,04/02/2014,MIÉRCOLES,,12:35,,XALAPA,XALAPA,URBANA,,,AVENIDA XALAPA,DOCTORES,RUIZ CORTINES,BUENO,,CONCRETO,SECO,ASCENDENTE,NINGUNA,SIN RESTRICCIÓN,COLISIÓN,ÁNGULO,VEHÍCULO CIRCULANDO,2,A - AUTOMÓVIL,NISSAN,TSURU,VERACRUZ,BLANCO/ROJO,GA16701572W,3N1EB31567K339528,PE - PÚBLICO ESTATAL,,32,HOMBRE,A,SI,CAMBIAR CARRIL SIN PRECAUCIÓN,NO APLICA,2500,0,,,,,,,,,,,,,,,,,,,,,
14,,,,,,,,,,,7,,,,,,,,,,,,,,,AS - AUTOBÚS SUBURBANO,NAVISTAR,CHASIS,VERACRUZ,BLANCO/AZUL,,,PE - PÚBLICO ESTATAL,,28,HOMBRE,A,SI,,,MINIMOS,,,,,,,,,,,,,,,,,,,,,,
15,XALAPA,04/02/2014,MIÉRCOLES,15:08,15:30,,XALAPA,XALAPA,URBANA,,,REBSAMEN,MARTIRES DE CHICAGO,PRESIDENTES,BUENO,SOLEADO,ASFALTO,SECO,ASCENDENTE,NINGUNA,SIN RESTRICCIÓN,COLISIÓN,ÁNGULO,VEHÍCULO CIRCULANDO,2,AS - AUTOBÚS SUBURBANO,NAVISTAR,CHASIS,VERACRUZ,BLANCO,470HM2U1321234,3HVBPAAN42N,PE - PÚBLICO ESTATAL,NO,,HOMBRE,,,REBASAR INDEBIDAMENTE,NO APLICA,200,0,,,,,,,,,,,,,,,,,,,,,
15,,,,,,,,,,,10,,,,,,,,,,,,,,,A - AUTOMÓVIL,CHEVROLET,OPTRA,VERACRUZ,GRIS,SIN NUMERO,KL1JJ51Z49K106357,P - PARTICULAR,SI,,HOMBRE,,,,,1500,,,,,,,,,,,,,,,,,,,,,,
16,XALAPA,04/02/2014,MIÉRCOLES,15:35,15:45,16:10,XALAPA,XALAPA,URBANA,,,28 DE AGOSTO,OBRERO CAMPESINA,REYES HEROLES,BUENO,,ASFALTO,SECO,A NIVEL,NINGUNA,SIN RESTRICCIÓN,COLISIÓN,POR ALCANCE,VEHÍCULO CIRCULANDO,2,A - AUTOMÓVIL,NISSAN,MARCH,VERACRUZ,BLANCO,HR1872313BE,3N1CK3CD9CL211991,P - PARTICULAR,SI,33,MUJER,C,SI,NO GUARDAR DISTANCIA,NO APLICA,2000,0,,,,,,,,,,,,,,,,,,,,,
16,,,,,,,,,,,,,,,,,,,,,,,,,,A - AUTOMÓVIL,NISSAN,TSURU,VERACRUZ,BLANCO/VERDE,0618566143R,3N1CB51992K221325,PE - PÚBLICO ESTATAL,SI,31,HOMBRE,A,SI,,,1000,,,,,,,,,,,,,,,,,,,,,,
17,XALAPA,04/02/2014,MIÉRCOLES,16:50,17:10,17:20,XALAPA,XALAPA,URBANA,,,IGNACIO DE LA LLAVE,REPRESA DEL CARMEN,,BUENO,,ASFALTO,SECO,A NIVEL,NINGUNA,SIN RESTRICCIÓN,COLISIÓN,ÁNGULO,VEHÍCULO CIRCULANDO,2,A - AUTOMÓVIL,CHEVROLET,CHEVY,VERACRUZ,ROJO,YS257501,3G1SF246YS257501,P - PARTICULAR,SI,29,HOMBRE,,,NO RESPETAR CEDA EL PASO,NO APLICA,500,0,,,,,,,,,,,,,,,,,,,,,
17,,,,,,,,,,,,,,,,,,,,,,,,,,A - AUTOMÓVIL,VOLKSWAGEN,JETTA,VERACRUZ,BLANCO,CCC163043,3VW1W2AJ7DM229863,P - PARTICULAR,SI,46,MUJER,C,SI,,,1500,,,,,,,,,,,,,,,,,,,,,,
18,XALAPA,04/02/2014,MIÉRCOLES,,17:40,,XALAPA,XALAPA,URBANA,,,AVENIDA RUIZ CORTINES,,IGNACIO DE LA LLAVEY MIGUEL ALEMAN,BUENO,SOLEADO,ASFALTO,SECO,ASCENDENTE,NINGUNA,SIN RESTRICCIÓN,COLISIÓN,POR ALCANCE,VEHÍCULO CIRCULANDO,2,C - CAMIONETA,FORD,RANGER,VERACRUZ,GRIS,HECHO EN USA,8AFER5AA5D6143067,P - PARTICULAR,SI,86,MUJER,B,SI,NO GUARDAR DISTANCIA,NO APLICA,3000,0,,,,,,,,,,,,,,,,,,,,,
18,,,,,,,,,,,2,,,,,,,,,,,,,,,AS - AUTOBÚS SUBURBANO,MERCEDES BENZ,CHRYSLER,VERACRUZ,BLANCO,90495600714,3MBAACN07M020790,PE - PÚBLICO ESTATAL,NO,44,HOMBRE,A,SI,,,1000,,,,,,,,,,,,,,,,,,,,,,
19,XALAPA,04/02/2014,MIÉRCOLES,20:15,20:40,,XALAPA,XALAPA,URBANA,,,REBSAMEN,MARTIRES DE CHICAGO,,BUENO,SOLEADO,ASFALTO,SECO,A NIVEL,MARCA EN PAVIMENTO,SIN RESTRICCIÓN,COLISIÓN,ÁNGULO,VEHÍCULO CIRCULANDO,2,M - MOTOCICLETA,YAMAHA,FZ 16 CB,VERACRUZ,ROJO,1B53018224,ME1KG0445E20,P - PARTICULAR,,20,HOMBRE,B,SI,REBASAR INDEBIDAMENTE,NO APLICA,800,0,,,,,,,,,,,,,,,,,,,,,
19,,,,,,,,,,,,,,,,,,,,,,,,,,A - AUTOMÓVIL,NISSAN,TSURU,VERACRUZ,CHAMPAGNE,GA16813664R,3N1EB31S92K397904,P - PARTICULAR,,45,HOMBRE,B,SI,,,900,,,,,,,,,,,,,,,,,,,,,,
20,XALAPA,04/02/2014,MIÉRCOLES,17:38,17:50,,XALAPA,XALAPA,URBANA,,,FERROCARRIL INTEROCEANICO,LAURELES,LELES,BUENO,,ASFALTO,SECO,A NIVEL,NINGUNA,SIN RESTRICCIÓN,COLISIÓN,ÁNGULO,VEHÍCULO CIRCULANDO,2,C - CAMIONETA,TOYOTA,HILUX,VERACRUZ,PLATA,2TR7455723,MRDEX32G3D0255195,P - PARTICULAR,,55,HOMBRE,B,SI,OTRO,NO APLICA,2500,0,,,,,,,,,,,,,,,,,,,,,