idMES,DELEGACION DE TRANSITO,FECHA DEL ACCIDENTE,DIA DE LA SEMANA,HORA EN QUE SE RECIBIO LA LLAMADA REPORTANDO EL ACCIDENTE,HORA DE ARRIBO DEL PERITO AL SITIO,HORA DE REGRESO DEL PERITO A LAS INSTALACIONES DE SU DELEGACION,LOCALIDAD ACCIDENTE,MUNICIPIO ACCIDENTE,ZONA,CARRETERA/KILOMETRO DEL ACCIDENTE,NUMERO DE AVENIDA,CALLE/AVENIDA DEL ACCIDENTE,COLONIA,ENTRE CALLES,CONDICIONES DE LA VIA,CONDICIONES NATURALES,SUPERFICIE DE LA VIA,ESTADO DE LA VIA,TANGENTE,TIPO DE CONTROL DE TRANSITO,RESTRICCIONES DE LA VIA,TIPO DE ACCIDENTE,FORMA DE ACCIDENTARSE,CONTRA QUE FUE EL IMPACTO,CANTIDAD DE VEHICULOS,TIPO DE VEHICULO,MARCA,SUBMARCA,ENTIDAD FEDERATIVA DEL VEHICULO,COLOR DEL VEHICULO,MOTOR,SERIE,TIPO DE SERVICIO PARA EL QUE SE OCUPAN LOS VEHICULOS,ASEGURADO,EDAD CONDUCTOR,SEXO CONDUCTOR,TIPO LICENCIA,LICENCIA VIGENTE,CAUSA ATRIBUIBLE AL CONDUCTOR,CAUSA ATRIBUIBLE AL PEATON,DANIOS (MONTO APROXIMADO EN MXN),NUMERO DE HERIDOS,MUJER HERIDA DE 0-15 ANIOS,HOMBRE HERIDO DE 0-15 ANIOS,MUJER HERIDA DE 16-30 ANIOS,HOMBRE HERIDO DE 16-30 ANIOS,MUJER HERIDA DE 31-45 ANIOS,HOMBRE HERIDO DE 31-45 ANIOS,MUJER HERIDA DE 46-60 ANIOS,HOMBRE HERIDO DE 46-60 ANIOS,MUJER HERIDA MAS DE 60 ANIOS,HOMBRE HERIDO MAS DE 60 ANIOS,NUMERO DE MUERTOS,MUJER MUERTA DE 0-15 ANIOS,HOMBRE MUERTO DE 0-15 ANIOS,MUJER MUERTA DE 16-30 ANIOS,HOMBRE MUERTO DE 16-30 ANIOS,MUJER MUERTA DE 31-45 ANIOS,HOMBRE MUERTO DE 31-45 ANIOS,MUJER MUERTA DE 46-60 ANIOS,HOMBRE MUERTO DE 46-60 ANIOS,MUJER MUERTA MAS DE 60 ANIOS,HOMBRE MUERTO MAS DE 60 ANIOS
20,,,,,,,,,,,,,,,,,,,,,,,,,,C - CAMIONETA,CLIO,DUSTER,,CAFÉ,C022176,0FBH52A61EM098017,P - PARTICULAR,,50,MUJER,C,SI,,,18000,,,,,,,,,,,,,,,,,,,,,,
21,XALAPA,04/02/2014,MIÉRCOLES,11:15,11:30,,XALAPA,EMILIANO ZAPATA,URBANA,,,BENITO JUAREZ,EL LENCERO,ROBLE Y MIGUEL ALEMAN,BUENO,,ASFALTO,SECO,DESCENDENTE,NINGUNA,SIN RESTRICCIÓN,COLISIÓN,,VEHÍCULO ESTACIONADO,5,CC - CAMIÓN DE CARGA,KEENWORTH,TORTON,VERACRUZ,ROJO,73499544,3BKHHM8X8EF364113,P - PARTICULAR,,27,HOMBRE,B,SI,OTRO,NO APLICA,6000,0,,,,,,,,,,,,,,,,,,,,,
21,,,,,,,,,,,,,,,,,,,,,,,,,,C - CAMIONETA,NISSAN,CAJA SECA,VERACRUZ,BLANCO,KA24222236R,3N1GCAD1VK,P - PARTICULAR,,,,,,,,20000,,,,,,,,,,,,,,,,,,,,,,
21,,,,,,,,,,,,,,,,,,,,,,,,,,C - CAMIONETA,CHRYSLER,VERNA,VERACRUZ,BLANCO,HECHO EN KOREA,KMHCG41C75V655762,P - PARTICULAR,,,,,,,,20000,,,,,,,,,,,,,,,,,,,,,,
22,XALAPA,04/02/2014,MIÉRCOLES,18:20,18:40,,XALAPA,XALAPA,URBANA,,,AVENIDA ARCO SUR,RESERVA TERRITORIAL,CIRCUITO UNIDAD,BUENO,,ASFALTO,SECO,DESCENDENTE,NINGUNA,SIN RESTRICCIÓN,COLISIÓN,ÁNGULO,VEHÍCULO CIRCULANDO,2,A - AUTOMÓVIL,NISSAN,TSURU,VERACRUZ,BLANCO/VERDE,GA1677517W,3N1EB31SB8K333183,PE - PÚBLICO ESTATAL,,61,HOMBRE,A,SI,NO RESPETAR CEDA EL PASO,NO APLICA,900,0,,,,,,,,,,,,,,,,,,,,,
22,,,,,,,,,,,14,,,,,,,,,,,,,,,A - AUTOMÓVIL,VOLKSWAGEN,SEAT,VERACRUZ,AZUL,CEK046524,VSSMK46J8DR0686994,P - PARTICULAR,,35,HOMBRE,B,SI,,,18000,,,,,,,,,,,,,,,,,,,,,,
23,XALAPA,04/03/2014,JUEVES,,09:20,09:45,XALAPA,XALAPA,URBANA,,,AVENIDA ARCO SUR,LAS FUENTES,FTE. A LA ENTRADA LAS FUENTES,REGULAR,SOLEADO,ASFALTO,SECO,DESCENDENTE,NINGUNA,SIN RESTRICCIÓN,COLISIÓN,POR ALCANCE,VEHÍCULO CIRCULANDO,3,A - AUTOMÓVIL,FORD,FIESTA,VERACRUZ,ROJO,HECHO EN MEXICO,3FADP4EJ9EM141973,P - PARTICULAR,SI,19,HOMBRE,C,SI,NO GUARDAR DISTANCIA,NO APLICA,3000,0,,,,,,,,,,,,,,,,,,,,,
23,,,,,,,,,,,14,,,,,,,,,,,,,,,A - AUTOMÓVIL,DODGE,ATOS,VERACRUZ,AZUL,HECHO EN LA INDIA,MALAB51H85M506070,P - PARTICULAR,NO,32,MUJER,B,SI,,,4000,,,,,,,,,,,,,,,,,,,,,,
23,,,,,,,,,,,,,,,,,,,,,,,,,,A - AUTOMÓVIL,NISSAN,TSURU,VERACRUZ,BLANCO,GA16772078W,3N1EB31S78K328685,P - PARTICULAR,NO,48,HOMBRE,C,SI,,,2500,,,,,,,,,,,,,,,,,,,,,,
24,XALAPA,04/03/2014,JUEVES,,09:45,,XALAPA,XALAPA,URBANA,,,AVENIDA MURILLO VIDAL,,,BUENO,SOLEADO,CONCRETO,SECO,A NIVEL,MARCA EN PAVIMENTO,SIN RESTRICCIÓN,COLISIÓN,LATERAL,VEHÍCULO CIRCULANDO,2,C - CAMIONETA,FORD,F-350,VERACRUZ,ROJO,SIN NUMERO,1FDK36263MB35104,P - PARTICULAR,SI,36,HOMBRE,B,SI,CAMBIAR CARRIL SIN PRECAUCIÓN,NO APLICA,500,0,,,,,,,,,,,,,,,,,,,,,
24,,,,,,,,,,,11,,,,,,,,,,,,,,,A - AUTOMÓVIL,NISSAN,TSURU,VERACRUZ,BLANCO/ROJO,GA16723212W,3N1EB31S67K354855,PE - PÚBLICO ESTATAL,SI,26,HOMBRE,A,SI,,,2000,,,,,,,,,,,,,,,,,,,,,,
25,XALAPA,04/03/2014,JUEVES,,15:30,,XALAPA,XALAPA,URBANA,,,MIGUEL ALEMAN,,X LA GASOLINERA,BUENO,,ASFALTO,SECO,A NIVEL,NINGUNA,SIN RESTRICCIÓN,COLISIÓN,LATERAL,VEHÍCULO CIRCULANDO,2,A - AUTOMÓVIL,NISSAN,APRIO,VERACRUZ,BLANCO/VERDE,Q023038,93YL60BS2AJ055166,PE - PÚBLICO ESTATAL,,59,HOMBRE,A,SI,CAMBIAR CARRIL SIN PRECAUCIÓN,NO APLICA,2000,0,,,,,,,,,,,,,,,,,,,,,
25,,,,,,,,,,,,,,,,,,,,,,,,,,M - MOTOCICLETA,DIKON,,VERACRUZ,NEGRO,,,P - PARTICULAR,,25,HOMBRE,B,SI,,,3000,,,,,,,,,,,,,,,,,,,,,,
26,XALAPA,04/03/2014,JUEVES,,15:45,,XALAPA,XALAPA,URBANA,,,MEXICO,LOMAS DE CASA BLANCA,HAITI Y PUERTO RICO,MALO,SOLEADO,TERRACERÍA,SECO,ASCENDENTE,NINGUNA,SIN RESTRICCIÓN,COLISIÓN,MANIOBRA EN REVERSA,VEHÍCULO CIRCULANDO,2,CC - CAMIÓN DE CARGA,CHEVROLET,KODIAK,VERACRUZ,BLANCO/AZUL,9SZ32489,3GBM7H1CX7M111448,P - PARTICULAR,NO,52,HOMBRE,B,SI,OTRO,NO APLICA,SIN DAÑOS,0,,,,,,,,,,,,,,,,,,,,,
26,,,,,,,,,,,,,,,,,,,,,,,,,,A - AUTOMÓVIL,NISSAN,TSURU,VERACRUZ,BLANCO/VERDE,GA168033254,3N1EB31SXBK339428,PE - PÚBLICO ESTATAL,SI,23,HOMBRE,A,SI,,,3000,,,,,,,,,,,,,,,,,,,,,,
27,XALAPA,04/03/2014,JUEVES,,18:40,19:00,XALAPA,XALAPA,URBANA,,,AVENIDA LAZARO CARDENAS,,MEXICO,REGULAR,SOLEADO,ASFALTO,SECO,A NIVEL,NINGUNA,SIN RESTRICCIÓN,COLISIÓN,ÁNGULO,VEHÍCULO CIRCULANDO,2,A - AUTOMÓVIL,NISSAN,TSURU,VERACRUZ,BLANCO/VERDE,GA16855811W,3N1EB31S39K319852,PE - PÚBLICO ESTATAL,SI,58,HOMBRE,A,SI,OTRO,NO APLICA,1000,0,,,,,,,,,,,,,,,,,,,,,
27,,,,,,,,,,,1,,,,,,,,,,,,,,,A - AUTOMÓVIL,VOLKSWAGEN,SEDAN,VERACRUZ,AZUL,ACD186855,3VWZZ1138M066832,P - PARTICULAR,NO,31,HOMBRE,,,,,1000,,,,,,,,,,,,,,,,,,,,,,
28,XALAPA,04/03/2014,JUEVES,,23:25,00:20,XALAPA,XALAPA,URBANA,,,RAMON LOPEZ VELARDE,VASCONCELOS,RUBEN PABELLO ACOSTA,REGULAR,,ASFALTO,SECO,DESCENDENTE,NINGUNA,SIN RESTRICCIÓN,COLISIÓN,POR ALCANCE,VEHÍCULO CIRCULANDO,2,A - AUTOMÓVIL,VOLKSWAGEN,BORA,VERACRUZ,BLANCO, BXEC85600,3VWRC11X3AM078594,P - PARTICULAR,NO,33,HOMBRE,C,SI,VELOCIDAD INMODERADA,NO APLICA,7000,0,,,,,,,,,,,,,,,,,,,,,
28,,,,,,,,,,,,,,,,,,,,,,,,,,A - AUTOMÓVIL,FORD,FIESTA,VERACRUZ,AZUL,SIN NUMERO,9BFBT08NB312580,P - PARTICULAR,NO,26,MUJER,,,,,10000,,,,,,,,,,,,,,,,,,,,,,
29,XALAPA,04/03/2014,JUEVES,,17:00,,XALAPA,XALAPA,URBANA,,,AVENIDA AVILA CAMACHO,,,BUENO,,ASFALTO,SECO,A NIVEL,NINGUNA,SIN RESTRICCIÓN,COLISIÓN,ÁNGULO,VEHÍCULO CIRCULANDO,2,A - AUTOMÓVIL,NISSAN,SENTRA,VERACRUZ,,,,P - PARTICULAR,NO,18,HOMBRE,,,CAMBIAR CARRIL SIN PRECAUCIÓN,NO APLICA,300,0,,,,,,,,,,,,,,,,,,,,,
29,,,,,,,,,,,4,,,,,,,,,,,,,,,M - MOTOCICLETA,YAMAHA,,VERACRUZ,,,LBPKE0577A0411671,P - PARTICULAR,NO,25,HOMBRE,D,SI,,,1000,,,,,,,,,,,,,,,,,,,,,,
30,XALAPA,04/03/2014,JUEVES,05:05,05:25,,XALAPA,XALAPA,URBANA,,,AVENIDA LOMAS DEL TEJAR,EL TEJAR,RIO VINAZO,BUENO,,CONCRETO,SECO,A NIVEL,NINGUNA,SIN RESTRICCIÓN,COLISIÓN,,OBJETO FIJO,1,C - CAMIONETA,NISSAN,FRONTIER,VERACRUZ,BLANCO,,,P - PARTICULAR,,,,,,VELOCIDAD INMODERADA,NO APLICA,8000,0,,,,,,,,,,,,,,,,,,,,,
31,XALAPA,04/03/2014,JUEVES,18:50,19:00,20:00,XALAPA,XALAPA,URBANA,,,ROBLE,VENUSTIANO CARRANZA,,BUENO,,CONCRETO,SECO,A NIVEL,NINGUNA,SIN RESTRICCIÓN,COLISIÓN,,VEHÍCULO ESTACIONADO,,A - AUTOMÓVIL,DODGE,I 10,VERACRUZ,BLANCO,,,P - PARTICULAR,,,,,,OTRO,NO APLICA,5000,0,,,,,,,,,,,,,,,,,,,,,
31,,,,,,,,,,,,,,,,,,,,,,,,,,A - AUTOMÓVIL,NISSAN,MARCH,VERACRUZ,AZUL,HR16757817G,3N1CKCS7DL250921,P - PARTICULAR,,,,,,,,5000,,,,,,,,,,,,,,,,,,,,,,
32,XALAPA,04/04/2014,VIERNES,,07:15,,XALAPA,XALAPA,URBANA,,,DIEGO LEÑO,CENTRO,,BUENO,SOLEADO,CONCRETO,SECO,DESCENDENTE,NINGUNA,SIN RESTRICCIÓN,COLISIÓN,ÁNGULO,,2,AS - AUTOBÚS SUBURBANO,DINA,CHASIS,VERACRUZ,AMARILLO,9.05E+13,3DH942C9154J4224556,PE - PÚBLICO ESTATAL,SI,58,HOMBRE,A,SI,NO RESPETAR SEMÁFORO,NO APLICA,1500,1,,,,,,,,,,,,,,,,,,,,,
32,,,,,,,,,,,,,,,,,,,,,,,,,,M - MOTOCICLETA,HONDA,,VERACRUZ,BLANCO,JC30E62702500,3H1J306330026030,P - PARTICULAR,NO,17,HOMBRE,A,SI,,,1000,,,,1,,,,,,,,,,,,,,,,,,
33,XALAPA,04/04/2014,VIERNES,,11:23,12:00,XALAPA,XALAPA,URBANA,,,PUENTE ARAUCARIA,,,BUENO,,CONCRETO,,A NIVEL,SEMÁFORO FUNCIONANDO,SIN RESTRICCIÓN,COLISIÓN,ÁNGULO,,2,C - CAMIONETA,FORD,RANGER,VERACRUZ,AMARILLO,SIN NUMERO,1FTCR14T7JPB67008,P - PARTICULAR,NO,38,HOMBRE,A,SI,OTRO,NO APLICA,3500,0,,,,,,,,,,,,,,,,,,,,,
33,,,,,,,,,,,,,,,,,,,,,,,,,,AS - AUTOBÚS SUBURBANO,NAVISTAR,INTERNATIONAL,VERACRUZ,BLANCO,470HMZU64L670146,3HBBPAAN64L67014,PE - PÚBLICO ESTATAL,SI,37,HOMBRE,A,SI,,,3000,,,,,,,,,,,,,,,,,,,,,,
34,XALAPA,04/04/2014,VIERNES,,12:10,,XALAPA,XALAPA,URBANA,,,RIO CONSULADO Y RIO SOTO,CAROLINO ANAYA,,BUENO,,CONCRETO,,ASCENDENTE,NINGUNA,SIN RESTRICCIÓN,COLISIÓN,ÁNGULO,,2,A - AUTOMÓVIL,NISSAN,PLATINA,VERACRUZ,ROJO,QI57723,3NIIJH01535L132668,P - PARTICULAR,NO,28,HOMBRE,B,SI,NO RESPETAR CEDA EL PASO,NO APLICA,1500,0,,,,,,,,,,,,,,,,,,,,,
34,,,,,,,,,,,,,,,,,,,,,,,,,,A - AUTOMÓVIL,CHEVROLET,CHEVY,VERACRUZ,AZUL,HECHO EN MEXICO,3GISE433WS12128514,P - PARTICULAR,NO,48,HOMBRE,B,SI,,,1200,,,,,,,,,,,,,,,,,,,,,,
35,XALAPA,04/04/2014,VIERNES,,13:35,13:50,XALAPA,XALAPA,URBANA,,,AVENIDA RUIZ CORTINES,TAMBORREL,JOSE DIAZ Y FRANCISCO MORENO,BUENO,,ASFALTO,,ASCENDENTE,NINGUNA,SIN RESTRICCIÓN,COLISIÓN,LATERAL,,2,AS - AUTOBÚS SUBURBANO,MERCEDES BENZ,BEECAR,VERACRUZ,VERDE,92A929C11026229,3MBAA5DMSEM0500551,PE - PÚBLICO ESTATAL,NO,27,HOMBRE,A,SI,CAMBIAR CARRIL SIN PRECAUCIÓN,NO APLICA,600,0,,,,,,,,,,,,,,,,,,,,,
35,,,,,,,,,,,2,,,,,,,,,,,,,,,C - CAMIONETA,CHRYSLER,VOYAGER,VERACRUZ,VINO,SIN NUMERO,SIN NUMERO,P - PARTICULAR,NO,61,HOMBRE,C,SI,,,1500,,,,,,,,,,,,,,,,,,,,,,
36,XALAPA,04/04/2014,VIERNES,,16:00,,XALAPA,XALAPA,URBANA,,,AVENIDA MURILLO VIDAL,CUAUHTEMOC,,BUENO,,CONCRETO,,A NIVEL,NINGUNA,SIN RESTRICCIÓN,COLISIÓN,ÁNGULO,,2,,,,,,,,,,,,,,,,,0,,,,,,,,,,,,,,,,,,,,,
36,,,,,,,,,,,11,,,,,,,,,,,,,,,A - AUTOMÓVIL,NISSAN,TSURU,VERACRUZ,BLANCO/VERDE,GA16813882Y,3NIEB31568BK349082,PE - PÚBLICO ESTATAL,SI,28,HOMBRE,A,SI,NO RESPETAR SEMÁFORO,NO APLICA,1000,,,,,,,,,,,,,,,,,,,,,,
36,,,,,,,,,,,,,,,,,,,,,,,,,,A - AUTOMÓVIL,VOLKSWAGEN,POINTER,VERACRUZ,PLATA,UDH039331,9BWA373244TD701358,P - PARTICULAR,SI,70,HOMBRE,B,SI,,,3000,,,,,,,,,,,,,,,,,,,,,,
37,XALAPA,04/04/2014,VIERNES,20:15,20:50,,XALAPA,XALAPA,URBANA,,,AVENIDA REBSAMEN,DIAZ MIRON,,BUENO,,CONCRETO,,A NIVEL,NINGUNA,SIN RESTRICCIÓN,COLISIÓN,LATERAL,,2,,,,,,,,,,,,,,,,,0,,,,,,,,,,,,,,,,,,,,,
37,,,,,,,,,,,10,,,,,,,,,,,,,,,A - AUTOMÓVIL,VOLKSWAGEN,JETTA,VERACRUZ,PLATA,CBP002662,3VWYV49M58601900,P - PARTICULAR,NO,35,HOMBRE,A,SI,CAMBIAR CARRIL SIN PRECAUCIÓN,NO APLICA,4500,,,,,,,,,,,,,,,,,,,,,,
37,,,,,,,,,,,,,,,,,,,,,,,,,,AS - AUTOBÚS SUBURBANO,NAVISTAR,CHASIS,VERACRUZ,BLANCO,47DHM2U31108,3HVBNAAN22V50095,PE - PÚBLICO ESTATAL,SI,43,HOMBRE,A,SI,,,MINIMOS,,,,,,,,,,,,,,,,,,,,,,
38,XALAPA,04/04/2014,VIERNES,,20:15,21:30,XALAPA,XALAPA,URBANA,,,CARLOS RODRIGUEZ DE VELASCO,BENITO JUAREZ,,BUENO,,CONCRETO,,DESCENDENTE,NINGUNA,SIN RESTRICCIÓN,COLISIÓN,,OBJETO FIJO,1,,,,,,,,,,,,,,,,,0,,,,,,,,,,,,,,,,,,,,,
38,,,,,,,,,,,,,,,,,,,,,,,,,,C - CAMIONETA,ISUZU,PICK UP,NUEVO LEÓN,VERDE,SIN NUMERO,1GGCS1444V8653593,P - PARTICULAR,NO,33,HOMBRE,A,SI,VELOCIDAD INMODERADA,NO APLICA,800,,,,,,,,,,,,,,,,,,,,,,
38,,,,,,,,,,,,,,,,,,,,,,,,,,,,,,,,,,,,,,,,,900,,,,,,,,,,,,,,,,,,,,,,
39,XALAPA,04/04/2014,VIERNES,,21:50,,XALAPA,XALAPA,URBANA,,,JOSE ARRONIZ,JARDINES DE XALAPA,,BUENO,,CONCRETO,,DESCENDENTE,NINGUNA,SIN RESTRICCIÓN,COLISIÓN,ÁNGULO,,2,,,,,,,,,,,,,,,,,0,,,,,,,,,,,,,,,,,,,,,
39,,,,,,,,,,,,,,,,,,,,,,,,,,A - AUTOMÓVIL,VOLKSWAGEN,JETTA,VERACRUZ,AZUL,CCC169409,3VW1AJIPM245342,P - PARTICULAR,SI,38,HOMBRE,A,SI,VELOCIDAD INMODERADA,NO APLICA,500,,,,,,,,,,,,,,,,,,,,,,
39,,,,,,,,,,,,,,,,,,,,,,,,,,A - AUTOMÓVIL,NISSAN,TSURU,VERACRUZ,ROJO/BLANCO,GA1684017V,3NIEB31597K312017,PE - PÚBLICO ESTATAL,SI,45,HOMBRE,A,SI,,,1500,,,,,,,,,,,,,,,,,,,,,,
40,XALAPA,04/04/2014,VIERNES,13:30,13:55,,XALAPA,XALAPA,URBANA,,,AVENIDA REBSAMEN,VELLA  VISTA,,BUENO,SOLEADO,CONCRETO,,DESCENDENTE,NINGUNA,SIN RESTRICCIÓN,COLISIÓN,ÁNGULO,,2,,,,,,,,,,,,,,,,,0,,,,,,,,,,,,,,,,,,,,,
40,,,,,,,,,,,10,,,,,,,,,,,,,,,A - AUTOMÓVIL,NISSAN,TSURU,VERACRUZ,BLANCO/ROJO,SIN NUMERO,3NIEB1S4BK324911,PE - PÚBLICO ESTATAL,NO,27,HOMBRE,A,SI,VELOCIDAD INMODERADA,NO APLICA,2000,,,,,,,,,,,,,,,,,,,,,,
40,,,,,,,,,,,,,,,,,,,,,,,,,,A - AUTOMÓVIL,VOLKSWAGEN,CARIBE,VERACRUZ,NEGRO,SIN NUMERO,17C03553036,P - PARTICULAR,NO,18,HOMBRE,,NO,,,4000,,,,,,,,,,,,,,,,,,,,,,
41,XALAPA,04/04/2014,VIERNES,,00:28,,XALAPA,XALAPA,URBANA,,,AVENIDA ARCO SUR,,,BUENO,,ASFALTO,,A NIVEL,NINGUNA,SIN RESTRICCIÓN,COLISIÓN,,OBJETO FIJO,1,,,,,,,,,,,,,,,,,0,,,,,,,,,,,,,,,,,,,,,
41,,,,,,,,,,,14,,,,,,,,,,,,,,,A - AUTOMÓVIL,FORD,FIESTA,VERACRUZ,PLATINO,SIN NUMERO,9BFBT10N4684205022,P - PARTICULAR,NO,,,,NO,VELOCIDAD INMODERADA,NO APLICA,4000,,,,,,,,,,,,,,,,,,,,,,
42,XALAPA,04/04/2014,VIERNES,,09:40,,XALAPA,XALAPA,URBANA,PLAN DEL RIO KM 28,,,,,BUENO,SOLEADO,ASFALTO,SECO,ASCENDENTE,NINGUNA,SIN RESTRICCIÓN,COLISIÓN,ÁNGULO,,2,,,,,,,,,,,,,,,,,2,,,,,,,,,,,,,,,,,,,,,
42,,,,,,,,,,,,,,,,,,,,,,,,,,CC - CAMIÓN DE CARGA,KEENWORTH,TRACTOR,VERACRUZ,BLANCO,SIN NUMERO,3WRDD40X6DF846359,PF- PÚBLICO FEDERAL,SI,39,HOMBRE,B,SI,VELOCIDAD INMODERADA,NO APLICA,1600,,,,,,,,,,,,,,,,,,,,,,
42,,,,,,,,,,,,,,,,,,,,,,,,,,C - CAMIONETA,FORD,ECO-SPORT,VERACRUZ,PLATA,SIN NUMERO,9BFBT35F468745745,P - PARTICULAR,NO,39,HOMBRE,,NO,,,2900,,,,,,,1,,,1,,,,,,,,,,,,
43,XALAPA,04/05/2014,SÁBADO,,09:10,,XALAPA,XALAPA,URBANA,,,AVENIDA AVILA CAMACHO,CENTRO,,BUENO,,CONCRETO,SECO,DESCENDENTE,NINGUNA,SIN RESTRICCIÓN,COLISIÓN,ÁNGULO,,2,,,,,,,,,,,,,,,,,0,,,,,,,,,,,,,,,,,,,,,
43,,,,,,,,,,,4,,,,,,,,,,,,,,,C - CAMIONETA,FORD,F-450,VERACRUZ,BLANCO,SIN NUMERO,SIN NUMERO,P - PARTICULAR,NO,37,HOMBRE,,NO,NO RESPETAR CEDA EL PASO,NO APLICA,1000,,,,,,,,,,,,,,,,,,,,,,
43,,,,,,,,,,,,,,,,,,,,,,,,,,A - AUTOMÓVIL,NISSAN,TSURU,VERACRUZ,BLANCO/VERDE,SIN NUMERO,SIN NUMERO,PE - PÚBLICO ESTATAL,NO,25,HOMBRE,A,SI,,,17000,,,,,,,,,,,,,,,,,,,,,,
44,XALAPA,04/05/2014,SÁBADO,,10:30,,XALAPA,XALAPA,URBANA,,,AVENIDA MURILLO VIDAL,,,BUENO,SOLEADO,CONCRETO,SECO,A NIVEL,NINGUNA,SIN RESTRICCIÓN,COLISIÓN,POR ALCANCE,,2,,,,,,,,,,,,,,,,,0,,,,,,,,,,,,,,,,,,,,,
44,,,,,,,,,,,11,,,,,,,,,,,,,,,A - AUTOMÓVIL,NISSAN,TSURU,VERACRUZ,BLANCO/VERDE,GA1685556BW,3NIEB31507K343933,PE - PÚBLICO ESTATAL,SI,44,HOMBRE,A,SI,NO GUARDAR DISTANCIA,NO APLICA,1000,,,,,,,,,,,,,,,,,,,,,,
44,,,,,,,,,,,,,,,,,,,,,,,,,,A - AUTOMÓVIL,NISSAN,VERSA,VERACRUZ,ROJO,HR1686544086,3NIEB7A02CL3698,P - PARTICULAR,SI,37,HOMBRE,C,SI,,,3000,,,,,,,,,,,,,,,,,,,,,,
45,VERACRUZ,04/05/2014,SÁBADO,,12:15,,XALAPA,XALAPA,URBANA,,,IGNACIO DE LA LLAVE,SALUD,,BUENO,,CONCRETO,SECO,A NIVEL,NINGUNA,SIN RESTRICCIÓN,COLISIÓN,ÁNGULO,,2,,,,,,,,,,,,,,,,,0,,,,,,,,,,,,,,,,,,,,,
45,,,,,,,,,,,8,,,,,,,,,,,,,,,AS - AUTOBÚS SUBURBANO,NAVISTAR,CHASIS,VERACRUZ,BLANCO,SIN NUMERO,SIN NUMERO,PE - PÚBLICO ESTATAL,NO,35,HOMBRE,A,SI,,,15000,,,,,,,,,,,,,,,,,,,,,,
45,,,,,,,,,,,,,,,,,,,,,,,,,,CC - CAMIÓN DE CARGA,NAVISTAR,CORAZA,VERACRUZ,BLANCO,SIN NUMERO,SIN NUMERO,P - PARTICULAR,NO,46,HOMBRE,A,SI,VELOCIDAD INMODERADA,NO APLICA,3000,,,,,,,,,,,,,,,,,,,,,,
46,XALAPA,04/05/2014,SÁBADO,,16:00,,XALAPA,XALAPA,URBANA,,,AVENIDA VILLAHERMOSA,PROGRESO MACUILTEPEC,SONORA,BUENO,,ASFALTO,SECO,A NIVEL,NINGUNA,SIN RESTRICCIÓN,COLISIÓN,ÁNGULO,,2,,,,,,,,,,,,,,,,,0,,,,,,,,,,,,,,,,,,,,,
46,,,,,,,,,,,6,,,,,,,,,,,,,,,A - AUTOMÓVIL,FORD,MONDEO,DISTRITO FEDERAL,PLATA,23106256,SIN NUMERO,P - PARTICULAR,NO,33,HOMBRE,A,SI,NO RESPETAR SEÑAL DE ALTO,NO APLICA,1000,,,,,,,,,,,,,,,,,,,,,,
46,,,,,,,,,,,,,,,,,,,,,,,,,,A - AUTOMÓVIL,CHEVROLET,CHEVY,VERACRUZ,ROJO,HECHO EN MEXICO,SIN NUMERO,P - PARTICULAR,NO,34,HOMBRE,C,SI,,,1500,,,,,,,,,,,,,,,,,,,,,,
47,XALAPA,04/05/2014,SÁBADO,,17:55,18:15,XALAPA,XALAPA,URBANA,,,AVENIDA LAZARO CARDENAS,ANIMAS,,REGULAR,SOLEADO,ASFALTO,SECO,ASCENDENTE,SEMÁFORO FUNCIONANDO,SIN RESTRICCIÓN,COLISIÓN,ÁNGULO,,2,,,,,,,,,,,,,,,,,0,,,,,,,,,,,,,,,,,,,,,
47,,,,,,,,,,,1,,,,,,,,,,,,,,,A - AUTOMÓVIL,CHEVROLET,CHEVY,VERACRUZ,BLANCO,HECHO EN MEXICO,3G1S121X85108487,P - PARTICULAR,NO,29,HOMBRE,A,SI,CAMBIAR CARRIL SIN PRECAUCIÓN,NO APLICA,2500,,,,,,,,,,,,,,,,,,,,,,
47,,,,,,,,,,,,,,,,,,,,,,,,,,A - AUTOMÓVIL,CHEVROLET,SPARK,VERACRUZ,PINK,HECHO EN KOREA,KLICM6CD0CC629979,P - PARTICULAR,SI,26,HOMBRE,A,SI,,,2500,,,,,,,,,,,,,,,,,,,,,,
48,XALAPA,04/05/2014,SÁBADO,,19:30,,XALAPA,XALAPA,URBANA,,,AVENIDA LAZARO CARDENAS,,AMERICAS,BUENO,,ASFALTO,SECO,A NIVEL,NINGUNA,SIN RESTRICCIÓN,,,OBJETO FIJO,1,,,,,,,,,,,,,,,,,0,,,,,,,,,,,,,,,,,,,,,
48,,,,,,,,,,,1,,,,,,,,,,,,,,,A - AUTOMÓVIL,NISSAN,TSURU,VERACRUZ,AZUL,SIN NUMERO,SIN NUMERO,P - PARTICULAR,NO,24,HOMBRE,A,SI,NO RESPETAR CEDA EL PASO,OTRO,10000,,,,,,,,,,,,,,,,,,,,,,