idMES,DELEGACION DE TRANSITO,FECHA DEL ACCIDENTE,DIA DE LA SEMANA,HORA EN QUE SE RECIBIO LA LLAMADA REPORTANDO EL ACCIDENTE,HORA DE ARRIBO DEL PERITO AL SITIO,HORA DE REGRESO DEL PERITO A LAS INSTALACIONES DE SU DELEGACION,LOCALIDAD ACCIDENTE,MUNICIPIO ACCIDENTE,ZONA,CARRETERA/KILOMETRO DEL ACCIDENTE,NUMERO DE AVENIDA,CALLE/AVENIDA DEL ACCIDENTE,COLONIA,ENTRE CALLES,CONDICIONES DE LA VIA,CONDICIONES NATURALES,SUPERFICIE DE LA VIA,ESTADO DE LA VIA,TANGENTE,TIPO DE CONTROL DE TRANSITO,RESTRICCIONES DE LA VIA,TIPO DE ACCIDENTE,FORMA DE ACCIDENTARSE,CONTRA QUE FUE EL IMPACTO,CANTIDAD DE VEHICULOS,TIPO DE VEHICULO,MARCA,SUBMARCA,ENTIDAD FEDERATIVA DEL VEHICULO,COLOR DEL VEHICULO,MOTOR,SERIE,TIPO DE SERVICIO PARA EL QUE SE OCUPAN LOS VEHICULOS,ASEGURADO,EDAD CONDUCTOR,SEXO CONDUCTOR,TIPO LICENCIA,LICENCIA VIGENTE,CAUSA ATRIBUIBLE AL CONDUCTOR,CAUSA ATRIBUIBLE AL PEATON,DANIOS (MONTO APROXIMADO EN MXN),NUMERO DE HERIDOS,MUJER HERIDA DE 0-15 ANIOS,HOMBRE HERIDO DE 0-15 ANIOS,MUJER HERIDA DE 16-30 ANIOS,HOMBRE HERIDO DE 16-30 ANIOS,MUJER HERIDA DE 31-45 ANIOS,HOMBRE HERIDO DE 31-45 ANIOS,MUJER HERIDA DE 46-60 ANIOS,HOMBRE HERIDO DE 46-60 ANIOS,MUJER HERIDA MAS DE 60 ANIOS,HOMBRE HERIDO MAS DE 60 ANIOS,NUMERO DE MUERTOS,MUJER MUERTA DE 0-15 ANIOS,HOMBRE MUERTO DE 0-15 ANIOS,MUJER MUERTA DE 16-30 ANIOS,HOMBRE MUERTO DE 16-30 ANIOS,MUJER MUERTA DE 31-45 ANIOS,HOMBRE MUERTO DE 31-45 ANIOS,MUJER MUERTA DE 46-60 ANIOS,HOMBRE MUERTO DE 46-60 ANIOS,MUJER MUERTA MAS DE 60 ANIOS,HOMBRE MUERTO MAS DE 60 ANIOS
49,XALAPA,04/05/2014,SÁBADO,,00:40,,XALAPA,XALAPA,URBANA,,,AVENIDA 20 DE NOVIEMBRE,,,BUENO,,CONCRETO,SECO,A NIVEL,NINGUNA,SIN RESTRICCIÓN,COLISIÓN,ÁNGULO,,2,A - AUTOMÓVIL,HONDA,ACCORD,VERACRUZ,AZUL,T23A11540691,GA16836023R,P - PARTICULAR,NO,59,HOMBRE,A,SI,,,,0,,,,,,,,,,,,,,,,,,,,,
49,,,,,,,,,,,5,,,,,,,,,,,,,,,A - AUTOMÓVIL,NISSAN,TSURU,VERACRUZ,BLANCO/VERDE,SIN NUMERO,SIN NUMERO,PE - PÚBLICO ESTATAL,NO,30,HOMBRE,A,SI,NO RESPETAR CEDA EL PASO,NO APLICA,2000,,,,,,,,,,,,,,,,,,,,,,
49,,,,,,,,,,,,,,,,,,,,,,,,,,,,,,,,,,,,,,,,,2000,,,,,,,,,,,,,,,,,,,,,,
50,XALAPA,04/05/2014,SÁBADO,,07:15,,XALAPA,XALAPA,URBANA,,,CIRCUITO PRESIDENTES,OBREROS TEXTILES,,BUENO,,ASFALTO,SECO,A NIVEL,NINGUNA,SIN RESTRICCIÓN,ATROPELLAMIENTO,,,1,,,,,,,,,,,,,,,,,1,,,,,,,,,,,,,,,,,,,,,
50,,,,,,,,,,,9,,,,,,,,,,,,,,,CC - CAMIÓN DE CARGA,INTERNATIONAL,CHASIS,VERACRUZ,VERDE,362TM2U094880,3HAMPAFN105LI412112,P - PARTICULAR,SI,31,HOMBRE,B,SI,VELOCIDAD INMODERADA,NO APLICA,SIN DAÑOS,,,,,,,,,,1,,,,,,,,,,,,
51,XALAPA,04/05/2014,SÁBADO,,08:40,,XALAPA,XALAPA,URBANA,,,MANUEL M. CONTRERAS,RAFAEL LUCIO,,BUENO,SOLEADO,ASFALTO,SECO,A NIVEL,NINGUNA,SIN RESTRICCIÓN,,MANIOBRA EN REVERSA,,2,,,,,,,,,,,,,,,,,0,,,,,,,,,,,,,,,,,,,,,
51,,,,,,,,,,,,,,,,,,,,,,,,,,C - CAMIONETA,CHEVROLET,BLAZER,VERACRUZ,ROJO,HECHO EN USA,1GNDT3W732101047,P - PARTICULAR,NO,,,,NO,VELOCIDAD INMODERADA,NO APLICA,1000,,,,,,,,,,,,,,,,,,,,,,
51,,,,,,,,,,,,,,,,,,,,,,,,,,A - AUTOMÓVIL,NISSAN,TSURU,VERACRUZ,BLANCO/NEGRO,GA16700723Y,3NIEB3155AK304214,PE - PÚBLICO ESTATAL,SI,29,HOMBRE,A,SI,,,5000,,,,,,,,,,,,,,,,,,,,,,
52,XALAPA,04/05/2014,SÁBADO,,13:20,,XALAPA,,URBANA,,,AVENIDA 20 DE NOVIEMBRE,CENTRO,,BUENO,,ASFALTO,SECO,A NIVEL,NINGUNA,SIN RESTRICCIÓN,,,OBJETO FIJO,1,,,,,,,,,,,,,,,,,0,,,,,,,,,,,,,,,,,,,,,
52,,,,,,,,,,,5,,,,,,,,,,,,,,,C - CAMIONETA,FORD,PLATAFORMA,VERACRUZ,BLANCO,SIN NUMERO,SIN NUMERO,P - PARTICULAR,NO,35,HOMBRE,,NO,VELOCIDAD INMODERADA,NO APLICA,500,,,,,,,,,,,,,,,,,,,,,,
53,XALAPA,04/05/2014,SÁBADO,,03:30,,XALAPA,XALAPA,URBANA,,,CIUDAD DE LAS FLORES,REVOLUCION,,BUENO,,CONCRETO,SECO,A NIVEL,NINGUNA,SIN RESTRICCIÓN,,,VEHÍCULO ESTACIONADO,2,,,,,,,,,,,,,,,,,0,,,,,,,,,,,,,,,,,,,,,
53,,,,,,,,,,,,,,,,,,,,,,,,,,A - AUTOMÓVIL,GENERAL MOTORS,CHEVY,PUEBLA,VERDE,HECHO EN MEXICO,3G1SF2425513135,P - PARTICULAR,NO,,,,NO,VELOCIDAD INMODERADA,NO APLICA,5000,,,,,,,,,,,,,,,,,,,,,,
53,,,,,,,,,,,,,,,,,,,,,,,,,,A - AUTOMÓVIL,CHEVROLET,CAVALIER,VERACRUZ,VERDE,TJ116771,3G1JX1443511671,P - PARTICULAR,NO,,,,NO,,,1000,,,,,,,,,,,,,,,,,,,,,,
54,XALAPA,04/06/2014,DOMINGO,,08:30,,XALAPA,XALAPA,URBANA,,,AVENIDA REBSAMEN,DIAZ MIRON,,BUENO,,ASFALTO,SECO,A NIVEL,SEMÁFORO FUNCIONANDO,SIN RESTRICCIÓN,COLISIÓN,ÁNGULO,,2,,,,,,,,,,,,,,,,,0,,,,,,,,,,,,,,,,,,,,,
54,,,,,,,,,,,10,,,,,,,,,,,,,,,A - AUTOMÓVIL,VOLKSWAGEN,BORA,DISTRITO FEDERAL,PLATA,BTX30833,3VWN174059,P - PARTICULAR,SI,21,HOMBRE,C,SI,NO RESPETAR SEÑAL DE ALTO,NO APLICA,5000,,,,,,,,,,,,,,,,,,,,,,
54,,,,,,,,,,,,,,,,,,,,,,,,,,AS - AUTOBÚS SUBURBANO,NAVISTAR,CHASIS,VERACRUZ,AMARILLO,SIN NUMERO,SIN NUMERO,P - PARTICULAR,NO,40,HOMBRE,A,SI,,,MINIMOS,,,,,,,,,,,,,,,,,,,,,,
55,XALAPA,04/06/2014,DOMINGO,,15:20,,XALAPA,XALAPA,URBANA,,,HIGUERILLAS Y TABACHIN,,,BUENO,,CONCRETO,SECO,DESCENDENTE,NINGUNA,ACCIDENTE PREVIO,COLISIÓN,LATERAL,,2,,,,,,,,,,,,,,,,,0,,,,,,,,,,,,,,,,,,,,,
55,,,,,,,,,,,,,,,,,,,,,,,,,,A - AUTOMÓVIL,NISSAN,TSURU,VERACRUZ,ROJO/BLANCO,GA16851807V,SIN NUMERO,PE - PÚBLICO ESTATAL,SI,49,HOMBRE,A,SI,CAMBIAR CARRIL SIN PRECAUCIÓN,NO APLICA,600,,,,,,,,,,,,,,,,,,,,,,
55,,,,,,,,,,,,,,,,,,,,,,,,,,M - MOTOCICLETA,HONDA,CARGO,VERACRUZ,BLANCO,SIN NUMERO,SIN NUMERO,P - PARTICULAR,NO,18,HOMBRE,B,SI,,,500,,,,,,,,,,,,,,,,,,,,,,
56,XALAPA,04/06/2014,DOMINGO,,18:40,19:20,XALAPA,XALAPA,URBANA,,,AVENIDA RUIZ CORTINES,UNIDAD DEL BOSQUE,,BUENO,,CONCRETO,,DESCENDENTE,NINGUNA,ACCIDENTE PREVIO,COLISIÓN,LATERAL,,2,,,,,,,,,,,,,,,,,0,,,,,,,,,,,,,,,,,,,,,
56,,,,,,,,,,,2,,,,,,,,,,,,,,,A - AUTOMÓVIL,VOLKSWAGEN,VOCHO,VERACRUZ,BLANCO,NACIONAL,3VWSIAIB61M9088,P - PARTICULAR,NO,48,HOMBRE,,NO,CAMBIAR CARRIL SIN PRECAUCIÓN,NO APLICA,1200,,,,,,,,,,,,,,,,,,,,,,
56,,,,,,,,,,,,,,,,,,,,,,,,,,AS - AUTOBÚS SUBURBANO,INTERNATIONAL,NAVISTAR,VERACRUZ,BLANCO,470HMZU1473849,3HBBPAAN35LI9022,PE - PÚBLICO ESTATAL,SI,35,HOMBRE,A,SI,,,800,,,,,,,,,,,,,,,,,,,,,,
57,XALAPA,04/06/2014,DOMINGO,,12:10,,XALAPA,XALAPA,URBANA,,,JUAN MALPICA,RUBEN PABELLO ACOSTA,,BUENO,,CONCRETO,,DESCENDENTE,NINGUNA,SIN RESTRICCIÓN,COLISIÓN,,OBJETO FIJO,1,,,,,,,,,,,,,,,,,0,,,,,,,,,,,,,,,,,,,,,
57,,,,,,,,,,,,,,,,,,,,,,,,,,C - CAMIONETA,FORD,F-150,VERACRUZ,VINO,SIN NUMERO,SIN NUMERO,P - PARTICULAR,NO,16,HOMBRE,,NO,VELOCIDAD INMODERADA,NO APLICA,10000,,,,,,,,,,,,,,,,,,,,,,
58,XALAPA,04/06/2014,DOMINGO,12:42,13:00,,XALAPA,XALAPA,URBANA,,,PRIVADA PARICUTIN No 10,,,BUENO,SOLEADO,ASFALTO,SECO,DESCENDENTE,NINGUNA,SIN RESTRICCIÓN,COLISIÓN,POR ALCANCE,,2,,,,,,,,,,,,,,,,,0,,,,,,,,,,,,,,,,,,,,,
58,,,,,,,,,,,,,,,,,,,,,,,,,,A - AUTOMÓVIL,VOLKSWAGEN,BEETLE,MICHOACÁN,NEGRO,SIN NUMERO,3VWCD21C4YM431792,P - PARTICULAR,NO,29,HOMBRE,,NO,VELOCIDAD INMODERADA,NO APLICA,25000,,,,,,,,,,,,,,,,,,,,,,
58,,,,,,,,,,,,,,,,,,,,,,,,,,A - AUTOMÓVIL,NISSAN,TSURU,VERACRUZ,BLANCO,SIN NUMERO,3NIE631S58K327907,PE - PÚBLICO ESTATAL,NO,32,HOMBRE,A,SI,,,2000,,,,,,,,,,,,,,,,,,,,,,
59,XALAPA,04/06/2014,DOMINGO,,20:45,,XALAPA,XALAPA,URBANA,,,TULIPANES,JARDINES DE XALAPA,,BUENO,,CONCRETO,,A NIVEL,NINGUNA,SIN RESTRICCIÓN,COLISIÓN,DE FRENTE,,2,,,,,,,,,,,,,,,,,0,,,,,,,,,,,,,,,,,,,,,
59,,,,,,,,,,,,,,,,,,,,,,,,,,A - AUTOMÓVIL,NISSAN,TSURU,VERACRUZ,ROJO,E16322629M,3AAMB1302510,P - PARTICULAR,NO,25,HOMBRE,,NO,VELOCIDAD INMODERADA,NO APLICA,1000,,,,,,,,,,,,,,,,,,,,,,
59,,,,,,,,,,,,,,,,,,,,,,,,,,A - AUTOMÓVIL,NISSAN,TSURU,VERACRUZ,BLANCO/VERDE,Ga16857822y,3NIEB3159CK332829,PE - PÚBLICO ESTATAL,SI,31,HOMBRE,A,SI,,,8000,,,,,,,,,,,,,,,,,,,,,,
60,XALAPA,04/06/2014,DOMINGO,,18:00,18:50,XALAPA,XALAPA,URBANA,,,FERNANDO GUTIERREZ BARRIOS,GUADALUPE VICTORIA,,BUENO,,CONCRETO,,A NIVEL,NINGUNA,SIN RESTRICCIÓN,COLISIÓN,ÁNGULO,,2,,,,,,,,,,,,,,,,,1,,,,,,,,,,,,,,,,,,,,,
60,,,,,,,,,,,,,,,,,,,,,,,,,,A - AUTOMÓVIL,CHEVROLET,CHEVY,VERACRUZ,ROJO,HECHO EN MEXICO,3CISFB16035103529,P - PARTICULAR,NO,22,HOMBRE,A,SI,VELOCIDAD INMODERADA,NO APLICA,2500,,,,,,,,,,,,,,,,,,,,,,
60,,,,,,,,,,,,,,,,,,,,,,,,,,M - MOTOCICLETA,VENTO,125C,VERACRUZ,NEGRO,SIN NUMERO,5KMMC6V2V375009224,P - PARTICULAR,NO,17,HOMBRE,,NO,,,1000,,1,,,,,,,,,,,,,,,,,,,,
61,XALAPA,04/06/2014,DOMINGO,17:30,17:55,18:15,XALAPA,XALAPA,URBANA,,,AGUASCALIENTES,PROGRESO MACUILTEPEC,VILLAHERMOSA,BUENO,,CONCRETO,SECO,A NIVEL,NINGUNA,ACCIDENTE PREVIO,COLISIÓN,POR ALCANCE,,2,,,,,,,,,,,,,,,,,0,,,,,,,,,,,,,,,,,,,,,
61,,,,,,,,,,,,,,,,,,,,,,,,,,C - CAMIONETA,FORD,FREESTAR,VERACRUZ,ROJO,SIN NUMERO,2FMDA51294B65065,P - PARTICULAR,NO,71,HOMBRE,B,SI,NO GUARDAR DISTANCIA,NO APLICA,500,,,,,,,,,,,,,,,,,,,,,,
61,,,,,,,,,,,,,,,,,,,,,,,,,,C - CAMIONETA,HONDA,CRV,QUERÉTARO,MERCURIO,IMPORTADO,JMRE4837490523,P - PARTICULAR,SI,36,HOMBRE,A,SI,,,2800,,,,,,,,,,,,,,,,,,,,,,
62,XALAPA,04/06/2014,DOMINGO,20:50,22:55,,XALAPA,XALAPA,URBANA,CARRETERA RANCHO NUEVO,,,,,REGULAR,,ASFALTO,,ASCENDENTE,NINGUNA,SIN RESTRICCIÓN,SALIDA DE CAMINO,,,1,,,,,,,,,,,,,,,,,0,,,,,,,,,,,,,,,,,,,,,
62,,,,,,,,,,,,,,,,,,,,,,,,,,A - AUTOMÓVIL,CHEVROLET,ASTRA,VERACRUZ,BLANCO,SIN NUMERO,SIN NUMERO,P - PARTICULAR,NO,,,,NO,VELOCIDAD INMODERADA,NO APLICA,21000,,,,,,,,,,,,,,,,,,,,,,
63,XALAPA,04/06/2014,DOMINGO,,22:30,23:45,XALAPA,XALAPA,URBANA,CARRETERA ALTO LUCERO-XALAPA,,,,,BUENO,,ASFALTO,,ASCENDENTE,NINGUNA,SIN RESTRICCIÓN,COLISIÓN,DE FRENTE,,2,,,,,,,,,,,,,,,,,4,,,,,,,,,,,,,,,,,,,,,
63,,,,,,,,,,,,,,,,,,,,,,,,,,A - AUTOMÓVIL,CHEVROLET,CHEVY,VERACRUZ,VERDE,HECHO EN MEXICO,3GISF2423WS183015,P - PARTICULAR,NO,22,HOMBRE,,NO,NO GUARDAR DISTANCIA,NO APLICA,8000,,,,,,,,,,,,,,,,,,,,,,
63,,,,,,,,,,,,,,,,,,,,,,,,,,C - CAMIONETA,FORD,F-150,VERACRUZ,BLANCO,SIN NUMERO,3FTF17267MA15466,P - PARTICULAR,SI,27,HOMBRE,C,SI,,,3500,,,,2,,,,1,,1,,,,,,,,,,,,
64,XALAPA,04/07/2014,LUNES,,10:30,,XALAPA,XALAPA,URBANA,,,AVENIDA LAZARO CARDENAS,,,BUENO,,ASFALTO,,A NIVEL,NINGUNA,SIN RESTRICCIÓN,COLISIÓN,POR ALCANCE,,2,,,,,,,,,,,,,,,,,0,,,,,,,,,,,,,,,,,,,,,
64,,,,,,,,,,,1,,,,,,,,,,,,,,,A - AUTOMÓVIL,NISSAN,TSURU,VERACRUZ,BLANCO/ROJO,SIN NUMERO,SIN NUMERO,PE - PÚBLICO ESTATAL,NO,39,HOMBRE,A,SI,NO GUARDAR DISTANCIA,NO APLICA,5000,,,,,,,,,,,,,,,,,,,,,,
64,,,,,,,,,,,,,,,,,,,,,,,,,,C - CAMIONETA,FORD,PICK UP,VERACRUZ,BLANCO,SIN NUMERO,SIN NUMERO,P - PARTICULAR,NO,34,HOMBRE,B,SI,,,5000,,,,,,,,,,,,,,,,,,,,,,
65,XALAPA,04/07/2014,LUNES,,13:25,13:45,XALAPA,XALAPA,URBANA,,,AVENIDA RUIZ CORTINES,UNIDAD DEL BOSQUE,,REGULAR,SOLEADO,ASFALTO,SECO,ASCENDENTE,NINGUNA,SIN RESTRICCIÓN,COLISIÓN,ÁNGULO,,2,,,,,,,,,,,,,,,,,0,,,,,,,,,,,,,,,,,,,,,
65,,,,,,,,,,,2,,,,,,,,,,,,,,,C - CAMIONETA,TOYOTA,SIENNA,VERACRUZ,ROJO,26RE223865,ST04KJ3DC05323833,P - PARTICULAR,SI,20,HOMBRE,A,SI,CAMBIAR CARRIL SIN PRECAUCIÓN,NO APLICA,2500,,,,,,,,,,,,,,,,,,,,,,
65,,,,,,,,,,,,,,,,,,,,,,,,,,A - AUTOMÓVIL,CHEVROLET,AVEO,VERACRUZ,BLANCO/VERDE,HECHO EN MEXICO,3G1TASAF7EL157769,PE - PÚBLICO ESTATAL,SI,27,HOMBRE,A,SI,,,3000,,,,,,,,,,,,,,,,,,,,,,
66,XALAPA,04/07/2014,LUNES,,14:05,,XALAPA,XALAPA,URBANA,,,CHAPULTEPEC,ENCINAL,SECCION 2,BUENO,,CONCRETO,SECO,A NIVEL,NINGUNA,SIN RESTRICCIÓN,COLISIÓN,ÁNGULO,,2,,,,,,,,,,,,,,,,,0,,,,,,,,,,,,,,,,,,,,,
66,,,,,,,,,,,,,,,,,,,,,,,,,,A - AUTOMÓVIL,FORD,FIESTA,VERACRUZ,BLANCO,SIN NUMERO,SIN NUMERO,P - PARTICULAR,NO,18,HOMBRE,A,SI,NO RESPETAR CEDA EL PASO,NO APLICA,15000,,,,,,,,,,,,,,,,,,,,,,
66,,,,,,,,,,,,,,,,,,,,,,,,,,A - AUTOMÓVIL,NISSAN,TSURU,VERACRUZ,NEGRO,SIN NUMERO,SIN NUMERO,P - PARTICULAR,NO,59,HOMBRE,A,SI,,,15000,,,,,,,,,,,,,,,,,,,,,,
67,XALAPA,04/07/2014,LUNES,,14:10,,XALAPA,XALAPA,URBANA,,,AVENIDA 20 DE NOVIEMBRE,CENTRO,,BUENO,,CONCRETO,SECO,A NIVEL,NINGUNA,SIN RESTRICCIÓN,COLISIÓN,LATERAL,,2,,,,,,,,,,,,,,,,,0,,,,,,,,,,,,,,,,,,,,,
67,,,,,,,,,,,,,,,,,,,,,,,,,,C - CAMIONETA,CHRYSLER,H-100,VERACRUZ,BLANCO,SIN NUMERO,SIN NUMERO,P - PARTICULAR,NO,33,HOMBRE,B,SI,CAMBIAR CARRIL SIN PRECAUCIÓN,NO APLICA,3000,,,,,,,,,,,,,,,,,,,,,,
67,,,,,,,,,,,,,,,,,,,,,,,,,,AS - AUTOBÚS SUBURBANO,NAVISTAR,INTERNATIONAL,VERACRUZ,BLANCO/AZUL,SIN NUMERO,SIN NUMERO,PE - PÚBLICO ESTATAL,NO,32,HOMBRE,A,SI,,,3000,,,,,,,,,,,,,,,,,,,,,,
68,XALAPA,04/07/2014,LUNES,,08:30,,XALAPA,XALAPA,URBANA,,,AVENIDA LAZARO CARDENAS,ENCINAL,PLAZA CRISTAL,BUENO,,CONCRETO,,ASCENDENTE,NINGUNA,SIN RESTRICCIÓN,COLISIÓN,POR ALCANCE,,2,,,,,,,,,,,,,,,,,0,,,,,,,,,,,,,,,,,,,,,
68,,,,,,,,,,,1,,,,,,,,,,,,,,,C - CAMIONETA,FORD,RANGER,VERACRUZ,BLANCO,SIN NUMERO,1FTYR11USWPB32735,P - PARTICULAR,NO,31,HOMBRE,B,SI,VELOCIDAD INMODERADA,NO APLICA,10000,,,,,,,,,,,,,,,,,,,,,,
68,,,,,,,,,,,,,,,,,,,,,,,,,,C - CAMIONETA,CHEVROLET,TORNADO,VERACRUZ,NEGRO,SIN NUMERO,93CXM80RC192591,P - PARTICULAR,NO,59,HOMBRE,B,SI,,,15000,,,,,,,,,,,,,,,,,,,,,,
69,XALAPA,04/07/2014,LUNES,,05:22,,XALAPA,XALAPA,URBANA,,,AVENIDA LAZARO CARDENAS,ENCINAL,PLAZA CRISTAL,BUENO,SOLEADO,ASFALTO,SECO,A NIVEL,NINGUNA,SIN RESTRICCIÓN,ATROPELLAMIENTO,,,1,A - AUTOMÓVIL,VOLKSWAGEN,SEDAN,VERACRUZ,AZUL,SIN NUMERO,3VWS1A1B6XM523202,P - PARTICULAR,NO,49,HOMBRE,B,SI,,,8000,1,,,,,,,,,,,,,,,,,,,,,
69,,,,,,,,,,,1,,,,,,,,,,,,,,,,,,,,,,,,,,,,,,,,,,,,,,,,,,,,,,,,,,,,
69,,,,,,,,,,,,,,,,,,,,,,,,,,A - AUTOMÓVIL,CHEVROLET,CHEVY,VERACRUZ,NEGRO,HECHO EN MEXICO,3G1SE5430YS257345,P - PARTICULAR,NO,22,HOMBRE,B,SI,VELOCIDAD INMODERADA,NO APLICA,4500,,,,,1,,,,,,,,,,,,,,,,,
70,XALAPA,04/07/2014,LUNES,,11:16,,XALAPA,XALAPA,URBANA,,,ARCO SUR,RESERVA TERRITORIAL,,BUENO,,ASFALTO,,A NIVEL,NINGUNA,SIN RESTRICCIÓN,,,OBJETO FIJO,1,,,,,,,,,,,,,,,,,0,,,,,,,,,,,,,,,,,,,,,
70,,,,,,,,,,,14,,,,,,,,,,,,,,,A - AUTOMÓVIL,VOLKSWAGEN,AUDI,VERACRUZ,PLATA,APU029707,WAUAA28D6YA0000897,PE - PÚBLICO ESTATAL,NO,23,HOMBRE,B,SI,VELOCIDAD INMODERADA,NO APLICA,15000,,,,,,,,,,,,,,,,,,,,,,
71,XALAPA,04/08/2014,MARTES,,12:10,,XALAPA,XALAPA,URBANA,,,AVENIDA XALAPA,CENTRO,AVILA CAMACHO,BUENO,SOLEADO,CONCRETO,SECO,A NIVEL,NINGUNA,SIN RESTRICCIÓN,ATROPELLAMIENTO,,,1,,,,,,,,,,,,,,,,,1,,,,,,,,,,,,,,,,,,,,,
71,,,,,,,,,,,7,,,,,,,,,,,,,,,AS - AUTOBÚS SUBURBANO,MERCEDES BENZ,CHASIS,VERACRUZ,BLANCO,3.91E+11,3am68529150039392,PE - PÚBLICO ESTATAL,NO,45,HOMBRE,A,SI,VELOCIDAD INMODERADA,NO APLICA,SIN DAÑOS,,,,,,,,,,1,,,,,,,,,,,,
72,XALAPA,04/08/2014,MARTES,,12:15,,XALAPA,XALAPA,URBANA,,,AVENIDA XALAPA,CENTRO,AVILA CAMACHO,BUENO,SOLEADO,CONCRETO,SECO,A NIVEL,NINGUNA,SIN RESTRICCIÓN,COLISIÓN,LATERAL,,2,,,,,,,,,,,,,,,,,0,,,,,,,,,,,,,,,,,,,,,
72,,,,,,,,,,,7,,,,,,,,,,,,,,,A - AUTOMÓVIL,VOLKSWAGEN,POINTER,VERACRUZ,ROJO,BJY032680,9BWCC05W86PO299950,P - PARTICULAR,NO,45,HOMBRE,A,SI,VELOCIDAD INMODERADA,NO APLICA,1500,,,,,,,,,,,,,,,,,,,,,,
72,,,,,,,,,,,,,,,,,,,,,,,,,,AS - AUTOBÚS SUBURBANO,INTERNATIONAL,CHASIS,VERACRUZ,BLANCO/AZUL,470HMZU1336194,3HVBNAA42N537856,PE - PÚBLICO ESTATAL,NO,40,HOMBRE,A,SI,,,MINIMOS,,,,,,,,,,,,,,,,,,,,,,
73,XALAPA,04/08/2014,MARTES,,14:50,,XALAPA,XALAPA,URBANA,,,AVENIDA LAZARO CARDENAS,EL MIRADOR,PIPILA,BUENO,SOLEADO,CONCRETO,SECO,DESCENDENTE,NINGUNA,SIN RESTRICCIÓN,COLISIÓN,LATERAL,,2,,,,,,,,,,,,,,,,,0,,,,,,,,,,,,,,,,,,,,,
73,,,,,,,,,,,1,,,,,,,,,,,,,,,A - AUTOMÓVIL,NISSAN,ALTIMA,VERACRUZ,ROJO,QR25055301W,1N4ALZA97AN56178,P - PARTICULAR,SI,51,HOMBRE,B,SI,CAMBIAR CARRIL SIN PRECAUCIÓN,NO APLICA,3000,,,,,,,,,,,,,,,,,,,,,,
73,,,,,,,,,,,,,,,,,,,,,,,,,,C - CAMIONETA,FORD,RANGER,VERACRUZ,ROJO,HECHO EN USA,1FTCR10A5LUB4551,P - PARTICULAR,NO,33,HOMBRE,,NO,,,1500,,,,,,,,,,,,,,,,,,,,,,
74,XALAPA,04/08/2014,MARTES,,15:40,,XALAPA,XALAPA,URBANA,,,HIDALGO,CENTRO,BERROS,BUENO,SOLEADO,ASFALTO,SECO,A NIVEL,MARCA EN PAVIMENTO,SIN RESTRICCIÓN,COLISIÓN,ÁNGULO,,2,,,,,,,,,,,,,,,,,0,,,,,,,,,,,,,,,,,,,,,
74,,,,,,,,,,,,,,,,,,,,,,,,,,A - AUTOMÓVIL,VOLKSWAGEN,BORA,DISTRITO FEDERAL,GUINDA,CCC085913,3VWJWIIKAI359,P - PARTICULAR,SI,33,HOMBRE,A,SI,CAMBIAR CARRIL SIN PRECAUCIÓN,NO APLICA,500,,,,,,,,,,,,,,,,,,,,,,
74,,,,,,,,,,,,,,,,,,,,,,,,,,AS - AUTOBÚS SUBURBANO,INTERNATIONAL,CHASIS,VERACRUZ,BLANCO,470HMZU1319704,3HVBNAAN22V50095,PE - PÚBLICO ESTATAL,SI,49,HOMBRE,A,SI,,,4000,,,,,,,,,,,,,,,,,,,,,,
75,XALAPA,04/08/2014,MARTES,,16:20,16:50,XALAPA,XALAPA,URBANA,,,AVENIDA RUIZ CORTINES,REPRESA DEL CARMEN,HORTENCIA,BUENO,,ASFALTO,SECO,ASCENDENTE,NINGUNA,ACCIDENTE PREVIO,ATROPELLAMIENTO,,,1,,,,,,,,,,,,,,,,,1,,,,,,,,,,,,,,,,,,,,,
75,,,,,,,,,,,2,,,,,,,,,,,,,,,A - AUTOMÓVIL,NISSAN,TSURU,VERACRUZ,BLANCO/VERDE,SIN NUMERO,GA16743377Y,PE - PÚBLICO ESTATAL,SI,41,HOMBRE,A,SI,VELOCIDAD INMODERADA,NO APLICA,300,,,1,,,,,,,,,,,,,,,,,,,
76,XALAPA,04/08/2014,MARTES,,19:48,,XALAPA,XALAPA,URBANA,,,AVENIDA FERNANDO GUTIERREZ BARRIOS,LUZ DEL BARRIO,,BUENO,,ASFALTO,SECO,A NIVEL,SEÑAL CEDA EL PASO,SIN RESTRICCIÓN,COLISIÓN,LATERAL,,2,,,,,,,,,,,,,,,,,0,,,,,,,,,,,,,,,,,,,,,
76,,,,,,,,,,,,,,,,,,,,,,,,,,AS - AUTOBÚS SUBURBANO,INTERNATIONAL,CHASIS,VERACRUZ,BLANCO/NARANJA,470HM2U1337497,3HVBNAAN32N537864,PE - PÚBLICO ESTATAL,SI,47,HOMBRE,A,SI,NO GUARDAR DISTANCIA,OTRO,MINIMOS,,,,,,,,,,,,,,,,,,,,,,
76,,,,,,,,,,,,,,,,,,,,,,,,,,A - AUTOMÓVIL,NISSAN,TSURU,VERACRUZ,BLANCO/VERDE,GA167315062,3NIEB315EK301397,PE - PÚBLICO ESTATAL,SI,26,HOMBRE,A,SI,,,1500,,,,,,,,,,,,,,,,,,,,,,
77,XALAPA,04/08/2014,MARTES,,19:55,20:40,XALAPA,XALAPA,URBANA,,,SANTIAGO BONILLA,OBRERO CAMPESINA,,BUENO,,CONCRETO,SECO,ASCENDENTE,NINGUNA,SIN RESTRICCIÓN,COLISIÓN,LATERAL,,2,,,,,,,,,,,,,,,,,0,,,,,,,,,,,,,,,,,,,,,