idMES,DELEGACION DE TRANSITO,FECHA DEL ACCIDENTE,DIA DE LA SEMANA,HORA EN QUE SE RECIBIO LA LLAMADA REPORTANDO EL ACCIDENTE,HORA DE ARRIBO DEL PERITO AL SITIO,HORA DE REGRESO DEL PERITO A LAS INSTALACIONES DE SU DELEGACION,LOCALIDAD ACCIDENTE,MUNICIPIO ACCIDENTE,ZONA,CARRETERA/KILOMETRO DEL ACCIDENTE,NUMERO DE AVENIDA,CALLE/AVENIDA DEL ACCIDENTE,COLONIA,ENTRE CALLES,CONDICIONES DE LA VIA,CONDICIONES NATURALES,SUPERFICIE DE LA VIA,ESTADO DE LA VIA,TANGENTE,TIPO DE CONTROL DE TRANSITO,RESTRICCIONES DE LA VIA,TIPO DE ACCIDENTE,FORMA DE ACCIDENTARSE,CONTRA QUE FUE EL IMPACTO,CANTIDAD DE VEHICULOS,TIPO DE VEHICULO,MARCA,SUBMARCA,ENTIDAD FEDERATIVA DEL VEHICULO,COLOR DEL VEHICULO,MOTOR,SERIE,TIPO DE SERVICIO PARA EL QUE SE OCUPAN LOS VEHICULOS,ASEGURADO,EDAD CONDUCTOR,SEXO CONDUCTOR,TIPO LICENCIA,LICENCIA VIGENTE,CAUSA ATRIBUIBLE AL CONDUCTOR,CAUSA ATRIBUIBLE AL PEATON,DANIOS (MONTO APROXIMADO EN MXN),NUMERO DE HERIDOS,MUJER HERIDA DE 0-15 ANIOS,HOMBRE HERIDO DE 0-15 ANIOS,MUJER HERIDA DE 16-30 ANIOS,HOMBRE HERIDO DE 16-30 ANIOS,MUJER HERIDA DE 31-45 ANIOS,HOMBRE HERIDO DE 31-45 ANIOS,MUJER HERIDA DE 46-60 ANIOS,HOMBRE HERIDO DE 46-60 ANIOS,MUJER HERIDA MAS DE 60 ANIOS,HOMBRE HERIDO MAS DE 60 ANIOS,NUMERO DE MUERTOS,MUJER MUERTA DE 0-15 ANIOS,HOMBRE MUERTO DE 0-15 ANIOS,MUJER MUERTA DE 16-30 ANIOS,HOMBRE MUERTO DE 16-30 ANIOS,MUJER MUERTA DE 31-45 ANIOS,HOMBRE MUERTO DE 31-45 ANIOS,MUJER MUERTA DE 46-60 ANIOS,HOMBRE MUERTO DE 46-60 ANIOS,MUJER MUERTA MAS DE 60 ANIOS,HOMBRE MUERTO MAS DE 60 ANIOS
77,,,,,,,,,,,,,,,,,,,,,,,,,,CC - CAMIÓN DE CARGA,KEENWORTH,TRACTOR,JALISCO,BLANCO,79432235,3WXADA40X2BF830742,PF- PÚBLICO FEDERAL,SI,32,HOMBRE,B,SI,CAMBIAR CARRIL SIN PRECAUCIÓN,NO APLICA,200,,,,,,,,,,,,,,,,,,,,,,
77,,,,,,,,,,,,,,,,,,,,,,,,,,A - AUTOMÓVIL,VOLKSWAGEN,GOLF,VERACRUZ,GRIS,CF2977805,9BWAB05UDP16123,P - PARTICULAR,SI,43,HOMBRE,C,SI,,,15000,,,,,,,,,,,,,,,,,,,,,,
78,XALAPA,04/08/2014,MARTES,22:10,22:30,,XALAPA,XALAPA,URBANA,,,AVENIDA LAZARO CARDENAS,ENCINAL,,BUENO,SOLEADO,ASFALTO,SECO,A NIVEL,NINGUNA,SIN RESTRICCIÓN,COLISIÓN,ÁNGULO,,2,,,,,,,,,,,,,,,,,0,,,,,,,,,,,,,,,,,,,,,
78,,,,,,,,,,,1,,,,,,,,,,,,,,,A - AUTOMÓVIL,VOLKSWAGEN,CAMION,VERACRUZ,BLANCO/VERDE,35112333,3VWIVRZAM95,P - PARTICULAR,NO,,HOMBRE,,NO,NO RESPETAR CEDA EL PASO,NO APLICA,500,,,,,,,,,,,,,,,,,,,,,,
78,,,,,,,,,,,,,,,,,,,,,,,,,,C - CAMIONETA,CHEVROLET,SILVERADO,VERACRUZ,BLANCO/AZUL,SIN NUMERO,39CNC9CX68B,P - PARTICULAR,NO,,HOMBRE,,NO,,,2000,,,,,,,,,,,,,,,,,,,,,,
79,XALAPA,04/08/2014,MARTES,,09:35,09:50,XALAPA,XALAPA,URBANA,,,AVENIDA AVILA CAMACHO,FRACCIONAMIENTO VERACRUZ,COATEPEC,BUENO,,CONCRETO,SECO,A NIVEL,NINGUNA,ACCIDENTE PREVIO,ATROPELLAMIENTO,,,1,,,,,,,,,,,,,,,,,1,,,,,,,,,,,,,,,,,,,,,
79,,,,,,,,,,,4,,,,,,,,,,,,,,,A - AUTOMÓVIL,DODGE,STRATUS,DISTRITO FEDERAL,BLANCO,HECHO EN MEXICO,3B38243XT201637,P - PARTICULAR,NO,41,HOMBRE,,NO,VELOCIDAD INMODERADA,NO APLICA,800,,,,1,,,,,,,,,,,,,,,,,,
80,XALAPA,04/08/2014,MARTES,,11:10,,XALAPA,XALAPA,URBANA,,,AVENIDA LAZARO CARDENAS,ANIMAS,,BUENO,,ASFALTO,SECO,DESCENDENTE,SEMÁFORO FUNCIONANDO,SIN RESTRICCIÓN,COLISIÓN,LATERAL,,2,,,,,,,,,,,,,,,,,0,,,,,,,,,,,,,,,,,,,,,
80,,,,,,,,,,,1,,,,,,,,,,,,,,,C - CAMIONETA,CHEVROLET,F-150,VERACRUZ,BLANCO,SIN NUMERO,SIN NUMERO,P - PARTICULAR,NO,36,HOMBRE,A,SI,VELOCIDAD INMODERADA,NO APLICA,MINIMOS,,,,,,,,,,,,,,,,,,,,,,
80,,,,,,,,,,,,,,,,,,,,,,,,,,C - CAMIONETA,FORD,COURIER,VERACRUZ,AZUL,77856106,9BFBT33N277855105,P - PARTICULAR,NO,25,HOMBRE,,NO,,,2500,,,,,,,,,,,,,,,,,,,,,,
81,XALAPA,04/08/2014,MARTES,,10:00,,XALAPA,XALAPA,URBANA,,,AVENIDA 20 DE NOVIEMBRE,CENTRO,MOCTEZUMA,BUENO,SOLEADO,CONCRETO,SECO,A NIVEL,NINGUNA,SIN RESTRICCIÓN,ATROPELLAMIENTO,,,1,,,,,,,,,,,,,,,,,1,,,,,,,,,,,,,,,,,,,,,
81,,,,,,,,,,,5,,,,,,,,,,,,,,,A - AUTOMÓVIL,NISSAN,TSURU,VERACRUZ,BLANCO/ROJO,SIN NUMERO,3NIEB32561K270347,PE - PÚBLICO ESTATAL,SI,40,HOMBRE,A,SI,VELOCIDAD INMODERADA,NO APLICA,900,,,,,,1,,,,,,,,,,,,,,,,
82,XALAPA,04/08/2014,MARTES,,14:50,,XALAPA,XALAPA,URBANA,,,AVENIDA LAZARO CARDENAS,,,BUENO,,ASFALTO,SECO,A NIVEL,NINGUNA,SIN RESTRICCIÓN,ATROPELLAMIENTO,,,1,,,,,,,,,,,,,,,,,1,,,,,,,,,,,,,,,,,,,,,
82,,,,,,,,,,,1,,,,,,,,,,,,,,,AS - AUTOBÚS SUBURBANO,INTERNATIONAL,CHASIS,VERACRUZ,NARANJA,466HM2N8003386,3HVBMAAR3AV266311,PE - PÚBLICO ESTATAL,SI,28,HOMBRE,A,SI,VELOCIDAD INMODERADA,NO APLICA,MINIMOS,,,,1,,,,,,,,,,,,,,,,,,
83,XALAPA,04/08/2014,MARTES,,12:00,,XALAPA,XALAPA,URBANA,,,ESTEBAN MASCAREÑAS,MARTIRES DE CHICAGO,SERAFIN,BUENO,,CONCRETO,,A NIVEL,SEMÁFORO FUNCIONANDO,SIN RESTRICCIÓN,COLISIÓN,ÁNGULO,,2,,,,,,,,,,,,,,,,,1,,,,,,,,,,,,,,,,,,,,,
83,,,,,,,,,,,,,,,,,,,,,,,,,,A - AUTOMÓVIL,VOLKSWAGEN,GOLF,VERACRUZ,GRIS,AEG5741169,9BWXIJA143658,P - PARTICULAR,SI,41,HOMBRE,A,SI,NO GUARDAR DISTANCIA,NO APLICA,2500,,,,,,,,,,,,,,,,,,,,,,
83,,,,,,,,,,,,,,,,,,,,,,,,,,M - MOTOCICLETA,ITALIKA,EX125,VERACRUZ,ROJO,1CKZQM66015899,9.03E+13,P - PARTICULAR,NO,23,HOMBRE,A,SI,,,8000,,,,1,,,,,,,,,,,,,,,,,,
84,XALAPA,04/08/2014,MARTES,,09:45,10:30,XALAPA,XALAPA,URBANA,,,NICOLAS BRAVO,LOMAS DEL ESTADIO,,BUENO,,CONCRETO,SECO,A NIVEL,NINGUNA,SIN RESTRICCIÓN,COLISIÓN,LATERAL,,2,,,,,,,,,,,,,,,,,1,,,,,,,,,,,,,,,,,,,,,
84,,,,,,,,,,,,,,,,,,,,,,,,,,A - AUTOMÓVIL,NISSAN,SEDAN,VERACRUZ,BLANCO/VERDE,GA16761029Y,SIN NUMERO,PE - PÚBLICO ESTATAL,SI,38,HOMBRE,A,SI,VELOCIDAD INMODERADA,OTRO,1000,,,,,,,,,,,,,,,,,,,,,,
84,,,,,,,,,,,,,,,,,,,,,,,,,,M - MOTOCICLETA,ITALIKA,FT-125,VERACRUZ,ROJO,SIN NUMERO,3NIEB7B300554,P - PARTICULAR,NO,34,HOMBRE,A,SI,,,800,,,,,,1,,,,,,,,,,,,,,,,
85,XALAPA,04/08/2014,MARTES,,16:25,,XALAPA,XALAPA,URBANA,,,AVENIDA 20 DE NOVIEMBRE,,,BUENO,,CONCRETO,,ASCENDENTE,NINGUNA,SIN RESTRICCIÓN,COLISIÓN,ÁNGULO,,2,,,,,,,,,,,,,,,,,0,,,,,,,,,,,,,,,,,,,,,
85,,,,,,,,,,,5,,,,,,,,,,,,,,,A - AUTOMÓVIL,CHRYSLER,ATOS,VERACRUZ,ROJO/BLANCO,HECHO EN INDIA,MALAB51HAN417138,PE - PÚBLICO ESTATAL,NO,43,HOMBRE,A,SI,VELOCIDAD INMODERADA,NO APLICA,4000,,,,,,,,,,,,,,,,,,,,,,
85,,,,,,,,,,,,,,,,,,,,,,,,,,M - MOTOCICLETA,SUZUKI,GD-110HU,VERACRUZ,NEGRO,E467A2E01346,1C6PCH2G0L003009,P - PARTICULAR,NO,26,HOMBRE,A,SI,,,3000,,,,,,,,,,,,,,,,,,,,,,
86,XALAPA,04/08/2014,MARTES,,17:55,,XALAPA,XALAPA,URBANA,,,AVENIDA LAZARO CARDENAS,,PUENTE BICENTENARIO,BUENO,,ASFALTO,,A NIVEL,NINGUNA,SIN RESTRICCIÓN,COLISIÓN,ÁNGULO,,2,,,,,,,,,,,,,,,,,0,,,,,,,,,,,,,,,,,,,,,
86,,,,,,,,,,,1,,,,,,,,,,,,,,,C - CAMIONETA,FORD,F-350,VERACRUZ,NEGRO,SIN NUMERO,SIN NUMERO,P - PARTICULAR,NO,,,,NO,VELOCIDAD INMODERADA,NO APLICA,200,,,,,,,,,,,,,,,,,,,,,,
86,,,,,,,,,,,,,,,,,,,,,,,,,,CC - CAMIÓN DE CARGA,CAMION,MERCEDES BENZ,VERACRUZ,BLANCO,SIN NUMERO,3MBAA3CS07M021952,P - PARTICULAR,NO,42,HOMBRE,B,SI,,,1000,,,,,,,,,,,,,,,,,,,,,,
87,XALAPA,04/08/2014,MARTES,,16:25,,XALAPA,XALAPA,URBANA,,,AVENIDA LAZARO CARDENAS,LAS TRANCAS,,BUENO,,CONCRETO,SECO,DESCENDENTE,NINGUNA,SIN RESTRICCIÓN,COLISIÓN,LATERAL,,2,,,,,,,,,,,,,,,,,0,,,,,,,,,,,,,,,,,,,,,
87,,,,,,,,,,,1,,,,,,,,,,,,,,,C - CAMIONETA,DINA,CHASIS,VERACRUZ,BLANCO,3493035,1863920C1,P - PARTICULAR,SI,18,HOMBRE,,NO,VELOCIDAD INMODERADA,NO APLICA,MINIMOS,,,,,,,,,,,,,,,,,,,,,,
87,,,,,,,,,,,,,,,,,,,,,,,,,,A - AUTOMÓVIL,CHRYSLER,MITSUBISH LANCER,VERACRUZ,BLANCO,BAA883,JEBA26U98U43393,P - PARTICULAR,NO,22,HOMBRE,B,SI,,,18600,,,,,,,,,,,,,,,,,,,,,,
88,XALAPA,04/08/2014,MARTES,,07:30,,XALAPA,XALAPA,URBANA,,,AVENIDA LAZARO CARDENAS,RAFAEL LUCIO,,BUENO,,CONCRETO,,A NIVEL,NINGUNA,SIN RESTRICCIÓN,ATROPELLAMIENTO,,,1,,,,,,,,,,,,,,,,,1,,,,,,,,,,,,,,,,,,,,,
88,,,,,,,,,,,1,,,,,,,,,,,,,,,C - CAMIONETA,FORD,F-150,VERACRUZ,GRIS,SIN NUMERO,1FTDF15N7NNAZ21237,P - PARTICULAR,NO,33,HOMBRE,B,SI,VELOCIDAD INMODERADA,NO APLICA,3000,,,,,1,,,,,,,,,,,,,,,,,
89,XALAPA,04/08/2014,MARTES,12:00,12:19,12:40,XALAPA,XALAPA,URBANA,,,PROLONGACION EBANO,PLAN DE AYALA,,MALO,,TERRACERÍA,,A NIVEL,NINGUNA,SIN RESTRICCIÓN,ATROPELLAMIENTO,,,1,,,,,,,,,,,,,,,,,1,,,,,,,,,,,,,,,,,,,,,
89,,,,,,,,,,,,,,,,,,,,,,,,,,AS - AUTOBÚS SUBURBANO,INTERNATIONAL,CHASIS,VERACRUZ,BLANCO,470MMZU1483628,3HVBFAAN56N311201,PE - PÚBLICO ESTATAL,SI,45,HOMBRE,A,SI,OTRO,SUBÍA / BAJABA DE VEHÍCULO,MINIMOS,,,,,1,,,,,,,,,,,,,,,,,
90,XALAPA,04/08/2014,MARTES,,12:07,,XALAPA,XALAPA,URBANA,,,AVENIDA MANUEL MARIA CONTRERAS,RAFAEL LUCIO,,BUENO,,ASFALTO,,A NIVEL,NINGUNA,SIN RESTRICCIÓN,INCENDIO,,,1,,,,,,,,,,,,,,,,,1,,,,,,,,,,,,,,,,,,,,,
90,,,,,,,,,,,,,,,,,,,,,,,,,,C - CAMIONETA,CHEVROLET,GMC,VERACRUZ,BLANCO,SIN NUMERO,SIN NUMERO,P - PARTICULAR,NO,,,,NO,OTRO,NO APLICA,PERDIDA TOTAL,,,,,,,,,,,,,,,,,,,,1,,
91,XALAPA,04/09/2014,MIÉRCOLES,08:24,08:40,09:00,XALAPA,XALAPA,URBANA,,,PASEO XALAPA,REVOLUCION,,BUENO,SOLEADO,CONCRETO,MOJADO,A NIVEL,SEMÁFORO DESCOMPUESTO,SIN RESTRICCIÓN,COLISIÓN,LATERAL,,2,A - AUTOMÓVIL,NISSAN,SENTRA,DISTRITO FEDERAL,GRIS,QG18218815,3NIEB515851471682,P - PARTICULAR,NO,35,HOMBRE,A,SI,NO RESPETAR CEDA EL PASO,NO APLICA,3000,0,,,,,,,,,,,,,,,,,,,,,
91,,,,,,,,,,,,,,,,,,,,,,,,,,A - AUTOMÓVIL,NISSAN,TSURU,VERACRUZ,BLANCO/VERDE,GA169458042,3NIEB3154K12987,PF- PÚBLICO FEDERAL,SI,34,HOMBRE,A,SI,,,1500,,,,,,,,,,,,,,,,,,,,,,
92,XALAPA,08/09/2014,MIÉRCOLES,,08:40,10:00,XALAPA,XALAPA,URBANA,,,BOULEVARD XALAPA-BANDERILLA,21 DE MARZO,,BUENO,SOLEADO,ASFALTO,SECO,A NIVEL,NINGUNA,SIN RESTRICCIÓN,COLISIÓN,POR ALCANCE,,3,A - AUTOMÓVIL,VOLKSWAGEN,JETTA,VERACRUZ,BHP094290,BHP094290,3VWRV09M98M851857,P - PARTICULAR,SI,38,HOMBRE,B,SI,,,3000,0,,,,,,,,,,,,,,,,,,,,,
92,,,,,,,,,,,,,,,,,,,,,,,,,,CC - CAMIÓN DE CARGA,ISUZU,CAJA,PUEBLA,,58692,JALEB06891845,P - PARTICULAR,SI,24,HOMBRE,B,SI,NO GUARDAR DISTANCIA,NO APLICA,2000,,,,,,,,,,,,,,,,,,,,,,
92,,,,,,,,,,,,,,,,,,,,,,,,,,A - AUTOMÓVIL,CHRYSLER,NEON,VERACRUZ,SIN NUMERO,SIN NUMERO,1B5465120067,P - PARTICULAR,SI,46,HOMBRE,C,SI,,,1500,,,,,,,,,,,,,,,,,,,,,,
93,XALAPA,08/09/2014,MIÉRCOLES,09:33,09:40,09:55,XALAPA,XALAPA,URBANA,,,SAYAGO,CENTRO,XICONTECATL,BUENO,SOLEADO,CONCRETO,SECO,A NIVEL,NINGUNA,SIN RESTRICCIÓN,COLISIÓN,LATERAL,,2,,,,,,,,,,,,,,,,,0,,,,,,,,,,,,,,,,,,,,,
93,,,,,,,,,,,,,,,,,,,,,,,,,,AS - AUTOBÚS SUBURBANO,FREIGHTLINER,CHASIS,VERACRUZ,NEGRO,SIN NUMERO,QI66654,P - PARTICULAR,SI,45,HOMBRE,C,SI,NO RESPETAR CEDA EL PASO,NO APLICA,1000,,,,,,,,,,,,,,,,,,,,,,
93,,,,,,,,,,,,,,,,,,,,,,,,,,A - AUTOMÓVIL,RENAULT,CLIO,VERACRUZ,GRIS,SIN NUMERO,3BNIEB64L308206,P - PARTICULAR,NO,65,HOMBRE,C,SI,,,2000,,,,,,,,,,,,,,,,,,,,,,
94,XALAPA,04/09/2014,MIÉRCOLES,09:59,10:10,10:25,XALAPA,XALAPA,URBANA,,,AVENIDA AVILA CAMACHO,CENTRO,,BUENO,SOLEADO,CONCRETO,SECO,A NIVEL,NINGUNA,SIN RESTRICCIÓN,COLISIÓN,POR ALCANCE,,2,,,,,,,,,,,,,,,,,0,,,,,,,,,,,,,,,,,,,,,
94,,,,,,,,,,,4,,,,,,,,,,,,,,,A - AUTOMÓVIL,NISSAN,TIDA,VERACRUZ,BLANCO,MR185809524,3NIEBCIA52C37897,P - PARTICULAR,SI,45,HOMBRE,A,SI,NO GUARDAR DISTANCIA,NO APLICA,800,,,,,,,,,,,,,,,,,,,,,,
94,,,,,,,,,,,,,,,,,,,,,,,,,,M - MOTOCICLETA,ITALIKA,MOTOCICLETA,VERACRUZ,NEGRO,LCI570M863658,XB65P1018208,P - PARTICULAR,NO,38,HOMBRE,,NO,,,1000,,,,,,,,,,,,,,,,,,,,,,
95,XALAPA,04/09/2014,MIÉRCOLES,,11:00,,XALAPA,XALAPA,URBANA,,,LAS TRANCAS -ESTANZUELA,,,BUENO,,ASFALTO,,A NIVEL,NINGUNA,SIN RESTRICCIÓN,COLISIÓN,DE FRENTE,,2,,,,,,,,,,,,,,,,,0,,,,,,,,,,,,,,,,,,,,,
95,,,,,,,,,,,,,,,,,,,,,,,,,,A - AUTOMÓVIL,CHEVROLET,AVEO,VERACRUZ,PLATA,HECHO EN MEXICO,3GITA5AFIEL87116,P - PARTICULAR,NO,40,HOMBRE,A,SI,VELOCIDAD INMODERADA,NO APLICA,1000,,,,,,,,,,,,,,,,,,,,,,
95,,,,,,,,,,,,,,,,,,,,,,,,,,A - AUTOMÓVIL,NISSAN,TSURU,VERACRUZ,BLANCO/VERDE,GA16707481Y,SIN NUMERO,PE - PÚBLICO ESTATAL,NO,40,HOMBRE,A,SI,,,1000,,,,,,,,,,,,,,,,,,,,,,
96,XALAPA,04/09/2014,MIÉRCOLES,,14:00,,XALAPA,XALAPA,URBANA,,,IGNACIO DE LA LLAVE,SALUD,,BUENO,SOLEADO,CONCRETO,SECO,A NIVEL,NINGUNA,SIN RESTRICCIÓN,COLISIÓN,LATERAL,,2,,,,,,,,,,,,,,,,,0,,,,,,,,,,,,,,,,,,,,,
96,,,,,,,,,,,8,,,,,,,,,,,,,,,AS - AUTOBÚS SUBURBANO,MERCEDES BENZ,CHASIS,VERACRUZ,BLANCO,9.05E+13,3MBACN13H02471,PE - PÚBLICO ESTATAL,NO,49,HOMBRE,A,SI,CAMBIAR CARRIL SIN PRECAUCIÓN,NO APLICA,SIN DAÑOS,,,,,,,,,,,,,,,,,,,,,,
96,,,,,,,,,,,,,,,,,,,,,,,,,,M - MOTOCICLETA,HONDA,GL-150,VERACRUZ,NEGRO,WH157J1341435,341KC17D1041435,P - PARTICULAR,NO,22,HOMBRE,A,SI,,,3000,,,,,,,,,,,,,,,,,,,,,,
97,XALAPA,04/09/2014,MIÉRCOLES,,14:40,,XALAPA,XALAPA,URBANA,,,AVENIDA CENTRAL,ARROYO BLANCO,,BUENO,,CONCRETO,SECO,A NIVEL,NINGUNA,SIN RESTRICCIÓN,COLISIÓN,ÁNGULO,,2,,,,,,,,,,,,,,,,,0,,,,,,,,,,,,,,,,,,,,,
97,,,,,,,,,,,,,,,,,,,,,,,,,,A - AUTOMÓVIL,CHEVROLET,CHEVY,VERACRUZ,VERDE,HECHOE EN MEXICO,3GISEIX25125,P - PARTICULAR,NO,26,HOMBRE,B,SI,,,,,,,,,,,,,,,,,,,,,,,,,
97,,,,,,,,,,,,,,,,,,,,,,,,,,A - AUTOMÓVIL,VOLKSWAGEN,SEAT,VERACRUZ,GRIS,BAH347659,VSSMM16L8R010361,P - PARTICULAR,NO,54,HOMBRE,C,SI,NO RESPETAR CEDA EL PASO,NO APLICA,500,,,,,,,,,,,,,,,,,,,,,,
98,XALAPA,04/09/2014,MIÉRCOLES,,16:00,,XALAPA,XALAPA,URBANA,,,AVENIDA LAZARO CARDENAS,,,BUENO,SOLEADO,CONCRETO,SECO,A NIVEL,NINGUNA,SIN RESTRICCIÓN,COLISIÓN,POR ALCANCE,,2,,,,,,,,,,,,,,,,300,0,,,,,,,,,,,,,,,,,,,,,
98,,,,,,,,,,,1,,,,,,,,,,,,,,,A - AUTOMÓVIL,CHRYSLER,NEON,VERACRUZ,VERDE,HECHO EN MEXICO,3C36675223120,P - PARTICULAR,NO,25,HOMBRE,A,SI,NO GUARDAR DISTANCIA,NO APLICA,1000,,,,,,,,,,,,,,,,,,,,,,
98,,,,,,,,,,,,,,,,,,,,,,,,,,A - AUTOMÓVIL,VOLKSWAGEN,SEAT,VERACRUZ,VERDE,CEK04341A,VSSMKJ30R028796,P - PARTICULAR,SI,36,HOMBRE,B,SI,,,5000,,,,,,,,,,,,,,,,,,,,,,
99,XALAPA,04/09/2014,MIÉRCOLES,,11:10,,XALAPA,XALAPA,URBANA,,,AVENIDA VILLAHERMOSA,PROGRESO MACUILTEPEC,TAMAULIPAS,BUENO,SOLEADO,CONCRETO,SECO,A NIVEL,NINGUNA,SIN RESTRICCIÓN,COLISIÓN,ÁNGULO,,2,,,,,,,,,,,,,,,,,0,,,,,,,,,,,,,,,,,,,,,
99,,,,,,,,,,,,,,,,,,,,,,,,,,C - CAMIONETA,CHRYSLER,PLYMOUNTH,VERACRUZ,BLANCO,SIN NUMERO,ZPAG443417253,P - PARTICULAR,NO,54,HOMBRE,,NO,VELOCIDAD INMODERADA,NO APLICA,2000,,,,,,,,,,,,,,,,,,,,,,
99,,,,,,,,,,,,,,,,,,,,,,,,,,A - AUTOMÓVIL,CHEVROLET,MATIZ,VERACRUZ,NARANJA,HECHO EN KOREA,KLM105845658,P - PARTICULAR,SI,19,HOMBRE,A,SI,,,10000,,,,,,,,,,,,,,,,,,,,,,
100,XALAPA,04/10/2014,JUEVES,,08:00,,XALAPA,XALAPA,URBANA,,,AVENIDA ORIZABA,FRACCIONAMIENTO VERACRUZ,,BUENO,,CONCRETO,,A NIVEL,NINGUNA,SIN RESTRICCIÓN,COLISIÓN,POR ALCANCE,,2,,,,,,,,,,,,,,,,,0,,,,,,,,,,,,,,,,,,,,,
100,,,,,,,,,,,,,,,,,,,,,,,,,,A - AUTOMÓVIL,NISSAN,TSURU,VERACRUZ,BLANCO/VERDE,GA16733244Y,3NIEB315XA30937,PE - PÚBLICO ESTATAL,SI,53,HOMBRE,A,SI,VELOCIDAD INMODERADA,OTRO,1500,,,,,,,,,,,,,,,,,,,,,,
100,,,,,,,,,,,,,,,,,,,,,,,,,,B - BICICLETA,TOYOTA,RAV-4,TLAXCALA,GRIS,ZARM588219,2BDE4EDEW44386,P - PARTICULAR,SI,53,HOMBRE,A,SI,,,7000,,,,,,,,,,,,,,,,,,,,,,
101,XALAPA,04/10/2014,JUEVES,,08:20,,XALAPA,XALAPA,URBANA,,,AVENIDA AVILA CAMACHO,CENTRO,XICONTECATL,BUENO,SOLEADO,ASFALTO,SECO,ASCENDENTE,NINGUNA,SIN RESTRICCIÓN,COLISIÓN,POR ALCANCE,,2,,,,,,,,,,,,,,,,,0,,,,,,,,,,,,,,,,,,,,,
101,,,,,,,,,,,4,,,,,,,,,,,,,,,A - AUTOMÓVIL,NISSAN,TSURU,VERACRUZ,ROJO/BLANCO,GA16711418Y,3NIEB3153AK31,PE - PÚBLICO ESTATAL,NO,29,HOMBRE,A,SI,NO GUARDAR DISTANCIA,NO APLICA,2000,,,,,,,,,,,,,,,,,,,,,,
101,,,,,,,,,,,,,,,,,,,,,,,,,,C - CAMIONETA,FORD,ESCAPE,VERACRUZ,ROJO,EN  USA,1FMCOUEG7BKA3512,P - PARTICULAR,NO,33,HOMBRE,A,SI,,,1500,,,,,,,,,,,,,,,,,,,,,,
102,XALAPA,04/10/2014,JUEVES,,10:10,10:40,XALAPA,XALAPA,URBANA,,,AVENIDA XALAPA,EL BOSQUE,,BUENO,,CONCRETO,,ASCENDENTE,NINGUNA,SIN RESTRICCIÓN,COLISIÓN,LATERAL,VEHÍCULO ESTACIONADO,3,CC - CAMIÓN DE CARGA,DINA,INTERNATIONAL,VERACRUZ,BLANCO,1351937C1,XT005M09260T08,P - PARTICULAR,NO,31,HOMBRE,A,SI,,,400,0,,,,,,,,,,,,,,,,,,,,,
102,,,,,,,,,,,7,,,,,,,,,,,,,,,A - AUTOMÓVIL,CHEVROLET,PONTIAC,VERACRUZ,PLATA,HECHO EN USA,1G2NVIZE,P - PARTICULAR,NO,50,HOMBRE,,NO,CAMBIAR CARRIL SIN PRECAUCIÓN,NO APLICA,2500,,,,,,,,,,,,,,,,,,,,,,
102,,,,,,,,,,,,,,,,,,,,,,,,,,C - CAMIONETA,CHRYSLER,TOW COUNTRY,VERACRUZ,BLANCO,HECHO EN USA,2MRR6DX8A192,P - PARTICULAR,SI,39,HOMBRE,A,SI,,,300,,,,,,,,,,,,,,,,,,,,,,
103,XALAPA,04/10/2014,JUEVES,,11:30,13:00,XALAPA,XALAPA,URBANA,,,ARCO SUR,,,BUENO,,ASFALTO,,ASCENDENTE,NINGUNA,SIN RESTRICCIÓN,COLISIÓN,ÁNGULO,,3,A - AUTOMÓVIL,NISSAN,TSURU,VERACRUZ,BROWNISH,MRA8144563H,3NIAB7AAXDL75620,P - PARTICULAR,SI,29,HOMBRE,A,NO,,,5500,2,,,,,,,,,,,,,,,,,,,,,
103,,,,,,,,,,,14,,,,,,,,,,,,,,,A - AUTOMÓVIL,NISSAN,TSURU,VERACRUZ,ROJO,G181598,3NIHJ1556L2051,P - PARTICULAR,NO,18,HOMBRE,A,SI,OTRO,NO APLICA,3500,,,,2,,,,,,,,,,,,,,,,,,
103,,,,,,,,,,,,,,,,,,,,,,,,,,A - AUTOMÓVIL,CHEVROLET,CHEVY,VERACRUZ,NEGRO,HECHO EN MEXICO,3Q1PX6973536,P - PARTICULAR,NO,37,HOMBRE,A,SI,,,5000,,,,,,,,,,,,,,,,,,,,,,
104,XALAPA,04/10/2014,JUEVES,,14:10,,XALAPA,XALAPA,URBANA,,,AVENIDA LAZARO CARDENAS,EL MIRADOR,,BUENO,,CONCRETO,,DESCENDENTE,NINGUNA,SIN RESTRICCIÓN,COLISIÓN,LATERAL,,2,,,,,,,,,,,,,,,,,0,,,,,,,,,,,,,,,,,,,,,
104,,,,,,,,,,,1,,,,,,,,,,,,,,,CC - CAMIÓN DE CARGA,DODGE,D-600,VERACRUZ,AZUL,SIN NUMERO,PM104498,P - PARTICULAR,SI,35,HOMBRE,A,SI,VELOCIDAD INMODERADA,NO APLICA,MINIMOS,,,,,,,,,,,,,,,,,,,,,,
104,,,,,,,,,,,,,,,,,,,,,,,,,,A - AUTOMÓVIL,NISSAN,TSURU,VERACRUZ,BLANCO,E1678704A,4BAM1324611,P - PARTICULAR,NO,30,HOMBRE,C,SI,,,3500,,,,,,,,,,,,,,,,,,,,,,
105,XALAPA,04/10/2014,JUEVES,14:30,14:50,,XALAPA,XALAPA,URBANA,,,BUGAMBILIAS,EMILIANO ZAPATA,,BUENO,SOLEADO,ASFALTO,SECO,A NIVEL,MARCA EN PAVIMENTO,SIN RESTRICCIÓN,COLISIÓN,ÁNGULO,,2,,,,,,,,,,,,,,,,,0,,,,,,,,,,,,,,,,,,,,,