idMES,DELEGACION DE TRANSITO,FECHA DEL ACCIDENTE,DIA DE LA SEMANA,HORA EN QUE SE RECIBIO LA LLAMADA REPORTANDO EL ACCIDENTE,HORA DE ARRIBO DEL PERITO AL SITIO,HORA DE REGRESO DEL PERITO A LAS INSTALACIONES DE SU DELEGACION,LOCALIDAD ACCIDENTE,MUNICIPIO ACCIDENTE,ZONA,CARRETERA/KILOMETRO DEL ACCIDENTE,NUMERO DE AVENIDA,CALLE/AVENIDA DEL ACCIDENTE,COLONIA,ENTRE CALLES,CONDICIONES DE LA VIA,CONDICIONES NATURALES,SUPERFICIE DE LA VIA,ESTADO DE LA VIA,TANGENTE,TIPO DE CONTROL DE TRANSITO,RESTRICCIONES DE LA VIA,TIPO DE ACCIDENTE,FORMA DE ACCIDENTARSE,CONTRA QUE FUE EL IMPACTO,CANTIDAD DE VEHICULOS,TIPO DE VEHICULO,MARCA,SUBMARCA,ENTIDAD FEDERATIVA DEL VEHICULO,COLOR DEL VEHICULO,MOTOR,SERIE,TIPO DE SERVICIO PARA EL QUE SE OCUPAN LOS VEHICULOS,ASEGURADO,EDAD CONDUCTOR,SEXO CONDUCTOR,TIPO LICENCIA,LICENCIA VIGENTE,CAUSA ATRIBUIBLE AL CONDUCTOR,CAUSA ATRIBUIBLE AL PEATON,DANIOS (MONTO APROXIMADO EN MXN),NUMERO DE HERIDOS,MUJER HERIDA DE 0-15 ANIOS,HOMBRE HERIDO DE 0-15 ANIOS,MUJER HERIDA DE 16-30 ANIOS,HOMBRE HERIDO DE 16-30 ANIOS,MUJER HERIDA DE 31-45 ANIOS,HOMBRE HERIDO DE 31-45 ANIOS,MUJER HERIDA DE 46-60 ANIOS,HOMBRE HERIDO DE 46-60 ANIOS,MUJER HERIDA MAS DE 60 ANIOS,HOMBRE HERIDO MAS DE 60 ANIOS,NUMERO DE MUERTOS,MUJER MUERTA DE 0-15 ANIOS,HOMBRE MUERTO DE 0-15 ANIOS,MUJER MUERTA DE 16-30 ANIOS,HOMBRE MUERTO DE 16-30 ANIOS,MUJER MUERTA DE 31-45 ANIOS,HOMBRE MUERTO DE 31-45 ANIOS,MUJER MUERTA DE 46-60 ANIOS,HOMBRE MUERTO DE 46-60 ANIOS,MUJER MUERTA MAS DE 60 ANIOS,HOMBRE MUERTO MAS DE 60 ANIOS
105,,,,,,,,,,,,,,,,,,,,,,,,,,C - CAMIONETA,HONDA,CIVIC,CHIAPAS,VERDE,1197,2HGJ65NH5792,P - PARTICULAR,NO,18,MUJER,,NO,NO RESPETAR CEDA EL PASO,NO APLICA,2500,,,,,,,,,,,,,,,,,,,,,,
105,,,,,,,,,,,,,,,,,,,,,,,,,,A - AUTOMÓVIL,JEEP,CHEROKEE,VERACRUZ,BLANCO,SIN NUMERO,1J4676854P1,P - PARTICULAR,NO,53,HOMBRE,,NO,,,2000,,,,,,,,,,,,,,,,,,,,,,
106,XALAPA,04/10/2014,JUEVES,,15:00,,XALAPA,XALAPA,URBANA,,,LUCIO BLANCO,OBRERO CAMPESINA,,BUENO,SOLEADO,CONCRETO,SECO,A NIVEL,NINGUNA,SIN RESTRICCIÓN,COLISIÓN,ÁNGULO,,2,,,,,,,,,,,,,,,,,0,,,,,,,,,,,,,,,,,,,,,
106,,,,,,,,,,,,,,,,,,,,,,,,,,A - AUTOMÓVIL,NISSAN,TSURU,VERACRUZ,BLANCO/VERDE,GA16881020Y,3NIEB3156DK3003337,PUBLICO ESTATAL,SI,21,HOMBRE,A,SI,NO RESPETAR SEMÁFORO,NO APLICA,300,,,,,,,,,,,,,,,,,,,,,,
106,,,,,,,,,,,,,,,,,,,,,,,,,,A - AUTOMÓVIL,CHEVROLET,CORSA,VERACRUZ,BLANCO,HECHO EN BRASIL,93CX68CI09590,P - PARTICULAR,SI,42,HOMBRE,C,SI,,,600,,,,,,,,,,,,,,,,,,,,,,
107,XALAPA,04/10/2014,JUEVES,,20:10,,XALAPA,XALAPA,URBANA,,,ENCANTO,MIRADOR,,BUENO,,CONCRETO,,DESCENDENTE,NINGUNA,SIN RESTRICCIÓN,COLISIÓN,ÁNGULO,,3,A - AUTOMÓVIL,CHRYSLER,ATOS,VERACRUZ,BLANCO/VERDE,HECHO EN INDIA,MALAB51HAM500116,PE - PÚBLICO ESTATAL,SI,39,HOMBRE,A,SI,,,12000,0,,,,,,,,,,,,,,,,,,,,,
107,,,,,,,,,,,,,,,,,,,,,,,,,,A - AUTOMÓVIL,FORD,FIESTA,VERACRUZ,PLATINA,HECHO EN USA,9BFTN285084195,P - PARTICULAR,NO,28,HOMBRE,C,SI,OTRO,NO APLICA,8000,,,,,,,,,,,,,,,,,,,,,,
107,,,,,,,,,,,,,,,,,,,,,,,,,,A - AUTOMÓVIL,FORD,SEDAN,DISTRITO FEDERAL,GRIS,H24658,A2P24658,P - PARTICULAR,NO,,,,NO,,,800,,,,,,,,,,,,,,,,,,,,,,
108,XALAPA,04/10/2014,JUEVES,21:25,21:35,10:08,XALAPA,XALAPA,URBANA,,,TEPIC,PROGRESO MACUILTEPEC,NUEVO LEON,BUENO,,CONCRETO,,A NIVEL,NINGUNA,SIN RESTRICCIÓN,COLISIÓN,POR ALCANCE,,2,,,,,,,,,,,,,,,,,0,,,,,,,,,,,,,,,,,,,,,
108,,,,,,,,,,,,,,,,,,,,,,,,,,A - AUTOMÓVIL,VOLKSWAGEN,SEDAN,VERACRUZ,ROJO,ACD117386,118004487,P - PARTICULAR,SI,44,HOMBRE,A,SI,NO GUARDAR DISTANCIA,OTRO,2000,,,,,,,,,,,,,,,,,,,,,,
108,,,,,,,,,,,,,,,,,,,,,,,,,,A - AUTOMÓVIL,NISSAN,SEDAN,VERACRUZ,BLANCO/VERDE,GA167605454,3NIEB3157K304989,PE - PÚBLICO ESTATAL,SI,38,HOMBRE,A,SI,,,1500,,,,,,,,,,,,,,,,,,,,,,
109,XALAPA,04/10/2014,JUEVES,,22:10,22:40,XALAPA,XALAPA,URBANA,,,ALBERTO MORA BERISTIAN,BENITO JUAREZ,7 DE NOVIEMBRE,BUENO,,CONCRETO,SECO,A NIVEL,NINGUNA,SIN RESTRICCIÓN,COLISIÓN,LATERAL,,2,,,,,,,,,,,,,,,,,0,,,,,,,,,,,,,,,,,,,,,
109,,,,,,,,,,,,,,,,,,,,,,,,,,CC - CAMIÓN DE CARGA,EXPRESS,FEDER 3500,VERACRUZ,AMARILLO,5B43407,3FCA5A13A22208,P - PARTICULAR,NO,29,HOMBRE,B,SI,CAMBIAR CARRIL SIN PRECAUCIÓN,NO APLICA,800,,,,,,,,,,,,,,,,,,,,,,
109,,,,,,,,,,,,,,,,,,,,,,,,,,A - AUTOMÓVIL,NISSAN,6868-XCV,VERACRUZ,ROJO/BLANCO,QG185850159,3NIEC5150L494359,PE - PÚBLICO ESTATAL,SI,41,HOMBRE,A,SI,,,1500,,,,,,,,,,,,,,,,,,,,,,
110,XALAPA,04/10/2014,JUEVES,,09:15,,XALAPA,XALAPA,URBANA,,,AVENIDA ARAUCARIAS,INDECO ANIMAS,,BUENO,SOLEADO,CONCRETO,SECO,A NIVEL,NINGUNA,SIN RESTRICCIÓN,COLISIÓN,POR ALCANCE,,2,,,,,,,,,,,,,,,,,2,,,,,,,,,,,,,,,,,,,,,
110,,,,,,,,,,,,,,,,,,,,,,,,,,C - CAMIONETA,CHEVROLET,TAHOE,PUEBLA,NEGRO,IMPORTADO,1GNSC6EDRI190188,P - PARTICULAR,NO,40,MUJER,A,SI,NO GUARDAR DISTANCIA,NO APLICA,2000,,,,2,,,,,,,,,,,,,,,,,,
110,,,,,,,,,,,,,,,,,,,,,,,,,,A - AUTOMÓVIL,VOLKSWAGEN,GOLF,VERACRUZ,AMARILLO,CFZ955907,9BWAB05UDP16123,P - PARTICULAR,SI,21,HOMBRE,A,SI,,,7000,,,,,,,,,,,,,,,,,,,,,,
111,XALAPA,04/10/2014,JUEVES,,22:25,,XALAPA,XALAPA,URBANA,,,AVENIDA LAZARO CARDENAS,ENCINAL,CHEDRAUI CARAM,BUENO,,ASFALTO,SECO,A NIVEL,NINGUNA,SIN RESTRICCIÓN,COLISIÓN,POR ALCANCE,,2,,,,,,,,,,,,,,,,,0,,,,,,,,,,,,,,,,,,,,,
111,,,,,,,,,,,1,,,,,,,,,,,,,,,A - AUTOMÓVIL,CHRYSLER,SHADOW,DISTRITO FEDERAL,ROJO,SIN NUMERO,1GRR8978424,P - PARTICULAR,NO,41,HOMBRE,B,SI,NO GUARDAR DISTANCIA,NO APLICA,4000,,,,,,,,,,,,,,,,,,,,,,
111,,,,,,,,,,,,,,,,,,,,,,,,,,B - BICICLETA,TOYOTA,TACOMA,VERACRUZ,ROJO/GRIS,SIN NUMERO,3TMLU4ENKEM146763,P - PARTICULAR,SI,39,HOMBRE,B,SI,,,7000,,,,,,,,,,,,,,,,,,,,,,
112,XALAPA,04/11/2014,VIERNES,,08:30,,XALAPA,XALAPA,URBANA,,,AVENIDA LAZARO CARDENAS,,LAS TRANCAS,BUENO,,ASFALTO,SECO,A NIVEL,NINGUNA,SIN RESTRICCIÓN,COLISIÓN,ÁNGULO,VEHÍCULO CIRCULANDO,2,AS - AUTOBÚS SUBURBANO,INTERNATIONAL,CHASIS,VERACRUZ,,,,PE - PÚBLICO ESTATAL,,37,HOMBRE,A,SI,CAMBIAR CARRIL SIN PRECAUCIÓN,NO APLICA,2000,0,,,,,,,,,,,,,,,,,,,,,
112,,,,,,,,,,,1,,,,,,,,,,,,,,,A - AUTOMÓVIL,VOLKSWAGEN,,VERACRUZ,,,,PE - PÚBLICO ESTATAL,,29,HOMBRE,A,SI,,,4000,,,,,,,,,,,,,,,,,,,,,,
113,XALAPA,04/11/2014,VIERNES,,10:30,,XALAPA,XALAPA,URBANA,,,RAMON LOPEZ VELARDE,VASCONCELOS,,REGULAR,SOLEADO,CONCRETO,SECO,DESCENDENTE,NINGUNA,SIN RESTRICCIÓN,COLISIÓN,POR ALCANCE,VEHÍCULO CIRCULANDO,2,A - AUTOMÓVIL,VOLKSWAGEN,SEDAN,VERACRUZ,ROJO,1464,1132497741,P - PARTICULAR,NO,44,HOMBRE,,,NO GUARDAR DISTANCIA,NO APLICA,500,0,,,,,,,,,,,,,,,,,,,,,
113,,,,,,,,,,,,,,,,,,,,,,,,,,A - AUTOMÓVIL,NISSAN,TSURU,VERACRUZ,BLANCO/VERDE,GA167680472,3N1EB31S4EK33101,PE - PÚBLICO ESTATAL,SI,40,HOMBRE,A,SI,,,1000,,,,,,,,,,,,,,,,,,,,,,
114,XALAPA,04/11/2014,VIERNES,10:38,10:45,11:05,XALAPA,XALAPA,URBANA,,,IGNACIO DE LA LLAVE,SALUD,,BUENO,SOLEADO,CONCRETO,SECO,A NIVEL,NINGUNA,SIN RESTRICCIÓN,COLISIÓN,POR ALCANCE,VEHÍCULO CIRCULANDO,2,A - AUTOMÓVIL,NISSAN,VERSA,VERACRUZ,ROJO,HK167093010,3N1CN7AD4DK3010157,P - PARTICULAR,SI,20,HOMBRE,C,SI,NO GUARDAR DISTANCIA,NO APLICA,5000,0,,,,,,,,,,,,,,,,,,,,,
114,,,,,,,,,,,,,,,,,,,,,,,,,,C - CAMIONETA,FORD,F-150,VERACRUZ,PLATA,SIN NUMERO,3FTEF17263MB19510,P - PARTICULAR,SI,55,HOMBRE,B,SI,,,1500,,,,,,,,,,,,,,,,,,,,,,
115,XALAPA,04/11/2014,VIERNES,,11:00,11:20,XALAPA,XALAPA,URBANA,,,AVENIDA XALAPA,,RUIZ CORTINES,REGULAR,SOLEADO,ASFALTO,SECO,A NIVEL,NINGUNA,SIN RESTRICCIÓN,COLISIÓN,ÁNGULO,VEHÍCULO CIRCULANDO,2,A - AUTOMÓVIL,NISSAN,TSURU,VERACRUZ,BLANCO/VERDE,GA16890627W,3N1EB31S79K363678,PE - PÚBLICO ESTATAL,SI,47,HOMBRE,A,SI,CAMBIAR CARRIL SIN PRECAUCIÓN,NO APLICA,2500,0,,,,,,,,,,,,,,,,,,,,,
115,,,,,,,,,,,,,,,,,,,,,,,,,,A - AUTOMÓVIL,NISSAN,TIDA,VERACRUZ,BLANCO/VERDE,MR18479999H,3N1EBC1ASGAL400108,PE - PÚBLICO ESTATAL,SI,24,HOMBRE,A,SI,,,3000,,,,,,,,,,,,,,,,,,,,,,
116,XALAPA,04/11/2014,VIERNES,,11:20,,XALAPA,XALAPA,URBANA,,,ARCO SUR,RESERVA TERRITORIAL,,BUENO,SOLEADO,ASFALTO,SECO,A NIVEL,SEMÁFORO FUNCIONANDO,SIN RESTRICCIÓN,COLISIÓN,ÁNGULO,VEHÍCULO CIRCULANDO,2,A - AUTOMÓVIL,FORD,TOPAZ,VERACRUZ,BLANCO,F23311,AL92GE22311,P - PARTICULAR,NO,58,HOMBRE,B,SI,NO RESPETAR SEMÁFORO,NO APLICA,5000,0,,,,,,,,,,,,,,,,,,,,,
116,,,,,,,,,,,,,,,,,,,,,,,,,,A - AUTOMÓVIL,VOLKSWAGEN,JETTA,VERACRUZ,AZUL,CBP025878,3VWRU69M8M62963,P - PARTICULAR,SI,28,HOMBRE,C,SI,,,10000,,,,,,,,,,,,,,,,,,,,,,
117,XALAPA,04/11/2014,VIERNES,,12:30,12:55,XALAPA,XALAPA,URBANA,,,ARCO SUR,LOMAS VERDES,,REGULAR,SOLEADO,CONCRETO,SECO,A NIVEL,NINGUNA,SIN RESTRICCIÓN,COLISIÓN,POR ALCANCE,VEHÍCULO CIRCULANDO,2,A - AUTOMÓVIL,NISSAN,TSURU,VERACRUZ,BLANCO/VERDE,GA16746994Y,3N1EB31SDAK340353,PE - PÚBLICO ESTATAL,SI,33,HOMBRE,A,SI,NO GUARDAR DISTANCIA,NO APLICA,1000,0,,,,,,,,,,,,,,,,,,,,,
117,,,,,,,,,,,,,,,,,,,,,,,,,,A - AUTOMÓVIL,NISSAN,TSURU,VERACRUZ,BLANCO/VERDE,GA168208184,3N1EB31S4CK300688,PE - PÚBLICO ESTATAL,SI,61,HOMBRE,A,SI,,,2500,,,,,,,,,,,,,,,,,,,,,,
118,XALAPA,04/11/2014,VIERNES,,15:00,,XALAPA,XALAPA,URBANA,,,AVENIDA LAZARO CARDENAS,POMONA,VERACRUZ Y ZEMPOALA,BUENO,,ASFALTO,SECO,A NIVEL,NINGUNA,SIN RESTRICCIÓN,COLISIÓN,ÁNGULO,VEHÍCULO CIRCULANDO,2,C - CAMIONETA,CHRYSLER,MITSUBISHI,VERACRUZ,BLANCO,NM7086,JE3AA48F28200455,P - PARTICULAR,,59,HOMBRE,C,SI,NO RESPETAR CEDA EL PASO,NO APLICA,1000,0,,,,,,,,,,,,,,,,,,,,,
118,,,,,,,,,,,1,,,,,,,,,,,,,,,AS - AUTOBÚS SUBURBANO,INTERNATIONAL,CHASIS,VERACRUZ,,,,PE - PÚBLICO ESTATAL,,39,HOMBRE,A,SI,,,2000,,,,,,,,,,,,,,,,,,,,,,
119,XALAPA,04/11/2014,VIERNES,,16:05,16:25,XALAPA,XALAPA,URBANA,,,AVENIDA LAZARO CARDENAS,RAFAEL LUCIO,LUIS HIDALGO MONRROY,REGULAR,SOLEADO,CONCRETO,SECO,A NIVEL,NINGUNA,SIN RESTRICCIÓN,COLISIÓN,POR ALCANCE,VEHÍCULO CIRCULANDO,2,C - CAMIONETA,NISSAN,X-TRAIL,VERACRUZ,BLANCO,QR25305716,JN8BT08T95W707477,P - PARTICULAR,NO,53,MUJER,C,SI,NO GUARDAR DISTANCIA,NO APLICA,1000,0,,,,,,,,,,,,,,,,,,,,,
119,,,,,,,,,,,,,,,,,,,,,,,,,,C - CAMIONETA,FORD,ECO-SPORT,VERACRUZ,GRIS,SIN NUMERO,98FUT35F6G8727392,P - PARTICULAR,SI,45,HOMBRE,B,SI,,,2000,,,,,,,,,,,,,,,,,,,,,,
120,XALAPA,04/11/2014,VIERNES,,16:40,17:00,XALAPA,XALAPA,URBANA,,,AVENIDA LAZARO CARDENAS,ENCINAL,VERACRUZ,REGULAR,SOLEADO,CONCRETO,SECO,ASCENDENTE,NINGUNA,SIN RESTRICCIÓN,COLISIÓN,POR ALCANCE,VEHÍCULO CIRCULANDO,2,A - AUTOMÓVIL,VOLKSWAGEN,BORA,DISTRITO FEDERAL,NEGRO,CCC039089,3VWH611K89M023926,P - PARTICULAR,NO,28,HOMBRE,A,SI,NO GUARDAR DISTANCIA,NO APLICA,2000,1,,,,,1,,,,,,,,,,,,,,,,
120,,,,,,,,,,,,,,,,,,,,,,,,,,A - AUTOMÓVIL,NISSAN,TSURU,VERACRUZ,BLANCO/ROJO,GA168685474,3N1EB31S5CK341234,P - PARTICULAR,SI,28,HOMBRE,A,SI,,,5000,,,,,,,,,,,,,,,,,,,,,,
121,XALAPA,04/11/2014,VIERNES,18:00,18:15,18:30,XALAPA,XALAPA,URBANA,,,CARRANZA,BENITO JUAREZ,BOLIVIA,BUENO,SOLEADO,CONCRETO,SECO,A NIVEL,SEMÁFORO FUNCIONANDO,SIN RESTRICCIÓN,COLISIÓN,LATERAL,VEHÍCULO CIRCULANDO,2,A - AUTOMÓVIL,VOLKSWAGEN,GOLF,VERACRUZ,VERDE,NW0979E4,1GNNN920294,P - PARTICULAR,NO,21,HOMBRE,C,SI,CAMBIAR CARRIL SIN PRECAUCIÓN,NO APLICA,2000,0,,,,,,,,,,,,,,,,,,,,,
121,,,,,,,,,,,,,,,,,,,,,,,,,,AS - AUTOBÚS SUBURBANO,FREIGHTLINER,CHASIS,VERACRUZ,BLANCO/ROJO,CN487112000,GN08421T1V211,P - PARTICULAR,NO,27,HOMBRE,,,,,1500,,,,,,,,,,,,,,,,,,,,,,
122,XALAPA,04/11/2014,VIERNES,18:30,18:40,18:50,XALAPA,XALAPA,URBANA,,,CARRANZA,FRANSCISCO I. MADERO,BOLIVIA,BUENO,SOLEADO,CONCRETO,SECO,A NIVEL,NINGUNA,SIN RESTRICCIÓN,COLISIÓN,POR ALCANCE,VEHÍCULO CIRCULANDO,2,A - AUTOMÓVIL,NISSAN,TSURU,VERACRUZ,BLANCO/VERDE,GA16716147Y,3N1EB31S6AK316750,PE - PÚBLICO ESTATAL,SI,28,HOMBRE,A,SI,NO GUARDAR DISTANCIA,NO APLICA,1000,0,,,,,,,,,,,,,,,,,,,,,
122,,,,,,,,,,,,,,,,,,,,,,,,,,A - AUTOMÓVIL,NISSAN,VERSA,VERACRUZ,ROJO,HECHO EN KOREA,KMHCV8BD40U366286,P - PARTICULAR,SI,38,HOMBRE,C,SI,,,3000,,,,,,,,,,,,,,,,,,,,,,
123,XALAPA,04/11/2014,VIERNES,13:50,14:05,14:35,XALAPA,XALAPA,URBANA,,,AVENIDA 20 DE NOVIEMBRE,CENTRO,CLAVIJERO,BUENO,SOLEADO,CONCRETO,SECO,A NIVEL,NINGUNA,SIN RESTRICCIÓN,COLISIÓN,ÁNGULO,VEHÍCULO CIRCULANDO,2,A - AUTOMÓVIL,CHRYSLER,CRUSIER,VERACRUZ,AZUL,HECHO EN MEXICO,5TS53451,P - PARTICULAR,NO,34,HOMBRE,B,SI,OTRO,NO APLICA,8000,0,,,,,,,,,,,,,,,,,,,,,
123,,,,,,,,,,,,,,,,,,,,,,,,,,C - CAMIONETA,NISSAN,ESTACAS,VERACRUZ,BLANCO,KA24289292A,3NGCD145361C022371,P - PARTICULAR,SI,33,HOMBRE,B,SI,,,18000,,,,,,,,,,,,,,,,,,,,,,
124,XALAPA,04/11/2014,VIERNES,,13:50,,XALAPA,XALAPA,URBANA,,,REBSAMEN,MARTIRES DE CHICAGO,XALAPA 2000,BUENO,,CONCRETO,SECO,A NIVEL,NINGUNA,SIN RESTRICCIÓN,COLISIÓN,ÁNGULO,VEHÍCULO CIRCULANDO,2,A - AUTOMÓVIL,VOLKSWAGEN,SEAT,VERACRUZ,,,VSSMK16L23R167820,P - PARTICULAR,,47,HOMBRE,,,OTRO,NO APLICA,15000,0,,,,,,,,,,,,,,,,,,,,,
124,,,,,,,,,,,,,,,,,,,,,,,,,,A - AUTOMÓVIL,NISSAN,TSURU,VERACRUZ,,,3N1EB31S27K317740,PE - PÚBLICO ESTATAL,,40,HOMBRE,A,SI,,,18000,,,,,,,,,,,,,,,,,,,,,,
125,XALAPA,04/11/2014,VIERNES,,02:00,,XALAPA,XALAPA,URBANA,,,AVENIDA LAZARO CARDENAS,,FTE. ALA RENAULT,BUENO,,CONCRETO,SECO,ASCENDENTE,NINGUNA,SIN RESTRICCIÓN,VOLCADURA,,,1,A - AUTOMÓVIL,CHEVROLET,CHEVY,VERACRUZ,BLANCO,HECHO EN MEXICO,3G1SF61X86S1000704,P - PARTICULAR,,23,HOMBRE,B,SI,VELOCIDAD INMODERADA,NO APLICA,30000,0,,,,,,,,,,,,,,,,,,,,,
126,XALAPA,04/11/2014,VIERNES,11:37,12:00,,XALAPA,XALAPA,URBANA,,,SAN MARINO,MONTE MAGNO,,BUENO,,CONCRETO,SECO,DESCENDENTE,NINGUNA,SIN RESTRICCIÓN,COLISIÓN,,OBJETO FIJO,1,CC - CAMIÓN DE CARGA,FAMSA,VOLTEO,VERACRUZ,BLANCO,SIN NUMERO,C2121WMED00346,P - PARTICULAR,,46,HOMBRE,A,SI,VELOCIDAD INMODERADA,NO APLICA,5000,0,,,,,,,,,,,,,,,,,,,,,
127,XALAPA,04/11/2014,VIERNES,19:00,19:20,,XALAPA,XALAPA,URBANA,,,RIO BRAVO,CAROLINO ANAYA,RIO SOTO LA MARINA,BUENO,,ASFALTO,SECO,DESCENDENTE,NINGUNA,SIN RESTRICCIÓN,COLISIÓN,,OBJETO FIJO,1,A - AUTOMÓVIL,VOLKSWAGEN,ATLANTIC,VERACRUZ,AZUL,,,P - PARTICULAR,,,,,,OTRO,NO APLICA,5000,0,,,,,,,,,,,,,,,,,,,,,
128,XALAPA,04/11/2014,VIERNES,00:20,00:30,,XALAPA,EMILIANO ZAPATA,URBANA,XALAPA-BUGAMBILIAS,,,,,BUENO,,ASFALTO,SECO,ASCENDENTE,NINGUNA,SIN RESTRICCIÓN,SALIDA DE CAMINO,,,1,A - AUTOMÓVIL,DODGE,STRATUS,VERACRUZ,BLANCO,,,P - PARTICULAR,,,,,,VELOCIDAD INMODERADA,NO APLICA,3000,0,,,,,,,,,,,,,,,,,,,,,
129,XALAPA,04/11/2014,VIERNES,23:50,00:00,,XALAPA,XALAPA,URBANA,,,AZUETA,,NEZAHUALCOYOTL,BUENO,,CONCRETO,SECO,ASCENDENTE,NINGUNA,SIN RESTRICCIÓN,COLISIÓN,POR ALCANCE,VEHÍCULO CIRCULANDO,3,A - AUTOMÓVIL,SUZUKI,SWIFT,VERACRUZ,BLANCO,,,P - PARTICULAR,,,,,,NO GUARDAR DISTANCIA,NO APLICA,5000,0,,,,,,,,,,,,,,,,,,,,,
129,,,,,,,,,,,,,,,,,,,,,,,,,,A - AUTOMÓVIL,NISSAN,TSURU,VERACRUZ,BLANCO/ROJO,GA16747979Z,3N1EB31S7EK314815,PE - PÚBLICO ESTATAL,,23,HOMBRE,A,SI,,,2000,,,,,,,,,,,,,,,,,,,,,,
129,,,,,,,,,,,,,,,,,,,,,,,,,,A - AUTOMÓVIL,NISSAN,VERSA,VERACRUZ,,HR16887026G,3N1CN7AD7EK42951,P - PARTICULAR,,33,MUJER,C,SI,,,,,,,,,,,,,,,,,,,,,,,,,
130,XALAPA,04/12/2014,SÁBADO,,10:45,,XALAPA,XALAPA,URBANA,,,AVENIDA LAZARO CARDENAS,,,BUENO,SOLEADO,CONCRETO,SECO,ASCENDENTE,NINGUNA,SIN RESTRICCIÓN,COLISIÓN,POR ALCANCE,VEHÍCULO CIRCULANDO,3,A - AUTOMÓVIL,NISSAN,TSURU,VERACRUZ,BLANCO/VERDE,GA16715808Y,3N1EB31S8AK316549,PE - PÚBLICO ESTATAL,SI,26,HOMBRE,A,SI,VELOCIDAD INMODERADA,NO APLICA,6000,4,1,1,,,1,,1,,,,,,,,,,,,,,
130,,,,,,,,,,,1,,,,,,,,,,,,,,,A - AUTOMÓVIL,FORD,FIESTA,VERACRUZ,ROJO,SIN NUMERO,9BFBT10N768477011,P - PARTICULAR,NO,43,HOMBRE,B,SI,,,10000,,,,,,,,,,,,,,,,,,,,,,
130,,,,,,,,,,,,,,,,,,,,,,,,,,A - AUTOMÓVIL,CHEVROLET,AVEO,VERACRUZ,NEGRO,HECHO EN MEXICO,3G1TA5AF8BL118365,P - PARTICULAR,NO,41,HOMBRE,B,SI,,,7000,,,,,,,,,,,,,,,,,,,,,,
131,XALAPA,04/12/2014,SÁBADO,,14:00,,XALAPA,XALAPA,URBANA,,,AVENIDA LAZARO CARDENAS,BADILLO,DE LA REPUBLICA,BUENO,,CONCRETO,SECO,ASCENDENTE,NINGUNA,SIN RESTRICCIÓN,COLISIÓN,LATERAL,VEHÍCULO CIRCULANDO,2,C - CAMIONETA,CHRYSLER,VOYAGER,VERACRUZ,AZUL,HECHO EN USA,1G46J25R65B129760,P - PARTICULAR,SI,40,MUJER,C,SI,CAMBIAR CARRIL SIN PRECAUCIÓN,NO APLICA,1000,0,,,,,,,,,,,,,,,,,,,,,
131,,,,,,,,,,,1,,,,,,,,,,,,,,,A - AUTOMÓVIL,CHEVROLET,CHEVY,VERACRUZ,BLANCO,HECHO EN MEXICO,3G1SF21X1AS113067,P - PARTICULAR,NO,53,HOMBRE,,,,,2500,,,,,,,,,,,,,,,,,,,,,,
132,XALAPA,04/12/2014,SÁBADO,,14:55,15:30,XALAPA,XALAPA,URBANA,,,IGNACIO DE LA LLAVE,SALUD,RUIZ CORTINES,BUENO,,CONCRETO,SECO,DESCENDENTE,NINGUNA,ACCIDENTE PREVIO,COLISIÓN,POR ALCANCE,VEHÍCULO CIRCULANDO,3,C - CAMIONETA,NISSAN,X-TRAIL,VERACRUZ,TITANIUM,QR25074510,JN1BT05A13W713320,P - PARTICULAR,SI,36,MUJER,B,SI,NO GUARDAR DISTANCIA,NO APLICA,1500,0,,,,,,,,,,,,,,,,,,,,,
132,,,,,,,,,,,,,,,,,,,,,,,,,,A - AUTOMÓVIL,NISSAN,TSURU,VERACRUZ,BLANCO/ROJO,GA16700907Y,3N1EB3159AK30412,PE - PÚBLICO ESTATAL,SI,23,HOMBRE,A,SI,,,2200,,,,,,,,,,,,,,,,,,,,,,
132,,,,,,,,,,,,,,,,,,,,,,,,,,AS - AUTOBÚS SUBURBANO,MERCEDES BENZ,CHASIS,VERACRUZ,BLANCO,3909005193,3AMBENEC9WS042702,PE - PÚBLICO ESTATAL,NO,46,HOMBRE,A,SI,,,500,,,,,,,,,,,,,,,,,,,,,,
133,XALAPA,04/12/2014,SÁBADO,,15:45,,XALAPA,XALAPA,URBANA,,,7 DE NOVIEMBRE,BENITO JUAREZ,NORA BERISTAIN Y BOLIVIA,BUENO,SOLEADO,ASFALTO,SECO,A NIVEL,NINGUNA,SIN RESTRICCIÓN,COLISIÓN,LATERAL,VEHÍCULO CIRCULANDO,2,A - AUTOMÓVIL,NISSAN,TSURU,VERACRUZ,BLANCO/VERDE,GA18315Z39Y,3N1EB631S2BK350312,PE - PÚBLICO ESTATAL,SI,44,HOMBRE,A,SI,CAMBIAR CARRIL SIN PRECAUCIÓN,NO APLICA,3000,1,,1,,,,,,,,,,,,,,,,,,,
133,,,,,,,,,,,,,,,,,,,,,,,,,,C - CAMIONETA,NISSAN,REDILAS,VERACRUZ,BLANCO,,,P - PARTICULAR,NO,37,HOMBRE,,,,,MINIMOS,,,,,,,,,,,,,,,,,,,,,,