idMES,DELEGACION DE TRANSITO,FECHA DEL ACCIDENTE,DIA DE LA SEMANA,HORA EN QUE SE RECIBIO LA LLAMADA REPORTANDO EL ACCIDENTE,HORA DE ARRIBO DEL PERITO AL SITIO,HORA DE REGRESO DEL PERITO A LAS INSTALACIONES DE SU DELEGACION,LOCALIDAD ACCIDENTE,MUNICIPIO ACCIDENTE,ZONA,CARRETERA/KILOMETRO DEL ACCIDENTE,NUMERO DE AVENIDA,CALLE/AVENIDA DEL ACCIDENTE,COLONIA,ENTRE CALLES,CONDICIONES DE LA VIA,CONDICIONES NATURALES,SUPERFICIE DE LA VIA,ESTADO DE LA VIA,TANGENTE,TIPO DE CONTROL DE TRANSITO,RESTRICCIONES DE LA VIA,TIPO DE ACCIDENTE,FORMA DE ACCIDENTARSE,CONTRA QUE FUE EL IMPACTO,CANTIDAD DE VEHICULOS,TIPO DE VEHICULO,MARCA,SUBMARCA,ENTIDAD FEDERATIVA DEL VEHICULO,COLOR DEL VEHICULO,MOTOR,SERIE,TIPO DE SERVICIO PARA EL QUE SE OCUPAN LOS VEHICULOS,ASEGURADO,EDAD CONDUCTOR,SEXO CONDUCTOR,TIPO LICENCIA,LICENCIA VIGENTE,CAUSA ATRIBUIBLE AL CONDUCTOR,CAUSA ATRIBUIBLE AL PEATON,DANIOS (MONTO APROXIMADO EN MXN),NUMERO DE HERIDOS,MUJER HERIDA DE 0-15 ANIOS,HOMBRE HERIDO DE 0-15 ANIOS,MUJER HERIDA DE 16-30 ANIOS,HOMBRE HERIDO DE 16-30 ANIOS,MUJER HERIDA DE 31-45 ANIOS,HOMBRE HERIDO DE 31-45 ANIOS,MUJER HERIDA DE 46-60 ANIOS,HOMBRE HERIDO DE 46-60 ANIOS,MUJER HERIDA MAS DE 60 ANIOS,HOMBRE HERIDO MAS DE 60 ANIOS,NUMERO DE MUERTOS,MUJER MUERTA DE 0-15 ANIOS,HOMBRE MUERTO DE 0-15 ANIOS,MUJER MUERTA DE 16-30 ANIOS,HOMBRE MUERTO DE 16-30 ANIOS,MUJER MUERTA DE 31-45 ANIOS,HOMBRE MUERTO DE 31-45 ANIOS,MUJER MUERTA DE 46-60 ANIOS,HOMBRE MUERTO DE 46-60 ANIOS,MUJER MUERTA MAS DE 60 ANIOS,HOMBRE MUERTO MAS DE 60 ANIOS
134,XALAPA,04/12/2014,SÁBADO,,15:50,,XALAPA,XALAPA,URBANA,,,AVENIDA LAZARO CARDENAS,POMONA,MAESTROS VERACRUZANOS,BUENO,,ASFALTO,SECO,ASCENDENTE,NINGUNA,SIN RESTRICCIÓN,COLISIÓN,ÁNGULO,VEHÍCULO CIRCULANDO,2,A - AUTOMÓVIL,CHEVROLET,AVEO,VERACRUZ,ROJO,HECHO EN MEXICO,3G1TA5AF0DL174775,P - PARTICULAR,SI,58,MUJER,A,SI,OTRO,NO APLICA,1300,0,,,,,,,,,,,,,,,,,,,,,
134,,,,,,,,,,,1,,,,,,,,,,,,,,,A - AUTOMÓVIL,NISSAN,TSURU,VERACRUZ,BLANCO/ROJO,GA16716003Y,3N1EB31S2AK316482,PE - PÚBLICO ESTATAL,SI,39,HOMBRE,C,SI,,,1000,,,,,,,,,,,,,,,,,,,,,,
135,XALAPA,04/12/2014,SÁBADO,,16:30,16:50,XALAPA,XALAPA,URBANA,,,AVENIDA LAZARO CARDENAS,SAHOP,PUENTE ANIMAS Y ESTANCIA GARNICA,BUENO,,CONCRETO,SECO,ASCENDENTE,NINGUNA,SIN RESTRICCIÓN,COLISIÓN,POR ALCANCE,VEHÍCULO CIRCULANDO,2,A - AUTOMÓVIL,NISSAN,TSURU,VERACRUZ,BLANCO/VERDE,GA16800313Y,3N1EB3155BK3369999,PE - PÚBLICO ESTATAL,SI,28,HOMBRE,A,SI,NO GUARDAR DISTANCIA,NO APLICA,2500,1,,,1,,,,,,,,,,,,,,,,,,
135,,,,,,,,,,,1,,,,,,,,,,,,,,,C - CAMIONETA,CHEVROLET,SILVERADO,VERACRUZ,BLANCO/AZUL,,,P - PARTICULAR,SI,35,HOMBRE,B,SI,,,1500,,,,,,,,,,,,,,,,,,,,,,
136,XALAPA,04/12/2014,SÁBADO,,17:35,,XALAPA,XALAPA,URBANA,,,AVENIDA XALAPA,MAGISTERIAL,,BUENO,,CONCRETO,SECO,ASCENDENTE,NINGUNA,SIN RESTRICCIÓN,COLISIÓN,POR ALCANCE,VEHÍCULO CIRCULANDO,2,A - AUTOMÓVIL,NISSAN,MARCH,VERACRUZ,GRIS,1NZ4767204,JTDBT923384010635,P - PARTICULAR,SI,21,HOMBRE,B,SI,NO GUARDAR DISTANCIA,NO APLICA,3000,0,,,,,,,,,,,,,,,,,,,,,
136,,,,,,,,,,,7,,,,,,,,,,,,,,,A - AUTOMÓVIL,TOYOTA,YARIS,VERACRUZ,BLANCO,HR168978186,3N1CK3CD6EL223454,P - PARTICULAR,SI,24,HOMBRE,C,SI,,,2000,,,,,,,,,,,,,,,,,,,,,,
137,XALAPA,04/12/2014,SÁBADO,,20:35,,XALAPA,XALAPA,URBANA,,,AVENIDA LAZARO CARDENAS,BENITO JUAREZ,JAZMIN Y PARAGUAY,BUENO,,ASFALTO,SECO,ASCENDENTE,NINGUNA,SIN RESTRICCIÓN,COLISIÓN,,VEHÍCULO ESTACIONADO,2,C - CAMIONETA,FORD,ECO-SPORT,DISTRITO FEDERAL,PLATA,934258,9BFUT35F388934258,P - PARTICULAR,SI,64,MUJER,A,SI,VELOCIDAD INMODERADA,NO APLICA,7000,0,,,,,,,,,,,,,,,,,,,,,
137,,,,,,,,,,,1,,,,,,,,,,,,,,,A - AUTOMÓVIL,HONDA,CITY,VERACRUZ,NEGRO,L15A75805275,MRHGM25L1BP030335,P - PARTICULAR,SI,,,,,,,18000,,,,,,,,,,,,,,,,,,,,,,
137,,,,,,,,,,,,,,,,,,,,,,,,,,A - AUTOMÓVIL,CHEVROLET,OPTRA,VERACRUZ,,IMPORTADO,KL1JJ51Z47K514031,P - PARTICULAR,SI,,,,,,,3000,,,,,,,,,,,,,,,,,,,,,,
138,XALAPA,04/12/2014,SÁBADO,,11:50,12:20,XALAPA,XALAPA,URBANA,,,AVENIDA LAZARO CARDENAS,UNIDAD POMONA,VERACRUZ,BUENO,,CONCRETO,SECO,A NIVEL,NINGUNA,SIN RESTRICCIÓN,ATROPELLAMIENTO,,,1,A - AUTOMÓVIL,CHRYSLER,NEON,VERACRUZ,GRIS,HECHO EN USA,1B3BS46C83DZ44702,P - PARTICULAR,NO,33,HOMBRE,B,SI,,OTRO,8000,1,,,,,1,,,,,,,,,,,,,,,,
138,,,,,,,,,,,1,,,,,,,,,,,,,,,,,,,,,,,,,,,,,,,,,,,,,,,,,,,,,,,,,,,,
139,XALAPA,04/12/2014,SÁBADO,19:25,19:40,,XALAPA,XALAPA,URBANA,,,CAÑON DEL COLORADO,CIRCUITO GUISAR Y VALENCIA,CAMINO ANTIGUO AL SUMIDERO,BUENO,,CONCRETO,SECO,ASCENDENTE,NINGUNA,SIN RESTRICCIÓN,COLISIÓN,ÁNGULO,VEHÍCULO CIRCULANDO,2,A - AUTOMÓVIL,NISSAN,TSURU,VERACRUZ,BLANCO,E16573655M,3BAMB1310115,P - PARTICULAR,,41,HOMBRE,,,OTRO,NO APLICA,1500,0,,,,,,,,,,,,,,,,,,,,,
139,,,,,,,,,,,,,,,,,,,,,,,,,,A - AUTOMÓVIL,NISSAN,TSURU,VERACRUZ,BLANCO/ROJO,,3N1EB3152BK339245,PE - PÚBLICO ESTATAL,,34,HOMBRE,A,SI,,,2500,,,,,,,,,,,,,,,,,,,,,,
140,XALAPA,04/12/2014,SÁBADO,,03:50,,XALAPA,XALAPA,URBANA,,,IGNACIO DE LA LLAVE,,MIGUEL ALEMAN,BUENO,,ASFALTO,SECO,A NIVEL,NINGUNA,SIN RESTRICCIÓN,VOLCADURA,,,1,A - AUTOMÓVIL,NISSAN,TIDA,VERACRUZ,ROJO,MR1B462177H,3N1BC1AS3AL384398,P - PARTICULAR,,,,,,VELOCIDAD INMODERADA,NO APLICA,2000,0,,,,,,,,,,,,,,,,,,,,,
141,XALAPA,13/04/2014,DOMINGO,08:40,08:55,09:15,XALAPA,XALAPA,URBANA,,,VILLA HERMOSA,PROGRESO MACUILTEPEC,LEON,BUENO,SOLEADO,ASFALTO,SECO,A NIVEL,NINGUNA,SIN RESTRICCIÓN,COLISIÓN,ÁNGULO,VEHÍCULO CIRCULANDO,2,C - CAMIONETA,FORD,COURIER,VERACRUZ,ROJO,SIN NUMERO,9BFBT33M2972174015,P - PARTICULAR,NO,19,HOMBRE,B,SI,"VUELTA EN ""U""",NO APLICA,1500,0,,,,,,,,,,,,,,,,,,,,,
141,,,,,,,,,,,,,,,,,,,,,,,,,,M - MOTOCICLETA,MOTONETA,YAMAHA,VERACRUZ,ROJO,SIN NUMERO,,P - PARTICULAR,NO,22,HOMBRE,,,,,7000,,,,,,,,,,,,,,,,,,,,,,
142,XALAPA,13/04/2014,DOMINGO,,09:55,10:10,XALAPA,XALAPA,URBANA,,,AVENIDA AVILA CAMACHO,CENTRO,SAYAGO,REGULAR,SOLEADO,ASFALTO,SECO,A NIVEL,SEMÁFORO FUNCIONANDO,SIN RESTRICCIÓN,COLISIÓN,ÁNGULO,VEHÍCULO CIRCULANDO,2,A - AUTOMÓVIL,VOLKSWAGEN,SEAT,VERACRUZ,BLANCO,CAXD42252,VSSBH2NH101018274,P - PARTICULAR,SI,32,HOMBRE,B,SI,CAMBIAR CARRIL SIN PRECAUCIÓN,NO APLICA,3500,0,,,,,,,,,,,,,,,,,,,,,
142,,,,,,,,,,,4,,,,,,,,,,,,,,,A - AUTOMÓVIL,NISSAN,TSURU,VERACRUZ,BLANCO/VERDE,GA16780164Z,3N1EB31SXE340583,PE - PÚBLICO ESTATAL,SI,48,HOMBRE,A,SI,,,3000,,,,,,,,,,,,,,,,,,,,,,
143,XALAPA,13/04/2014,DOMINGO,,21:55,22:00,XALAPA,XALAPA,URBANA,,,CIRCUITO PRESIDENTES,ISLETA,FTE. ALA USBI,REGULAR,,ASFALTO,SECO,A NIVEL,NINGUNA,SIN RESTRICCIÓN,COLISIÓN,LATERAL,VEHÍCULO CIRCULANDO,2,A - AUTOMÓVIL,NISSAN,TSURU,VERACRUZ,BLANCO/ROJO,GA16716729Y,3N1EB31SBAK317626,PE - PÚBLICO ESTATAL,SI,44,HOMBRE,A,SI,CAMBIAR CARRIL SIN PRECAUCIÓN,NO APLICA,2000,0,,,,,,,,,,,,,,,,,,,,,
143,,,,,,,,,,,,,,,,,,,,,,,,,,A - AUTOMÓVIL,NISSAN,TSURU,VERACRUZ,BLANCO,GA167516482,3N1EB31S0EK317958,P - PARTICULAR,SI,30,HOMBRE,B,SI,,,2000,,,,,,,,,,,,,,,,,,,,,,
144,XALAPA,13/04/2014,DOMINGO,,21:35,,XALAPA,XALAPA,URBANA,,,RIO CONSULADO,CAROLINO ANAYA,RIO COLOMBIA,BUENO,,CONCRETO,SECO,ASCENDENTE,NINGUNA,SIN RESTRICCIÓN,COLISIÓN,ÁNGULO,VEHÍCULO CIRCULANDO,2,C - CAMIONETA,CHRYSLER,NEON,VERACRUZ,MORADO,HECHO EN MEXICO,XT514882,P - PARTICULAR,,41,MUJER,,,OTRO,NO APLICA,7000,1,,,,,1,,,,,,,,,,,,,,,,
144,,,,,,,,,,,,,,,,,,,,,,,,,,A - AUTOMÓVIL,NISSAN,TSURU,VERACRUZ,BLANCO/VERDE,GA16718531Y,3N1EB31S8AK319090,PE - PÚBLICO ESTATAL,,34,HOMBRE,,,,,8000,,,,,,,,,,,,,,,,,,,,,,
145,XALAPA,13/04/2014,DOMINGO,,22:25,,XALAPA,XALAPA,URBANA,,,GONZALO VASQUEZ VELA,CAMINOS,LEOPOLDO FARIAS,BUENO,,CONCRETO,SECO,A NIVEL,NINGUNA,SIN RESTRICCIÓN,ATROPELLAMIENTO,,,1,A - AUTOMÓVIL,CHRYSLER,VOYAGER,VERACRUZ,VERDE,HECHO EN USA,2C4GP25R8XR338162,P - PARTICULAR,,73,HOMBRE,C,SI,OTRO,OTRO,1000,1,,,1,,,,,,,,,,,,,,,,,,
146,XALAPA,13/04/2014,DOMINGO,21:10,21:25,,XALAPA,XALAPA,URBANA,,,OBRERO,OBRERO CAMPESINA,,BUENO,,CONCRETO,SECO,ASCENDENTE,NINGUNA,SIN RESTRICCIÓN,OTRO,,,1,A - AUTOMÓVIL,NISSAN,TSURU,VERACRUZ,,,,,,,,,,OTRO,NO APLICA,10000,0,,,,,,,,,,,,,,,,,,,,,
147,XALAPA,13/04/2014,DOMINGO,22:10,22:30,,XALAPA,XALAPA,URBANA,,,AVENIDA LAZARO CARDENAS,,CHEDRAUI CARAM,BUENO,,CONCRETO,SECO,A NIVEL,NINGUNA,SIN RESTRICCIÓN,COLISIÓN,POR ALCANCE,VEHÍCULO CIRCULANDO,3,A - AUTOMÓVIL,NISSAN,TSURU,VERACRUZ,VERDE,GA16885250R,3N1EB31S33K467429,P - PARTICULAR,,44,HOMBRE,C,SI,NO GUARDAR DISTANCIA,NO APLICA,8000,5,,1,2,1,,,1,,,,,,,,,,,,,,
147,,,,,,,,,,,1,,,,,,,,,,,,,,,A - AUTOMÓVIL,VOLKSWAGEN,SEAT,VERACRUZ,ROJO,CEK049764,VS5MH6J0DR108296,P - PARTICULAR,,48,MUJER,C,SI,,,5000,,,,,,,,,,,,,,,,,,,,,,
147,,,,,,,,,,,,,,,,,,,,,,,,,,A - AUTOMÓVIL,VOLKSWAGEN,DERBY,VERACRUZ,ROJO,ADD294109,8AWJC9E25A687857,P - PARTICULAR,,22,HOMBRE,C,SI,,,3000,,,,,,,,,,,,,,,,,,,,,,
148,XALAPA,13/04/2014,DOMINGO,01:30,02:00,,XALAPA,EMILIANO ZAPATA,URBANA,,,PINOLTEPEC,,,BUENO,,ASFALTO,SECO,A NIVEL,NINGUNA,SIN RESTRICCIÓN,VOLCADURA,,,1,C - CAMIONETA,CHEVROLET,BLAZER,VERACRUZ,GRIS,PM173462,3GCCS13D8PM173462,P - PARTICULAR,,32,HOMBRE,,,VELOCIDAD INMODERADA,NO APLICA,25000,7,4,,1,,1,1,,,,,,,,,,,,,,,
149,XALAPA,14/04/2014,LUNES,,06:30,06:55,XALAPA,XALAPA,URBANA,,,MIGUEL ALEMAN,AGUACATAL,SOCONUSCO,REGULAR,,ASFALTO,SECO,A NIVEL,NINGUNA,SIN RESTRICCIÓN,COLISIÓN,ÁNGULO,VEHÍCULO CIRCULANDO,2,A - AUTOMÓVIL,NISSAN,NISS,VERACRUZ,BLANCO/VERDE,GA167428694,3N1EB31S5AK338959,PE - PÚBLICO ESTATAL,SI,30,HOMBRE,A,SI,NO RESPETAR CEDA EL PASO,NO APLICA,12000,1,,,1,,,,,,,,,,,,,,,,,,
149,,,,,,,,,,,,,,,,,,,,,,,,,,A - AUTOMÓVIL,FORD,MUSTANG,VERACRUZ,ROJO,HECHO EN USA,1ZVBP85F885118416,P - PARTICULAR,SI,34,HOMBRE,B,SI,,,12000,,,,,,,,,,,,,,,,,,,,,,
150,XALAPA,14/04/2014,LUNES,,09:55,,XALAPA,XALAPA,URBANA,,,AVENIDA LAZARO CARDENAS,,AGUA SANTA DOS,BUENO,SOLEADO,CONCRETO,SECO,ASCENDENTE,NINGUNA,SIN RESTRICCIÓN,COLISIÓN,POR ALCANCE,VEHÍCULO CIRCULANDO,4,C - CAMIONETA,NISSAN,CHASIS,VERACRUZ,GRIS,KA24911813M,3NGCD15S8YK0555346,P - PARTICULAR,NO,32,HOMBRE,B,SI,OTRO,NO APLICA,5000,0,,,,,,,,,,,,,,,,,,,,,
150,,,,,,,,,,,1,,,,,,,,,,,,,,,A - AUTOMÓVIL,VOLKSWAGEN,SEAT,PUEBLA,NEGRO,BBX047446,VSSRK46LX7R150504,P - PARTICULAR,NO,56,HOMBRE,B,SI,,,7000,,,,,,,,,,,,,,,,,,,,,,
150,,,,,,,,,,,,,,,,,,,,,,,,,,A - AUTOMÓVIL,CHRYSLER,BY DODGE,VERACRUZ,BLANCO/VERDE,HECHO EN INDIA,,PE - PÚBLICO ESTATAL,SI,52,HOMBRE,A,SI,,,4000,,,,,,,,,,,,,,,,,,,,,,
151,XALAPA,14/07/2014,LUNES,,10:05,,XALAPA,XALAPA,URBANA,,,AVENIDA LAZARO CARDENAS,,AGUA SANTA DOS,BUENO,SOLEADO,CONCRETO,,ASCENDENTE,NINGUNA,SIN RESTRICCIÓN,COLISIÓN,LATERAL,VEHÍCULO CIRCULANDO,2,A - AUTOMÓVIL,CHEVROLET,CHEVY,VERACRUZ,ROJO,HECHO EN MEXICO,3G1SE51X08S129016,P - PARTICULAR,SI,60,MUJER,B,SI,CAMBIAR CARRIL SIN PRECAUCIÓN,NO APLICA,4000,0,,,,,,,,,,,,,,,,,,,,,
151,,,,,,,,,,,1,,,,,,,,,,,,,,,AS - AUTOBÚS SUBURBANO,INTERNATIONAL,CHASIS,VERACRUZ,BLANCO/NARANJA,469HM2U1118835,3HVBNAAN1NN120135,PF- PÚBLICO FEDERAL,NO,30,HOMBRE,A,SI,,,1000,,,,,,,,,,,,,,,,,,,,,,
152,XALAPA,14/04/2014,LUNES,10:20,10:50,,XALAPA,XALAPA,URBANA,,,AVENIDA LAZARO CARDENAS,,JOAQUIN RAMIREZ CABAÑAS,BUENO,SOLEADO,ASFALTO,SECO,A NIVEL,MARCA EN PAVIMENTO,SIN RESTRICCIÓN,COLISIÓN,POR ALCANCE,VEHÍCULO CIRCULANDO,2,A - AUTOMÓVIL,NISSAN,TSURU,VERACRUZ,BLANCO,GA1689937SW,3N1EB31SLAK3028,PE - PÚBLICO ESTATAL,SI,46,HOMBRE,A,SI,NO GUARDAR DISTANCIA,NO APLICA,2500,0,,,,,,,,,,,,,,,,,,,,,
152,,,,,,,,,,,1,,,,,,,,,,,,,,,A - AUTOMÓVIL,SUZUKI,SX-4,VERACRUZ,BLANCO,J2081087305,J52YA5150E6100154,P - PARTICULAR,SI,46,HOMBRE,C,NO,,,4000,,,,,,,,,,,,,,,,,,,,,,
153,XALAPA,14/04/2014,LUNES,15:18,15:40,,XALAPA,XALAPA,URBANA,,,AVENIDA RUIZ CORTINES,,XALAPA,BUENO,SOLEADO,ASFALTO,SECO,A NIVEL,MARCA EN PAVIMENTO,SIN RESTRICCIÓN,COLISIÓN,LATERAL,VEHÍCULO CIRCULANDO,2,A - AUTOMÓVIL,FORD,FOCUS,VERACRUZ,ROJO,HECHO EN USA,1FADP3K22DL322940,P - PARTICULAR,,50,HOMBRE,C,NO,OTRO,NO APLICA,10000,0,,,,,,,,,,,,,,,,,,,,,
153,,,,,,,,,,,2,,,,,,,,,,,,,,,CC - CAMIÓN DE CARGA,DODGE,PERKIN,VERACRUZ,AZUL,HECHO EN MEXICO,L235887,P - PARTICULAR,,42,HOMBRE,B,SI,,,10000,,,,,,,,,,,,,,,,,,,,,,
154,XALAPA,14/04/2014,LUNES,,17:45,,XALAPA,XALAPA,URBANA,,,CAMINO ANTIGUO A NAOLINCO,MARGARITA MAZA DE JUAREZ,CALLE DOS,BUENO,,ASFALTO,SECO,A NIVEL,NINGUNA,SIN RESTRICCIÓN,COLISIÓN,LATERAL,VEHÍCULO CIRCULANDO,2,C - CAMIONETA,FORD,PICK UP,VERACRUZ,ARENA,,,P - PARTICULAR,,,,,,CAMBIAR CARRIL SIN PRECAUCIÓN,NO APLICA,300,0,,,,,,,,,,,,,,,,,,,,,
154,,,,,,,,,,,,,,,,,,,,,,,,,,A - AUTOMÓVIL,NISSAN,TSURU,VERACRUZ,BLANCO/ROJO,GA167347724,3N1EB31S3AK332173,PE - PÚBLICO ESTATAL,,32,HOMBRE,A,SI,,,2000,,,,,,,,,,,,,,,,,,,,,,
155,XALAPA,14/04/2014,LUNES,,19:55,20:35,XALAPA,XALAPA,URBANA,,,CAMINO ANTIGUO A NAOLINCO,FLORESTA,RIO COLOMBIA,BUENO,,CONCRETO,SECO,A NIVEL,NINGUNA,ACCIDENTE PREVIO,COLISIÓN,ÁNGULO,VEHÍCULO CIRCULANDO,2,CC - CAMIÓN DE CARGA,FREIGHTLINER,VOLTEO,VERACRUZ,BLANCO,9.03E+13,3ALACYCS6DDB22035,P - PARTICULAR,SI,30,HOMBRE,B,SI,NO RESPETAR CEDA EL PASO,NO APLICA,400,0,,,,,,,,,,,,,,,,,,,,,
155,,,,,,,,,,,,,,,,,,,,,,,,,,A - AUTOMÓVIL,NISSAN,TSURU,VERACRUZ,BLANCO/ROJO,GA16540048W,3N1EB31SX9KF316743,PE - PÚBLICO ESTATAL,SI,32,HOMBRE,A,SI,,,1500,,,,,,,,,,,,,,,,,,,,,,
156,XALAPA,14/04/2014,LUNES,,20:57,,XALAPA,XALAPA,URBANA,,,AVENIDA LAZARO CARDENAS,,PUENTE ARAUCARIAS,BUENO,,CONCRETO,SECO,DESCENDENTE,NINGUNA,SIN RESTRICCIÓN,COLISIÓN,ÁNGULO,VEHÍCULO CIRCULANDO,2,C - CAMIONETA,CHRYSLER,DODGE,VERACRUZ,BLANCO,HECHO EN MEXICO,3CGJDBBT4C6,P - PARTICULAR,NO,34,HOMBRE,B,SI,CAMBIAR CARRIL SIN PRECAUCIÓN,NO APLICA,3000,0,,,,,,,,,,,,,,,,,,,,,
156,,,,,,,,,,,1,,,,,,,,,,,,,,,A - AUTOMÓVIL,VOLKSWAGEN,JETTA,VERACRUZ,ROJO,CBP229318,3VWBV09M7BM049774,P - PARTICULAR,NO,20,HOMBRE,C,SI,,,1500,,,,,,,,,,,,,,,,,,,,,,
157,XALAPA,14/04/2014,LUNES,23:05,23:20,,XALAPA,XALAPA,URBANA,,,IGNACIO ALLENDE,REPRESA DEL CARMEN,REFORMA PLAN AGRARIO,BUENO,,CONCRETO,SECO,ASCENDENTE,NINGUNA,SIN RESTRICCIÓN,COLISIÓN,LATERAL,VEHÍCULO CIRCULANDO,2,A - AUTOMÓVIL,NISSAN,TSURU,VERACRUZ,BLANCO/VERDE,GA1672398904,3N1EB31SXAK336284,PE - PÚBLICO ESTATAL,SI,35,HOMBRE,A,SI,CAMBIAR CARRIL SIN PRECAUCIÓN,NO APLICA,1000,1,,,1,,,,,,,,,,,,,,,,,,
157,,,,,,,,,,,,,,,,,,,,,,,,,,M - MOTOCICLETA,YAMAHA,,PUEBLA,BLANCO/NEGRO,JYM154FM113000907,LBPKE1242E0067906,P - PARTICULAR,SI,27,HOMBRE,D,SI,,,3000,,,,,,,,,,,,,,,,,,,,,,
158,XALAPA,14/04/2014,LUNES,,23:25,23:55,XALAPA,XALAPA,URBANA,,,AVENIDA MURILLO VIDAL,FRACCIONAMIENTO ENSUEÑO,CTO. PRESIDENTES Y SANTOS DEGOLLADO,BUENO,,CONCRETO,SECO,A NIVEL,NINGUNA,ACCIDENTE PREVIO,COLISIÓN,POR ALCANCE,VEHÍCULO CIRCULANDO,2,A - AUTOMÓVIL,DODGE,ATOS,VERACRUZ,BLANCO/ROJO,HECHO EN INDIA,MALAB51H3BM642864,PE - PÚBLICO ESTATAL,SI,30,HOMBRE,A,SI,NO GUARDAR DISTANCIA,NO APLICA,800,0,,,,,,,,,,,,,,,,,,,,,
158,,,,,,,,,,,11,,,,,,,,,,,,,,,A - AUTOMÓVIL,RENAULT,CLIO,DISTRITO FEDERAL,ROJO,3BNBB2J686L309348,3BNBB2J686L309348,P - PARTICULAR,NO,25,HOMBRE,,,,,1200,,,,,,,,,,,,,,,,,,,,,,
159,XALAPA,14/04/2014,LUNES,,08:00,,XALAPA,XALAPA,URBANA,,,REVOLUCION,,POETA JESUS DIAZ,BUENO,,CONCRETO,SECO,A NIVEL,SEMÁFORO FUNCIONANDO,SIN RESTRICCIÓN,COLISIÓN,ÁNGULO,VEHÍCULO CIRCULANDO,2,A - AUTOMÓVIL,DODGE,ATOS,VERACRUZ,BLANCO/ROJO,HECHO EN INDIA,MALAB51H1AM484414,PE - PÚBLICO ESTATAL,SI,56,HOMBRE,A,SI,NO RESPETAR SEMÁFORO,NO APLICA,12000,0,,,,,,,,,,,,,,,,,,,,,
159,,,,,,,,,,,,,,,,,,,,,,,,,,A - AUTOMÓVIL,VOLKSWAGEN,GOLF,VERACRUZ,ROJO,ADD072597,3VW1B1HMTM101799,P - PARTICULAR,NO,26,HOMBRE,,,,,5000,,,,,,,,,,,,,,,,,,,,,,
160,XALAPA,14/04/2014,LUNES,12:30,12:50,,XALAPA,XALAPA,URBANA,,,FERROCARRIL INTEROCEANICO,LAURELES,PRIV. PUNTA,BUENO,,CONCRETO,SECO,DESCENDENTE,NINGUNA,SIN RESTRICCIÓN,COLISIÓN,ÁNGULO,VEHÍCULO CIRCULANDO,2,C - CAMIONETA,FFOD,SCAPE,VERACRUZ,GRIS,HECHO EN USA,1FMCUDG73DUD29693,P - PARTICULAR,,50,MUJER,C,SI,CAMBIAR CARRIL SIN PRECAUCIÓN,NO APLICA,1500,1,,,,1,,,,,,,,,,,,,,,,,
160,,,,,,,,,,,,,,,,,,,,,,,,,,M - MOTOCICLETA,YAMAHA,MOTONETA,VERACRUZ,NEGRO,,1FMCUDG73DUD29693,P - PARTICULAR,,28,HOMBRE,,,,,1500,,,,,,,,,,,,,,,,,,,,,,
161,XALAPA,15/04/2014,MARTES,08:05,08:20,,XALAPA,XALAPA,URBANA,,,AVENIDA LAZARO CARDENAS,BENITO JUAREZ,,BUENO,,CONCRETO,,A NIVEL,NINGUNA,SIN RESTRICCIÓN,COLISIÓN,POR ALCANCE,VEHÍCULO CIRCULANDO,2,A - AUTOMÓVIL,CHEVROLET,CAVALIER,VERACRUZ,NEGRO,,3G5JX14W0RS138705,P - PARTICULAR,,60,HOMBRE,,,OTRO,NO APLICA,4000,0,,,,,,,,,,,,,,,,,,,,,
161,,,,,,,,,,,1,,,,,,,,,,,,,,,C - CAMIONETA,FORD,ECO-SPORT,VERACRUZ,AZUL,HECHO EN USA,9BFUP3PT0D8830571,P - PARTICULAR,,35,HOMBRE,,,,,7000,,,,,,,,,,,,,,,,,,,,,,
162,XALAPA,15/04/2014,MARTES,,08:45,,XALAPA,XALAPA,URBANA,,,MAESTROS VERACRUZANOS,POMONA,,BUENO,,CONCRETO,SECO,A NIVEL,NINGUNA,SIN RESTRICCIÓN,COLISIÓN,POR ALCANCE,VEHÍCULO CIRCULANDO,2,C - CAMIONETA,NISSAN,NP-300,VERACRUZ,BLANCO,KA24464097A,3NG002549AK017052,P - PARTICULAR,SI,20,HOMBRE,B,SI,NO GUARDAR DISTANCIA,NO APLICA,5000,0,,,,,,,,,,,,,,,,,,,,,
162,,,,,,,,,,,,,,,,,,,,,,,,,,C - CAMIONETA,NISSAN,CAHSIS,VERACRUZ,BLANCO,KA24324485A,3NGDD14S87K0125B,P - PARTICULAR,SI,55,HOMBRE,B,SI,,,2000,,,,,,,,,,,,,,,,,,,,,,
163,XALAPA,15/04/2014,MARTES,,19:10,19:25,XALAPA,XALAPA,URBANA,,,ATENAS VERACRUZANAS,REVOLUCION,ARISTA,BUENO,,CONCRETO,SECO,A NIVEL,NINGUNA,SIN RESTRICCIÓN,COLISIÓN,MANIOBRA EN REVERSA,VEHÍCULO CIRCULANDO,2,C - CAMIONETA,CHRYSLER,H-100,VERACRUZ,BLANCO,HECHO EN KOREA,KMFXK1755U69275C,P - PARTICULAR,SI,35,HOMBRE,A,SI,OTRO,NO APLICA,500,0,,,,,,,,,,,,,,,,,,,,,