idMES,DELEGACION DE TRANSITO,FECHA DEL ACCIDENTE,DIA DE LA SEMANA,HORA EN QUE SE RECIBIO LA LLAMADA REPORTANDO EL ACCIDENTE,HORA DE ARRIBO DEL PERITO AL SITIO,HORA DE REGRESO DEL PERITO A LAS INSTALACIONES DE SU DELEGACION,LOCALIDAD ACCIDENTE,MUNICIPIO ACCIDENTE,ZONA,CARRETERA/KILOMETRO DEL ACCIDENTE,NUMERO DE AVENIDA,CALLE/AVENIDA DEL ACCIDENTE,COLONIA,ENTRE CALLES,CONDICIONES DE LA VIA,CONDICIONES NATURALES,SUPERFICIE DE LA VIA,ESTADO DE LA VIA,TANGENTE,TIPO DE CONTROL DE TRANSITO,RESTRICCIONES DE LA VIA,TIPO DE ACCIDENTE,FORMA DE ACCIDENTARSE,CONTRA QUE FUE EL IMPACTO,CANTIDAD DE VEHICULOS,TIPO DE VEHICULO,MARCA,SUBMARCA,ENTIDAD FEDERATIVA DEL VEHICULO,COLOR DEL VEHICULO,MOTOR,SERIE,TIPO DE SERVICIO PARA EL QUE SE OCUPAN LOS VEHICULOS,ASEGURADO,EDAD CONDUCTOR,SEXO CONDUCTOR,TIPO LICENCIA,LICENCIA VIGENTE,CAUSA ATRIBUIBLE AL CONDUCTOR,CAUSA ATRIBUIBLE AL PEATON,DANIOS (MONTO APROXIMADO EN MXN),NUMERO DE HERIDOS,MUJER HERIDA DE 0-15 ANIOS,HOMBRE HERIDO DE 0-15 ANIOS,MUJER HERIDA DE 16-30 ANIOS,HOMBRE HERIDO DE 16-30 ANIOS,MUJER HERIDA DE 31-45 ANIOS,HOMBRE HERIDO DE 31-45 ANIOS,MUJER HERIDA DE 46-60 ANIOS,HOMBRE HERIDO DE 46-60 ANIOS,MUJER HERIDA MAS DE 60 ANIOS,HOMBRE HERIDO MAS DE 60 ANIOS,NUMERO DE MUERTOS,MUJER MUERTA DE 0-15 ANIOS,HOMBRE MUERTO DE 0-15 ANIOS,MUJER MUERTA DE 16-30 ANIOS,HOMBRE MUERTO DE 16-30 ANIOS,MUJER MUERTA DE 31-45 ANIOS,HOMBRE MUERTO DE 31-45 ANIOS,MUJER MUERTA DE 46-60 ANIOS,HOMBRE MUERTO DE 46-60 ANIOS,MUJER MUERTA MAS DE 60 ANIOS,HOMBRE MUERTO MAS DE 60 ANIOS
163,,,,,,,,,,,,,,,,,,,,,,,,,,M - MOTOCICLETA,ITALIKA,RT 200,VERACRUZ,ROJO,LC163FMLAJQ034,3SCMDTGE4B1006915,P - PARTICULAR,SI,20,HOMBRE,D,SI,,,2000,,,,,,,,,,,,,,,,,,,,,,
164,XALAPA,15/04/2014,MARTES,,19:25,,XALAPA,XALAPA,URBANA,,,MURILLO VIDAL,ENSUEÑO,FASCINACION Y PRESIDENTES,BUENO,,CONCRETO,SECO,A NIVEL,NINGUNA,SIN RESTRICCIÓN,COLISIÓN,ÁNGULO,VEHÍCULO CIRCULANDO,2,C - CAMIONETA,HONDA,CRV,GUANAJUATO,,,,P - PARTICULAR,,24,HOMBRE,B,SI,"VUELTA EN ""U""",NO APLICA,1000,0,,,,,,,,,,,,,,,,,,,,,
164,,,,,,,,,,,,,,,,,,,,,,,,,,A - AUTOMÓVIL,NISSAN,TSURU,VERACRUZ,BLANCO/ROJO,,,P - PARTICULAR,,33,HOMBRE,A,SI,,,6000,,,,,,,,,,,,,,,,,,,,,,
165,XALAPA,15/04/2014,MARTES,,11:00,,XALAPA,XALAPA,URBANA,,,ENCANTO,MISION SAN CARLOS,COYOACAN,BUENO,,ASFALTO,SECO,DESCENDENTE,NINGUNA,SIN RESTRICCIÓN,COLISIÓN,ÁNGULO,VEHÍCULO CIRCULANDO,2,A - AUTOMÓVIL,NISSAN,TSURU,VERACRUZ,BLANCO/ROJO,,3N1EB31S29K323644,PE - PÚBLICO ESTATAL,,,HOMBRE,A,SI,OTRO,NO APLICA,15000,1,,,,,,,,,,1,,,,,,,,,,,
165,,,,,,,,,,,,,,,,,,,,,,,,,,A - AUTOMÓVIL,HONDA,CRV,MÉXICO,,,3N1CN7AD9CL941935,P - PARTICULAR,,27,MUJER,A,SI,,,35000,,,,,,,,,,,,,,,,,,,,,,
166,XALAPA,15/04/2014,MARTES,,17:30,,XALAPA,XALAPA,URBANA,,,AVENIDA 20 DE NOVIEMBRE,POMONA,,BUENO,,ASFALTO,SECO,A NIVEL,NINGUNA,SIN RESTRICCIÓN,COLISIÓN,POR ALCANCE,VEHÍCULO CIRCULANDO,2,C - CAMIONETA,CHRYSLER,CARAVAN,TAMAULIPAS,,,2B4FP25B0VR284123,P - PARTICULAR,,28,MUJER,B,SI,NO GUARDAR DISTANCIA,NO APLICA,1000,0,,,,,,,,,,,,,,,,,,,,,
166,,,,,,,,,,,5,,,,,,,,,,,,,,,A - AUTOMÓVIL,VOLKSWAGEN,GOLF,VERACRUZ,,,9BWDB05U3CT149521,P - PARTICULAR,,34,HOMBRE,C,SI,,,8000,,,,,,,,,,,,,,,,,,,,,,
167,XALAPA,15/04/2014,MARTES,,10:00,10:10,XALAPA,XALAPA,URBANA,,,GUSTAVO DIAZ ORDAZ,PREDIO DE LA VIRGEN,,BUENO,,CONCRETO,SECO,A NIVEL,NINGUNA,SIN RESTRICCIÓN,COLISIÓN,POR ALCANCE,VEHÍCULO CIRCULANDO,2,C - CAMIONETA,ISUZU,RODEO,VERACRUZ,BLANCO,SIN NUMERO,4S2CG58V5P43312487,P - PARTICULAR,,35,HOMBRE,B,SI,NO GUARDAR DISTANCIA,NO APLICA,1000,0,,,,,,,,,,,,,,,,,,,,,
167,,,,,,,,,,,,,,,,,,,,,,,,,,A - AUTOMÓVIL,CHEVROLET,CORSA,VERACRUZ,ROJO,HECHO EN BRASIL,93CX419RX5C215102,P - PARTICULAR,,50,HOMBRE,B,SI,,,3000,,,,,,,,,,,,,,,,,,,,,,
168,XALAPA,16/04/2014,MIÉRCOLES,,20:25,,XALAPA,XALAPA,URBANA,,,AVENIDA RUIZ CORTINES,UNIDAD DEL BOSQUE,,BUENO,,ASFALTO,SECO,A NIVEL,NINGUNA,SIN RESTRICCIÓN,SALIDA DE CAMINO,ÁNGULO,VEHÍCULO CIRCULANDO,2,A - AUTOMÓVIL,NISSAN,TSURU,VERACRUZ,ROJO/BLANCO,GA165616190,3NIEB31566X368825,PE - PÚBLICO ESTATAL,SI,53,HOMBRE,A,SI,NO RESPETAR CEDA EL PASO,NO APLICA,15000,0,,,,,,,,,,,,,,,,,,,,,
168,,,,,,,,,,,2,,,,,,,,,,,,,,,C - CAMIONETA,VOLKSWAGEN,TIGUAN,PUEBLA,BLANCO,CT052162,VWGF75NX9W531301,P - PARTICULAR,NO,28,HOMBRE,B,SI,,,8000,,,,,,,,,,,,,,,,,,,,,,
169,XALAPA,16/04/2014,MIÉRCOLES,,17:00,,XALAPA,XALAPA,URBANA,,,AVENIDA REBSAMEN No 272,MARTIRES DE CHICAGO,,BUENO,,ASFALTO,,A NIVEL,NINGUNA,SIN RESTRICCIÓN,COLISIÓN,POR ALCANCE,VEHÍCULO CIRCULANDO,2,A - AUTOMÓVIL,NISSAN,TSURU,VERACRUZ,BLANCO/ROJO,GA18778228W,3NIEB31578L33540,PE - PÚBLICO ESTATAL,SI,22,HOMBRE,A,SI,NO GUARDAR DISTANCIA,NO APLICA,800,0,,,,,,,,,,,,,,,,,,,,,
169,,,,,,,,,,,10,,,,,,,,,,,,,,,A - AUTOMÓVIL,NISSAN,SENTRA,VERACRUZ,BLANCO,MRZU7539421,3NIEAGAD90692501,P - PARTICULAR,SI,33,,A,NO,,,1000,,,,,,,,,,,,,,,,,,,,,,
170,XALAPA,16/04/2014,MIÉRCOLES,,06:30,,XALAPA,XALAPA,URBANA,,,ARCO SUR,RESERVA TERRITORIAL,,BUENO,,ASFALTO,,A NIVEL,NINGUNA,SIN RESTRICCIÓN,COLISIÓN,POR ALCANCE,VEHÍCULO CIRCULANDO,2,,,,,,,,,,,,,,,,,0,,,,,,,,,,,,,,,,,,,,,
170,,,,,,,,,,,14,,,,,,,,,,,,,,,A - AUTOMÓVIL,NISSAN,TSURU,VERACRUZ,BLANCO,GA16791483T,3NIEB53W1047120,P - PARTICULAR,NO,30,HOMBRE,A,SI,VELOCIDAD INMODERADA,OTRO,7000,,,,,,,,,,,,,,,,,,,,,,
170,,,,,,,,,,,,,,,,,,,,,,,,,,A - AUTOMÓVIL,NISSAN,TSURU,VERACRUZ,BLANCO/VERDE,GA167505644,3NIEB319AK3433288,PE - PÚBLICO ESTATAL,SI,57,HOMBRE,A,SI,,,10000,,,,,,,,,,,,,,,,,,,,,,
171,XALAPA,16/04/2014,MIÉRCOLES,,17:25,,XALAPA,XALAPA,URBANA,,,MAGNOLIAS,FRANSCISCO I. MADERO,,BUENO,LLUVIA,CONCRETO,SECO,A NIVEL,NINGUNA,SIN RESTRICCIÓN,COLISIÓN,POR ALCANCE,VEHÍCULO CIRCULANDO,2,,,,,,,,,,,,,,,,,0,,,,,,,,,,,,,,,,,,,,,
171,,,,,,,,,,,,,,,,,,,,,,,,,,A - AUTOMÓVIL,VOLKSWAGEN,SEDAN,VERACRUZ,VERDE,ACD295320,3VWSIA5320,P - PARTICULAR,NO,54,HOMBRE,,NO,NO RESPETAR SEÑAL DE ALTO,NO APLICA,1000,,,,,,,,,,,,,,,,,,,,,,
171,,,,,,,,,,,,,,,,,,,,,,,,,,A - AUTOMÓVIL,VOLKSWAGEN,JETTA,VERACRUZ,PLATA,CBP106477,3VVWRVO9M9634719,P - PARTICULAR,NO,34,HOMBRE,,NO,,,1000,,,,,,,,,,,,,,,,,,,,,,
172,XALAPA,16/04/2014,MIÉRCOLES,05:25,05:48,06:36,XALAPA,XALAPA,URBANA,,,TEOTIHUACAN FRENTE AL NO 5,SEBASTIAN LERDO DE TEJEDA,,BUENO,,CONCRETO,SECO,A NIVEL,NINGUNA,SIN RESTRICCIÓN,COLISIÓN,,OBJETO FIJO,1,,,,,,,,,,,,,,,,,0,,,,,,,,,,,,,,,,,,,,,
172,,,,,,,,,,,,,,,,,,,,,,,,,,A - AUTOMÓVIL,DODGE,I10,VERACRUZ,BLANCO,SIN NUMERO,SIN NUMERO,P - PARTICULAR,NO,24,HOMBRE,,NO,VELOCIDAD INMODERADA,OTRO,3500,,,,,,,,,,,,,,,,,,,,,,
173,XALAPA,16/04/2014,MIÉRCOLES,,16:13,16:55,XALAPA,XALAPA,URBANA,,,ALVARO OBREGON,,,BUENO,,ASFALTO,,A NIVEL,NINGUNA,SIN RESTRICCIÓN,SALIDA DE CAMINO,,,1,,,,,,,,,,30,HOMBRE,,NO,VELOCIDAD INMODERADA,OTRO,4000,0,,,,,,,,,,,,,,,,,,,,,
173,,,,,,,,,,,11,,,,,,,,,,,,,,,A - AUTOMÓVIL,VOLKSWAGEN,JETTA,VERACRUZ,PLATA,CBP275833,3VW2V49MXCM018043,P - PARTICULAR,SI,,,,,,,,,,,,,,,,,,,,,,,,,,,,,
174,XALAPA,16/04/2014,MIÉRCOLES,,21:15,,XALAPA,XALAPA,URBANA,,,CAMINO ANTIGUO A NAOLINCO,,,BUENO,,CONCRETO,SECO,ASCENDENTE,NINGUNA,SIN RESTRICCIÓN,COLISIÓN,ÁNGULO,VEHÍCULO CIRCULANDO,2,A - AUTOMÓVIL,CHEVROLET,CHEVY,VERACRUZ,PLATA,HECHO EN MEXICO,3G1SF2429X5515832,P - PARTICULAR,NO,22,HOMBRE,A,SI,NO RESPETAR SEÑAL DE ALTO,NO APLICA,3000,3,,,,,,,,,,,,,,,,,,,,,
174,,,,,,,,,,,,,,,,,,,,,,,,,,A - AUTOMÓVIL,NISSAN,TSURU,VERACRUZ,BLANCO/ROJO,GA168611615,3NIEB31504K538264,PE - PÚBLICO ESTATAL,SI,70,HOMBRE,A,SI,,,5000,,1,,1,,1,,,,,,,,,,,,,,,,
175,XALAPA,16/04/2014,MIÉRCOLES,21:40,22:10,23:00,XALAPA,XALAPA,URBANA,,,AGUSTIN RAMIREZ,RAFAEL LUCIO,,BUENO,SOLEADO,ASFALTO,SECO,ASCENDENTE,NINGUNA,SIN RESTRICCIÓN,COLISIÓN,LATERAL,VEHÍCULO CIRCULANDO,2,,,,,,,,,,,,,,,,,0,,,,,,,,,,,,,,,,,,,,,
175,,,,,,,,,,,,,,,,,,,,,,,,,,C - CAMIONETA,CHRYSLER,PLYMOUNTH,VERACRUZ,AZUL,SIN NUMERO,2PAGP453012605,P - PARTICULAR,NO,19,HOMBRE,,NO,CAMBIAR CARRIL SIN PRECAUCIÓN,NO APLICA,9000,,,,,,,,,,,,,,,,,,,,,,
175,,,,,,,,,,,,,,,,,,,,,,,,,,A - AUTOMÓVIL,NISSAN,TSURU,VERACRUZ,BLANCO/ROJO,GA16794727W,3NIEB31568K346756,PE - PÚBLICO ESTATAL,SI,41,HOMBRE,A,SI,,,1800,,,,,,,,,,,,,,,,,,,,,,
176,XALAPA,17/04/2014,JUEVES,,11:25,,XALAPA,XALAPA,URBANA,,,AVENIDA AVILA CAMACHO,CENTRO,28 DE AGOSTO,BUENO,SOLEADO,ASFALTO,SECO,ASCENDENTE,SEMÁFORO FUNCIONANDO,SIN RESTRICCIÓN,COLISIÓN,POR ALCANCE,VEHÍCULO CIRCULANDO,2,AS - AUTOBÚS SUBURBANO,INTERNATIONAL,,VERACRUZ,BLANCO,470HM2U1539942,3HVBZAAN39N064143,PE - PÚBLICO ESTATAL,NO,53,HOMBRE,A,SI,NO GUARDAR DISTANCIA,NO APLICA,500,0,,,,,,,,,,,,,,,,,,,,,
176,,,,,,,,,,,4,,,,,,,,,,,,,,,M - MOTOCICLETA,DINAMO,,VERACRUZ,BLANCO,162FMJ06911110,3CUU2ACF86X001127,P - PARTICULAR,NO,43,HOMBRE,,,,,2000,,,,,,,,,,,,,,,,,,,,,,
177,XALAPA,17/04/2014,JUEVES,,12:40,,XALAPA,XALAPA,URBANA,,,SOCONUSCO,PROGRESO MACUILTEPEC,AGUASCALIENTES,BUENO,,CONCRETO,SECO,DESCENDENTE,NINGUNA,SIN RESTRICCIÓN,COLISIÓN,ÁNGULO,VEHÍCULO CIRCULANDO,2,A - AUTOMÓVIL,CHRYSLER,FIAT,VERACRUZ,GIALLO ATTIM,HECHO EN POLONIA,ZFAAC8111C1931330,P - PARTICULAR,,19,MUJER,C,SI,NO RESPETAR CEDA EL PASO,NO APLICA,1000,0,,,,,,,,,,,,,,,,,,,,,
177,,,,,,,,,,,,,,,,,,,,,,,,,,C - CAMIONETA,JEEP,GRAND CHEROKEE,VERACRUZ,ROJO,HECHO EN USA,1JCUS7415FT132751,P - PARTICULAR,,40,HOMBRE,,,,,1000,,,,,,,,,,,,,,,,,,,,,,
178,XALAPA,17/04/2014,JUEVES,,14:20,,XALAPA,XALAPA,URBANA,,,IGNACIO DE LA LLAVE,REPRESA DEL CARMEN,,BUENO,,CONCRETO,SECO,A NIVEL,NINGUNA,SIN RESTRICCIÓN,COLISIÓN,LATERAL,VEHÍCULO CIRCULANDO,2,A - AUTOMÓVIL,CHEVROLET,CHEVY,VERACRUZ,TERRACOTA,HECHO EN MEXICO,3G1SF2439XS138204,P - PARTICULAR,,63,HOMBRE,,,CAMBIAR CARRIL SIN PRECAUCIÓN,NO APLICA,5000,0,,,,,,,,,,,,,,,,,,,,,
178,,,,,,,,,,,,,,,,,,,,,,,,,,A - AUTOMÓVIL,NISSAN,TSURU,VERACRUZ,BLANCO/ROJO,GA16890283W,3N1EB31S59K362643,PE - PÚBLICO ESTATAL,,54,MUJER,A,SI,,,5000,,,,,,,,,,,,,,,,,,,,,,
179,XALAPA,17/04/2014,JUEVES,,18:15,,XALAPA,XALAPA,URBANA,,,AVENIDA RUIZ CORTINES,REPRESA DEL CARMEN,FRANCISCO NAVARRETE,BUENO,,CONCRETO,SECO,A NIVEL,NINGUNA,SIN RESTRICCIÓN,COLISIÓN,POR ALCANCE,VEHÍCULO CIRCULANDO,2,CC - CAMIÓN DE CARGA,KEENWORTH,TRACTOR,VERACRUZ,,,3WKAD60X7VF487328,P - PARTICULAR,,36,HOMBRE,,,NO GUARDAR DISTANCIA,NO APLICA,1000,0,,,,,,,,,,,,,,,,,,,,,
179,,,,,,,,,,,2,,,,,,,,,,,,,,,A - AUTOMÓVIL,VOLKSWAGEN,SEDAN,VERACRUZ,,,11F0012780,P - PARTICULAR,,27,HOMBRE,B,SI,,,4000,,,,,,,,,,,,,,,,,,,,,,
180,XALAPA,17/04/2014,JUEVES,21:59,22:10,22:40,XALAPA,XALAPA,URBANA,,,SAYAGO,,,BUENO,,CONCRETO,SECO,A NIVEL,NINGUNA,SIN RESTRICCIÓN,COLISIÓN,ÁNGULO,VEHÍCULO CIRCULANDO,2,C - CAMIONETA,NISSAN,NP-300,VERACRUZ,BLANCO,KA24576599A,3X6DD2FF4CK054065,P - PARTICULAR,,31,HOMBRE,,SI,OTRO,NO APLICA,4000,1,,,1,,,,,,,,,,,,,,,,,,
180,,,,,,,,,,,,,,,,,,,,,,,,,,A - AUTOMÓVIL,NISSAN,TSURU,VERACRUZ,BLANCO/VERDE,GA16728204Y,3N1EB31S9AK327069,PE - PÚBLICO ESTATAL,,35,HOMBRE,A,SI,,,25000,,,,,,,,,,,,,,,,,,,,,,
181,XALAPA,17/04/2014,JUEVES,08:10,08:20,08:45,XALAPA,XALAPA,URBANA,,,AVENIDA MIGUEL ALEMAN,FERROCARRIL INTEROCEANICO,,BUENO,,ASFALTO,SECO,A NIVEL,NINGUNA,SIN RESTRICCIÓN,COLISIÓN,ÁNGULO,VEHÍCULO CIRCULANDO,2,A - AUTOMÓVIL,NISSAN,TSURU,VERACRUZ,BLANCO/VERDE,GA167616760802Y,,P - PARTICULAR,,33,HOMBRE,A,SI,,,7000,2,,,,2,,,,,,,,,,,,,,,,,
181,,,,,,,,,,,,,,,,,,,,,,,,,,M - MOTOCICLETA,DINAMO,,,,,,P - PARTICULAR,,27,HOMBRE,,,OTRO,NO APLICA,3000,,,,,,,,,,,,,,,,,,,,,,
181,,,,,,,,,,,,,,,,,,,,,,,,,,,,,,,,,,,,,,,,,,,,,,,,,,,,,,,,,,,,,,,
182,XALAPA,18/04/2014,VIERNES,23:26,23:45,00:35,XALAPA,XALAPA,URBANA,,,AVENIDA LAZARO CARDENAS,RAFAEL LUCIO,GILDARDO AVILES,BUENO,,CONCRETO,SECO,DESCENDENTE,NINGUNA,SIN RESTRICCIÓN,COLISIÓN,ÁNGULO,VEHÍCULO CIRCULANDO,2,,,,,,,,,,,,,,,,,0,,,,,,,,,,,,,,,,,,,,,
182,,,,,,,,,,,1,,,,,,,,,,,,,,,C - CAMIONETA,DODGE,CARAVAN,VERACRUZ,BLANCO,HECHO EN USA,2B4GP4R7T56334,P - PARTICULAR,NO,20,HOMBRE,,NO,NO RESPETAR CEDA EL PASO,NO APLICA,2000,,,,,,,,,,,,,,,,,,,,,,
182,,,,,,,,,,,,,,,,,,,,,,,,,,A - AUTOMÓVIL,NISSAN,TSURU,VERACRUZ,ROJO,GN6817437K,3NIEB315BK352173,PE - PÚBLICO ESTATAL,SI,42,HOMBRE,A,SI,,,4000,,,,,,,,,,,,,,,,,,,,,,
183,XALAPA,18/04/2014,VIERNES,,18:20,,XALAPA,XALAPA,URBANA,,,AVENIDA BOLIVIA,,,BUENO,,CONCRETO,SECO,A NIVEL,MARCA EN PAVIMENTO,SIN RESTRICCIÓN,COLISIÓN,ÁNGULO,VEHÍCULO CIRCULANDO,2,,,,,,,,,,,,,,,,,0,,,,,,,,,,,,,,,,,,,,,
183,,,,,,,,,,,19,,,,,,,,,,,,,,,A - AUTOMÓVIL,CHEVROLET,CAVALIER,VERACRUZ,AZUL,DS108613,3GS54WX108013,P - PARTICULAR,NO,36,HOMBRE,,NO,NO RESPETAR SEÑAL DE ALTO,NO APLICA,1000,,,,,,,,,,,,,,,,,,,,,,
183,,,,,,,,,,,,,,,,,,,,,,,,,,A - AUTOMÓVIL,NISSAN,TSURU,VERACRUZ,BLANCO/VERDE,GA167170204,3NIE631SSPAK217582,PE - PÚBLICO ESTATAL,SI,41,HOMBRE,A,SI,,,2000,,,,,,,,,,,,,,,,,,,,,,
184,XALAPA,18/04/2014,VIERNES,,21:30,,XALAPA,XALAPA,URBANA,,,XICONTECATL,CENTRO,,BUENO,,CONCRETO,SECO,DESCENDENTE,NINGUNA,SIN RESTRICCIÓN,COLISIÓN,,VEHÍCULO ESTACIONADO,2,,,,,,,,,,,,,,,,,0,,,,,,,,,,,,,,,,,,,,,
184,,,,,,,,,,,,,,,,,,,,,,,,,,C - CAMIONETA,FORD,EXPEDITION,DISTRITO FEDERAL,BLANCO,SIN NUMERO,1FMRVI63W7416,P - PARTICULAR,SI,73,HOMBRE,A,SI,EXCESO DE DIMENSIONES,NO APLICA,1000,,,,,,,,,,,,,,,,,,,,,,
184,,,,,,,,,,,,,,,,,,,,,,,,,,A - AUTOMÓVIL,CHEVROLET,CHEVY,VERACRUZ,NEGRO,HECHO EN MEXICO,3G1FS1X075113593,P - PARTICULAR,SI,,,,NO,,,3000,,,,,,,,,,,,,,,,,,,,,,
185,XALAPA,18/04/2014,VIERNES,18:15,18:30,19:50,XALAPA,XALAPA,URBANA,,,LIBERTADORES,UNION,,BUENO,,CONCRETO,,A NIVEL,NINGUNA,SIN RESTRICCIÓN,COLISIÓN,ÁNGULO,VEHÍCULO ESTACIONADO,2,,,,,,,,,,,,,,,,,0,,,,,,,,,,,,,,,,,,,,,
185,,,,,,,,,,,,,,,,,,,,,,,,,,C - CAMIONETA,CHEVROLET,C-15,VERACRUZ,AZUL,MM144951,3GC20TGMM194951,P - PARTICULAR,NO,34,HOMBRE,,NO,ALCOHOL / DROGAS,OTRO,2500,,,,,,,,,,,,,,,,,,,,,,
185,,,,,,,,,,,,,,,,,,,,,,,,,,C - CAMIONETA,NISSAN,PICK UP,VERACRUZ,PLATA,KA24074278A,5NCD1399K04283,P - PARTICULAR,NO,47,HOMBRE,A,SI,,,3500,,,,,,,,,,,,,,,,,,,,,,
186,XALAPA,18/04/2014,VIERNES,,11:35,,XALAPA,XALAPA,URBANA,,,RIO COLOMBIA,CAROLINO ANAYA,,BUENO,SOLEADO,CONCRETO,SECO,A NIVEL,NINGUNA,SIN RESTRICCIÓN,COLISIÓN,ÁNGULO,VEHÍCULO CIRCULANDO,2,,,,,,,,,,,,,,,,,2,,,,,,,,,,,,,,,,,,,,,
186,,,,,,,,,,,,,,,,,,,,,,,,,,A - AUTOMÓVIL,NISSAN,TSURU,VERACRUZ,BLANCO/VERDE,GA166766953W,3NIEB31S54BK324481,PE - PÚBLICO ESTATAL,SI,40,HOMBRE,A,SI,,,,,,,,,,,,,,,,,,,,,,,,,
186,,,,,,,,,,,,,,,,,,,,,,,,,,M - MOTOCICLETA,ITALIKA,MOTONETA,VERACRUZ,GRIS,SIN NUMERO,LAACTEJL513277,P - PARTICULAR,NO,35,HOMBRE,,NO,NO RESPETAR CEDA EL PASO,NO APLICA,2000,,,,1,,,1,,,,,,,,,,,,,,,
187,XALAPA,18/04/2014,JUEVES,21:12,21:15,21:30,XALAPA,XALAPA,URBANA,,,IGNACIO ALLENDE,TAMBORREL,,BUENO,,CONCRETO,,A NIVEL,NINGUNA,SIN RESTRICCIÓN,COLISIÓN,ÁNGULO,VEHÍCULO CIRCULANDO,2,,,,,,,,,,,,,,,,1500,1,,,,,,,,,,,,,,,,,,,,,
187,,,,,,,,,,,8,,,,,,,,,,,,,,,A - AUTOMÓVIL,NISSAN,TSURU,VERACRUZ,BLANCO/VERDE,GA167322817,3NIEB3158EK3021836,PE - PÚBLICO ESTATAL,SI,25,HOMBRE,A,SI,VELOCIDAD INMODERADA,NO APLICA,3000,,,,,,,,,,,,,,,,,,,,,,
187,,,,,,,,,,,,,,,,,,,,,,,,,,M - MOTOCICLETA,SCOOTER,GTS,VERACRUZ,NEGRO,LCGQMK6916088,3SCTJITKAXC102337,P - PARTICULAR,NO,24,HOMBRE,,NO,,,2500,,,,1,,,,,,,,,,,,,,,,,,
188,XALAPA,18/04/2014,VIERNES,,00:00,,XALAPA,XALAPA,URBANA,,,AVENIDA AVILA CAMACHO,CENTRO,ORIZABA,BUENO,,CONCRETO,SECO,ASCENDENTE,SEÑAL DE ALTO,SIN RESTRICCIÓN,COLISIÓN,ÁNGULO,VEHÍCULO CIRCULANDO,3,A - AUTOMÓVIL,CHRYSLER,NEON,VERACRUZ,NEGRO,HECHO EN MEXICO,1B3BS46C4YD660365,P - PARTICULAR,NO,22,HOMBRE,C,SI,,,20000,8,,,,,,,,,,,,,,,,,,,,,
188,,,,,,,,,,,4,,,,,,,,,,,,,,,A - AUTOMÓVIL,CHRYSLER,ATOS BY,DISTRITO FEDERAL,BLANCO/ROJO,HECHO EN INDIA,MALAB51H7CM645772,PE - PÚBLICO ESTATAL,NO,48,HOMBRE,A,SI,VELOCIDAD INMODERADA,NO APLICA,5000,,,,,,,,,,,,,,,,,,,,,,
188,,,,,,,,,,,,,,,,,,,,,,,,,,A - AUTOMÓVIL,HONDA,ACCORD,VERACRUZ,BLANCO,F23A14411158,3HGCG56421,P - PARTICULAR,NO,51,HOMBRE,,NO,,,12000,,,1,1,3,2,,,,1,,,,,,,,,,,,
189,XALAPA,18/04/2014,VIERNES,08:00,08:35,10:00,XALAPA,XALAPA,URBANA,PLAN DEL RIO 35+100,,,,,BUENO,,ASFALTO,,ASCENDENTE,NINGUNA,SIN RESTRICCIÓN,SALIDA DE CAMINO,,,1,,,,,,,,,,,,,,,,,0,,,,,,,,,,,,,,,,,,,,,
189,,,,,,,,,,,,,,,,,,,,,,,,,,A - AUTOMÓVIL,NIS0,TSURU,VERACRUZ,GRIS,E1609132M,7WLB1106504,P - PARTICULAR,NO,,,,NO,VELOCIDAD INMODERADA,NO APLICA,7000,,,,,,,,,,,,,,,,,,,,,,
190,XALAPA,19/04/2014,SÁBADO,,10:40,,XALAPA,XALAPA,URBANA,,,IGNACIO DE LA LLAVE,SALUD,CALLE DALIA,BUENO,SOLEADO,CONCRETO,SECO,A NIVEL,NINGUNA,SIN RESTRICCIÓN,COLISIÓN,ÁNGULO,VEHÍCULO CIRCULANDO,2,,,,,,,,,,,,,,,,,0,,,,,,,,,,,,,,,,,,,,,
190,,,,,,,,,,,8,,,,,,,,,,,,,,,C - CAMIONETA,FORD,RANGER,VERACRUZ,BLANCO,HECHO EN ARGENTINA,8AFDR5CDIB63877263,P - PARTICULAR,NO,42,HOMBRE,A,SI,OTRO,NO APLICA,2000,,,,,,,,,,,,,,,,,,,,,,
190,,,,,,,,,,,,,,,,,,,,,,,,,,AS - AUTOBÚS SUBURBANO,MERCEDES BENZ,OMNIBUS,VERACRUZ,ROJO/BLANCO,9.07E+13,3MBAA3C54M005746,PE - PÚBLICO ESTATAL,NO,32,HOMBRE,A,SI,,,1500,,,,,,,,,,,,,,,,,,,,,,
191,XALAPA,19/04/2014,SÁBADO,,16:20,,XALAPA,XALAPA,URBANA,,,VILLA HERMOSA,PROGRESO MACUILTEPEC,,REGULAR,SOLEADO,ASFALTO,SECO,A NIVEL,NINGUNA,SIN RESTRICCIÓN,COLISIÓN,LATERAL,VEHÍCULO CIRCULANDO,2,,,,,,,,,,,,,,,,,0,,,,,,,,,,,,,,,,,,,,,