idMES,DELEGACION DE TRANSITO,FECHA DEL ACCIDENTE,DIA DE LA SEMANA,HORA EN QUE SE RECIBIO LA LLAMADA REPORTANDO EL ACCIDENTE,HORA DE ARRIBO DEL PERITO AL SITIO,HORA DE REGRESO DEL PERITO A LAS INSTALACIONES DE SU DELEGACION,LOCALIDAD ACCIDENTE,MUNICIPIO ACCIDENTE,ZONA,CARRETERA/KILOMETRO DEL ACCIDENTE,NUMERO DE AVENIDA,CALLE/AVENIDA DEL ACCIDENTE,COLONIA,ENTRE CALLES,CONDICIONES DE LA VIA,CONDICIONES NATURALES,SUPERFICIE DE LA VIA,ESTADO DE LA VIA,TANGENTE,TIPO DE CONTROL DE TRANSITO,RESTRICCIONES DE LA VIA,TIPO DE ACCIDENTE,FORMA DE ACCIDENTARSE,CONTRA QUE FUE EL IMPACTO,CANTIDAD DE VEHICULOS,TIPO DE VEHICULO,MARCA,SUBMARCA,ENTIDAD FEDERATIVA DEL VEHICULO,COLOR DEL VEHICULO,MOTOR,SERIE,TIPO DE SERVICIO PARA EL QUE SE OCUPAN LOS VEHICULOS,ASEGURADO,EDAD CONDUCTOR,SEXO CONDUCTOR,TIPO LICENCIA,LICENCIA VIGENTE,CAUSA ATRIBUIBLE AL CONDUCTOR,CAUSA ATRIBUIBLE AL PEATON,DANIOS (MONTO APROXIMADO EN MXN),NUMERO DE HERIDOS,MUJER HERIDA DE 0-15 ANIOS,HOMBRE HERIDO DE 0-15 ANIOS,MUJER HERIDA DE 16-30 ANIOS,HOMBRE HERIDO DE 16-30 ANIOS,MUJER HERIDA DE 31-45 ANIOS,HOMBRE HERIDO DE 31-45 ANIOS,MUJER HERIDA DE 46-60 ANIOS,HOMBRE HERIDO DE 46-60 ANIOS,MUJER HERIDA MAS DE 60 ANIOS,HOMBRE HERIDO MAS DE 60 ANIOS,NUMERO DE MUERTOS,MUJER MUERTA DE 0-15 ANIOS,HOMBRE MUERTO DE 0-15 ANIOS,MUJER MUERTA DE 16-30 ANIOS,HOMBRE MUERTO DE 16-30 ANIOS,MUJER MUERTA DE 31-45 ANIOS,HOMBRE MUERTO DE 31-45 ANIOS,MUJER MUERTA DE 46-60 ANIOS,HOMBRE MUERTO DE 46-60 ANIOS,MUJER MUERTA MAS DE 60 ANIOS,HOMBRE MUERTO MAS DE 60 ANIOS
191,,,,,,,,,,,6,,,,,,,,,,,,,,,A - AUTOMÓVIL,VOLKSWAGEN,SEDAN,VERACRUZ,ROJO,ACD019058,HR00461599058,P - PARTICULAR,NO,37,HOMBRE,,NO,CAMBIAR CARRIL SIN PRECAUCIÓN,NO APLICA,1000,,,,,,,,,,,,,,,,,,,,,,
191,,,,,,,,,,,,,,,,,,,,,,,,,,A - AUTOMÓVIL,VOLKSWAGEN,VAN,DISTRITO FEDERAL,AMARILLO,BURO21689,AWLCO9E006076,P - PARTICULAR,SI,40,HOMBRE,B,SI,,,3500,,,,,,,,,,,,,,,,,,,,,,
192,XALAPA,19/04/2014,SÁBADO,,23:30,,XALAPA,XALAPA,URBANA,,,AVENIDA AVILA CAMACHO,CENTRO,,BUENO,,ASFALTO,SECO,A NIVEL,NINGUNA,SIN RESTRICCIÓN,COLISIÓN,ÁNGULO,VEHÍCULO CIRCULANDO,2,,,,,,,,,,,,,,,,,0,,,,,,,,,,,,,,,,,,,,,
192,,,,,,,,,,,4,,,,,,,,,,,,,,,A - AUTOMÓVIL,FDODGE,STRATUS,DISTRITO FEDERAL,VINO,SIN NUMERO,JQ1349,P - PARTICULAR,NO,28,HOMBRE,,NO,VELOCIDAD INMODERADA,NO APLICA,5000,,,,,,,,,,,,,,,,,,,,,,
192,,,,,,,,,,,,,,,,,,,,,,,,,,A - AUTOMÓVIL,CHRYSLER,LANCER,VERACRUZ,BLANCO,SIN NUMERO,JE3AU265CU021134,P - PARTICULAR,NO,39,HOMBRE,,NO,,,10000,,,,,,,,,,,,,,,,,,,,,,
193,XALAPA,19/04/2014,SÁBADO,,21:20,,XALAPA,XALAPA,URBANA,,,AVENIDA MURILLO VIDAL,,,BUENO,,CONCRETO,,A NIVEL,NINGUNA,SIN RESTRICCIÓN,COLISIÓN,POR ALCANCE,VEHÍCULO CIRCULANDO,2,,,,,,,,,,,,,,,,,0,,,,,,,,,,,,,,,,,,,,,
193,,,,,,,,,,,6,,,,,,,,,,,,,,,A - AUTOMÓVIL,NISSAN,TSURU,VERACRUZ,BLANCO/VERDE,GA16771431,HECHO EN USA,PE - PÚBLICO ESTATAL,NO,48,HOMBRE,A,SI,VELOCIDAD INMODERADA,NO APLICA,6000,,,,,,,,,,,,,,,,,,,,,,
193,,,,,,,,,,,,,,,,,,,,,,,,,,C - CAMIONETA,CHRYSLER,TRAVERSE,PUEBLA,NEGRO,SIN NUMERO,SIN NUMERO,P - PARTICULAR,NO,39,HOMBRE,B,SI,,,6000,,,,,,,,,,,,,,,,,,,,,,
194,XALAPA,20/04/2014,DOMINGO,,09:35,10:20,XALAPA,XALAPA,URBANA,,,AVENIDA LAZARO CARDENAS,AGUA SANTA 2,,BUENO,,CONCRETO,SECO,ASCENDENTE,NINGUNA,ACCIDENTE PREVIO,COLISIÓN,ÁNGULO,VEHÍCULO CIRCULANDO,2,,,,,,,,,,,,,,,,,1,,,,,,,,,,,,,,,,,,,,,
194,,,,,,,,,,,1,,,,,,,,,,,,,,,A - AUTOMÓVIL,CHEVROLET,CHEVY,VERACRUZ,ROJO,HECHO EN MEXICO,3G1S616X3175,P - PARTICULAR,NO,22,HOMBRE,,NO,NO GUARDAR DISTANCIA,NO APLICA,1200,,,,,,,,,,,,,,,,,,,,,,
194,,,,,,,,,,,,,,,,,,,,,,,,,,M - MOTOCICLETA,YAMAHA,XBE,VERACRUZ,BLANCO,3GS1006154,3BPKE124491249,P - PARTICULAR,NO,37,HOMBRE,,NO,,,3500,,,,,,,1,,,,,,,,,,,,,,,
195,XALAPA,20/04/2014,DOMINGO,,14:30,,XALAPA,XALAPA,URBANA,,,AVENIDA ATENAS VERACRUZANAS,,,BUENO,SOLEADO,CONCRETO,SECO,ASCENDENTE,NINGUNA,SIN RESTRICCIÓN,COLISIÓN,POR ALCANCE,VEHÍCULO CIRCULANDO,2,,,,,,,,,,,,,,,,,0,,,,,,,,,,,,,,,,,,,,,
195,,,,,,,,,,,,,,,,,,,,,,,,,,A - AUTOMÓVIL,VOLKSWAGEN,SEDAN,VERACRUZ,AZUL,ACD092565,11R001966,P - PARTICULAR,NO,38,HOMBRE,,NO,NO GUARDAR DISTANCIA,NO APLICA,1000,,,,,,,,,,,,,,,,,,,,,,
195,,,,,,,,,,,,,,,,,,,,,,,,,,A - AUTOMÓVIL,CHRYSLER,10 BY DODGE,VERACRUZ,NEGRO,HECHO EN INDIA,MALA M5N219014,P - PARTICULAR,NO,40,HOMBRE,,NO,,,3000,,,,,,,,,,,,,,,,,,,,,,
196,XALAPA,20/04/2014,DOMINGO,20:25,20:50,21:30,XALAPA,XALAPA,URBANA,,,POETA JESUS DIAZ,CENTRO,,BUENO,,ASFALTO,,A NIVEL,NINGUNA,SIN RESTRICCIÓN,COLISIÓN,ÁNGULO,VEHÍCULO CIRCULANDO,2,,,,,,,,,,,,,,,,,0,,,,,,,,,,,,,,,,,,,,,
196,,,,,,,,,,,,,,,,,,,,,,,,,,A - AUTOMÓVIL,HONDA,FIT,VERACRUZ,ROJO,L15A79803334,93HGE7928803355,P - PARTICULAR,SI,44,MUJER,C,SI,CAMBIAR CARRIL SIN PRECAUCIÓN,NO APLICA,2500,,,,,,,,,,,,,,,,,,,,,,
196,,,,,,,,,,,,,,,,,,,,,,,,,,C - CAMIONETA,FORD,EXPLORER,VERACRUZ,ROJO,SIN NUMERO,1FMZUGAKB00332,P - PARTICULAR,NO,53,HOMBRE,C,SI,,,1500,,,,,,,,,,,,,,,,,,,,,,
197,XALAPA,20/04/2014,DOMINGO,,11:10,,XALAPA,XALAPA,URBANA,,,CARRETERA OTILPAN,LUZ DEL BARRIO,,BUENO,,ASFALTO,,DESCENDENTE,NINGUNA,SIN RESTRICCIÓN,COLISIÓN,LATERAL,VEHÍCULO CIRCULANDO,2,,,,,,,,,,,,,,,,,0,,,,,,,,,,,,,,,,,,,,,
197,,,,,,,,,,,,,,,,,,,,,,,,,,A - AUTOMÓVIL,NISSAN,TSURU,VERACRUZ,CAFÉ,E16382317M,LB237995,P - PARTICULAR,NO,27,HOMBRE,,NO,NO GUARDAR DISTANCIA,NO APLICA,2500,,,,,,,,,,,,,,,,,,,,,,
197,,,,,,,,,,,,,,,,,,,,,,,,,,A - AUTOMÓVIL,NISSAN,TSURU,VERACRUZ,ROJO/BLANCO,GA16838708W,3NIEB311536349827,PE - PÚBLICO ESTATAL,SI,23,HOMBRE,,NO,,,8000,,,,,,,,,,,,,,,,,,,,,,
198,XALAPA,21/04/2014,LUNES,06:50,07:15,07:55,XALAPA,XALAPA,URBANA,,,AVENIDA LAZARO CARDENAS,HEROES,,BUENO,,,SECO,DESCENDENTE,NINGUNA,ACCIDENTE PREVIO,COLISIÓN,,VEHÍCULO ESTACIONADO,2,,,,,,,,,,,,,,,,,1,,,,,,,,,,,,,,,,,,,,,
198,,,,,,,,,,,1,,,,,,,,,,,,,,,AS - AUTOBÚS SUBURBANO,MERCEDES BENZ,CHASIS,VERACRUZ,BLANCO,9.05E+13,3AMBEHHCC8YY888,PE - PÚBLICO ESTATAL,SI,21,HOMBRE,A,SI,CAMBIAR CARRIL SIN PRECAUCIÓN,NO APLICA,500,,,,,,,,,,,,,,,,,,,,,,
198,,,,,,,,,,,,,,,,,,,,,,,,,,A - AUTOMÓVIL,NISSAN,TSURU,VERACRUZ,VERDE,GN16715716Y,3NIEB3159AK316348,PE - PÚBLICO ESTATAL,SI,31,HOMBRE,A,SI,,,6500,,,,,,,1,,,,,,,,,,,,,,,
199,XALAPA,21/04/2014,LUNES,,16:45,,XALAPA,XALAPA,URBANA,,,AVENIDA 20 DE NOVIEMBRE,DEL MAESTRO,,BUENO,,CONCRETO,SECO,A NIVEL,NINGUNA,SIN RESTRICCIÓN,COLISIÓN,ÁNGULO,VEHÍCULO CIRCULANDO,2,,,,,,,,,,,,,,,,,0,,,,,,,,,,,,,,,,,,,,,
199,,,,,,,,,,,5,,,,,,,,,,,,,,,A - AUTOMÓVIL,CHRYSLER,DODGE,PUEBLA,NEGRO,SIN NUMERO,SIN NUMERO,P - PARTICULAR,NO,33,HOMBRE,A,SI,NO RESPETAR CEDA EL PASO,NO APLICA,20000,,,,,,,,,,,,,,,,,,,,,,
199,,,,,,,,,,,,,,,,,,,,,,,,,,C - CAMIONETA,VOLKSWAGEN,JETTA,VERACRUZ,BLANCO,SIN NUMERO,SIN NUMERO,P - PARTICULAR,NO,53,HOMBRE,A,SI,,,25000,,,,,,,,,,,,,,,,,,,,,,
200,XALAPA,21/04/2014,LUNES,,17:30,,XALAPA,XALAPA,URBANA,,,MELON OLIBO,SUMIDERO,,BUENO,,CONCRETO,SECO,A NIVEL,NINGUNA,SIN RESTRICCIÓN,COLISIÓN,ÁNGULO,VEHÍCULO CIRCULANDO,2,,,,,,,,,,,,,,,,,0,,,,,,,,,,,,,,,,,,,,,
200,,,,,,,,,,,,,,,,,,,,,,,,,,C - CAMIONETA,CHEVROLET,PICK UP,PUEBLA,BLANCO,HECHO EN MEXICO,3G1SXCS101390,P - PARTICULAR,NO,36,HOMBRE,A,SI,OTRO,NO APLICA,5000,,,,,,,,,,,,,,,,,,,,,,
200,,,,,,,,,,,,,,,,,,,,,,,,,,A - AUTOMÓVIL,NISSAN,TSURU,VERACRUZ,BLANCO/ROJO,GA16840697W,3NIEB1579K317185,PE - PÚBLICO ESTATAL,NO,58,HOMBRE,A,SI,,,5000,,,,,,,,,,,,,,,,,,,,,,
201,XALAPA,21/04/2014,LUNES,,19:50,,XALAPA,XALAPA,URBANA,,,CAROLINO ANAYA,CENTRO,FLORES BELLO,BUENO,NIEBLA,CONCRETO,SECO,ASCENDENTE,NINGUNA,SIN RESTRICCIÓN,COLISIÓN,ÁNGULO,VEHÍCULO CIRCULANDO,2,,,,,,,,,,,,,,,,,0,,,,,,,,,,,,,,,,,,,,,
201,,,,,,,,,,,,,,,,,,,,,,,,,,C - CAMIONETA,NISSAN,FORD,VERACRUZ,ROJO,QR2503229A,HECHO EN USA,P - PARTICULAR,SI,65,HOMBRE,A,SI,NO RESPETAR CEDA EL PASO,NO APLICA,5000,,,,,,,,,,,,,,,,,,,,,,
201,,,,,,,,,,,,,,,,,,,,,,,,,,C - CAMIONETA,FORD,F-150,VERACRUZ,NEGRO,HECHO EN MEXICO,1FTWIC906300,P - PARTICULAR,SI,24,HOMBRE,A,SI,,,7000,,,,,,,,,,,,,,,,,,,,,,
202,XALAPA,21/04/2014,LUNES,,12:30,,XALAPA,XALAPA,URBANA,,,AVENIDA IGNACIO DE LA LLAVE,BENITO JUAREZ,,BUENO,,CONCRETO,SECO,ASCENDENTE,NINGUNA,SIN RESTRICCIÓN,ATROPELLAMIENTO,,,1,,,,,,,,,,,,,,,,,1,,,,,,,,,,,,,,,,,,,,,
202,,,,,,,,,,,8,,,,,,,,,,,,,,,A - AUTOMÓVIL,NISSAN,TSURU,VERACRUZ,BLANCO/VERDE,SIN NUMERO,3N1EB31S6AK349646,PE - PÚBLICO ESTATAL,NO,59,HOMBRE,A,SI,VELOCIDAD INMODERADA,NO APLICA,50,,,,,,,,,,,1,,,,,,,,,,,
203,XALAPA,21/04/2014,LUNES,,19:00,,XALAPA,XALAPA,URBANA,,,AVENIDA XALAPA,OBRERO CAMPESINA,,BUENO,SOLEADO,CONCRETO,SECO,A NIVEL,NINGUNA,SIN RESTRICCIÓN,COLISIÓN,POR ALCANCE,VEHÍCULO CIRCULANDO,2,M - MOTOCICLETA,HONDA,CARGO,PUEBLA,BLANCO,WHI57FM116405231,SIN NUMERO,P - PARTICULAR,NO,21,HOMBRE,D,SI,,,2000,1,,,,,,,,,,,,,,,,,,,,,
203,,,,,,,,,,,7,,,,,,,,,,,,,,,A - AUTOMÓVIL,CHEVROLET,MALIBU,VERACRUZ,AZUL,LWBPCK109B1063831,SIN NUMERO,P - PARTICULAR,NO,30,MUJER,,NO,NO RESPETAR SEÑAL DE ALTO,NO APLICA,1000,,,,1,,,,,,,,,,,,,,,,,,
204,XALAPA,21/04/2014,LUNES,,21:20,,XALAPA,XALAPA,URBANA,,,AVENIDA MURILLO VIDAL,,,BUENO,,CONCRETO,,A NIVEL,NINGUNA,SIN RESTRICCIÓN,COLISIÓN,POR ALCANCE,VEHÍCULO CIRCULANDO,2,A - AUTOMÓVIL,NISSAN,TSURU,VERACRUZ,BLANCO/VERDE,2011,GA16771431J,PE - PÚBLICO ESTATAL,NO,48,HOMBRE,A,SI,VELOCIDAD INMODERADA,NO APLICA,6000,0,,,,,,,,,,,,,,,,,,,,,
204,,,,,,,,,,,11,,,,,,,,,,,,,,,C - CAMIONETA,CHEVROLET,TRAVERSE,VERACRUZ,NEGRO,2009,HECHO EN USA,P - PARTICULAR,NO,39,HOMBRE,B,SI,,,6000,,,,,,,,,,,,,,,,,,,,,,
205,XALAPA,21/04/2014,LUNES,,20:45,,XALAPA,XALAPA,URBANA,,,AVENIDA LAZARO CARDENAS,PLAZA ANIMAS,,BUENO,,CONCRETO,SECO,A NIVEL,NINGUNA,SIN RESTRICCIÓN,VOLCADURA,,,1,,,,,,,,,,,,,,,,,1,,,,,,,,,,,,,,,,,,,,,
205,,,,,,,,,,,1,,,,,,,,,,,,,,,M - MOTOCICLETA,CARGO,HONDA,VERACRUZ,ROJA,SIN NUMERO,SIN NUMERO,P - PARTICULAR,NO,,,,NO,VELOCIDAD INMODERADA,NO APLICA,2500,,,,,,,,,,,,,,,,1,,,,,,
206,XALAPA,22/04/2014,MARTES,,09:30,,XALAPA,XALAPA,URBANA,,,AVENIDA ORIZABA,,,BUENO,,CONCRETO,SECO,DESCENDENTE,NINGUNA,SIN RESTRICCIÓN,COLISIÓN,ÁNGULO,OBJETO FIJO,2,A - AUTOMÓVIL,NISSAN,TSURU,VERACRUZ,GRIS,E16360446M,1WLB1205998,P - PARTICULAR,NO,24,MUJER,,NO,NO RESPETAR CEDA EL PASO,NO APLICA,300,1,,,,,,,,,,,,,,,,,,,,,
206,,,,,,,,,,,,,,,,,,,,,,,,,,A - AUTOMÓVIL,NISSAN,TSURU,VERACRUZ,BLANCO/ROJO,GA16718300Y,3NIEB3154K318731,PE - PÚBLICO ESTATAL,SI,38,HOMBRE,A,SI,,,900,,,,,,1,,,,,,,,,,,,,,,,
207,XALAPA,22/04/2014,MARTES,,12:50,,XALAPA,XALAPA,URBANA,,,AVENIDA 20 DE NOVIEMBRE,CENTRO,,BUENO,SOLEADO,CONCRETO,SECO,A NIVEL,NINGUNA,SIN RESTRICCIÓN,COLISIÓN,ÁNGULO,,2,A - AUTOMÓVIL,NISSAN,SENTRA,VERACRUZ,BLANCO,MRA8081235H,3NIAB7AA3DL690123,P - PARTICULAR,NO,44,HOMBRE,,NO,NO RESPETAR CEDA EL PASO,OTRO,3000,0,,,,,,,,,,,,,,,,,,,,,
207,,,,,,,,,,,5,,,,,,,,,,,,,,,A - AUTOMÓVIL,NISSAN,TSURU,VERACRUZ,BLANCO/VERDE,GA167067722Y,3NIEB3155AK3099238,PE - PÚBLICO ESTATAL,SI,30,HOMBRE,A,SI,,,2000,,,,,,,,,,,,,,,,,,,,,,
208,XALAPA,22/04/2014,MARTES,,15:40,16:30,XALAPA,XALAPA,URBANA,,,FRANCISCO LEON DE LA BARRERA,REVOLUCION,,BUENO,,CONCRETO,SECO,ASCENDENTE,NINGUNA,SIN RESTRICCIÓN,COLISIÓN,ÁNGULO,VEHÍCULO ESTACIONADO,3,A - AUTOMÓVIL,NISSAN,TSURU,VERACRUZ,ROJO/VERDE,SIN NUMERO,3NIEB31529K360512,PE - PÚBLICO ESTATAL,SI,40,HOMBRE,,NO,,,1500,0,,,,,,,,,,,,,,,,,,,,,
208,,,,,,,,,,,,,,,,,,,,,,,,,,A - AUTOMÓVIL,NISSAN,TSURU,VERACRUZ,VERDE,GA16804929Y,3NIEB31596BK340718,PE - PÚBLICO ESTATAL,SI,,,,NO,CAMBIAR CARRIL SIN PRECAUCIÓN,NO APLICA,500,,,,,,,,,,,,,,,,,,,,,,
208,,,,,,,,,,,,,,,,,,,,,,,,,,A - AUTOMÓVIL,FORD,ESCORD,DISTRITO FEDERAL,GRIS,SIN NUMERO,1FABT13PAW2175,P - PARTICULAR,NO,,,,NO,,,900,,,,,,,,,,,,,,,,,,,,,,
209,XALAPA,22/04/2014,MARTES,,22:30,,XALAPA,XALAPA,URBANA,,,AVENIDA LAZARO CARDENAS,ENCINAL,ANTONIO CHEDRAUI CARAM,MALO,NIEBLA,ASFALTO,MOJADO,A NIVEL,NINGUNA,SIN RESTRICCIÓN,COLISIÓN,LATERAL,VEHÍCULO CIRCULANDO,2,,,,,,,,,,,,,,,,,0,,,,,,,,,,,,,,,,,,,,,
209,,,,,,,,,,,1,,,,,,,,,,,,,,,AS - AUTOBÚS SUBURBANO,INTERNATIONAL,CHASIS,VERACRUZ,BLANCO/NARANJA,SIN NUMERO,3MNI052VI389306,P - PARTICULAR,NO,28,HOMBRE,A,SI,NO GUARDAR DISTANCIA,NO APLICA,1000,,,,,,,,,,,,,,,,,,,,,,
209,,,,,,,,,,,,,,,,,,,,,,,,,,AS - AUTOBÚS SUBURBANO,NAVISTAR,INTERNATIONAL,VERACRUZ,BLANCO,470HM2U1389306,3HBBPAAN831585660,PE - PÚBLICO ESTATAL,NO,40,HOMBRE,A,SI,,,1500,,,,,,,,,,,,,,,,,,,,,,
210,XALAPA,22/04/2014,MARTES,,00:20,,XALAPA,XALAPA,URBANA,,,MERIDA Y SAN LUIS,PROGRESO MACUILTEPEC,,MALO,LLUVIA,CONCRETO,MOJADO,A NIVEL,NINGUNA,SIN RESTRICCIÓN,COLISIÓN,LATERAL,VEHÍCULO CIRCULANDO,2,,,,,,,,,,,,,,,,,0,,,,,,,,,,,,,,,,,,,,,
210,,,,,,,,,,,,,,,,,,,,,,,,,,C - CAMIONETA,CHRYSLER,D-250,VERACRUZ,BLANCO,HECHO EN MEXICO,3B7H264XMO13674,P - PARTICULAR,NO,22,HOMBRE,,NO,CAMBIAR CARRIL SIN PRECAUCIÓN,NO APLICA,MINIMOS,,,,,,,,,,,,,,,,,,,,,,
210,,,,,,,,,,,,,,,,,,,,,,,,,,C - CAMIONETA,NISSAN,CHASIS,DISTRITO FEDERAL,BLANCO,KA24276788A,3N6DD14516K0722,P - PARTICULAR,NO,33,HOMBRE,A,SI,,,1000,,,,,,,,,,,,,,,,,,,,,,
211,XALAPA,22/04/2014,MARTES,,05:30,,XALAPA,XALAPA,URBANA,,,AVENIDA ARCO SUR,,,BUENO,NIEBLA,ASFALTO,MOJADO,DESCENDENTE,MARCA EN PAVIMENTO,SIN RESTRICCIÓN,SALIDA DE CAMINO,,,1,,,,,,,,,,,,,,,,,0,,,,,,,,,,,,,,,,,,,,,
211,,,,,,,,,,,14,,,,,,,,,,,,,,,A - AUTOMÓVIL,TOYOTA,COROLLA,VERACRUZ,NEGRO,1ZZ4746491,9BRBA42095006847,P - PARTICULAR,NO,,,,NO,VELOCIDAD INMODERADA,NO APLICA,1000,,,,,,,,,,,,,,,,,,,,,,
212,XALAPA,22/04/2014,MARTES,00:00,00:20,01:20,XALAPA,XALAPA,URBANA,,,AVENIDA LAZARO CARDENAS,ALVARO OBREGON,,BUENO,SOLEADO,ASFALTO,MOJADO,ASCENDENTE,NINGUNA,SIN RESTRICCIÓN,COLISIÓN,ÁNGULO,VEHÍCULO CIRCULANDO,2,,,,,,,,,,,,,,,,,0,,,,,,,,,,,,,,,,,,,,,
212,,,,,,,,,,,1,,,,,,,,,,,,,,,C - CAMIONETA,NISSAN,NP-300,VERACRUZ,ROJO,SIN NUMERO,3NDD23TX9034165,P - PARTICULAR,NO,32,HOMBRE,,NO,NO GUARDAR DISTANCIA,NO APLICA,6000,,,,,,,,,,,,,,,,,,,,,,
212,,,,,,,,,,,,,,,,,,,,,,,,,,A - AUTOMÓVIL,DODGE,ATTITUDE,VERACRUZ,BLANCO,HECHO EN KOREA,KMHCMAN6B565645,P - PARTICULAR,SI,42,HOMBRE,B,SI,,,8000,,,,,,,,,,,,,,,,,,,,,,
213,XALAPA,22/04/2014,MARTES,09:13,09:30,,XALAPA,XALAPA,URBANA,,,AVENIDA REBSAMEN,UNIDAD DEL VALLE,,BUENO,SOLEADO,ASFALTO,SECO,A NIVEL,MARCA EN PAVIMENTO,SIN RESTRICCIÓN,COLISIÓN,POR ALCANCE,VEHÍCULO CIRCULANDO,3,A - AUTOMÓVIL,CHEVROLET,PONTIAC,VERACRUZ,CASHMERE,HECHO EN MEXICO,3915F6X4,P - PARTICULAR,NO,35,HOMBRE,C,SI,,,3500,0,,,,,,,,,,,,,,,,,,,,,
213,,,,,,,,,,,10,,,,,,,,,,,,,,,A - AUTOMÓVIL,NISSAN,TSURU,VERACRUZ,BLANCO/ROJO,GA16899079W,3NIEB31504K538264,PE - PÚBLICO ESTATAL,NO,32,HOMBRE,A,SI,NO GUARDAR DISTANCIA,NO APLICA,2500,,,,,,,,,,,,,,,,,,,,,,
213,,,,,,,,,,,,,,,,,,,,,,,,,,A - AUTOMÓVIL,NISSAN,MARCH,VERACRUZ,GRIS,HPM6746267C,3NIC3C05BL2481,P - PARTICULAR,NO,29,HOMBRE,C,SI,,,3500,,,,,,,,,,,,,,,,,,,,,,
214,XALAPA,22/04/2014,MARTES,,22:50,,XALAPA,XALAPA,URBANA,,,AVENIDA LAZARO CARDENAS,MIRADOR,CANDIDO AGUILAR,BUENO,SOLEADO,ASFALTO,SECO,A NIVEL,NINGUNA,SIN RESTRICCIÓN,COLISIÓN,,VEHÍCULO ESTACIONADO,2,,,,,,,,,,,,,,,,,0,,,,,,,,,,,,,,,,,,,,,
214,,,,,,,,,,,1,,,,,,,,,,,,,,,AS - AUTOBÚS SUBURBANO,MERCEDES BENZ,URBANO,VERACRUZ,BLANCO/ROJO,SIN NUMERO,2K037686,PE - PÚBLICO ESTATAL,NO,38,HOMBRE,A,SI,VELOCIDAD INMODERADA,NO APLICA,6000,,,,,,,,,,,,,,,,,,,,,,
214,,,,,,,,,,,,,,,,,,,,,,,,,,A - AUTOMÓVIL,VOLKSWAGEN,GOLF,VERACRUZ,AZUL,SIN NUMERO,1GMM924359,P - PARTICULAR,NO,,,,NO,,,4000,,,,,,,,,,,,,,,,,,,,,,
215,XALAPA,23/04/2014,MIÉRCOLES,,08:36,,XALAPA,XALAPA,URBANA,,,AVENIDA LAZARO CARDENAS,POMONA,MAESTROS Y AMERICAS,BUENO,SOLEADO,CONCRETO,SECO,A NIVEL,MARCA EN PAVIMENTO,SIN RESTRICCIÓN,COLISIÓN,LATERAL,VEHÍCULO CIRCULANDO,2,,,,,,,,,,,,,,,,,0,,,,,,,,,,,,,,,,,,,,,
215,,,,,,,,,,,1,,,,,,,,,,,,,,,C - CAMIONETA,CHEVROLET,R-36003,VERACRUZ,BLANCO,3M101647,3GG34R0101647,P - PARTICULAR,NO,25,HOMBRE,A,SI,CAMBIAR CARRIL SIN PRECAUCIÓN,NO APLICA,MINIMOS,,,,,,,,,,,,,,,,,,,,,,
215,,,,,,,,,,,,,,,,,,,,,,,,,,A - AUTOMÓVIL,NISSAN,TSURU,VERACRUZ,BLANCO/ROJO,GA167654064,3NIE3151K305202,PE - PÚBLICO ESTATAL,SI,37,MUJER,A,SI,,,600,,,,,,,,,,,,,,,,,,,,,,
216,XALAPA,23/04/2014,MIÉRCOLES,,19:45,,XALAPA,XALAPA,URBANA,,,CALLE REVOLUCION,CENTRO,FRENTE AL ARBOL,BUENO,,CONCRETO,,ASCENDENTE,MARCA EN PAVIMENTO,SIN RESTRICCIÓN,COLISIÓN,LATERAL,VEHÍCULO CIRCULANDO,2,,,,,,,,,,,,,,,,,1,,,,,,,,,,,,,,,,,,,,,
216,,,,,,,,,,,,,,,,,,,,,,,,,,AS - AUTOBÚS SUBURBANO,INTERNATIONAL,CHASIS,VERACRUZ,BLANCO,4.70E+12,3BVDNN64667412,PE - PÚBLICO ESTATAL,SI,20,HOMBRE,A,SI,CAMBIAR CARRIL SIN PRECAUCIÓN,NO APLICA,500,,,,,,,,,,,,,,,,,,,,,,
216,,,,,,,,,,,,,,,,,,,,,,,,,,A - AUTOMÓVIL,NISSAN,SENTRA,VERACRUZ,TITANIUM,GA16788124,3NIEB524K087216,P - PARTICULAR,NO,49,HOMBRE,A,SI,,,3000,,,,,,1,,,,,,,,,,,,,,,,
217,XALAPA,23/04/2014,MIÉRCOLES,,21:10,,XALAPA,XALAPA,URBANA,,,IGNACIO DE LA LLAVE,SALUD,,BUENO,,CONCRETO,SECO,DESCENDENTE,NINGUNA,SIN RESTRICCIÓN,COLISIÓN,POR ALCANCE,VEHÍCULO CIRCULANDO,2,,,,,,,,,,,,,,,,,0,,,,,,,,,,,,,,,,,,,,,
217,,,,,,,,,,,8,,,,,,,,,,,,,,,C - CAMIONETA,DAIMELER,CORAZA,VERACRUZ,BLANCO/AZUL,902907445,4ZRCA0970,PE - PÚBLICO ESTATAL,SI,49,HOMBRE,A,SI,NO GUARDAR DISTANCIA,NO APLICA,1000,,,,,,,,,,,,,,,,,,,,,,
217,,,,,,,,,,,,,,,,,,,,,,,,,,M - MOTOCICLETA,ITALIKA,FORZA EX12,VERACRUZ,ROJA/AZUL,LC1SFM259807,LIC2919885,P - PARTICULAR,NO,24,HOMBRE,B,SI,,,5000,,,,,,,,,,,,,,,,,,,,,,