idMES,DELEGACION DE TRANSITO,FECHA DEL ACCIDENTE,DIA DE LA SEMANA,HORA EN QUE SE RECIBIO LA LLAMADA REPORTANDO EL ACCIDENTE,HORA DE ARRIBO DEL PERITO AL SITIO,HORA DE REGRESO DEL PERITO A LAS INSTALACIONES DE SU DELEGACION,LOCALIDAD ACCIDENTE,MUNICIPIO ACCIDENTE,ZONA,CARRETERA/KILOMETRO DEL ACCIDENTE,NUMERO DE AVENIDA,CALLE/AVENIDA DEL ACCIDENTE,COLONIA,ENTRE CALLES,CONDICIONES DE LA VIA,CONDICIONES NATURALES,SUPERFICIE DE LA VIA,ESTADO DE LA VIA,TANGENTE,TIPO DE CONTROL DE TRANSITO,RESTRICCIONES DE LA VIA,TIPO DE ACCIDENTE,FORMA DE ACCIDENTARSE,CONTRA QUE FUE EL IMPACTO,CANTIDAD DE VEHICULOS,TIPO DE VEHICULO,MARCA,SUBMARCA,ENTIDAD FEDERATIVA DEL VEHICULO,COLOR DEL VEHICULO,MOTOR,SERIE,TIPO DE SERVICIO PARA EL QUE SE OCUPAN LOS VEHICULOS,ASEGURADO,EDAD CONDUCTOR,SEXO CONDUCTOR,TIPO LICENCIA,LICENCIA VIGENTE,CAUSA ATRIBUIBLE AL CONDUCTOR,CAUSA ATRIBUIBLE AL PEATON,DANIOS (MONTO APROXIMADO EN MXN),NUMERO DE HERIDOS,MUJER HERIDA DE 0-15 ANIOS,HOMBRE HERIDO DE 0-15 ANIOS,MUJER HERIDA DE 16-30 ANIOS,HOMBRE HERIDO DE 16-30 ANIOS,MUJER HERIDA DE 31-45 ANIOS,HOMBRE HERIDO DE 31-45 ANIOS,MUJER HERIDA DE 46-60 ANIOS,HOMBRE HERIDO DE 46-60 ANIOS,MUJER HERIDA MAS DE 60 ANIOS,HOMBRE HERIDO MAS DE 60 ANIOS,NUMERO DE MUERTOS,MUJER MUERTA DE 0-15 ANIOS,HOMBRE MUERTO DE 0-15 ANIOS,MUJER MUERTA DE 16-30 ANIOS,HOMBRE MUERTO DE 16-30 ANIOS,MUJER MUERTA DE 31-45 ANIOS,HOMBRE MUERTO DE 31-45 ANIOS,MUJER MUERTA DE 46-60 ANIOS,HOMBRE MUERTO DE 46-60 ANIOS,MUJER MUERTA MAS DE 60 ANIOS,HOMBRE MUERTO MAS DE 60 ANIOS
218,XALAPA,23/04/2014,MIÉRCOLES,,17:33,,XALAPA,XALAPA,URBANA,,,SAYAGO,CENTRO,REVOLUCION,BUENO,SOLEADO,CONCRETO,SECO,A NIVEL,NINGUNA,SIN RESTRICCIÓN,ATROPELLAMIENTO,,,1,,,,,,,,,,,,,,,,,1,,,,,,,,,,,,,,,,,,,,,
218,,,,,,,,,,,,,,,,,,,,,,,,,,M - MOTOCICLETA,ITALIKA,TR-200,VERACRUZ,ROJO,SIN NUMERO,33SCMRTGE8C1002674,P - PARTICULAR,NO,26,HOMBRE,,NO,NO GUARDAR DISTANCIA,NO APLICA,1000,,,,,1,,,,,,,,,,,,,,,,,
219,XALAPA,23/04/2014,MIÉRCOLES,11:36,11:52,12:40,XALAPA,XALAPA,URBANA,,,ENRIQUEZ,CENTRO,FRANSCICO JAVIER CLAVIJERO,BUENO,SOLEADO,CONCRETO,SECO,A NIVEL,NINGUNA,SIN RESTRICCIÓN,COLISIÓN,LATERAL,VEHÍCULO CIRCULANDO,2,C - CAMIONETA,JEEP,GRAND CHEROKEE,VERACRUZ,NEGRO,HECHO EN USA,1C4RJT0EC279617,P - PARTICULAR,NO,48,HOMBRE,C,SI,CAMBIAR CARRIL SIN PRECAUCIÓN,NO APLICA,8000,1,,,,,,,,,,,,,,,,,,,,,
219,,,,,,,,,,,,,,,,,,,,,,,,,,M - MOTOCICLETA,DINAMO,DINAMO,VERACRUZ,ROJO,LB147QMG90100190,3CUS1A39X0000904,P - PARTICULAR,NO,40,MUJER,D,SI,,,2500,,,,,,1,,,,,,,,,,,,,,,,
220,XALAPA,23/04/2014,MIÉRCOLES,,18:05,,XALAPA,XALAPA,URBANA,,,AVENIDA MANUEL AVILA CAMACHO,CENTRO,,BUENO,,CONCRETO,SECO,A NIVEL,NINGUNA,SIN RESTRICCIÓN,COLISIÓN,LATERAL,VEHÍCULO CIRCULANDO,2,,,,,,,,,,,,,,,,,0,,,,,,,,,,,,,,,,,,,,,
220,,,,,,,,,,,4,,,,,,,,,,,,,,,A - AUTOMÓVIL,SEAT,IBIZA,VERACRUZ,ROJO,SIN NUMERO,470HM2U1511576,P - PARTICULAR,NO,30,MUJER,B,SI,VELOCIDAD INMODERADA,NO APLICA,3000,,,,,,,,,,,,,,,,,,,,,,
220,,,,,,,,,,,,,,,,,,,,,,,,,,AS - AUTOBÚS SUBURBANO,INTERNATIONAL,NAVISTAR,VERACRUZ,BLANCO,SIN NUMERO,3HVBMAAR37N575124,PE - PÚBLICO ESTATAL,NO,35,HOMBRE,A,SI,,,500,,,,,,,,,,,,,,,,,,,,,,
221,XALAPA,23/04/2014,MIÉRCOLES,,08:30,,XALAPA,XALAPA,URBANA,,,AVENIDA LAZARO CARDENAS,,,BUENO,,CONCRETO,,A NIVEL,NINGUNA,SIN RESTRICCIÓN,COLISIÓN,ÁNGULO,VEHÍCULO CIRCULANDO,2,,,,,,,,,,,,,,,,,0,,,,,,,,,,,,,,,,,,,,,
221,,,,,,,,,,,1,,,,,,,,,,,,,,,A - AUTOMÓVIL,VOLKSWAGEN,JETTA,VERACRUZ,BLANCO,BHP018979,3YWRV49M2Y051182,P - PARTICULAR,NO,54,HOMBRE,A,SI,VELOCIDAD INMODERADA,NO APLICA,3000,,,,,,,,,,,,,,,,,,,,,,
221,,,,,,,,,,,,,,,,,,,,,,,,,,AS - AUTOBÚS SUBURBANO,MERCEDES BENZ,INTERNATIONAL,VERACRUZ,BLANCO/NARANJA,SIN NUMERO,SIN NUMERO,PE - PÚBLICO ESTATAL,NO,33,HOMBRE,A,SI,,,3000,,,,,,,,,,,,,,,,,,,,,,
222,XALAPA,23/04/2014,MIÉRCOLES,,03:30,,XALAPA,XALAPA,URBANA,,,JUSTINO SARMIENTO,JOSE CARDEL,,REGULAR,,CONCRETO,SECO,A NIVEL,NINGUNA,SIN RESTRICCIÓN,SALIDA DE CAMINO,,,1,,,,,,,,,,,,,,,,,0,,,,,,,,,,,,,,,,,,,,,
222,,,,,,,,,,,,,,,,,,,,,,,,,,A - AUTOMÓVIL,MERCEDES BENZ,COMPRESOR C200,VERACRUZ,PLATA,SIN NUMERO,SIN NUMERO,P - PARTICULAR,NO,,,,NO,VELOCIDAD INMODERADA,NO APLICA,90000,,,,,,,,,,,,,,,,,,,,,,
223,XALAPA,23/04/2014,MIÉRCOLES,,23:10,,XALAPA,XALAPA,URBANA,,,SAYAGO,CENTRO,AZUETA,BUENO,,CONCRETO,SECO,A NIVEL,NINGUNA,SIN RESTRICCIÓN,OTRO,,OTRO,1,,,,,,,,,,,,,,,,,0,,,,,,,,,,,,,,,,,,,,,
223,,,,,,,,,,,,,,,,,,,,,,,,,,CC - CAMIÓN DE CARGA,KEENWORTH,T,VERACRUZ,BLANCO,43501630,3WKDD60X6YF10762,P - PARTICULAR,NO,64,HOMBRE,B,SI,NO GUARDAR DISTANCIA,NO APLICA,MINIMOS,,,,,,,,,,,,,,,,,,,,,,
224,XALAPA,24/04/2014,JUEVES,,07:00,,XALAPA,XALAPA,URBANA,,,AVENIDA VENUSTIANO CARRANZA,,ATLETAS,BUENO,,CONCRETO,SECO,A NIVEL,NINGUNA,SIN RESTRICCIÓN,COLISIÓN,POR ALCANCE,VEHÍCULO CIRCULANDO,2,C - CAMIONETA,FORD,EXPLORER,VERACRUZ,VINO,SIN NUMERO,1FMCU24X7VO60408,P - PARTICULAR,NO,33,HOMBRE,,NO,NO GUARDAR DISTANCIA,NO APLICA,1000,0,,,,,,,,,,,,,,,,,,,,,
224,,,,,,,,,,,,,,,,,,,,,,,,,,A - AUTOMÓVIL,NISSAN,TSURU,VERACRUZ,BLANCO/VERDE,GA68955912,3PL03154897,PE - PÚBLICO ESTATAL,SI,29,HOMBRE,A,SI,,,3000,,,,,,,,,,,,,,,,,,,,,,
225,XALAPA,24/04/2014,JUEVES,,14:20,,XALAPA,XALAPA,URBANA,,,AVENIDA XALAPA,CENTRO,AVILA CAMACHO,BUENO,,ASFALTO,SECO,ASCENDENTE,NINGUNA,SIN RESTRICCIÓN,COLISIÓN,LATERAL,VEHÍCULO CIRCULANDO,2,,,,,,,,,,,,,,,,,0,,,,,,,,,,,,,,,,,,,,,
225,,,,,,,,,,,7,,,,,,,,,,,,,,,AS - AUTOBÚS SUBURBANO,INTERNATIONAL,CHASIS,VERACRUZ,BLANCO/VERDE,470HM2UI337540,3HVBNAAN9537786,PE - PÚBLICO ESTATAL,NO,20,HOMBRE,A,SI,CAMBIAR CARRIL SIN PRECAUCIÓN,NO APLICA,MINIMOS,,,,,,,,,,,,,,,,,,,,,,
225,,,,,,,,,,,,,,,,,,,,,,,,,,A - AUTOMÓVIL,MAZDA,MAZDA,MORELOS,BLANCO,PY20203028,JMIGJW38E1108922,P - PARTICULAR,NO,87,HOMBRE,,NO,,,3000,,,,,,,,,,,,,,,,,,,,,,
226,XALAPA,24/04/2014,JUEVES,,20:45,,XALAPA,XALAPA,URBANA,,,ANTONIO CHEDRAUI CARAM,ENCINAL,,BUENO,,ASFALTO,SECO,A NIVEL,NINGUNA,SIN RESTRICCIÓN,COLISIÓN,LATERAL,VEHÍCULO CIRCULANDO,2,,,,,,,,,,,,,,,,,0,,,,,,,,,,,,,,,,,,,,,
226,,,,,,,,,,,16,,,,,,,,,,,,,,,AS - AUTOBÚS SUBURBANO,FREIGHTLINER,CHASIS,VERACRUZ,BLANCO/NARANJA,SIN NUMERO,HECHO EN KOREA,PE - PÚBLICO ESTATAL,NO,35,HOMBRE,A,SI,CAMBIAR CARRIL SIN PRECAUCIÓN,NO APLICA,MINIMOS,,,,,,,,,,,,,,,,,,,,,,
226,,,,,,,,,,,,,,,,,,,,,,,,,,A - AUTOMÓVIL,CHEVROLET,CRUZE,VERACRUZ,ROJO,SIN NUMERO,SIN NUMERO,P - PARTICULAR,NO,33,HOMBRE,C,SI,,,3000,,,,,,,,,,,,,,,,,,,,,,
227,XALAPA,24/04/2014,JUEVES,20:45,21:00,,XALAPA,XALAPA,URBANA,,,AVENIDA RUIZ CORTINES,SALUD,HORTENCIA,BUENO,SOLEADO,ASFALTO,SECO,A NIVEL,NINGUNA,SIN RESTRICCIÓN,COLISIÓN,ÁNGULO,VEHÍCULO CIRCULANDO,2,,,,,,,,,,,,,,,,,0,,,,,,,,,,,,,,,,,,,,,
227,,,,,,,,,,,2,,,,,,,,,,,,,,,A - AUTOMÓVIL,PEUGEOT,,VERACRUZ,GRIS,10LHZE1142738,VF33CRFN2550047,P - PARTICULAR,SI,38,HOMBRE,B,SI,VELOCIDAD INMODERADA,NO APLICA,2500,,,,,,,,,,,,,,,,,,,,,,
227,,,,,,,,,,,,,,,,,,,,,,,,,,C - CAMIONETA,CHRYSLER,JEEP,VERACRUZ,NEGRO,HECHO EN USA,HCYAJCB3D506537,P - PARTICULAR,NO,22,HOMBRE,C,SI,,,4000,,,,,,,,,,,,,,,,,,,,,,
228,XALAPA,24/04/2014,JUEVES,,22:00,,XALAPA,XALAPA,URBANA,,,AVENIDA LAZARO CARDENAS,PROGRESO MACUILTEPEC,MIGUEL ALEMAN,BUENO,,ASFALTO,,A NIVEL,NINGUNA,SIN RESTRICCIÓN,COLISIÓN,ÁNGULO,VEHÍCULO CIRCULANDO,2,,,,,,,,,,,,,,,,,0,,,,,,,,,,,,,,,,,,,,,
228,,,,,,,,,,,1,,,,,,,,,,,,,,,A - AUTOMÓVIL,CHEVROLET,ASTRA,VERACRUZ,PLATA,IMPORTADO,WOLTG5230136354,P - PARTICULAR,NO,30,HOMBRE,A,SI,CAMBIAR CARRIL SIN PRECAUCIÓN,NO APLICA,2500,,,,,,,,,,,,,,,,,,,,,,
228,,,,,,,,,,,,,,,,,,,,,,,,,,C - CAMIONETA,NISSAN,NP-300,DISTRITO FEDERAL,BLANCO,KA24530048A,3N6DD25TIBK05631,P - PARTICULAR,SI,24,HOMBRE,,NO,,,MINIMOS,,,,,,,,,,,,,,,,,,,,,,
229,XALAPA,24/04/2014,JUEVES,16:55,17:10,,XALAPA,XALAPA,URBANA,,,AVENIDA MURILLO VIDAL,TEJAR,TEJAR,BUENO,SOLEADO,ASFALTO,SECO,DESCENDENTE,NINGUNA,SIN RESTRICCIÓN,VOLCADURA,,,1,,,,,,,,,,,,,,,,,1,,,,,,,,,,,,,,,,,,,,,
229,,,,,,,,,,,11,,,,,,,,,,,,,,,A - AUTOMÓVIL,CHEVROLET,MATIZ,VERACRUZ,ROJO,HECHO EN KOREA,KLLMD6A02CC112722,P - PARTICULAR,NO,38,HOMBRE,C,SI,VELOCIDAD INMODERADA,NO APLICA,20000,,,,,,1,,,,,,,,,,,,,,,,
230,XALAPA,24/04/2014,JUEVES,,00:45,,XALAPA,XALAPA,URBANA,,,AVENIDA LAZARO CARDENAS,,,BUENO,,ASFALTO,,A NIVEL,NINGUNA,SIN RESTRICCIÓN,,,OBJETO FIJO,1,,,,,,,,,,,,,,,,,0,,,,,,,,,,,,,,,,,,,,,
230,,,,,,,,,,,1,,,,,,,,,,,,,,,C - CAMIONETA,FORD,RANGER,VERACRUZ,NEGRO,SIN NUMERO,1FTCR14X997PA60295,P - PARTICULAR,NO,19,HOMBRE,,NO,VELOCIDAD INMODERADA,NO APLICA,10000,,,,,,,,,,,,,,,,,,,,,,
231,XALAPA,24/04/2014,JUEVES,16:53,17:15,,XALAPA,XALAPA,URBANA,,,AVENIDA RUIZ CORTINES,VIRGINIA CORDERO,,BUENO,,CONCRETO,SECO,ASCENDENTE,NINGUNA,ACCIDENTE PREVIO,COLISIÓN,ÁNGULO,,2,,,,,,,,,,,,,,,,,0,,,,,,,,,,,,,,,,,,,,,
231,,,,,,,,,,,2,,,,,,,,,,,,,,,A - AUTOMÓVIL,VOLKSWAGEN,POINTER,VERACRUZ,BEIGE,8JY010166,9BWCC05XO0AP007236,P - PARTICULAR,NO,56,HOMBRE,B,SI,NO RESPETAR CEDA EL PASO,NO APLICA,7000,,,,,,,,,,,,,,,,,,,,,,
231,,,,,,,,,,,,,,,,,,,,,,,,,,A - AUTOMÓVIL,DODGE,,VERACRUZ,ROJO,HECHO EN INDIA,MALAM5NBXEM505430,P - PARTICULAR,SI,42,HOMBRE,,NO,,,12000,,,,,,,,,,,,,,,,,,,,,,
232,XALAPA,24/04/2014,JUEVES,20:00,20:20,,XALAPA,XALAPA,URBANA,,,AVENIDA LAZARO CARDENAS,FERROCARRILERA,,BUENO,,CONCRETO,SECO,ASCENDENTE,NINGUNA,SIN RESTRICCIÓN,,,OBJETO FIJO,1,,,,,,,,,,,,,,,,,0,,,,,,,,,,,,,,,,,,,,,
232,,,,,,,,,,,1,,,,,,,,,,,,,,,A - AUTOMÓVIL,MITSUBISHI,ECLIPSE,VERACRUZ,VERDE,SIN NUMERO,4A3CFAAE4R122544,P - PARTICULAR,NO,22,HOMBRE,,NO,VELOCIDAD INMODERADA,NO APLICA,9000,,,,,,,,,,,,,,,,,,,,,,
233,XALAPA,25/04/2014,VIERNES,,09:15,09:35,XALAPA,XALAPA,URBANA,,,CENTRAL DE ABASTOS,,,REGULAR,SOLEADO,ASFALTO,SECO,A NIVEL,NINGUNA,SIN RESTRICCIÓN,COLISIÓN,MANIOBRA EN REVERSA,VEHÍCULO CIRCULANDO,2,A - AUTOMÓVIL,VOLKSWAGEN,DERBY,DISTRITO FEDERAL,BLANCO/AZUL,ADD231871,WVWUE06K64R511800,P - PARTICULAR,NO,43,HOMBRE,A,SI,NO GUARDAR DISTANCIA,NO APLICA,1500,0,,,,,,,,,,,,,,,,,,,,,
233,,,,,,,,,,,,,,,,,,,,,,,,,,C - CAMIONETA,FORD,F-350,VERACRUZ,BLANCO,70238,1C3JDMTM70238,P - PARTICULAR,NO,32,HOMBRE,B,SI,,,500,,,,,,,,,,,,,,,,,,,,,,
234,XALAPA,25/04/2014,VIERNES,,11:10,11:20,XALAPA,XALAPA,URBANA,,,AVENIDA XALAPA,PROGRESO MACUILTEPEC,MUSEO DE ANTROPOLOGIA,REGULAR,SOLEADO,ASFALTO,SECO,A NIVEL,NINGUNA,SIN RESTRICCIÓN,COLISIÓN,POR ALCANCE,VEHÍCULO CIRCULANDO,2,A - AUTOMÓVIL,NISSAN,TSURU,VERACRUZ,BLANCO/VERDE,GA16744013Y,3N1EB31S6AK339778,PE - PÚBLICO ESTATAL,SI,26,HOMBRE,A,SI,NO GUARDAR DISTANCIA,NO APLICA,1500,0,,,,,,,,,,,,,,,,,,,,,
234,,,,,,,,,,,7,,,,,,,,,,,,,,,A - AUTOMÓVIL,NISSAN,TSURU,VERACRUZ,BLANCO/VERDE,GA167802774,3N1EBS6BK318138,PE - PÚBLICO ESTATAL,SI,43,HOMBRE,A,SI,,,1000,,,,,,,,,,,,,,,,,,,,,,
235,XALAPA,25/04/2014,VIERNES,,14:00,,XALAPA,XALAPA,URBANA,,,CAMINO ANTIGUO A NAOLINCO,CAMPO DE TIRO,RIO TECOLUTLA,BUENO,SOLEADO,CONCRETO,SECO,DESCENDENTE,NINGUNA,SIN RESTRICCIÓN,COLISIÓN,ÁNGULO,VEHÍCULO CIRCULANDO,2,AS - AUTOBÚS SUBURBANO,NAVISTAR,CHASIS,VERACRUZ,BLANCO,470HMZU1503885,3HUB2AAN67N5399,PE - PÚBLICO ESTATAL,SI,24,HOMBRE,A,SI,OTRO,NO APLICA,2800,0,,,,,,,,,,,,,,,,,,,,,
235,,,,,,,,,,,,,,,,,,,,,,,,,,A - AUTOMÓVIL,NISSAN,TSURU,VERACRUZ,BLANCO/ROJO,GA168806634,3N1EB31S4CK551499,PE - PÚBLICO ESTATAL,SI,38,HOMBRE,A,SI,,,1000,,,,,,,,,,,,,,,,,,,,,,
236,XALAPA,25/04/2014,VIERNES,,17:20,17:40,XALAPA,XALAPA,URBANA,,,AVENIDA LAZARO CARDENAS,LUCIO BLANCO,HERNANDEZ CASTILLO,REGULAR,SOLEADO,ASFALTO,SECO,ASCENDENTE,NINGUNA,SIN RESTRICCIÓN,COLISIÓN,LATERAL,VEHÍCULO CIRCULANDO,2,A - AUTOMÓVIL,NISSAN,TSURU,VERACRUZ,BLANCO/VERDE,GA168899032W,3N1EB31S4K581838,PE - PÚBLICO ESTATAL,SI,30,HOMBRE,A,SI,CAMBIAR CARRIL SIN PRECAUCIÓN,NO APLICA,1000,0,,,,,,,,,,,,,,,,,,,,,
236,,,,,,,,,,,1,,,,,,,,,,,,,,,A - AUTOMÓVIL,VOLKSWAGEN,POINTER,VERACRUZ,PLATA,UDH071538,9BWA37A229T184477,P - PARTICULAR,NO,40,MUJER,A,SI,,,2400,,,,,,,,,,,,,,,,,,,,,,
237,XALAPA,25/04/2014,VIERNES,,21:30,,XALAPA,XALAPA,URBANA,,,LAZARO CARDENAS,SALUD,IGNACIO DE LA LLAVE,BUENO,,CONCRETO,SECO,A NIVEL,NINGUNA,SIN RESTRICCIÓN,COLISIÓN,ÁNGULO,VEHÍCULO CIRCULANDO,2,A - AUTOMÓVIL,NISSAN,TIDA,VERACRUZ,BLANCO/ROJO,MR18618576H,3N1BC1AS5361410158,PE - PÚBLICO ESTATAL,NO,58,HOMBRE,A,SI,NO RESPETAR SEÑAL DE ALTO,NO APLICA,3000,0,,,,,,,,,,,,,,,,,,,,,
237,,,,,,,,,,,,,,,,,,,,,,,,,,A - AUTOMÓVIL,VOLKSWAGEN,VENTO,VERACRUZ,ROJO,CLS198496,MEA2G2602BT018282,P - PARTICULAR,SI,31,MUJER,B,SI,,,5000,,,,,,,,,,,,,,,,,,,,,,
238,XALAPA,25/04/2014,VIERNES,,22:20,,XALAPA,XALAPA,URBANA,,,ANGEL GARRIDO,,LLAVE,BUENO,,ASFALTO,SECO,A NIVEL,NINGUNA,SIN RESTRICCIÓN,COLISIÓN,MANIOBRA EN REVERSA,VEHÍCULO CIRCULANDO,2,C - CAMIONETA,FORD,ECO-SPORT,DISTRITO FEDERAL,ARENA,68747711,9BFUT35F858747711,P - PARTICULAR,NO,48,MUJER,,,OTRO,NO APLICA,250,0,,,,,,,,,,,,,,,,,,,,,
238,,,,,,,,,,,,,,,,,,,,,,,,,,A - AUTOMÓVIL,VOLKSWAGEN,CARIBE,VERACRUZ,ROJO,FV141280,17B0371489,P - PARTICULAR,NO,20,HOMBRE,C,SI,,,250,,,,,,,,,,,,,,,,,,,,,,
239,XALAPA,25/04/2014,VIERNES,,04:50,,XALAPA,XALAPA,URBANA,,,EUROPA,,ANDORRA,BUENO,,CONCRETO,SECO,A NIVEL,NINGUNA,SIN RESTRICCIÓN,COLISIÓN,FALLA MECÁNICA,OBJETO FIJO,1,C - CAMIONETA,TOYOTA,HIGHLANDER,VERACRUZ,AZUL,2GRD688643,5TDZK3EH7BS026189,P - PARTICULAR,NO,19,HOMBRE,C,SI,OTRO,NO APLICA,2000,0,,,,,,,,,,,,,,,,,,,,,
239,,,,,,,,,,,,,,,,,,,,,,,,,,,,,,,,,,,,,,,,,1000,,,,,,,,,,,,,,,,,,,,,,
240,XALAPA,25/04/2014,VIERNES,,22:50,,XALAPA,XALAPA,URBANA,,,AVENIDA REBSAMEN,MARTIRES DE CHICAGO,,BUENO,,ASFALTO,SECO,A NIVEL,NINGUNA,SIN RESTRICCIÓN,VOLCADURA,,VEHÍCULO CIRCULANDO,1,A - AUTOMÓVIL,NISSAN,TSURU,VERACRUZ,BLANCO/VERDE,GA16892781W,3N1EB31SX9K365232,PE - PÚBLICO ESTATAL,SI,61,HOMBRE,A,SI,OTRO,NO APLICA,5000,1,,,,,,,1,,,,,,,,,,,,,,
240,,,,,,,,,,,10,,,,,,,,,,,,,,,,,,,,,,,,,,,,,,,,,,,,,,,,,,,,,,,,,,,,
241,XALAPA,25/04/2014,VIERNES,,19:50,,XALAPA,XALAPA,URBANA,,,INDEPENDENCIA,INDEPENDENCIA,VICENTE GUERRERO,BUENO,,CONCRETO,SECO,A NIVEL,NINGUNA,SIN RESTRICCIÓN,COLISIÓN,ÁNGULO,VEHÍCULO CIRCULANDO,2,A - AUTOMÓVIL,NISSAN,SUBAME,VERACRUZ,AZUL,GA16780410V,,P - PARTICULAR,SI,17,HOMBRE,,SI,NO RESPETAR CEDA EL PASO,NO APLICA,6000,1,,,,1,,,,,,,,,,,,,,,,,
241,,,,,,,,,,,,,,,,,,,,,,,,,,M - MOTOCICLETA,ITALIKA,FT 150,,ROJO,LC162FMJA155985,,P - PARTICULAR,SI,29,HOMBRE,,,,,5000,,,,,,,,,,,,,,,,,,,,,,
242,XALAPA,25/04/2014,VIERNES,18:30,18:35,,XALAPA,XALAPA,URBANA,,,AVENIDA LAZARO CARDENAS,,PLAZA ANIMAS,BUENO,,ASFALTO,SECO,A NIVEL,NINGUNA,SIN RESTRICCIÓN,COLISIÓN,LATERAL,VEHÍCULO CIRCULANDO,2,AS - AUTOBÚS SUBURBANO,NAVISTAR,CHASIS,VERACRUZ,BLANCO,470HM201492011,3HVBFAAN67N673979,PE - PÚBLICO ESTATAL,,25,HOMBRE,A,SI,CAMBIAR CARRIL SIN PRECAUCIÓN,NO APLICA,5000,0,,,,,,,,,,,,,,,,,,,,,
242,,,,,,,,,,,1,,,,,,,,,,,,,,,A - AUTOMÓVIL,NISSAN,TSURU,VERACRUZ,VERDE,QG18685011P,3N1CB51551L049111,P - PARTICULAR,,54,HOMBRE,B,SI,,,5000,,,,,,,,,,,,,,,,,,,,,,
243,XALAPA,25/04/2014,VIERNES,03:35,04:00,,XALAPA,XALAPA,URBANA,,,AVENIDA LAZARO CARDENAS,RAFAEL LUCIO,GILDARDO AVILES,BUENO,,CONCRETO,SECO,A NIVEL,NINGUNA,SIN RESTRICCIÓN,COLISIÓN,POR ALCANCE,VEHÍCULO CIRCULANDO,2,CC - CAMIÓN DE CARGA,KEENWORTH,TRACTOR,VERACRUZ,BLANCO,79295104,3WKAD40X89F817889,P - PARTICULAR,,60,HOMBRE,,,NO GUARDAR DISTANCIA,NO APLICA,10000,6,1,1,,3,1,,,,,,,,,,,,,,,,
243,,,,,,,,,,,1,,,,,,,,,,,,,,,C - CAMIONETA,FORD,EXPLORER,VERACRUZ,VERDE,SIN NUMERO,1FMDU32X6PUC99025,P - PARTICULAR,,26,HOMBRE,,,,,2000,,,,,,,,,,,,,,,,,,,,,,
244,XALAPA,26/04/2014,SÁBADO,,13:20,,XALAPA,XALAPA,URBANA,,,POPOCATEPETL,LEALTAD CONSTITUCIONAL,MONTES TAURO Y ANDADOR UNO,BUENO,SOLEADO,CONCRETO,SECO,DESCENDENTE,NINGUNA,SIN RESTRICCIÓN,COLISIÓN,ÁNGULO,VEHÍCULO CIRCULANDO,2,C - CAMIONETA,NISSAN,NP-300,VERACRUZ,BLANCO,KD24396278A,3NGDD25T69K004271,P - PARTICULAR,,22,HOMBRE,,,VELOCIDAD INMODERADA,NO APLICA,6000,2,,1,1,,,,,,,,,,,,,,,,,,
244,,,,,,,,,,,,,,,,,,,,,,,,,,A - AUTOMÓVIL,CHEVROLET,ASTRA,VERACRUZ,BLANCO,,1GC0M19W11B13879B,P - PARTICULAR,,50,HOMBRE,B,SI,,,2000,,,,,,,,,,,,,,,,,,,,,,
245,XALAPA,26/04/2014,SÁBADO,20:00,21:20,22:00,XALAPA,XALAPA,URBANA,XALAPA-COATEPEC,,,EL ARENAL,CIRCUITO PRESIDENTES,BUENO,,ASFALTO,SECO,A NIVEL,NINGUNA,ACCIDENTE PREVIO,COLISIÓN,LATERAL,VEHÍCULO CIRCULANDO,2,A - AUTOMÓVIL,VOLKSWAGEN,JETTA,VERACRUZ,ROJO,3VWJ2A1WXNM2K685,MR18079911H,P - PARTICULAR,NO,45,HOMBRE,,,CAMBIAR CARRIL SIN PRECAUCIÓN,NO APLICA,800,0,,,,,,,,,,,,,,,,,,,,,
245,,,,,,,,,,,,,,,,,,,,,,,,,,A - AUTOMÓVIL,NISSAN,TIDA,VERACRUZ,ROJO,,3N1BC11G67K1967K196131,P - PARTICULAR,NO,23,HOMBRE,B,SI,,,1500,,,,,,,,,,,,,,,,,,,,,,
246,XALAPA,26/04/2014,SÁBADO,01:57,03:00,04:15,XALAPA,EMILIANO ZAPATA,URBANA,EL LENCERO LA TINAJA KM. 05+000,,,,EL PUENTE DE LA VIRGEN Y RANCHO LAS ADELITAS,BUENO,,ASFALTO,SECO,DESCENDENTE,NINGUNA,SIN RESTRICCIÓN,SALIDA DE CAMINO,,,1,A - AUTOMÓVIL,HONDA,CIVIC,VERACRUZ,BLANCO,D16VBS788610,1HGEJ3568YL904084,P - PARTICULAR,,30,HOMBRE,C,SI,VELOCIDAD INMODERADA,NO APLICA,9000,,,,,,,,,,,,,,,,,,,,,,
247,XALAPA,26/04/2014,SÁBADO,08:30,08:45,,XALAPA,XALAPA,URBANA,,,MARTIRES 28 DE AGOSTO,CERRO COLORADO,FTE. ALA FABRICA DE TEXTILES,BUENO,SOLEADO,ASFALTO,SECO,A NIVEL,MARCA EN PAVIMENTO,SIN RESTRICCIÓN,COLISIÓN,DE FRENTE,VEHÍCULO CIRCULANDO,2,A - AUTOMÓVIL,NISSAN,TSURU,VERACRUZ,BLANCO/ROJO,GA16723577Y,3N1EB31S6AK323483,PE - PÚBLICO ESTATAL,,32,HOMBRE,A,SI,VELOCIDAD INMODERADA,NO APLICA,3000,2,,,,,,,,,,,,,,,,,,,,,