idMES,DELEGACION DE TRANSITO,FECHA DEL ACCIDENTE,DIA DE LA SEMANA,HORA EN QUE SE RECIBIO LA LLAMADA REPORTANDO EL ACCIDENTE,HORA DE ARRIBO DEL PERITO AL SITIO,HORA DE REGRESO DEL PERITO A LAS INSTALACIONES DE SU DELEGACION,LOCALIDAD ACCIDENTE,MUNICIPIO ACCIDENTE,ZONA,CARRETERA/KILOMETRO DEL ACCIDENTE,NUMERO DE AVENIDA,CALLE/AVENIDA DEL ACCIDENTE,COLONIA,ENTRE CALLES,CONDICIONES DE LA VIA,CONDICIONES NATURALES,SUPERFICIE DE LA VIA,ESTADO DE LA VIA,TANGENTE,TIPO DE CONTROL DE TRANSITO,RESTRICCIONES DE LA VIA,TIPO DE ACCIDENTE,FORMA DE ACCIDENTARSE,CONTRA QUE FUE EL IMPACTO,CANTIDAD DE VEHICULOS,TIPO DE VEHICULO,MARCA,SUBMARCA,ENTIDAD FEDERATIVA DEL VEHICULO,COLOR DEL VEHICULO,MOTOR,SERIE,TIPO DE SERVICIO PARA EL QUE SE OCUPAN LOS VEHICULOS,ASEGURADO,EDAD CONDUCTOR,SEXO CONDUCTOR,TIPO LICENCIA,LICENCIA VIGENTE,CAUSA ATRIBUIBLE AL CONDUCTOR,CAUSA ATRIBUIBLE AL PEATON,DANIOS (MONTO APROXIMADO EN MXN),NUMERO DE HERIDOS,MUJER HERIDA DE 0-15 ANIOS,HOMBRE HERIDO DE 0-15 ANIOS,MUJER HERIDA DE 16-30 ANIOS,HOMBRE HERIDO DE 16-30 ANIOS,MUJER HERIDA DE 31-45 ANIOS,HOMBRE HERIDO DE 31-45 ANIOS,MUJER HERIDA DE 46-60 ANIOS,HOMBRE HERIDO DE 46-60 ANIOS,MUJER HERIDA MAS DE 60 ANIOS,HOMBRE HERIDO MAS DE 60 ANIOS,NUMERO DE MUERTOS,MUJER MUERTA DE 0-15 ANIOS,HOMBRE MUERTO DE 0-15 ANIOS,MUJER MUERTA DE 16-30 ANIOS,HOMBRE MUERTO DE 16-30 ANIOS,MUJER MUERTA DE 31-45 ANIOS,HOMBRE MUERTO DE 31-45 ANIOS,MUJER MUERTA DE 46-60 ANIOS,HOMBRE MUERTO DE 46-60 ANIOS,MUJER MUERTA MAS DE 60 ANIOS,HOMBRE MUERTO MAS DE 60 ANIOS
247,,,,,,,,,,,,,,,,,,,,,,,,,,M - MOTOCICLETA,DINAMO,,,ROJO/NEGRO,LB100121,3CUS1ATC26X002385,P - PARTICULAR,,39,MUJER,,,,,5000,,,1,,,1,,,,,,,,,,,,,,,,
248,XALAPA,26/04/2014,SÁBADO,11:38,12:15,,XALAPA,XALAPA,URBANA,,,AVENIDA PREPARATORIO,FRACCIONAMIENTO LUCAS MARTIN,CALZADA LUCAS MARTIN,BUENO,,CONCRETO,SECO,DESCENDENTE,NINGUNA,SIN RESTRICCIÓN,COLISIÓN,,OBJETO FIJO,1,A - AUTOMÓVIL,CHEVROLET,CAVALIER,VERACRUZ,ROJO,,3G1JX514411S165430,P - PARTICULAR,,,,,,VELOCIDAD INMODERADA,NO APLICA,6500,0,,,,,,,,,,,,,,,,,,,,,
249,XALAPA,26/04/2014,SÁBADO,21:10,21:25,,XALAPA,XALAPA,URBANA,,,PRINCIPAL A OJO DE AGUA,,ALA ALTURA DE LA PLANTA DE SUBASTACION DIVISION ORIENTE DE LA C.F.E.,BUENO,,ASFALTO,SECO,A NIVEL,NINGUNA,SIN RESTRICCIÓN,COLISIÓN,,OBJETO FIJO,1,AS - AUTOBÚS SUBURBANO,BLUE BIRD,,,NARANJA,,,PE - PÚBLICO ESTATAL,,24,HOMBRE,A,SI,OTRO,NO APLICA,SIN DAÑOS,0,,,,,,,,,,,,,,,,,,,,,
250,XALAPA,26/04/2014,SÁBADO,04:28,04:40,,XALAPA,XALAPA,URBANA,,,AVENIDA RUIZ CORTINES,OBRERO CAMPESINA,REYES HEROLES,BUENO,,EMPEDRADO,SECO,A NIVEL,NINGUNA,SIN RESTRICCIÓN,COLISIÓN,ÁNGULO,VEHÍCULO CIRCULANDO,2,M - MOTOCICLETA,ITALIKA,MOTONETA,,ROJO,,,P - PARTICULAR,,19,HOMBRE,,,,,,0,,,,,,,,,,,,,,,,,,,,,
250,,,,,,,,,,,2,,,,,,,,,,,,,,,A - AUTOMÓVIL,NISSAN,TSURU,VERACRUZ,BLANCO/VERDE,GA16737986Y,3N1EB31S9AK334767,P - PARTICULAR,,45,HOMBRE,A,SI,ALCOHOL / DROGAS,NO APLICA,4000,,,,,,,,,,,,,,,,,,,,,,
250,,,,,,,,,,,,,,,,,,,,,,,,,,,,,,,,,,,,,,,,,2500,,,,,,,,,,,,,,,,,,,,,,
251,XALAPA,27/04/2014,DOMINGO,,11:20,,XALAPA,XALAPA,URBANA,,,BOLIVIA,,,BUENO,SOLEADO,ASFALTO,SECO,DESCENDENTE,NINGUNA,SIN RESTRICCIÓN,COLISIÓN,POR ALCANCE,VEHÍCULO CIRCULANDO,2,AS - AUTOBÚS SUBURBANO,MERCEDES BENZ,CHASIS,VERACRUZ,GRIS,9.07E+12,3NBAA3CS17M02AZEZ,PE - PÚBLICO ESTATAL,SI,35,HOMBRE,A,SI,VELOCIDAD INMODERADA,NO APLICA,2000,0,,,,,,,,,,,,,,,,,,,,,
251,,,,,,,,,,,,,,,,,,,,,,,,,,C - CAMIONETA,CHEVROLET,TRACKER,VERACRUZ,PLATA,HECHO EN CANADA,2CNB113C136912368,P - PARTICULAR,NO,32,HOMBRE,C,SI,,,8000,,,,,,,,,,,,,,,,,,,,,,
252,XALAPA,27/04/2014,DOMINGO,,17:50,,XALAPA,XALAPA,URBANA,,,AVENIDA LAZARO CARDENAS,,,BUENO,LLUVIA,ASFALTO,MOJADO,DESCENDENTE,NINGUNA,SIN RESTRICCIÓN,COLISIÓN,POR ALCANCE,VEHÍCULO CIRCULANDO,3,C - CAMIONETA,CHEVROLET,SILVERADO,VERACRUZ,AZUL/GRIS,HECHO EN USA,,P - PARTICULAR,,22,HOMBRE,B,SI,NO GUARDAR DISTANCIA,NO APLICA,1000,0,,,,,,,,,,,,,,,,,,,,,
252,,,,,,,,,,,1,,,,,,,,,,,,,,,A - AUTOMÓVIL,NISSAN,TSURU,VERACRUZ,BLANCO/ROJO,GA16815982V,,PE - PÚBLICO ESTATAL,,59,HOMBRE,A,SI,,,1000,,,,,,,,,,,,,,,,,,,,,,
252,,,,,,,,,,,,,,,,,,,,,,,,,,A - AUTOMÓVIL,NISSAN,TSURU,VERACRUZ,BLANCO/VERDE,GA16750396Y,,PE - PÚBLICO ESTATAL,,38,HOMBRE,,,,,,,,,,,,,,,,,,,,,,,,,,,
253,XALAPA,27/04/2014,DOMINGO,18:00,19:05,20:24,XALAPA,EMILIANO ZAPATA,URBANA,PLAN DEL RIO KM. 24+500,,,,,MALO,GRANIZO,ASFALTO,MOJADO,A NIVEL,NINGUNA,SIN RESTRICCIÓN,COLISIÓN,,OBJETO FIJO,1,A - AUTOMÓVIL,MAZDA,MAZDA 6,VERACRUZ,NEGRO,1.10E+11,1YVHZ8CB2C5M18128,P - PARTICULAR,SI,24,HOMBRE,B,SI,VELOCIDAD INMODERADA,NO APLICA,150000,0,,,,,,,,,,,,,,,,,,,,,
254,XALAPA,27/04/2014,DOMINGO,21:40,21:58,22:30,XALAPA,XALAPA,URBANA,,,ADOLFO RUIZ CORTINES,OBRERO CAMPESINA,REYES HEROLES,MALO,LLUVIA,ASFALTO,MOJADO,A NIVEL,NINGUNA,SIN RESTRICCIÓN,COLISIÓN,,VEHÍCULO ESTACIONADO,2,A - AUTOMÓVIL,VOLKSWAGEN,DERBY,PUEBLA,PLATA,ADD247206,40041000677,P - PARTICULAR,NO,31,HOMBRE,C,SI,CAMBIAR CARRIL SIN PRECAUCIÓN,NO APLICA,2000,0,,,,,,,,,,,,,,,,,,,,,
254,,,,,,,,,,,2,,,,,,,,,,,,,,,A - AUTOMÓVIL,RENAULT,R-18,VERACRUZ,AZUL,AL0344881,ALO344881,P - PARTICULAR,NO,,,,,,,1500,,,,,,,,,,,,,,,,,,,,,,
255,XALAPA,27/04/2014,DOMINGO,,05:30,,XALAPA,XALAPA,URBANA,,,VENUSTIANO CARRANZA,,JUAN RODRIGUEZ CLARA Y PAULINO MARTINEZ,BUENO,,CONCRETO,,A NIVEL,NINGUNA,SIN RESTRICCIÓN,VOLCADURA,,VEHÍCULO ESTACIONADO,1,A - AUTOMÓVIL,SEAT,IBIZA,VERACRUZ,VERDE,,,P - PARTICULAR,,26,HOMBRE,,,OTRO,NO APLICA,15000,0,,,,,,,,,,,,,,,,,,,,,
255,,,,,,,,,,,,,,,,,,,,,,,,,,A - AUTOMÓVIL,FORD,RANGER,VERACRUZ,BLANCO,HECHO EN MEXICO,,P - PARTICULAR,,,,,,,,5000,,,,,,,,,,,,,,,,,,,,,,
256,XALAPA,27/04/2014,DOMINGO,18:05,18:35,,XALAPA,XALAPA,URBANA,XALAPA-ACTOPAN,,,,ALA ALTURA DEL RANCHO DÓLAR,BUENO,,ASFALTO,MOJADO,ASCENDENTE,NINGUNA,SIN RESTRICCIÓN,COLISIÓN,DE FRENTE,VEHÍCULO CIRCULANDO,2,C - CAMIONETA,FORD,EXPLORER,VERACRUZ,BEIGE,SIN NUMERO,1FMDV34XZMUC9276,P - PARTICULAR,,64,HOMBRE,,,CAMBIAR CARRIL SIN PRECAUCIÓN,NO APLICA,5000,2,,,,,1,,,,1,,,,,,,,,,,,
256,,,,,,,,,,,,,,,,,,,,,,,,,,A - AUTOMÓVIL,NISSAN,TSURU,VERACRUZ,ROJO,GA16854773P,3N1EB31S41K322422,P - PARTICULAR,,19,HOMBRE,B,SI,,,10000,,,,,,,,,,,,,,,,,,,,,,
257,XALAPA,28/04/2014,LUNES,,11:20,11:25,XALAPA,XALAPA,URBANA,,,RUIZ CORTINES,VIRGINIA AGUILAR CORDERO,PERIMO DE MAYO Y VILLA HERMOSA,BUENO,,CONCRETO,SECO,DESCENDENTE,NINGUNA,SIN RESTRICCIÓN,COLISIÓN,LATERAL,VEHÍCULO CIRCULANDO,2,AS - AUTOBÚS SUBURBANO,FREIGHTLINER,CHRYSLER,VERACRUZ,BLANCO,9.07E+13,1VZAAXCS35CV2925A,PE - PÚBLICO ESTATAL,SI,25,HOMBRE,A,SI,CAMBIAR CARRIL SIN PRECAUCIÓN,NO APLICA,400,1,,,,1,,,,,,,,,,,,,,,,,
257,,,,,,,,,,,2,,,,,,,,,,,,,,,M - MOTOCICLETA,HONDA,CARGO 125,VERACRUZ,BLANCO,JC2JC30698R009413,9CZJC300698R009413,P - PARTICULAR,SI,21,HOMBRE,D,SI,,,2500,,,,,,,,,,,,,,,,,,,,,,
258,XALAPA,28/04/2014,LUNES,,12:45,,XALAPA,XALAPA,URBANA,,,REVOLUCION,CENTRO,JUAREZ Y ALTAMIRANO,BUENO,,CONCRETO,SECO,ASCENDENTE,NINGUNA,SIN RESTRICCIÓN,COLISIÓN,,VEHÍCULO ESTACIONADO,2,C - CAMIONETA,FORD,F-550,VERACRUZ,GRIS,HECHO EN MEXICO,3FDMFS657YMA67429,P - PARTICULAR,,43,HOMBRE,B,SI,OTRO,NO APLICA,MINIMOS,0,,,,,,,,,,,,,,,,,,,,,
258,,,,,,,,,,,,,,,,,,,,,,,,,,A - AUTOMÓVIL,CHRYSLER,ATTITUDE,VERACRUZ,BLANCO,HECHO EN KOREA,KMHCT4NC9CU19117,P - PARTICULAR,,32,HOMBRE,C,SI,,,1500,,,,,,,,,,,,,,,,,,,,,,
259,XALAPA,28/04/2014,LUNES,12:58,13:15,,XALAPA,XALAPA,URBANA,,,AVENIDA LAZARO CARDENAS,,,BUENO,SOLEADO,ASFALTO,SECO,A NIVEL,MARCA EN PAVIMENTO,SIN RESTRICCIÓN,COLISIÓN,ÁNGULO,VEHÍCULO CIRCULANDO,2,AS - AUTOBÚS SUBURBANO,DAIMER,CHRYSLER,VERACRUZ,BLANCO/AZUL,92Y92500901621,BMBAA52M5CM045272,PE - PÚBLICO ESTATAL,SI,59,HOMBRE,A,SI,NO GUARDAR DISTANCIA,NO APLICA,2000,0,,,,,,,,,,,,,,,,,,,,,
259,,,,,,,,,,,1,,,,,,,,,,,,,,,AS - AUTOBÚS SUBURBANO,MERCEDES BENZ,,VERACRUZ,BLANCO,9.07E+13,3MBAANC5XBM039566,PE - PÚBLICO ESTATAL,NO,52,HOMBRE,A,SI,,,3000,,,,,,,,,,,,,,,,,,,,,,
260,XALAPA,28/04/2014,LUNES,04:20,14:30,,XALAPA,XALAPA,URBANA,,,AVENIDA MURILLO VIDAL,EL TEJAR,RETORNO AL MIX,BUENO,SOLEADO,ASFALTO,SECO,A NIVEL,MARCA EN PAVIMENTO,SIN RESTRICCIÓN,COLISIÓN,POR ALCANCE,VEHÍCULO CIRCULANDO,3,A - AUTOMÓVIL,VOLKSWAGEN,JETTA,VERACRUZ,BLANCO,BHP155840,,P - PARTICULAR,,21,HOMBRE,B,SI,CAMBIAR CARRIL SIN PRECAUCIÓN,NO APLICA,6000,0,,,,,,,,,,,,,,,,,,,,,
260,,,,,,,,,,,11,,,,,,,,,,,,,,,A - AUTOMÓVIL,VOLKSWAGEN,GOL,DISTRITO FEDERAL,ROJO,CFZ76126,9BWAB05U2BP020678,P - PARTICULAR,,43,HOMBRE,,,,,12000,,,,,,,,,,,,,,,,,,,,,,
260,,,,,,,,,,,,,,,,,,,,,,,,,,A - AUTOMÓVIL,CHEVROLET,AVEO,DISTRITO FEDERAL,ROJO,HECHO EN MEXICO,3G1TCSCF7DL137102,P - PARTICULAR,,40,HOMBRE,C,SI,,,8000,,,,,,,,,,,,,,,,,,,,,,
261,XALAPA,28/04/2014,LUNES,,14:35,,XALAPA,XALAPA,URBANA,,,AVENIDA LAZARO CARDENAS,PROGRESO MACUILTEPEC,FELIX Z. LICONA Y MIGUEL ALEMAN,BUENO,SOLEADO,CONCRETO,SECO,A NIVEL,SEMÁFORO FUNCIONANDO,SIN RESTRICCIÓN,COLISIÓN,POR ALCANCE,VEHÍCULO CIRCULANDO,2,A - AUTOMÓVIL,NISSAN,TSURU,VERACRUZ,BLANCO,GA16883536Y,3N1EB31S6DK302282,P - PARTICULAR,SI,29,HOMBRE,A,SI,VELOCIDAD INMODERADA,NO APLICA,10000,1,,,,1,,,,,,,,,,,,,,,,,
261,,,,,,,,,,,1,,,,,,,,,,,,,,,C - CAMIONETA,HONDA,CRV,DISTRITO FEDERAL,PLATA,K24Z91052286,3HGRM3837CG00185,P - PARTICULAR,SI,46,HOMBRE,A,SI,,,8000,,,,,,,,,,,,,,,,,,,,,,
262,XALAPA,28/04/2014,LUNES,,15:40,16:20,XALAPA,XALAPA,URBANA,,,CIRCUITO PRESIDENTES,ZONA UNIVERSITARIA,MURILLO VIDAL Y REBSAMEN,BUENO,,ASFALTO,SECO,A NIVEL,NINGUNA,ACCIDENTE PREVIO,COLISIÓN,LATERAL,VEHÍCULO CIRCULANDO,2,C - CAMIONETA,CHEVROLET,VAN,MÉXICO,BLANCO,HECHO EN MEXICO,,P - PARTICULAR,SI,49,MUJER,C,SI,CAMBIAR CARRIL SIN PRECAUCIÓN,NO APLICA,1500,0,,,,,,,,,,,,,,,,,,,,,
262,,,,,,,,,,,,,,,,,,,,,,,,,,A - AUTOMÓVIL,VOLKSWAGEN,GOLF,MÉXICO,ROJO,ACC003731,1HNM904975,P - PARTICULAR,NO,41,HOMBRE,B,SI,,,2500,,,,,,,,,,,,,,,,,,,,,,
263,XALAPA,28/04/2014,LUNES,,17:10,18:00,XALAPA,XALAPA,URBANA,,,AVENIDA LAZARO CARDENAS,RAFAEL LUCIO,GILDARDO AVILES E ISMAEL CRISTI,BUENO,,CONCRETO,SECO,DESCENDENTE,NINGUNA,SIN RESTRICCIÓN,COLISIÓN,ÁNGULO,VEHÍCULO CIRCULANDO,2,A - AUTOMÓVIL,VOLKSWAGEN,GOLF,VERACRUZ,GRIS,BEJ001482,9BWLB01J32400669,P - PARTICULAR,NO,41,HOMBRE,B,SI,NO RESPETAR CEDA EL PASO,NO APLICA,3000,0,,,,,,,,,,,,,,,,,,,,,
263,,,,,,,,,,,1,,,,,,,,,,,,,,,A - AUTOMÓVIL,VOLKSWAGEN,SEAT,VERACRUZ,BLANCO,BBX050167,VSSSXA6L38R027453,P - PARTICULAR,NO,38,MUJER,C,SI,,,4500,,,,,,,,,,,,,,,,,,,,,,
263,,,,,,,,,,,,,,,,,,,,,,,,,,C - CAMIONETA,TOYOTA,RUNNER,DISTRITO FEDERAL,NEGRO,SIN NUMERO,JT4RN52D0H0173170,P - PARTICULAR,NO,42,HOMBRE,,,,,1200,,,,,,,,,,,,,,,,,,,,,,
264,XALAPA,28/04/2014,LUNES,,22:25,,XALAPA,XALAPA,URBANA,,,MAGNOLIA,VENUSTIANO CARRANZA,AGUILAR CASTILLO,BUENO,,CONCRETO,SECO,A NIVEL,SEÑAL DE ALTO,SIN RESTRICCIÓN,COLISIÓN,ÁNGULO,VEHÍCULO CIRCULANDO,2,A - AUTOMÓVIL,NISSAN,TSURU,VERACRUZ,BLANCO/VERDE,,,PE - PÚBLICO ESTATAL,SI,39,HOMBRE,A,SI,NO RESPETAR SEÑAL DE ALTO,NO APLICA,1000,0,,,,,,,,,,,,,,,,,,,,,
264,,,,,,,,,,,,,,,,,,,,,,,,,,C - CAMIONETA,FORD,EXPLORER,VERACRUZ,VINO,,,P - PARTICULAR,NO,31,HOMBRE,C,SI,,,1500,,,,,,,,,,,,,,,,,,,,,,
265,XALAPA,28/04/2014,LUNES,14:20,14:40,,XALAPA,XALAPA,URBANA,,,AVENIDA LAZARO CARDENAS,EMILIANO ZAPATA,FRACC. LA PRADERA,BUENO,,ASFALTO,SECO,A NIVEL,NINGUNA,SIN RESTRICCIÓN,COLISIÓN,LATERAL,VEHÍCULO CIRCULANDO,2,C - CAMIONETA,CHRYSLER,TOWN COUNTRY,VERACRUZ,BLANCO,SIN NUMERO,1C4GP64L1V13379829,P - PARTICULAR,,40,HOMBRE,,,OTRO,NO APLICA,2500,1,,,,,,,,,,,,,,,,,,,,,
265,,,,,,,,,,,1,,,,,,,,,,,,,,,M - MOTOCICLETA,ITALIKA,F-125,,NEGRO,LC157FM1LE076448,3SCPFTDE3D1057545,P - PARTICULAR,,21,HOMBRE,D,SI,,,2500,,,,,1,,,,,,,,,,,,,,,,,
266,XALAPA,28/04/2014,LUNES,10:25,10:35,,XALAPA,XALAPA,URBANA,,,AVENIDA ARCO SUR,LOMAS VERDES,,BUENO,,ASFALTO,SECO,DESCENDENTE,NINGUNA,SIN RESTRICCIÓN,COLISIÓN,,VEHÍCULO CIRCULANDO,2,AS - AUTOBÚS SUBURBANO,MERCEDES BENZ,,,AMARILLO,,,PE - PÚBLICO ESTATAL,,39,HOMBRE,A,SI,OTRO,NO APLICA,4000,0,,,,,,,,,,,,,,,,,,,,,
266,,,,,,,,,,,,,,,,,,,,,,,,,,M - MOTOCICLETA,HONDA,,DISTRITO FEDERAL,NEGRO,,,P - PARTICULAR,,22,HOMBRE,D,SI,,,,,,,,,,,,,,,,,,,,,,,,,
267,XALAPA,29/04/2014,MARTES,,09:00,,XALAPA,XALAPA,URBANA,,,LAZARO CARDENAS,,,BUENO,,ASFALTO,,ASCENDENTE,NINGUNA,SIN RESTRICCIÓN,COLISIÓN,POR ALCANCE,VEHÍCULO CIRCULANDO,2,A - AUTOMÓVIL,FORD,CURIER,VERACRUZ,NEGRO,SIN NUMERO,9BFBT33N1279306675,P - PARTICULAR,NO,19,HOMBRE,,,NO GUARDAR DISTANCIA,NO APLICA,1000,0,,,,,,,,,,,,,,,,,,,,,
267,,,,,,,,,,,1,,,,,,,,,,,,,,,A - AUTOMÓVIL,HONDA,CIVIC,VERACRUZ,BLANCO,R18A16248227,19XFA1684AE902427,P - PARTICULAR,NO,27,MUJER,C,SI,,,1000,,,,,,,,,,,,,,,,,,,,,,
268,XALAPA,29/04/2014,MARTES,,09:50,,XALAPA,XALAPA,URBANA,,,IGNACIO DE LA LLAVE,TAMBORREL,AVILA CAMACHO,BUENO,SOLEADO,CONCRETO,SECO,DESCENDENTE,NINGUNA,SIN RESTRICCIÓN,COLISIÓN,LATERAL,VEHÍCULO CIRCULANDO,2,A - AUTOMÓVIL,NISSAN,TSURU,VERACRUZ,BLANCO/ROJO,GA16766772Y,3N1EB31S4BK303671,PE - PÚBLICO ESTATAL,SI,54,HOMBRE,A,SI,CAMBIAR CARRIL SIN PRECAUCIÓN,NO APLICA,1000,0,,,,,,,,,,,,,,,,,,,,,
268,,,,,,,,,,,,,,,,,,,,,,,,,,A - AUTOMÓVIL,BMW,MINI COOPER,DISTRITO FEDERAL,NEGRO,AS401099,WMWJMF71068TU86655,P - PARTICULAR,SI,38,MUJER,C,SI,,,2000,,,,,,,,,,,,,,,,,,,,,,
269,XALAPA,29/04/2014,MARTES,,10:25,11:00,XALAPA,XALAPA,URBANA,,,RUBI,BUGAMBIALIAS,,REGULAR,SOLEADO,ASFALTO,SECO,ASCENDENTE,NINGUNA,SIN RESTRICCIÓN,COLISIÓN,MANIOBRA EN REVERSA,VEHÍCULO CIRCULANDO,2,AS - AUTOBÚS SUBURBANO,CHRYSLER,DAIMBLER,VERACRUZ,AMARILLO,9.25E+13,3MBAA2DK49M032089,PE - PÚBLICO ESTATAL,SI,27,HOMBRE,A,SI,NO GUARDAR DISTANCIA,NO APLICA,1000,0,,,,,,,,,,,,,,,,,,,,,
269,,,,,,,,,,,,,,,,,,,,,,,,,,A - AUTOMÓVIL,VOLKSWAGEN,POINTER,DISTRITO FEDERAL,AZUL,BH6124933,9BWCC05X03T169571,P - PARTICULAR,NO,53,HOMBRE,C,SI,,,2000,,,,,,,,,,,,,,,,,,,,,,
270,XALAPA,29/04/2014,MARTES,,11:50,,XALAPA,XALAPA,URBANA,,,AVENIDA AMERICAS,,,BUENO,SOLEADO,CONCRETO,SECO,DESCENDENTE,NINGUNA,SIN RESTRICCIÓN,COLISIÓN,ÁNGULO,VEHÍCULO CIRCULANDO,2,A - AUTOMÓVIL,NISSAN,SENTRA,VERACRUZ,ROJO,GG187042045,3N1EBS1SX6L458809,P - PARTICULAR,SI,65,HOMBRE,B,SI,OTRO,NO APLICA,1000,0,,,,,,,,,,,,,,,,,,,,,
270,,,,,,,,,,,3,,,,,,,,,,,,,,,M - MOTOCICLETA,YAMAHA,DEPORTIVA,VERACRUZ,BLANCO,ILEGIBLE,ILEGIBLE,P - PARTICULAR,SI,25,HOMBRE,D,SI,,,2000,,,,,,,,,,,,,,,,,,,,,,
271,XALAPA,29/04/2014,MARTES,,13:25,13:40,XALAPA,EMILIANO ZAPATA,URBANA,,,PRINCIPAL DE CENTRAL DE ABASTOS,,,REGULAR,SOLEADO,ASFALTO,SECO,ASCENDENTE,NINGUNA,SIN RESTRICCIÓN,COLISIÓN,LATERAL,VEHÍCULO CIRCULANDO,2,C - CAMIONETA,CHEVROLET,SILVERADO,VERACRUZ,BLANCO,HECHO EN MEXICO,3HB6CZBKHL6108963,P - PARTICULAR,SI,54,HOMBRE,B,SI,CAMBIAR CARRIL SIN PRECAUCIÓN,NO APLICA,2000,0,,,,,,,,,,,,,,,,,,,,,
271,,,,,,,,,,,,,,,,,,,,,,,,,,AS - AUTOBÚS SUBURBANO,NAVISTAR,INTERNATIONAL,VERACRUZ,BLANCO,3HBBZSEN1BL383815,,PE - PÚBLICO ESTATAL,NO,40,HOMBRE,A,SI,,,2000,,,,,,,,,,,,,,,,,,,,,,
272,XALAPA,29/04/2014,MARTES,15:40,15:55,,XALAPA,XALAPA,URBANA,,,ATENAS VERACRUZANAS,REVOLUCION,IGNACIO COMONFORT Y ARIETA,BUENO,SOLEADO,ASFALTO,SECO,A NIVEL,MARCA EN PAVIMENTO,SIN RESTRICCIÓN,COLISIÓN,,VEHÍCULO ESTACIONADO,2,CC - CAMIÓN DE CARGA,FREIGHTLINER,CAMION,VERACRUZ,BLANCO,,,P - PARTICULAR,NO,,HOMBRE,,SI,OTRO,NO APLICA,1000,0,,,,,,,,,,,,,,,,,,,,,
272,,,,,,,,,,,,,,,,,,,,,,,,,,A - AUTOMÓVIL,CHEVROLET,CHEVY,VERACRUZ,ORO,HECHO EN MEXICO,3G1SE54641S161735,P - PARTICULAR,NO,,,,,,,1500,,,,,,,,,,,,,,,,,,,,,,
273,XALAPA,29/04/2014,MARTES,,15:55,16:10,XALAPA,XALAPA,URBANA,,,ZARAGOZA,CENTRO,BARRAGAN,REGULAR,SOLEADO,ASFALTO,SECO,ASCENDENTE,NINGUNA,SIN RESTRICCIÓN,COLISIÓN,ÁNGULO,VEHÍCULO CIRCULANDO,2,A - AUTOMÓVIL,CHEVROLET,CHEVY,VERACRUZ,GRIS,HECHO EN MEXICO,3G1SE51XV75116580,P - PARTICULAR,SI,41,MUJER,C,SI,NO RESPETAR CEDA EL PASO,NO APLICA,2500,0,,,,,,,,,,,,,,,,,,,,,
273,,,,,,,,,,,,,,,,,,,,,,,,,,AS - AUTOBÚS SUBURBANO,MERCEDES BENZ,,VERACRUZ,BLANCO,9.07E+13,3HBAA3CS54M007816,PE - PÚBLICO ESTATAL,NO,59,HOMBRE,A,SI,,,500,,,,,,,,,,,,,,,,,,,,,,
274,XALAPA,29/04/2014,MARTES,,18:30,18:50,XALAPA,XALAPA,URBANA,,,ARCO SUR,,,REGULAR,SOLEADO,ASFALTO,SECO,DESCENDENTE,NINGUNA,SIN RESTRICCIÓN,COLISIÓN,POR ALCANCE,VEHÍCULO CIRCULANDO,2,A - AUTOMÓVIL,VOLKSWAGEN,JETTA,VERACRUZ,GRIS,ADC001833,1HRM618894,P - PARTICULAR,SI,20,HOMBRE,B,SI,NO GUARDAR DISTANCIA,NO APLICA,6000,0,,,,,,,,,,,,,,,,,,,,,
274,,,,,,,,,,,,,,,,,,,,,,,,,,C - CAMIONETA,FORD,SCAPE,VERACRUZ,AZUL,2K064288,1FMYU03142KU64288,P - PARTICULAR,NO,32,HOMBRE,C,SI,,,2500,,,,,,,,,,,,,,,,,,,,,,
275,XALAPA,29/04/2014,MARTES,20:11,20:45,21:10,XALAPA,XALAPA,URBANA,,,VIRGINIA AGUILAR,RAFAEL LUCIO,LAZARO CARDENAS Y MANUEL M. CONTRERAS,BUENO,,CONCRETO,SECO,DESCENDENTE,NINGUNA,SIN RESTRICCIÓN,COLISIÓN,LATERAL,VEHÍCULO CIRCULANDO,2,CC - CAMIÓN DE CARGA,FREIGHTLINER,CAJA CERRADA,VERACRUZ,VERDE,9069800C741022,3ALFCYCS09DAJ2139,PF- PÚBLICO FEDERAL,NO,36,HOMBRE,D,,CAMBIAR CARRIL SIN PRECAUCIÓN,NO APLICA,50,0,,,,,,,,,,,,,,,,,,,,,
275,,,,,,,,,,,,,,,,,,,,,,,,,,C - CAMIONETA,MITSUBISHI,ENDEAVOR,VERACRUZ,PLATA,SIN NUMERO,4A5MM31S45E023243,P - PARTICULAR,SI,43,HOMBRE,,,,,800,,,,,,,,,,,,,,,,,,,,,,
276,XALAPA,29/04/2014,MARTES,,18:30,,XALAPA,XALAPA,URBANA,,,AVENIDA RUIZ CORTINES,,CANDIDO AGUILAR,BUENO,,ASFALTO,SECO,A NIVEL,NINGUNA,SIN RESTRICCIÓN,COLISIÓN,ÁNGULO,VEHÍCULO CIRCULANDO,2,C - CAMIONETA,JEEP,CHEROKEE,VERACRUZ,NEGRO,SIN NUMERO,1J4FT58S1ML531999,P - PARTICULAR,,33,MUJER,,,OTRO,NO APLICA,1000,0,,,,,,,,,,,,,,,,,,,,,