idMES,DELEGACION DE TRANSITO,FECHA DEL ACCIDENTE,DIA DE LA SEMANA,HORA EN QUE SE RECIBIO LA LLAMADA REPORTANDO EL ACCIDENTE,HORA DE ARRIBO DEL PERITO AL SITIO,HORA DE REGRESO DEL PERITO A LAS INSTALACIONES DE SU DELEGACION,LOCALIDAD ACCIDENTE,MUNICIPIO ACCIDENTE,ZONA,CARRETERA/KILOMETRO DEL ACCIDENTE,NUMERO DE AVENIDA,CALLE/AVENIDA DEL ACCIDENTE,COLONIA,ENTRE CALLES,CONDICIONES DE LA VIA,CONDICIONES NATURALES,SUPERFICIE DE LA VIA,ESTADO DE LA VIA,TANGENTE,TIPO DE CONTROL DE TRANSITO,RESTRICCIONES DE LA VIA,TIPO DE ACCIDENTE,FORMA DE ACCIDENTARSE,CONTRA QUE FUE EL IMPACTO,CANTIDAD DE VEHICULOS,TIPO DE VEHICULO,MARCA,SUBMARCA,ENTIDAD FEDERATIVA DEL VEHICULO,COLOR DEL VEHICULO,MOTOR,SERIE,TIPO DE SERVICIO PARA EL QUE SE OCUPAN LOS VEHICULOS,ASEGURADO,EDAD CONDUCTOR,SEXO CONDUCTOR,TIPO LICENCIA,LICENCIA VIGENTE,CAUSA ATRIBUIBLE AL CONDUCTOR,CAUSA ATRIBUIBLE AL PEATON,DANIOS (MONTO APROXIMADO EN MXN),NUMERO DE HERIDOS,MUJER HERIDA DE 0-15 ANIOS,HOMBRE HERIDO DE 0-15 ANIOS,MUJER HERIDA DE 16-30 ANIOS,HOMBRE HERIDO DE 16-30 ANIOS,MUJER HERIDA DE 31-45 ANIOS,HOMBRE HERIDO DE 31-45 ANIOS,MUJER HERIDA DE 46-60 ANIOS,HOMBRE HERIDO DE 46-60 ANIOS,MUJER HERIDA MAS DE 60 ANIOS,HOMBRE HERIDO MAS DE 60 ANIOS,NUMERO DE MUERTOS,MUJER MUERTA DE 0-15 ANIOS,HOMBRE MUERTO DE 0-15 ANIOS,MUJER MUERTA DE 16-30 ANIOS,HOMBRE MUERTO DE 16-30 ANIOS,MUJER MUERTA DE 31-45 ANIOS,HOMBRE MUERTO DE 31-45 ANIOS,MUJER MUERTA DE 46-60 ANIOS,HOMBRE MUERTO DE 46-60 ANIOS,MUJER MUERTA MAS DE 60 ANIOS,HOMBRE MUERTO MAS DE 60 ANIOS
276,,,,,,,,,,,2,,,,,,,,,,,,,,,A - AUTOMÓVIL,NISSAN,TSURU,VERACRUZ,BLANCO/VERDE,GA16764776Y,3N1EB31S6BK303817,PE - PÚBLICO ESTATAL,,31,HOMBRE,,,,,2000,,,,,,,,,,,,,,,,,,,,,,
277,XALAPA,29/04/2014,MARTES,15:05,15:20,,XALAPA,XALAPA,URBANA,,,PROLONGACION EBANO,PLAN DE AYALA,,BUENO,,ASFALTO,SECO,ASCENDENTE,NINGUNA,SIN RESTRICCIÓN,COLISIÓN,LATERAL,VEHÍCULO CIRCULANDO,2,C - CAMIONETA,DODGE,RAM 1500,VERACRUZ,NEGRO,SIN NUMERO,3B7HF13Z4SM121227,P - PARTICULAR,,46,HOMBRE,,,VELOCIDAD INMODERADA,NO APLICA,20000,1,,,,,,,,1,,,,,,,,,,,,,
277,,,,,,,,,,,,,,,,,,,,,,,,,,C - CAMIONETA,VOLKSWAGEN,GOLF,VERACRUZ,AMARILLO,JGMM918294,1GMM918294,P - PARTICULAR,,43,HOMBRE,A,SI,,,8000,,,,,,,,,,,,,,,,,,,,,,
278,XALAPA,29/04/2014,MARTES,12:38,12:55,,XALAPA,XALAPA,URBANA,,,AVENIDA LAZARO CARDENAS,,PUENTE BICENTENARIO,BUENO,,ASFALTO,SECO,DESCENDENTE,NINGUNA,SIN RESTRICCIÓN,COLISIÓN,POR ALCANCE,VEHÍCULO CIRCULANDO,3,C - CAMIONETA,NISSAN,ESTACAS,VERACRUZ,BLANCO,1GA24378697A,3N6DD14518K0L1951,P - PARTICULAR,,21,HOMBRE,,,NO GUARDAR DISTANCIA,NO APLICA,8000,1,,,1,,,,,,,,,,,,,,,,,,
278,,,,,,,,,,,1,,,,,,,,,,,,,,,A - AUTOMÓVIL,VOLKSWAGEN,JETTA,VERACRUZ,AZUL,AEG586446,3VWRM49M21M080152,P - PARTICULAR,,35,HOMBRE,C,SI,,,5000,,,,,,,,,,,,,,,,,,,,,,
278,,,,,,,,,,,,,,,,,,,,,,,,,,A - AUTOMÓVIL,NISSAN,TSURU,VERACRUZ,BLANCO/VERDE,GA16762027Y,3M1EB31S0BK301576,P - PARTICULAR,,41,HOMBRE,A,SI,,,3000,,,,,,,,,,,,,,,,,,,,,,
279,XALAPA,30/04/2014,MIÉRCOLES,,07:30,,XALAPA,XALAPA,URBANA,,,VILLA HERMOSA,,CHIHUAHA,BUENO,,ASFALTO,SECO,A NIVEL,NINGUNA,SIN RESTRICCIÓN,COLISIÓN,ÁNGULO,VEHÍCULO CIRCULANDO,2,C - CAMIONETA,FORD,EXPLORER,VERACRUZ,BLANCO,,,P - PARTICULAR,,33,MUJER,C,SI,OTRO,NO APLICA,2000,0,,,,,,,,,,,,,,,,,,,,,
279,,,,,,,,,,,,,,,,,,,,,,,,,,A - AUTOMÓVIL,CHEVROLET,CHEVY,VERACRUZ,ARENA,,,P - PARTICULAR,,19,HOMBRE,C,SI,,,5000,,,,,,,,,,,,,,,,,,,,,,
280,XALAPA,30/04/2014,MIÉRCOLES,07:15,07:30,08:20,XALAPA,XALAPA,URBANA,,,HONORIO RODRIGUEZ,FERRER GUARDIA,RUIZ CORTINES,BUENO,,ASFALTO,MOJADO,A NIVEL,NINGUNA,SIN RESTRICCIÓN,COLISIÓN,,VEHÍCULO ESTACIONADO,3,A - AUTOMÓVIL,DODGE,NEON,VERACRUZ,PLATA,HECHO EN USA,1B3BS46C03D128653,P - PARTICULAR,NO,17,HOMBRE,,SI,VELOCIDAD INMODERADA,NO APLICA,5000,0,,,,,,,,,,,,,,,,,,,,,
280,,,,,,,,,,,,,,,,,,,,,,,,,,A - AUTOMÓVIL,CHRYSLER,SHADOW,VERACRUZ,ROJO,HECHO EN MEXICO,NT356656,P - PARTICULAR,NO,,,,,,,1750,,,,,,,,,,,,,,,,,,,,,,
280,,,,,,,,,,,,,,,,,,,,,,,,,,C - CAMIONETA,FORD,EXPEDITION,VERACRUZ,NEGRO,HECHO EN USA,1FMDU1K50BEF16318,P - PARTICULAR,NO,,,,,,,9600,,,,,,,,,,,,,,,,,,,,,,
281,XALAPA,30/04/2014,MIÉRCOLES,,09:40,,XALAPA,XALAPA,URBANA,,,PABLO FRUTIS,BADILLO,,BUENO,SOLEADO,CONCRETO,SECO,A NIVEL,SEMÁFORO FUNCIONANDO,SIN RESTRICCIÓN,COLISIÓN,POR ALCANCE,VEHÍCULO CIRCULANDO,2,C - CAMIONETA,CHEVROLET,SILVERADO,VERACRUZ,CEREZA OSCURO,VG103384,3GCEC28K7VG103384,P - PARTICULAR,NO,43,HOMBRE,,,NO GUARDAR DISTANCIA,NO APLICA,MINIMOS,0,,,,,,,,,,,,,,,,,,,,,
281,,,,,,,,,,,,,,,,,,,,,,,,,,C - CAMIONETA,TOYOTA,RAV,VERACRUZ,BLANCO,2AZ2954393,JTMZD33VX86065449,P - PARTICULAR,SI,50,MUJER,C,SI,,,4000,,,,,,,,,,,,,,,,,,,,,,
282,XALAPA,30/04/2014,MIÉRCOLES,,13:45,,XALAPA,XALAPA,URBANA,,,AMERICAS,,PIPILA,BUENO,,CONCRETO,,DESCENDENTE,NINGUNA,SIN RESTRICCIÓN,COLISIÓN,ÁNGULO,VEHÍCULO CIRCULANDO,2,C - CAMIONETA,CHRYSLER,JEEP,VERACRUZ,AZUL,IMPORTADO,4W241305,P - PARTICULAR,,35,HOMBRE,,,NO RESPETAR SEÑAL DE ALTO,NO APLICA,8000,1,,,,,1,,,,,,,,,,,,,,,,
282,,,,,,,,,,,,,,,,,,,,,,,,,,A - AUTOMÓVIL,NISSAN,SENTRA,DISTRITO FEDERAL,ROJO,QG18537395R,3N1CB575321077040,P - PARTICULAR,,30,HOMBRE,,,,,15000,,,,,,,,,,,,,,,,,,,,,,
283,XALAPA,30/04/2014,MIÉRCOLES,,15:30,,XALAPA,XALAPA,URBANA,,,FRANCISCO MORENO,CENTRO,28 DE AGOSTO Y JULIO REBOLLEDO,BUENO,SOLEADO,CONCRETO,SECO,ASCENDENTE,NINGUNA,SIN RESTRICCIÓN,COLISIÓN,LATERAL,VEHÍCULO CIRCULANDO,2,A - AUTOMÓVIL,CHEVROLET,AVEO,VERACRUZ,PLATA,HECHO EN MEXICO,3G1TX526X9L140105,P - PARTICULAR,NO,40,HOMBRE,B,SI,OTRO,NO APLICA,4000,0,,,,,,,,,,,,,,,,,,,,,
283,,,,,,,,,,,,,,,,,,,,,,,,,,A - AUTOMÓVIL,NISSAN,TSURU,VERACRUZ,BLANCO/VERDE,,3N1EB31SXAK330940,PE - PÚBLICO ESTATAL,SI,42,HOMBRE,A,SI,,,1500,,,,,,,,,,,,,,,,,,,,,,
284,XALAPA,30/04/2014,MIÉRCOLES,,17:05,,XALAPA,XALAPA,URBANA,,,ARCO SUR,LOMAS VERDES,,BUENO,,ASFALTO,SECO,A NIVEL,NINGUNA,SIN RESTRICCIÓN,COLISIÓN,ÁNGULO,VEHÍCULO CIRCULANDO,2,AS - AUTOBÚS SUBURBANO,INTERNATIONAL,CHASIS,VERACRUZ,BLANCO,470HM2V1449264,3HBBPAAN55L161997,PE - PÚBLICO ESTATAL,,38,HOMBRE,A,SI,OTRO,NO APLICA,1000,0,,,,,,,,,,,,,,,,,,,,,
284,,,,,,,,,,,14,,,,,,,,,,,,,,,M - MOTOCICLETA,HONDA,125 CC,VERACRUZ,BLANCO,,,P - PARTICULAR,,26,HOMBRE,C,SI,,,5000,,,,,,,,,,,,,,,,,,,,,,
285,XALAPA,30/04/2014,MIÉRCOLES,18:58,19:35,,XALAPA,XALAPA,URBANA,,,AVENIDA LAZARO CARDENAS,RAFAEL LUCIO,GILDARDO AVILES,BUENO,LLUVIA,CONCRETO,MOJADO,DESCENDENTE,NINGUNA,SIN RESTRICCIÓN,COLISIÓN,DE FRENTE,VEHÍCULO CIRCULANDO,2,A - AUTOMÓVIL,CHEVROLET,CAVALIER,VERACRUZ,,HECHO EN MEXICO,3G1JX51472S234381,P - PARTICULAR,SI,71,HOMBRE,B,SI,OTRO,NO APLICA,2500,1,,,,,,,,,,,,,,,,,,,,,
285,,,,,,,,,,,1,,,,,,,,,,,,,,,B - BICICLETA,,MONTANA,,AZUL,,,P - PARTICULAR,SI,42,HOMBRE,,,,,1500,,,,,,,1,,,,,,,,,,,,,,,
286,XALAPA,30/04/2014,MIÉRCOLES,22:15,22:30,,XALAPA,XALAPA,URBANA,,,AVENIDA RUIZ CORTINES,UNIDAD DEL BOSQUE,,BUENO,,CONCRETO,,A NIVEL,NINGUNA,SIN RESTRICCIÓN,COLISIÓN,ÁNGULO,VEHÍCULO CIRCULANDO,2,AS - AUTOBÚS SUBURBANO,INTERNATIONAL,CHASIS,,BLANCO,470HM2U1473482,3HBBNAAN55L76117,PE - PÚBLICO ESTATAL,,45,HOMBRE,A,SI,OTRO,NO APLICA,500,0,,,,,,,,,,,,,,,,,,,,,
286,,,,,,,,,,,,,,,,,,,,,,,,,,A - AUTOMÓVIL,CHRYSLER,ATOS,VERACRUZ,BLANCO/ROJO,,MALAB51H29M387511,PE - PÚBLICO ESTATAL,SI,41,HOMBRE,A,SI,,,5500,,,,,,,,,,,,,,,,,,,,,,
287,XALAPA,30/04/2014,MIÉRCOLES,22:35,22:45,,XALAPA,XALAPA,URBANA,,,AVENIDA LAZARO CARDENAS,,FTE. AL MODULO DE POLICIAS,BUENO,,ASFALTO,SECO,DESCENDENTE,NINGUNA,SIN RESTRICCIÓN,COLISIÓN,ÁNGULO,VEHÍCULO CIRCULANDO,2,AS - AUTOBÚS SUBURBANO,INTERNATIONAL,CHASIS,,BLANCO/NARANJA,469HN2U102661,3HTSCAAN3VG100518,PF- PÚBLICO FEDERAL,,22,HOMBRE,A,SI,VELOCIDAD INMODERADA,NO APLICA,6000,1,,,,,,,,,,,,,,,,,,,,,
287,,,,,,,,,,,1,,,,,,,,,,,,,,,C - CAMIONETA,FORD,ESCAPE,VERACRUZ,PLATA,,1FMYU03176K9702,P - PARTICULAR,,48,HOMBRE,,SI,,,15000,,,,,,,,,1,,,,,,,,,,,,,
1,XALAPA,05/01/2014,JUEVES,09:20,09:25,10:05,XALAPA,XALAPA,URBANA,,,AVENIDA XALAPA,PROGRESO MACUILTEPEC,SALTILLO,BUENO,NIEBLA,CONCRETO,SECO,A NIVEL,NINGUNA,SIN RESTRICCIÓN,COLISIÓN,MANIOBRA EN REVERSA,VEHÍCULO CIRCULANDO,2,C - CAMIONETA,DODGE,GRUA,,ROJO,HECHO EN MÉXICO,3BGMC36521M512259,PF- PÚBLICO FEDERAL,NO,58,HOMBRE,,,OTRO,NO APLICA,MINIMOS,0,,,,,,,,,,,,,,,,,,,,,
1,,,,,,,,,,,7,,,,,,,,,,,,,,,C - CAMIONETA,NISSAN,NP-300,VERACRUZ,BLANCO,KA24608751A,3NGDD25T6DK039548,P - PARTICULAR,SI,,,,,,,7000,,,,,,,,,,,,,,,,,,,,,,
2,XALAPA,05/01/2014,JUEVES,,09:30,09:45,XALAPA,XALAPA,URBANA,,,AVENIDA LAZARO CARDENAS,CUAUHTEMOC,GASERA NIETO,REGULAR,NIEBLA,ASFALTO,SECO,ASCENDENTE,NINGUNA,SIN RESTRICCIÓN,COLISIÓN,LATERAL,VEHÍCULO CIRCULANDO,2,AF- AUTOBÚS FORANEO,VOLKSWAGEN,INTEGRAL,MÉXICO,BLANCO/VERDE,36108978,0933AGP740228EE91176,PF- PÚBLICO FEDERAL,SI,37,HOMBRE,A,SI,CAMBIAR CARRIL SIN PRECAUCIÓN,NO APLICA,1000,0,,,,,,,,,,,,,,,,,,,,,
2,,,,,,,,,,,1,,,,,,,,,,,,,,,A - AUTOMÓVIL,CHEVROLET,SEDAN,VERACRUZ,ROJO,HECHO EN MÉXICO,3G1TX52699L38412,P - PARTICULAR,NO,40,MUJER,,,,,2500,,,,,,,,,,,,,,,,,,,,,,
3,XALAPA,05/01/2014,JUEVES,,15:30,16:10,XALAPA,XALAPA,URBANA,,,ARCO SUR,LA RESERVA,FTE. EDIF. PODER JUDICIAL,REGULAR,LLUVIA,ASFALTO,MOJADO,DESCENDENTE,NINGUNA,SIN RESTRICCIÓN,COLISIÓN,,VEHÍCULO ESTACIONADO,2,C - CAMIONETA,CHRYSLER,JEEP,DISTRITO FEDERAL,AZUL,HECHO EN USA,1J4HS58N75C704853,P - PARTICULAR,SI,29,HOMBRE,C,SI,CAMBIAR CARRIL SIN PRECAUCIÓN,NO APLICA,3500,0,,,,,,,,,,,,,,,,,,,,,
3,,,,,,,,,,,14,,,,,,,,,,,,,,,A - AUTOMÓVIL,NISSAN,SENTRA,VERACRUZ,AZUL,QG18642883P,3N1CB51S5120233H,P - PARTICULAR,NO,25,MUJER,,,,,10000,,,,,,,,,,,,,,,,,,,,,,
4,XALAPA,05/01/2014,JUEVES,14:28,14:53,15:30,XALAPA,XALAPA,URBANA,,,AVENIDA LAZARO CARDENAS,,PUENTE MIGUEL ALEMAN,MALO,LLUVIA,CONCRETO,MOJADO,A NIVEL,NINGUNA,SIN RESTRICCIÓN,COLISIÓN,POR ALCANCE,VEHÍCULO CIRCULANDO,3,A - AUTOMÓVIL,NISSAN,TSURU,VERACRUZ,BLANCO/VERDE,GA16760819Y,3N1EB31S3BK300400,PE - PÚBLICO ESTATAL,SI,35,HOMBRE,B,SI,NO GUARDAR DISTANCIA,NO APLICA,5000,0,,,,,,,,,,,,,,,,,,,,,
4,,,,,,,,,,,1,,,,,,,,,,,,,,,A - AUTOMÓVIL,VOLKSWAGEN,JETTA,HIDALGO,ROJO,BHP23182,3VWRV09M54M062282,P - PARTICULAR,SI,31,HOMBRE,,,,,8000,,,,,,,,,,,,,,,,,,,,,,
4,,,,,,,,,,,,,,,,,,,,,,,,,,A - AUTOMÓVIL,NISSAN,TIDA,VERACRUZ,BLANCO/ROJO,MR18654845H,3N1EBC1KS8BL437713,PE - PÚBLICO ESTATAL,SI,59,HOMBRE,A,SI,,,2500,,,,,,,,,,,,,,,,,,,,,,
5,XALAPA,05/01/2014,JUEVES,,18:40,,XALAPA,XALAPA,URBANA,,,CHEDRAUI CARAM,HERON PROAL,PRINCIPAL,BUENO,,CONCRETO,SECO,A NIVEL,NINGUNA,SIN RESTRICCIÓN,COLISIÓN,POR ALCANCE,VEHÍCULO CIRCULANDO,3,C - CAMIONETA,CHRYSLER,DODGE,VERACRUZ,BLANCO,HECHO EN MÉXICO,,P - PARTICULAR,,26,HOMBRE,C,SI,NO GUARDAR DISTANCIA,NO APLICA,3000,0,,,,,,,,,,,,,,,,,,,,,
5,,,,,,,,,,,16,,,,,,,,,,,,,,,A - AUTOMÓVIL,NISSAN,TSURU,VERACRUZ,BLANCO/VERDE,GA16897442T,,PE - PÚBLICO ESTATAL,,29,HOMBRE,A,SI,,,4000,,,,,,,,,,,,,,,,,,,,,,
5,,,,,,,,,,,,,,,,,,,,,,,,,,A - AUTOMÓVIL,NISSAN,TSURU,VERACRUZ,BLANCO/ROJO,GA16762379Y,,PE - PÚBLICO ESTATAL,,36,HOMBRE,A,SI,,,3000,,,,,,,,,,,,,,,,,,,,,,
6,XALAPA,05/01/2014,JUEVES,,22:25,22:55,XALAPA,XALAPA,URBANA,,,SOTO DOMINGO,FRANSCISCO I. MADERO,AMERICAS,REGULAR,LLUVIA,EMPEDRADO,MOJADO,DESCENDENTE,NINGUNA,SIN RESTRICCIÓN,COLISIÓN,LATERAL,VEHÍCULO ESTACIONADO,2,A - AUTOMÓVIL,VOLKSWAGEN,GOLF,DISTRITO FEDERAL,AZUL,ADD218459,JVWG2A1W7XXM1253855,P - PARTICULAR,NO,43,MUJER,C,SI,REBASAR INDEBIDAMENTE,NO APLICA,2000,0,,,,,,,,,,,,,,,,,,,,,
6,,,,,,,,,,,,,,,,,,,,,,,,,,A - AUTOMÓVIL,VOLKSWAGEN,JETTA,VERACRUZ,AZUL,BEJ003408,3VWRV09M22M083751,P - PARTICULAR,NO,30,HOMBRE,A,SI,,,1500,,,,,,,,,,,,,,,,,,,,,,
6,,,,,,,,,,,,,,,,,,,,,,,,,,A - AUTOMÓVIL,DODGE,ATOS,VERACRUZ,GRIS,HECHO EN COREA,KMHAG51G93U315963,P - PARTICULAR,NO,51,MUJER,C,SI,,,1500,,,,,,,,,,,,,,,,,,,,,,
7,XALAPA,05/01/2014,JUEVES,,10:50,11:10,XALAPA,XALAPA,URBANA,,,AVENIDA AVILA CAMACHO,,RUBEN BOUCHES,BUENO,LLUVIA,CONCRETO,MOJADO,A NIVEL,NINGUNA,SIN RESTRICCIÓN,ATROPELLAMIENTO,,VEHÍCULO CIRCULANDO,1,AS - AUTOBÚS SUBURBANO,INTERNATIONAL,CHASIS,VERACRUZ,BLANCO,470HM2U152649,3HVBZAAN97N549996,PE - PÚBLICO ESTATAL,NO,48,HOMBRE,A,SI,OTRO,NO APLICA,SIN DAÑOS,1,,,,1,,,,,,,,,,,,,,,,,
7,,,,,,,,,,,4,,,,,,,,,,,,,,,,,,,,,,,,,,,,,,,,,,,,,,,,,,,,,,,,,,,,
8,XALAPA,05/01/2014,JUEVES,,14:20,,XALAPA,XALAPA,URBANA,,,AVENIDA MURILLO VIDAL,UNIDAD DEL VALLE,RIO PANUCO,BUENO,,CONCRETO,MOJADO,A NIVEL,NINGUNA,SIN RESTRICCIÓN,COLISIÓN,POR ALCANCE,VEHÍCULO CIRCULANDO,5,C - CAMIONETA,NISSAN,PICK UP,VERACRUZ,BLANCO,,,P - PARTICULAR,,29,HOMBRE,B,SI,NO GUARDAR DISTANCIA,NO APLICA,3000,1,,,,,,,,,,,,,,,,,,,,,
8,,,,,,,,,,,11,,,,,,,,,,,,,,,A - AUTOMÓVIL,VOLKSWAGEN,JETTA,VERACRUZ,BLANCO,BHP143964,3VWYV49M76M041181,P - PARTICULAR,,42,HOMBRE,B,SI,,,6000,,,,1,,,,,,,,,,,,,,,,,,
8,,,,,,,,,,,,,,,,,,,,,,,,,,A - AUTOMÓVIL,CHRYSLER,DODGE,VERACRUZ,ROJO,HECHO EN INDIA,MALAC51H7BM607986,P - PARTICULAR,,65,HOMBRE,B,SI,,,5500,,,,,,,,,,,,,,,,,,,,,,
9,XALAPA,05/01/2014,JUEVES,,20:10,,XALAPA,XALAPA,URBANA,,,AVENIDA LAZARO CARDENAS,SIPHE ANIMAS,FTE. ESTANCIA GARNICA,BUENO,,CONCRETO,,A NIVEL,NINGUNA,SIN RESTRICCIÓN,COLISIÓN,POR ALCANCE,VEHÍCULO CIRCULANDO,3,C - CAMIONETA,FORD,EXPLORER,VERACRUZ,,,1FMDU34E5VUB62022,P - PARTICULAR,,51,HOMBRE,C,SI,NO GUARDAR DISTANCIA,NO APLICA,20000,2,1,,,,,,,,,,,,,,,,,,,,
9,,,,,,,,,,,1,,,,,,,,,,,,,,,C - CAMIONETA,CHRYSLER,JEEP,DISTRITO FEDERAL,,,1C4AJCAB4CD603033,P - PARTICULAR,,43,HOMBRE,A,SI,,,30000,,1,,,,,,,,,,,,,,,,,,,,
9,,,,,,,,,,,,,,,,,,,,,,,,,,C - CAMIONETA,HONDA,CRV,DISTRITO FEDERAL,,,3CZRE3858G006818,P - PARTICULAR,,33,HOMBRE,C,SI,,,10000,,,,,,,,,,,,,,,,,,,,,,
10,XALAPA,05/02/2014,VIERNES,,07:15,,XALAPA,XALAPA,URBANA,,,AVENIDA LAZARO CARDENAS,ENCINAL,,REGULAR,,ASFALTO,,A NIVEL,SEMÁFORO FUNCIONANDO,SIN RESTRICCIÓN,COLISIÓN,ÁNGULO,VEHÍCULO CIRCULANDO,2,,,,,,,,,,,,,,,,,0,,,,,,,,,,,,,,,,,,,,,
10,,,,,,,,,,,1,,,,,,,,,,,,,,,A - AUTOMÓVIL,FORD,GRAN MARQUIS,VERACRUZ,ROJO,SIN NUMERO,SIN NUMERO,P - PARTICULAR,NO,47,HOMBRE,A,SI,NO RESPETAR SEÑAL DE ALTO,NO APLICA,8000,,,,,,,,,,,,,,,,,,,,,,
10,,,,,,,,,,,,,,,,,,,,,,,,,,AS - AUTOBÚS SUBURBANO,NAVISTAR,CHASIS,VERACRUZ,NARANJA/BLANCO,2MEFM75WXXX654149,SIN NUMERO,PE - PÚBLICO ESTATAL,NO,25,HOMBRE,A,SI,,,2500,,,,,,,,,,,,,,,,,,,,,,
11,XALAPA,05/02/2014,VIERNES,,16:40,,XALAPA,XALAPA,URBANA,,,AVENIDA LAZARO CARDENAS,ENCINAL,,BUENO,LLUVIA,ASFALTO,MOJADO,A NIVEL,NINGUNA,SIN RESTRICCIÓN,COLISIÓN,POR ALCANCE,VEHÍCULO CIRCULANDO,2,,,,,,,,,,,,,,,,,0,,,,,,,,,,,,,,,,,,,,,
11,,,,,,,,,,,1,,,,,,,,,,,,,,,C - CAMIONETA,FORD,EXPLORER,VERACRUZ,CHAMPAGNE,SIN NUMERO,1FMZ62K352A8928,P - PARTICULAR,SI,40,HOMBRE,A,SI,NO GUARDAR DISTANCIA,NO APLICA,MINIMOS,,,,,,,,,,,,,,,,,,,,,,
11,,,,,,,,,,,,,,,,,,,,,,,,,,A - AUTOMÓVIL,NISSAN,TSURU,VERACRUZ,BLANCO/VERDE,GA16745389W,3NIEB3159305496,PE - PÚBLICO ESTATAL,NO,42,HOMBRE,A,SI,,,700,,,,,,,,,,,,,,,,,,,,,,
12,XALAPA,05/02/2014,VIERNES,00:05,00:20,,XALAPA,XALAPA,URBANA,,,BOULEVARD XALAPA-BANDERILLA,21 DE MARZO,,BUENO,,ASFALTO,SECO,A NIVEL,NINGUNA,SIN RESTRICCIÓN,COLISIÓN,ÁNGULO,VEHÍCULO CIRCULANDO,2,,,,,,,,,,,,,,,,,1,,,,,,,,,,,,,,,,,,,,,
12,,,,,,,,,,,,,,,,,,,,,,,,,,C - CAMIONETA,CHRYSLER,JEEP,VERACRUZ,VERDE,HECHO EN USA,1J4K8K6230,P - PARTICULAR,SI,25,MUJER,,NO,NO GUARDAR DISTANCIA,NO APLICA,6000,,,,,,,,,,,,,,,,,,,,,,
12,,,,,,,,,,,,,,,,,,,,,,,,,,A - AUTOMÓVIL,NISSAN,TSURU,VERACRUZ,BLANCO/VERDE,GA1677048,3NIEB31548K309857,PE - PÚBLICO ESTATAL,SI,32,HOMBRE,A,SI,,,7000,,,,,1,,,,,,,,,,,,,,,,,
13,XALAPA,05/02/2014,VIERNES,,17:20,,XALAPA,XALAPA,URBANA,,,AVENIDA MANUEL AVILA CAMACHO,CENTRO,,BUENO,,ASFALTO,SECO,A NIVEL,NINGUNA,SIN RESTRICCIÓN,COLISIÓN,ÁNGULO,VEHÍCULO CIRCULANDO,3,A - AUTOMÓVIL,VOLKSWAGEN,SEAT,VERACRUZ,ROJO,CDA349408,VSSCJ6P7017922,P - PARTICULAR,SI,28,HOMBRE,A,SI,,,3000,0,,,,,,,,,,,,,,,,,,,,,
13,,,,,,,,,,,4,,,,,,,,,,,,,,,A - AUTOMÓVIL,CHEVROLET,AVEO,VERACRUZ,BLANCO/VERDE,HECHO EN MÉXICO,EGTA5AD497539,P - PARTICULAR,SI,54,HOMBRE,A,SI,NO GUARDAR DISTANCIA,NO APLICA,2000,,,,,,,,,,,,,,,,,,,,,,
13,,,,,,,,,,,,,,,,,,,,,,,,,,A - AUTOMÓVIL,NISSAN,URVAN,VERACRUZ,BLANCO/AZUL,QR25878522,JN6A25JAXD25447,PE - PÚBLICO ESTATAL,SI,44,HOMBRE,A,SI,,,1500,,,,,,,,,,,,,,,,,,,,,,
14,XALAPA,05/02/2014,VIERNES,,16:30,,XALAPA,XALAPA,URBANA,,,AVENIDA IGNACIO DE LA LLAVE,REPRESA DEL CARMEN,,MALO,LLUVIA,CONCRETO,SECO,A NIVEL,NINGUNA,SIN RESTRICCIÓN,COLISIÓN,ÁNGULO,VEHÍCULO CIRCULANDO,3,A - AUTOMÓVIL,NISSAN,TSURU,VERACRUZ,BLANCO/VERDE,GA167456492,3NIEB31S1K312817,P - PARTICULAR,SI,39,HOMBRE,A,SI,,,1500,0,,,,,,,,,,,,,,,,,,,,,
14,,,,,,,,,,,8,,,,,,,,,,,,,,,A - AUTOMÓVIL,NISSAN,TSURU,VERACRUZ,BLANCO/VERDE,GA167159984,3NIEB3158AK311552,PE - PÚBLICO ESTATAL,SI,30,HOMBRE,,NO,NO RESPETAR CEDA EL PASO,NO APLICA,1000,,,,,,,,,,,,,,,,,,,,,,
14,,,,,,,,,,,,,,,,,,,,,,,,,,A - AUTOMÓVIL,VOLKSWAGEN,SAET,VERACRUZ,GRIS,8TS201801,VSSLY46J3ER056965,P - PARTICULAR,SI,53,HOMBRE,C,SI,,,2000,,,,,,,,,,,,,,,,,,,,,,
15,XALAPA,05/02/2014,VIERNES,,13:20,,XALAPA,XALAPA,URBANA,,,AVENIDA 20 DE NOVIEMBRE,CENTRO,,MALO,,ASFALTO,SECO,ASCENDENTE,NINGUNA,SIN RESTRICCIÓN,COLISIÓN,LATERAL,VEHÍCULO CIRCULANDO,2,,,,,,,,,,,,,,,,,0,,,,,,,,,,,,,,,,,,,,,