idMES,DELEGACION DE TRANSITO,FECHA DEL ACCIDENTE,DIA DE LA SEMANA,HORA EN QUE SE RECIBIO LA LLAMADA REPORTANDO EL ACCIDENTE,HORA DE ARRIBO DEL PERITO AL SITIO,HORA DE REGRESO DEL PERITO A LAS INSTALACIONES DE SU DELEGACION,LOCALIDAD ACCIDENTE,MUNICIPIO ACCIDENTE,ZONA,CARRETERA/KILOMETRO DEL ACCIDENTE,NUMERO DE AVENIDA,CALLE/AVENIDA DEL ACCIDENTE,COLONIA,ENTRE CALLES,CONDICIONES DE LA VIA,CONDICIONES NATURALES,SUPERFICIE DE LA VIA,ESTADO DE LA VIA,TANGENTE,TIPO DE CONTROL DE TRANSITO,RESTRICCIONES DE LA VIA,TIPO DE ACCIDENTE,FORMA DE ACCIDENTARSE,CONTRA QUE FUE EL IMPACTO,CANTIDAD DE VEHICULOS,TIPO DE VEHICULO,MARCA,SUBMARCA,ENTIDAD FEDERATIVA DEL VEHICULO,COLOR DEL VEHICULO,MOTOR,SERIE,TIPO DE SERVICIO PARA EL QUE SE OCUPAN LOS VEHICULOS,ASEGURADO,EDAD CONDUCTOR,SEXO CONDUCTOR,TIPO LICENCIA,LICENCIA VIGENTE,CAUSA ATRIBUIBLE AL CONDUCTOR,CAUSA ATRIBUIBLE AL PEATON,DANIOS (MONTO APROXIMADO EN MXN),NUMERO DE HERIDOS,MUJER HERIDA DE 0-15 ANIOS,HOMBRE HERIDO DE 0-15 ANIOS,MUJER HERIDA DE 16-30 ANIOS,HOMBRE HERIDO DE 16-30 ANIOS,MUJER HERIDA DE 31-45 ANIOS,HOMBRE HERIDO DE 31-45 ANIOS,MUJER HERIDA DE 46-60 ANIOS,HOMBRE HERIDO DE 46-60 ANIOS,MUJER HERIDA MAS DE 60 ANIOS,HOMBRE HERIDO MAS DE 60 ANIOS,NUMERO DE MUERTOS,MUJER MUERTA DE 0-15 ANIOS,HOMBRE MUERTO DE 0-15 ANIOS,MUJER MUERTA DE 16-30 ANIOS,HOMBRE MUERTO DE 16-30 ANIOS,MUJER MUERTA DE 31-45 ANIOS,HOMBRE MUERTO DE 31-45 ANIOS,MUJER MUERTA DE 46-60 ANIOS,HOMBRE MUERTO DE 46-60 ANIOS,MUJER MUERTA MAS DE 60 ANIOS,HOMBRE MUERTO MAS DE 60 ANIOS
15,,,,,,,,,,,5,,,,,,,,,,,,,,,AS - AUTOBÚS SUBURBANO,NAVISTAR,CHASIS,VERACRUZ,AZUL,470HM2VR52734,3HVBNAAZIN88157,PE - PÚBLICO ESTATAL,NO,33,HOMBRE,A,SI,CAMBIAR CARRIL SIN PRECAUCIÓN,NO APLICA,MINIMOS,,,,,,,,,,,,,,,,,,,,,,
15,,,,,,,,,,,,,,,,,,,,,,,,,,A - AUTOMÓVIL,NISSAN,TSURU,VERACRUZ,BLANCO,GA16715889R,4BAM304551,P - PARTICULAR,NO,34,HOMBRE,A,SI,,,1500,,,,,,,,,,,,,,,,,,,,,,
16,XALAPA,05/02/2014,VIERNES,,12:40,,XALAPA,XALAPA,URBANA,,,AVENIDA CHEDRAUI CARAM,ENCINAL,,BUENO,,ASFALTO,SECO,A NIVEL,NINGUNA,SIN RESTRICCIÓN,COLISIÓN,ÁNGULO,VEHÍCULO CIRCULANDO,2,,,,,,,,,,,,,,,,,0,,,,,,,,,,,,,,,,,,,,,
16,,,,,,,,,,,16,,,,,,,,,,,,,,,C - CAMIONETA,NISSAN,X-TRAIL,VERACRUZ,ROJO,QR25286891A,SIN NUMERO,P - PARTICULAR,NO,52,HOMBRE,A,SI,OTRO,NO APLICA,3000,,,,,,,,,,,,,,,,,,,,,,
16,,,,,,,,,,,,,,,,,,,,,,,,,,AS - AUTOBÚS SUBURBANO,NAVISTAR,CHASIS,VERACRUZ,NARANJA,JN3BTO6135W3943,SIN NUMERO,PE - PÚBLICO ESTATAL,NO,54,HOMBRE,C,SI,,,MINIMOS,,,,,,,,,,,,,,,,,,,,,,
17,XALAPA,05/02/2014,VIERNES,,08:10,,XALAPA,XALAPA,URBANA,,,AVENIDA MURILLO VIDAL,CUAUHTEMOC,,BUENO,,CONCRETO,,A NIVEL,NINGUNA,SIN RESTRICCIÓN,COLISIÓN,POR ALCANCE,VEHÍCULO CIRCULANDO,2,,,,,,,,,,,,,,,,,0,,,,,,,,,,,,,,,,,,,,,
17,,,,,,,,,,,11,,,,,,,,,,,,,,,A - AUTOMÓVIL,PONTIAC,SUNFIRE,VERACRUZ,ROJO,SIN NUMERO,3G2JB54T6V514796,P - PARTICULAR,NO,44,HOMBRE,C,SI,NO GUARDAR DISTANCIA,NO APLICA,800,,,,,,,,,,,,,,,,,,,,,,
17,,,,,,,,,,,,,,,,,,,,,,,,,,A - AUTOMÓVIL,NISSAN,TSURU,VERACRUZ,BLANCO,SIN NUMERO,3NIEB315EK5373,P - PARTICULAR,NO,62,HOMBRE,B,SI,,,2500,,,,,,,,,,,,,,,,,,,,,,
18,XALAPA,05/02/2014,VIERNES,,04:00,,XALAPA,XALAPA,URBANA,,,AVENIDA BOLIVIA,VENUSTIANO CARRANZA,,BUENO,,ASFALTO,SECO,A NIVEL,NINGUNA,SIN RESTRICCIÓN,COLISIÓN,ÁNGULO,VEHÍCULO CIRCULANDO,2,,,,,,,,,,,,,,,,,1,,,,,,,,,,,,,,,,,,,,,
18,,,,,,,,,,,19,,,,,,,,,,,,,,,A - AUTOMÓVIL,CHEVROLET,SPARK,VERACRUZ,ROJO,HECHO EN KOREA,KLICJ5ADXBC562981,P - PARTICULAR,SI,22,HOMBRE,,NO,NO RESPETAR SEMÁFORO,NO APLICA,12000,,,,,,,,,,,,,,,,,,,,,,
18,,,,,,,,,,,,,,,,,,,,,,,,,,C - CAMIONETA,G. MOTORS,TRAIL BLAZER,PUEBLA,BLANCO,IMORTADO,1GNE16593617348,P - PARTICULAR,NO,50,HOMBRE,B,SI,,,6000,,,,1,,,,,,,,,,,,,,,,,,
19,XALAPA,05/02/2014,VIERNES,,14:50,,XALAPA,XALAPA,URBANA,,,AVENIDA 20 DE NOVIEMBRE,CENTRO,,MALO,LLUVIA,CONCRETO,MOJADO,ASCENDENTE,NINGUNA,SIN RESTRICCIÓN,COLISIÓN,ÁNGULO,VEHÍCULO CIRCULANDO,2,,,,,,,,,,,,,,,,,1,,,,,,,,,,,,,,,,,,,,,
19,,,,,,,,,,,5,,,,,,,,,,,,,,,C - CAMIONETA,NISSAN,CHASIS,VERACRUZ,BLANCO POLAR,KA24974663M,3N6CD1511K067540,P - PARTICULAR,NO,56,HOMBRE,B,SI,"VUELTA EN ""U""",NO APLICA,2000,,,,,,,,,,,,,,,,,,,,,,
19,,,,,,,,,,,,,,,,,,,,,,,,,,M - MOTOCICLETA,DINAMO,ZH-150,VERACRUZ,AZUL,162FMJD13007278,3CUT2ADW60X000940,P - PARTICULAR,NO,26,HOMBRE,D,SI,,,3000,,,,,1,,,,,,,,,,,,,,,,,
20,XALAPA,05/02/2014,VIERNES,19:19,19:33,,XALAPA,XALAPA,URBANA,,,CIRCUITO PRESIDENTES,EMILIANO ZAPATA,,BUENO,LLUVIA,ASFALTO,MOJADO,A NIVEL,SEMÁFORO FUNCIONANDO,SIN RESTRICCIÓN,,ÁNGULO,VEHÍCULO CIRCULANDO,2,,,,,,,,,,,,,,,,,3,,,,,,,,,,,,,,,,,,,,,
20,,,,,,,,,,,9,,,,,,,,,,,,,,,A - AUTOMÓVIL,NISSAN,TSURU,VERACRUZ,BLANCO/ROJO,GA16818965Y,3NIEB15NBK,PE - PÚBLICO ESTATAL,NO,24,HOMBRE,A,SI,NO GUARDAR DISTANCIA,NO APLICA,8500,,,,,,,,,,,,,,,,,,,,,,
20,,,,,,,,,,,,,,,,,,,,,,,,,,A - AUTOMÓVIL,AUDI,A4,VERACRUZ,BLANCO,BFBI640790,WAVAC68278A153539,P - PARTICULAR,NO,41,HOMBRE,C,SI,,,16000,,,1,1,,,,1,,,,,,,,,,,,,,
21,XALAPA,05/02/2014,VIERNES,04:00,04:20,,XALAPA,XALAPA,URBANA,,,AVENIDA LAZARO CARDENAS,ANIMAS,,BUENO,NIEBLA,ASFALTO,SECO,ASCENDENTE,MARCA EN PAVIMENTO,SIN RESTRICCIÓN,COLISIÓN,,OBJETO FIJO,1,,,,,,,,,,,,,,,,,0,,,,,,,,,,,,,,,,,,,,,
21,,,,,,,,,,,1,,,,,,,,,,,,,,,A - AUTOMÓVIL,VOLKSWAGEN,JETTA,VERACRUZ,BLANCO,CC163846,3UW2W2AJ8DM231576,P - PARTICULAR,NO,21,HOMBRE,,NO,VELOCIDAD INMODERADA,NO APLICA,50000,,,,,,,,,,,,,,,,,,,,,,
22,XALAPA,05/02/2014,VIERNES,,03:00,03:50,XALAPA,XALAPA,URBANA,,,AVENIDA LAZARO CARDENAS,ENCINAL,,BUENO,,ASFALTO,SECO,ASCENDENTE,NINGUNA,SIN RESTRICCIÓN,COLISIÓN,,OBJETO FIJO,1,,,,,,,,,,,,,,,,,1,,,,,,,,,,,,,,,,,,,,,
22,,,,,,,,,,,1,,,,,,,,,,,,,,,A - AUTOMÓVIL,NISSAN,TSURU,VERACRUZ,BLANCO/VERDE,GA16757836Y,3NIEB31XAK351013,PE - PÚBLICO ESTATAL,NO,64,HOMBRE,,NO,VELOCIDAD INMODERADA,NO APLICA,3000,,,,,,,,,,,1,,,,,,,,,,,
23,XALAPA,05/02/2014,VIERNES,,00:45,,XALAPA,XALAPA,URBANA,,,MIGUEL ALEMAN,AGUACATAL,,REGULAR,,ASFALTO,SECO,A NIVEL,NINGUNA,SIN RESTRICCIÓN,COLISIÓN,,VEHÍCULO ESTACIONADO,2,A - AUTOMÓVIL,NISSAN,TSURU,VERACRUZ,ROJO/BLANCO,GA18805785V,3NIEB31V6K319816,PE - PÚBLICO ESTATAL,SI,35,HOMBRE,,NO,VELOCIDAD INMODERADA,NO APLICA,40000,1,,,,,,,,,,,,,,,,,,,,,
23,,,,,,,,,,,,,,,,,,,,,,,,,,C - CAMIONETA,PLYMOUNTH,VOYAGER,VERACRUZ,GRIS,HECHO EN USA,2P44R1XR320062,P - PARTICULAR,SI,,,,,,,15000,,,,,,,1,,,,,,,,,,,,,,,
24,XALAPA,05/03/2014,SÁBADO,,08:45,,XALAPA,XALAPA,URBANA,,,CIRCUITO PRESIDENTES,,BOLIVIA,BUENO,LLUVIA,ASFALTO,MOJADO,A NIVEL,NINGUNA,SIN RESTRICCIÓN,VOLCADURA,,,1,,,,,,,,,,,,,,,,,0,,,,,,,,,,,,,,,,,,,,,
24,,,,,,,,,,,9,,,,,,,,,,,,,,,A - AUTOMÓVIL,VOLKSWAGEN,SEAT,VERACRUZ,BLANCO,B414406296,VSSHM16139199224,PE - PÚBLICO ESTATAL,NO,18,HOMBRE,A,SI,VELOCIDAD INMODERADA,OTRO,35000,,,,,,,,,,,,,,,,,,,,,,
25,XALAPA,05/03/2014,SÁBADO,,13:30,13:45,XALAPA,XALAPA,URBANA,,,AVENIDA AVILA CAMACHO,CENTRO,,REGULAR,LLUVIA,CONCRETO,MOJADO,A NIVEL,NINGUNA,SIN RESTRICCIÓN,COLISIÓN,POR ALCANCE,VEHÍCULO CIRCULANDO,2,,,,,,,,,,,,,,,,,0,,,,,,,,,,,,,,,,,,,,,
25,,,,,,,,,,,4,,,,,,,,,,,,,,,A - AUTOMÓVIL,NISSAN,PLATINA,VERACRUZ,TITANIO,Q14100074,3NIJH0158512135,P - PARTICULAR,SI,66,HOMBRE,A,SI,NO GUARDAR DISTANCIA,NO APLICA,3500,,,,,,,,,,,,,,,,,,,,,,
25,,,,,,,,,,,,,,,,,,,,,,,,,,A - AUTOMÓVIL,NISSAN,TSURU,VERACRUZ,BLANCO/VERDE,GA1676446444,293NIEB3153BK303550,PE - PÚBLICO ESTATAL,SI,70,HOMBRE,A,SI,,,3000,,,,,,,,,,,,,,,,,,,,,,
26,XALAPA,05/03/2014,SÁBADO,,15:50,,XALAPA,XALAPA,URBANA,,,AVENIDA LAZARO CARDENAS,BADILLO,,MALO,LLUVIA,CONCRETO,MOJADO,A NIVEL,NINGUNA,SIN RESTRICCIÓN,COLISIÓN,POR ALCANCE,VEHÍCULO CIRCULANDO,2,,,,,,,,,,,,,,,,,0,,,,,,,,,,,,,,,,,,,,,
26,,,,,,,,,,,1,,,,,,,,,,,,,,,A - AUTOMÓVIL,RENAULT,CLIO,VERACRUZ,AMARILLO,000151Q,3BNJO11682L000183,P - PARTICULAR,NO,46,HOMBRE,B,SI,NO GUARDAR DISTANCIA,NO APLICA,2000,,,,,,,,,,,,,,,,,,,,,,
26,,,,,,,,,,,,,,,,,,,,,,,,,,C - CAMIONETA,HONDA,CRV,PUEBLA,GRIS,SIN NUMERO,SIN NUMERO,P - PARTICULAR,SI,53,HOMBRE,A,SI,,,2000,,,,,,,,,,,,,,,,,,,,,,
27,XALAPA,05/03/2014,SÁBADO,,16:25,,XALAPA,XALAPA,URBANA,,,AVENIDA 20 DE NOVIEMBRE,ALVARO OBREGON,,REGULAR,LLUVIA,ASFALTO,MOJADO,A NIVEL,NINGUNA,SIN RESTRICCIÓN,ATROPELLAMIENTO,,,1,,,,,,,,,,,,,,,,,1,,,,,,,,,,,,,,,,,,,,,
27,,,,,,,,,,,5,,,,,,,,,,,,,,,A - AUTOMÓVIL,NISSAN,TSURU,VERACRUZ,ROJO/BLANCO,GA16738203Y,3NIEB3155AK335181,PE - PÚBLICO ESTATAL,SI,69,HOMBRE,A,SI,VELOCIDAD INMODERADA,NO APLICA,MINIMOS,,,,1,,,,,,,,,,,,,,,,,,
28,XALAPA,05/03/2014,SÁBADO,,05:40,06:20,XALAPA,XALAPA,URBANA,,,AVENIDA 28 DE AGOSTO,LOS PINOS,,REGULAR,NIEBLA,ASFALTO,MOJADO,A NIVEL,NINGUNA,SIN RESTRICCIÓN,COLISIÓN,ÁNGULO,VEHÍCULO CIRCULANDO,2,A - AUTOMÓVIL,NISSAN,ALTIMA,VERACRUZ,ARENA,QR255804764,1N4X957C115778,P - PARTICULAR,NO,59,HOMBRE,A,SI,NO RESPETAR SEÑAL DE ALTO,NO APLICA,5000,0,,,,,,,,,,,,,,,,,,,,,
28,,,,,,,,,,,20,,,,,,,,,,,,,,,A - AUTOMÓVIL,NISSAN,TSURU,VERACRUZ,BLANCO/VERDE,GA167996234,3NIEB3150K332987,PE - PÚBLICO ESTATAL,SI,36,HOMBRE,A,SI,,,8000,,,,,,,,,,,,,,,,,,,,,,
29,XALAPA,05/03/2014,SÁBADO,,01:30,,XALAPA,XALAPA,URBANA,,,AVENIDA LAZARO CARDENAS,,,BUENO,LLUVIA,ASFALTO,MOJADO,A NIVEL,NINGUNA,SIN RESTRICCIÓN,VOLCADURA,,VEHÍCULO ESTACIONADO,2,,,,,,,,,,,,,,,,,0,,,,,,,,,,,,,,,,,,,,,
29,,,,,,,,,,,1,,,,,,,,,,,,,,,A - AUTOMÓVIL,VOLKSWAGEN,BORA,VERACRUZ,PLATA,BXE57348,3VWK84M004427,P - PARTICULAR,SI,22,HOMBRE,A,SI,VELOCIDAD INMODERADA,NO APLICA,50000,,,,,,,,,,,,,,,,,,,,,,
29,,,,,,,,,,,,,,,,,,,,,,,,,,A - AUTOMÓVIL,NISSAN,TSURU,VERACRUZ,VERDE,GA16725077R,BA4B1328512,P - PARTICULAR,NO,,,,NO,,,5000,,,,,,,,,,,,,,,,,,,,,,
30,XALAPA,05/03/2014,SÁBADO,09:00,09:10,,XALAPA,XALAPA,URBANA,,,AVENIDA AVILA CAMACHO,,CORDOBA,BUENO,LLUVIA,CONCRETO,MOJADO,A NIVEL,NINGUNA,SIN RESTRICCIÓN,COLISIÓN,LATERAL,VEHÍCULO CIRCULANDO,2,,,,,,,,,,,,,,,,,0,,,,,,,,,,,,,,,,,,,,,
30,,,,,,,,,,,4,,,,,,,,,,,,,,,C - CAMIONETA,CHRYSLER,TOWN COUNTRY,VERACRUZ,PLATA,HECHO EN USA,2A4JR4DG68BR,P - PARTICULAR,NO,57,HOMBRE,A,SI,VELOCIDAD INMODERADA,NO APLICA,1000,,,,,,,,,,,,,,,,,,,,,,
30,,,,,,,,,,,,,,,,,,,,,,,,,,A - AUTOMÓVIL,NISSAN,TSURU,VERACRUZ,BLANCO/VERDE,GA168980724Y,3MIEB31557,PE - PÚBLICO ESTATAL,NO,26,HOMBRE,A,SI,,,1000,,,,,,,,,,,,,,,,,,,,,,
31,XALAPA,05/03/2014,SÁBADO,,20:15,,XALAPA,XALAPA,URBANA,,,AVENIDA BENITO JUAREZ,OTILPAN,,BUENO,,CONCRETO,MOJADO,A NIVEL,NINGUNA,SIN RESTRICCIÓN,,,OBJETO FIJO,1,,,,,,,,,,,,,,,,,0,,,,,,,,,,,,,,,,,,,,,
31,,,,,,,,,,,,,,,,,,,,,,,,,,A - AUTOMÓVIL,VOLKSWAGEN,SEDAN,VERACRUZ,BLANCO,SIN NUMERO,SIN NUMERO,P - PARTICULAR,NO,,,,NO,VELOCIDAD INMODERADA,NO APLICA,5000,,,,,,,,,,,,,,,,,,,,,,
32,XALAPA,05/03/2014,SÁBADO,,22:12,,XALAPA,XALAPA,URBANA,,,AVENIDA 20 DE NOVIEMBRE,,,BUENO,SOLEADO,,SECO,A NIVEL,NINGUNA,SIN RESTRICCIÓN,COLISIÓN,,,1,,,,,,,,,,,,,,,,,0,,,,,,,,,,,,,,,,,,,,,
32,,,,,,,,,,,5,,,,,,,,,,,,,,,A - AUTOMÓVIL,VOLKSWAGEN,GOLF,PUEBLA,AZUL,SIN NUMERO,SIN NUMERO,P - PARTICULAR,NO,,,,,OTRO,NO APLICA,8000,,,,,,,,,,,,,,,,,,,,,,
33,XALAPA,05/03/2014,SÁBADO,,05:10,,XALAPA,XALAPA,URBANA,,,AVENIDA XALAPA,OBRERO CAMPESINA,,BUENO,NIEBLA,ASFALTO,SECO,A NIVEL,NINGUNA,SIN RESTRICCIÓN,,,OBJETO FIJO,1,,,,,,,,,,,,,,VELOCIDAD INMODERADA,NO APLICA,25000,0,,,,,,,,,,,,,,,,,,,,,
33,,,,,,,,,,,7,,,,,,,,,,,,,,,A - AUTOMÓVIL,FIAT,ADVENTURE,VERACRUZ,ROJO,296063,9BD1353XB2054661,P - PARTICULAR,NO,26,HOMBRE,B,SI,,,,,,,,,,,,,,,,,,,,,,,,,
34,XALAPA,05/04/2014,DOMINGO,,17:50,,XALAPA,XALAPA,URBANA,,,AGUASCALIENTES,PROGRESO MACUILTEPEC,,BUENO,,CONCRETO,,DESCENDENTE,NINGUNA,SIN RESTRICCIÓN,COLISIÓN,,VEHÍCULO ESTACIONADO,3,A - AUTOMÓVIL,NISSAN,TSURU,VERACRUZ,VERDE,GA16806518R,3NIEB3158390815,P - PARTICULAR,NO,20,HOMBRE,,NO,,,1500,0,,,,,,,,,,,,,,,,,,,,,
34,,,,,,,,,,,,,,,,,,,,,,,,,,C - CAMIONETA,FORD,EXPEDITION,VERACRUZ,VERDE,SIN NUMERO,1FMEV760VLA3255,P - PARTICULAR,NO,,,,NO,NO GUARDAR DISTANCIA,NO APLICA,3000,,,,,,,,,,,,,,,,,,,,,,
34,,,,,,,,,,,,,,,,,,,,,,,,,,A - AUTOMÓVIL,VOLKSWAGEN,SEAT,VERACRUZ,GRIS,AZL037073,VSSTK463R7991,P - PARTICULAR,NO,,,,NO,,,1000,,,,,,,,,,,,,,,,,,,,,,
35,XALAPA,05/04/2014,DOMINGO,,22:30,,XALAPA,XALAPA,URBANA,,,ARMANDO RAMIREZ,FERRER GUARDIA,,BUENO,,ASFALTO,SECO,A NIVEL,NINGUNA,SIN RESTRICCIÓN,COLISIÓN,,VEHÍCULO ESTACIONADO,2,,,,,,,,,,,,,,,,,0,,,,,,,,,,,,,,,,,,,,,
35,,,,,,,,,,,,,,,,,,,,,,,,,,C - CAMIONETA,CHRYSLER,CHEROKEE,DISTRITO FEDERAL,NEGRO,HECHO EN USA,1J8HR58235C6616768,P - PARTICULAR,NO,21,HOMBRE,,NO,OTRO,NO APLICA,1500,,,,,,,,,,,,,,,,,,,,,,
35,,,,,,,,,,,,,,,,,,,,,,,,,,A - AUTOMÓVIL,VOLKSWAGEN,LUPO,VERACRUZ,GRIS,SIN NUMERO,9BWKB05Z7540074157,P - PARTICULAR,SI,,,,NO,,,500,,,,,,,,,,,,,,,,,,,,,,
36,XALAPA,05/04/2014,DOMINGO,,23:55,,XALAPA,EMILIANO ZAPATA,URBANA,LIBRAMIENTO PLAN DEL RIO,,,,,BUENO,,ASFALTO,SECO,ASCENDENTE,NINGUNA,ACCIDENTE PREVIO,COLISIÓN,POR ALCANCE,VEHÍCULO CIRCULANDO,2,,,,,,,,,,,,,,,,,0,,,,,,,,,,,,,,,,,,,,,
36,,,,,,,,,,,,,,,,,,,,,,,,,,A - AUTOMÓVIL,VOLKSWAGEN,SEAT,VERACRUZ,ROJO,CEK020570,VSSA6J8BR9928A,P - PARTICULAR,SI,34,HOMBRE,A,SI,NO GUARDAR DISTANCIA,NO APLICA,4500,,,,,,,,,,,,,,,,,,,,,,
36,,,,,,,,,,,,,,,,,,,,,,,,,,A - AUTOMÓVIL,TOYOTA,COROLLA,VERACRUZ,PLATA,ZZRJ506115,2ZTIAEC375489,P - PARTICULAR,NO,36,HOMBRE,B,SI,,,6000,,,,,,,,,,,,,,,,,,,,,,
37,XALAPA,05/04/2014,DOMINGO,,06:20,,XALAPA,XALAPA,URBANA,,,LEOPOLDO KIEL,RAFAEL LUCIO,LAZARO CARDENAS,BUENO,,CONCRETO,,DESCENDENTE,NINGUNA,SIN RESTRICCIÓN,COLISIÓN,ÁNGULO,VEHÍCULO CIRCULANDO,2,,,,,,,,,,,,,,,,,0,,,,,,,,,,,,,,,,,,,,,
37,,,,,,,,,,,,,,,,,,,,,,,,,,A - AUTOMÓVIL,FORD,ESCORT,DISTRITO FEDERAL,GRIS,SIN NUMERO,3FABP153X117822,P - PARTICULAR,NO,32,HOMBRE,A,SI,NO RESPETAR SEÑAL DE ALTO,NO APLICA,8000,,,,,,,,,,,,,,,,,,,,,,
37,,,,,,,,,,,,,,,,,,,,,,,,,,A - AUTOMÓVIL,NISSAN,TSURU,VERACRUZ,BLANCO/VERDE,GA16811453Y,3NIEB315BK346771,PE - PÚBLICO ESTATAL,NO,37,HOMBRE,A,SI,,,3000,,,,,,,,,,,,,,,,,,,,,,
38,XALAPA,05/04/2014,DOMINGO,,22:55,,XALAPA,XALAPA,URBANA,,,AVENIDA BOLIVIA,FRANSCISCO I. MADERO,,BUENO,,ASFALTO,SECO,A NIVEL,NINGUNA,SIN RESTRICCIÓN,COLISIÓN,ÁNGULO,VEHÍCULO CIRCULANDO,2,,,,,,,,,,,,,,,,,0,,,,,,,,,,,,,,,,,,,,,
38,,,,,,,,,,,19,,,,,,,,,,,,,,,A - AUTOMÓVIL,NISSAN,TSURU,VERACRUZ,BLANCO/ROJO,GA16800747,3NIEB57336826N,PE - PÚBLICO ESTATAL,SI,59,HOMBRE,A,SI,NO RESPETAR CEDA EL PASO,NO APLICA,2000,,,,,,,,,,,,,,,,,,,,,,
38,,,,,,,,,,,,,,,,,,,,,,,,,,A - AUTOMÓVIL,CHEVROLET,ASTRA,DISTRITO FEDERAL,GRIS,SIN NUMERO,5136Y5285542,P - PARTICULAR,NO,29,HOMBRE,B,SI,,,1500,,,,,,,,,,,,,,,,,,,,,,
39,XALAPA,05/04/2014,DOMINGO,,08:40,,XALAPA,XALAPA,URBANA,,,AVENIDA AVILA CAMACHO,CENTRO,CALLE MIGUEL ALEMAN,BUENO,,CONCRETO,SECO,DESCENDENTE,NINGUNA,SIN RESTRICCIÓN,COLISIÓN,LATERAL,VEHÍCULO CIRCULANDO,2,,,,,,,,,,,,,,,,,1,,,,,,,,,,,,,,,,,,,,,
39,,,,,,,,,,,4,,,,,,,,,,,,,,,A - AUTOMÓVIL,NISSAN,TSURU,VERACRUZ,BLANCO/ROJO,GA1678116W,3NIEB31538K338372,PE - PÚBLICO ESTATAL,SI,21,HOMBRE,A,SI,VELOCIDAD INMODERADA,NO APLICA,7000,,,,,,,,,,,,,,,,,,,,,,
39,,,,,,,,,,,,,,,,,,,,,,,,,,A - AUTOMÓVIL,CHEVROLET,MATIZ,VERACRUZ,AZUL,HECHO EN KOREA,KLIMD6A00C118101,P - PARTICULAR,SI,54,HOMBRE,C,SI,,,6000,,,,,,,,1,,,,,,,,,,,,,,
40,XALAPA,05/04/2014,DOMINGO,12:55,13:15,,XALAPA,XALAPA,URBANA,,,AVENIDA RAFAEL LUCIO,,,BUENO,SOLEADO,ASFALTO,SECO,DESCENDENTE,NINGUNA,SIN RESTRICCIÓN,COLISIÓN,ÁNGULO,VEHÍCULO CIRCULANDO,2,,,,,,,,,,,,,,,,,0,,,,,,,,,,,,,,,,,,,,,
40,,,,,,,,,,,,,,,,,,,,,,,,,,A - AUTOMÓVIL,NISSAN,TSURU,VERACRUZ,BLANCO/ROJO,GA16822811W,3NIEB3159K3018,PE - PÚBLICO ESTATAL,NO,36,HOMBRE,A,SI,VELOCIDAD INMODERADA,NO APLICA,1000,,,,,,,,,,,,,,,,,,,,,,
40,,,,,,,,,,,,,,,,,,,,,,,,,,A - AUTOMÓVIL,NISSAN,TSURU,VERACRUZ,GUINDA,E16798830M,3BAMBI350790,P - PARTICULAR,NO,39,MUJER,,NO,,,3000,,,,,,,,,,,,,,,,,,,,,,
41,XALAPA,05/04/2014,DOMINGO,,18:50,,XALAPA,XALAPA,URBANA,,,CALLE 21 DE AGOSTO,MIGUEL HIDALGO,JUSTINO SARMIENTO,BUENO,,ASFALTO,,A NIVEL,NINGUNA,SIN RESTRICCIÓN,,,OBJETO FIJO,1,,,,,,,,,,,,,,,,,0,,,,,,,,,,,,,,,,,,,,,
41,,,,,,,,,,,,,,,,,,,,,,,,,,A - AUTOMÓVIL,NISSAN,TSURU,VERACRUZ,BLANCO/ROJO,SIN NUMERO,SIN NUMERO,P - PARTICULAR,NO,,,,NO,VELOCIDAD INMODERADA,NO APLICA,7000,,,,,,,,,,,,,,,,,,,,,,
42,XALAPA,05/04/2014,DOMINGO,00:48,01:10,01:55,XALAPA,XALAPA,URBANA,,,AVENIDA XALAPA,VIRGINIA CORDERO,,BUENO,,TERRACERÍA,,ASCENDENTE,NINGUNA,SIN RESTRICCIÓN,VOLCADURA,,,1,,,,,,,,,,,,,,,,,2,,,,,,,,,,,,,,,,,,,,,
42,,,,,,,,,,,7,,,,,,,,,,,,,,,A - AUTOMÓVIL,NISSAN,TIDA,VERACRUZ,BLANCO,MR18879645H,3NIEBCIA7CK257467,P - PARTICULAR,SI,35,HOMBRE,A,SI,CAMBIAR CARRIL SIN PRECAUCIÓN,NO APLICA,35000,,,,,,1,1,,,,,,,,,,,,,,,
43,XALAPA,05/04/2014,DOMINGO,,09:15,,XALAPA,XALAPA,URBANA,,,CALZADA DE TECNOLOGICO,RESERVA TERRITORIAL,,BUENO,,CONCRETO,,ASCENDENTE,NINGUNA,SIN RESTRICCIÓN,,,OBJETO FIJO,1,,,,,,,,,,,,,,,,,2,,,,,,,,,,,,,,,,,,,,,
43,,,,,,,,,,,,,,,,,,,,,,,,,,A - AUTOMÓVIL,RENAULT,R-12,VERACRUZ,BLANCO,AE14720A9,AE1472A9,P - PARTICULAR,NO,,MUJER,,NO,VELOCIDAD INMODERADA,NO APLICA,15000,,,,,,1,1,,,,,,,,,,,,,,,
44,XALAPA,05/05/2014,LUNES,,13:30,,XALAPA,XALAPA,URBANA,,,AVENIDA ENRIQUEZ,,CENTRO,BUENO,,CONCRETO,,A NIVEL,NINGUNA,SIN RESTRICCIÓN,COLISIÓN,DE FRENTE,VEHÍCULO CIRCULANDO,2,,,,,,,,,,,,,,,,,0,,,,,,,,,,,,,,,,,,,,,