idMES,DELEGACION DE TRANSITO,FECHA DEL ACCIDENTE,DIA DE LA SEMANA,HORA EN QUE SE RECIBIO LA LLAMADA REPORTANDO EL ACCIDENTE,HORA DE ARRIBO DEL PERITO AL SITIO,HORA DE REGRESO DEL PERITO A LAS INSTALACIONES DE SU DELEGACION,LOCALIDAD ACCIDENTE,MUNICIPIO ACCIDENTE,ZONA,CARRETERA/KILOMETRO DEL ACCIDENTE,NUMERO DE AVENIDA,CALLE/AVENIDA DEL ACCIDENTE,COLONIA,ENTRE CALLES,CONDICIONES DE LA VIA,CONDICIONES NATURALES,SUPERFICIE DE LA VIA,ESTADO DE LA VIA,TANGENTE,TIPO DE CONTROL DE TRANSITO,RESTRICCIONES DE LA VIA,TIPO DE ACCIDENTE,FORMA DE ACCIDENTARSE,CONTRA QUE FUE EL IMPACTO,CANTIDAD DE VEHICULOS,TIPO DE VEHICULO,MARCA,SUBMARCA,ENTIDAD FEDERATIVA DEL VEHICULO,COLOR DEL VEHICULO,MOTOR,SERIE,TIPO DE SERVICIO PARA EL QUE SE OCUPAN LOS VEHICULOS,ASEGURADO,EDAD CONDUCTOR,SEXO CONDUCTOR,TIPO LICENCIA,LICENCIA VIGENTE,CAUSA ATRIBUIBLE AL CONDUCTOR,CAUSA ATRIBUIBLE AL PEATON,DANIOS (MONTO APROXIMADO EN MXN),NUMERO DE HERIDOS,MUJER HERIDA DE 0-15 ANIOS,HOMBRE HERIDO DE 0-15 ANIOS,MUJER HERIDA DE 16-30 ANIOS,HOMBRE HERIDO DE 16-30 ANIOS,MUJER HERIDA DE 31-45 ANIOS,HOMBRE HERIDO DE 31-45 ANIOS,MUJER HERIDA DE 46-60 ANIOS,HOMBRE HERIDO DE 46-60 ANIOS,MUJER HERIDA MAS DE 60 ANIOS,HOMBRE HERIDO MAS DE 60 ANIOS,NUMERO DE MUERTOS,MUJER MUERTA DE 0-15 ANIOS,HOMBRE MUERTO DE 0-15 ANIOS,MUJER MUERTA DE 16-30 ANIOS,HOMBRE MUERTO DE 16-30 ANIOS,MUJER MUERTA DE 31-45 ANIOS,HOMBRE MUERTO DE 31-45 ANIOS,MUJER MUERTA DE 46-60 ANIOS,HOMBRE MUERTO DE 46-60 ANIOS,MUJER MUERTA MAS DE 60 ANIOS,HOMBRE MUERTO MAS DE 60 ANIOS
44,,,,,,,,,,,,,,,,,,,,,,,,,,A - AUTOMÓVIL,NISSAN,TSURU,VERACRUZ,BLANCO/VERDE,GA1671636Y,SIN NUMERO,PE - PÚBLICO ESTATAL,NO,34,HOMBRE,A,SI,NO GUARDAR DISTANCIA,NO APLICA,3000,,,,,,,,,,,,,,,,,,,,,,
44,,,,,,,,,,,,,,,,,,,,,,,,,,A - AUTOMÓVIL,NISSAN,TSURU,VERACRUZ,ROJO,GA167312122,SIN NUMERO,P - PARTICULAR,NO,42,MUJER,C,SI,,,3000,,,,,,,,,,,,,,,,,,,,,,
45,XALAPA,05/05/2014,LUNES,16:35,16:58,17:10,XALAPA,XALAPA,URBANA,,,AVENIDA 20 DE NOVIEMBRE,CENTRO,FRANCISCO JAVIER Y CLAVIJERO,BUENO,SOLEADO,CONCRETO,SECO,A NIVEL,NINGUNA,SIN RESTRICCIÓN,COLISIÓN,ÁNGULO,VEHÍCULO CIRCULANDO,2,,,,,,,,,,,,,,,,,0,,,,,,,,,,,,,,,,,,,,,
45,,,,,,,,,,,5,,,,,,,,,,,,,,,C - CAMIONETA,DODGE,RAM-2500,DISTRITO FEDERAL,NEGRO,SIN NUMERO,3DR51CT9BG539399,P - PARTICULAR,SI,35,HOMBRE,B,SI,CAMBIAR CARRIL SIN PRECAUCIÓN,NO APLICA,1000,,,,,,,,,,,,,,,,,,,,,,
45,,,,,,,,,,,,,,,,,,,,,,,,,,A - AUTOMÓVIL,NISSAN,6547-XCV,VERACRUZ,BLANCO/ROJO,GA167176571,3NIEB3155A31811,PE - PÚBLICO ESTATAL,SI,27,HOMBRE,A,SI,,,4000,,,,,,,,,,,,,,,,,,,,,,
46,XALAPA,05/05/2014,LUNES,,14:30,,XALAPA,XALAPA,URBANA,,,ARAUCARIAS No 227,,,BUENO,,CONCRETO,,DESCENDENTE,NINGUNA,SIN RESTRICCIÓN,OTRO,MANIOBRA EN REVERSA,VEHÍCULO CIRCULANDO,3,C - CAMIONETA,FORD,RANGER,VERACRUZ,BLANCO/ROJO,SIN NUMERO,1FTCR10A5MPA,P - PARTICULAR,NO,42,HOMBRE,A,SI,,,5000,0,,,,,,,,,,,,,,,,,,,,,
46,,,,,,,,,,,,,,,,,,,,,,,,,,A - AUTOMÓVIL,VOLKSWAGEN,GOLF,VERACRUZ,VBLANCO,CFZM60917,9BW0B05VOET,P - PARTICULAR,NO,62,MUJER,,NO,NO GUARDAR DISTANCIA,NO APLICA,10000,,,,,,,,,,,,,,,,,,,,,,
46,,,,,,,,,,,,,,,,,,,,,,,,,,A - AUTOMÓVIL,JEEP,CHRYSLER,VERACRUZ,AMARILLO,SIN NUMERO,1J4FA24129L,P - PARTICULAR,NO,30,HOMBRE,A,SI,,,10000,,,,,,,,,,,,,,,,,,,,,,
47,XALAPA,05/05/2014,LUNES,,07:00,08:00,XALAPA,XALAPA,URBANA,CARRETERA XALAPA-COATEPEC,,,ARENALES,,REGULAR,SOLEADO,ASFALTO,SECO,A NIVEL,NINGUNA,SIN RESTRICCIÓN,SALIDA DE CAMINO,,,1,,,,,,,,,,,,,,,,,0,,,,,,,,,,,,,,,,,,,,,
47,,,,,,,,,,,,,,,,,,,,,,,,,,A - AUTOMÓVIL,HONDA,ACCORD,VERACRUZ,BLANCO,SIN NUMERO,SIN NUMERO,P - PARTICULAR,NO,,,,NO,VELOCIDAD INMODERADA,NO APLICA,10000,,,,,,,,,,,,,,,,,,,,,,
48,XALAPA,05/06/2014,MARTES,,07:30,,XALAPA,XALAPA,URBANA,,,CIRCUITO PRESIDENTES,,,BUENO,SOLEADO,CONCRETO,SECO,A NIVEL,NINGUNA,SIN RESTRICCIÓN,COLISIÓN,POR ALCANCE,VEHÍCULO CIRCULANDO,2,,,,,,,,,,,,,,,,,0,,,,,,,,,,,,,,,,,,,,,
48,,,,,,,,,,,9,,,,,,,,,,,,,,,C - CAMIONETA,FORD,ECO-SPORT,VERACRUZ,NEGRO,SIN NUMERO,9DFT35F788962,P - PARTICULAR,NO,33,MUJER,,NO,VELOCIDAD INMODERADA,NO APLICA,8000,,,,,,,,,,,,,,,,,,,,,,
48,,,,,,,,,,,,,,,,,,,,,,,,,,C - CAMIONETA,CHEVROLET,SILVERADO,VERACRUZ,BLANCO,SIN NUMERO,2GCEK19M2V11479,P - PARTICULAR,NO,46,HOMBRE,C,SI,,,1000,,,,,,,,,,,,,,,,,,,,,,
49,XALAPA,05/06/2014,MARTES,,08:50,09:45,XALAPA,XALAPA,URBANA,,,CIRCUITO PRESIDENTES,EMILIANO ZAPATA,ANGEL NUÑEZ,BUENO,,ASFALTO,SECO,DESCENDENTE,NINGUNA,SIN RESTRICCIÓN,INCENDIO,,,1,,,,,,,,,,44,HOMBRE,C,SI,VELOCIDAD INMODERADA,NO APLICA,50000,0,,,,,,,,,,,,,,,,,,,,,
49,,,,,,,,,,,9,,,,,,,,,,,,,,,C - CAMIONETA,FORD,LOBO,VERACRUZ,NEGRO,SIN NUMERO,1FTFX6AKB865,P - PARTICULAR,NO,,,,,,,,,,,,,,,,,,,,,,,,,,,,,
50,XALAPA,05/06/2014,MARTES,,10:05,,XALAPA,XALAPA,URBANA,,,AVENIDA RUIZ CORTINES,SALUD,IGNACIO DE LA LLAVE,BUENO,,CONCRETO,,A NIVEL,NINGUNA,SIN RESTRICCIÓN,COLISIÓN,ÁNGULO,VEHÍCULO CIRCULANDO,2,,,,,,,,,,,,,,,,,0,,,,,,,,,,,,,,,,,,,,,
50,,,,,,,,,,,2,,,,,,,,,,,,,,,A - AUTOMÓVIL,NISSAN,TSURU,VERACRUZ,BLANCO/VERDE,GA1677826Y,3NIEB3154K316047,PE - PÚBLICO ESTATAL,SI,52,HOMBRE,A,SI,OTRO,NO APLICA,2500,,,,,,,,,,,,,,,,,,,,,,
50,,,,,,,,,,,,,,,,,,,,,,,,,,A - AUTOMÓVIL,FORD,FOCUS,VERACRUZ,PLATA,SIN NUMERO,1FAB32ZWZDI783,P - PARTICULAR,NO,28,HOMBRE,C,SI,,,3000,,,,,,,,,,,,,,,,,,,,,,
51,XALAPA,05/06/2014,MARTES,,13:00,,XALAPA,XALAPA,URBANA,,,MIGUEL HIDALGO,CENTRO,,BUENO,,CONCRETO,,DESCENDENTE,NINGUNA,SIN RESTRICCIÓN,COLISIÓN,,VEHÍCULO ESTACIONADO,2,,,,,,,,,,,,,,,,,0,,,,,,,,,,,,,,,,,,,,,
51,,,,,,,,,,,,,,,,,,,,,,,,,,A - AUTOMÓVIL,CHEVROLET,,VERACRUZ,AZUL,HECHO EN MEXICO,3003TM100409,P - PARTICULAR,NO,40,HOMBRE,A,SI,VELOCIDAD INMODERADA,NO APLICA,MINIMOS,,,,,,,,,,,,,,,,,,,,,,
51,,,,,,,,,,,,,,,,,,,,,,,,,,C - CAMIONETA,VOLKSWAGEN,SEDAN,VERACRUZ,BLANCO,ACD409270,3WSA1M1937283,P - PARTICULAR,NO,38,HOMBRE,C,SI,,,3000,,,,,,,,,,,,,,,,,,,,,,
52,XALAPA,05/06/2014,MARTES,,21:40,,XALAPA,XALAPA,URBANA,,,AVENIDA XALAPA,,,BUENO,,ASFALTO,,A NIVEL,SEÑAL CEDA EL PASO,SIN RESTRICCIÓN,COLISIÓN,ÁNGULO,VEHÍCULO ESTACIONADO,3,A - AUTOMÓVIL,FORD,ESCORT,VERACRUZ,GRIS,SIN NUMERO,3FABP15P3WR209411,P - PARTICULAR,NO,41,MUJER,C,SI,,,2500,0,,,,,,,,,,,,,,,,,,,,,
52,,,,,,,,,,,7,,,,,,,,,,,,,,,AF- AUTOBÚS FORANEO,NAVISTAR,CHASIS,VERACRUZ,BLANCO,SIN NUMERO,SIN NUMERO,P - PARTICULAR,SI,43,HOMBRE,A,SI,CAMBIAR CARRIL SIN PRECAUCIÓN,NO APLICA,MINIMOS,,,,,,,,,,,,,,,,,,,,,,
52,,,,,,,,,,,,,,,,,,,,,,,,,,A - AUTOMÓVIL,VOLKSWAGEN,JETTA,VERACRUZ,PLATEADO,NW022508,16K0858337,P - PARTICULAR,NO,34,HOMBRE,A,SI,,,800,,,,,,,,,,,,,,,,,,,,,,
53,XALAPA,05/06/2014,MARTES,,22:25,23:30,XALAPA,XALAPA,URBANA,,,MANUEL M. CONTRERAS,RAFAEL LUCIO,,BUENO,,ASFALTO,SECO,DESCENDENTE,NINGUNA,ACCIDENTE PREVIO,COLISIÓN,ÁNGULO,VEHÍCULO CIRCULANDO,2,,,,,,,,,,,,,,,,,0,,,,,,,,,,,,,,,,,,,,,
53,,,,,,,,,,,,,,,,,,,,,,,,,,A - AUTOMÓVIL,CHEVROLET,CHEVY,VERACRUZ,VERDE,HECHO EN MEXICO,3GIS22W12K4473,P - PARTICULAR,NO,34,HOMBRE,A,SI,NO RESPETAR CEDA EL PASO,OTRO,4000,,,,,,,,,,,,,,,,,,,,,,
53,,,,,,,,,,,,,,,,,,,,,,,,,,A - AUTOMÓVIL,NISSAN,TSURU,VERACRUZ,BLANCO/VERDE,GN6758119Z,3NIEB3152EK324006,PE - PÚBLICO ESTATAL,SI,26,HOMBRE,A,SI,,,2000,,,,,,,,,,,,,,,,,,,,,,
54,XALAPA,05/06/2014,MARTES,10:50,10:55,,XALAPA,XALAPA,URBANA,,,AVENIDA AVILA CAMACHO,CENTRO,,BUENO,LLUVIA,ASFALTO,,DESCENDENTE,NINGUNA,SIN RESTRICCIÓN,COLISIÓN,POR ALCANCE,VEHÍCULO CIRCULANDO,2,,,,,,,,,,,,,,,,,0,,,,,,,,,,,,,,,,,,,,,
54,,,,,,,,,,,4,,,,,,,,,,,,,,,A - AUTOMÓVIL,NISSAN,TSURU,VERACRUZ,AZUL,E16265167M,AC0319930,P - PARTICULAR,NO,43,HOMBRE,,NO,NO GUARDAR DISTANCIA,NO APLICA,1000,,,,,,,,,,,,,,,,,,,,,,
54,,,,,,,,,,,,,,,,,,,,,,,,,,A - AUTOMÓVIL,VOLKSWAGEN,SEDAN,VERACRUZ,ROJO,SIN NUMERO,3VW1A1B1XM513810,P - PARTICULAR,NO,26,HOMBRE,A,SI,,,3000,,,,,,,,,,,,,,,,,,,,,,
55,XALAPA,05/06/2014,MARTES,,12:50,,XALAPA,XALAPA,URBANA,,,BOULEVARD XALAPA-BANDERILLA,21 DE MARZO,,BUENO,SOLEADO,ASFALTO,SECO,A NIVEL,NINGUNA,SIN RESTRICCIÓN,COLISIÓN,POR ALCANCE,VEHÍCULO CIRCULANDO,2,,,,,,,,,,,,,,,,,0,,,,,,,,,,,,,,,,,,,,,
55,,,,,,,,,,,,,,,,,,,,,,,,,,AS - AUTOBÚS SUBURBANO,INTERNATIONAL,CHASIS,VERACRUZ,BLANCO/AZUL,470HM2014905081,3HVBZAAN07N381035,PE - PÚBLICO ESTATAL,NO,22,HOMBRE,A,SI,NO GUARDAR DISTANCIA,NO APLICA,MINIMOS,,,,,,,,,,,,,,,,,,,,,,
55,,,,,,,,,,,,,,,,,,,,,,,,,,A - AUTOMÓVIL,VOLVO,S-40,VERACRUZ,AZUL,3017435,YV237043F0C0767,P - PARTICULAR,NO,34,HOMBRE,,NO,,,6000,,,,,,,,,,,,,,,,,,,,,,
56,XALAPA,05/06/2014,MARTES,,08:00,,XALAPA,XALAPA,URBANA,,,ATLETAS,,REFORMA,BUENO,,CONCRETO,,A NIVEL,NINGUNA,SIN RESTRICCIÓN,ATROPELLAMIENTO,MANIOBRA EN REVERSA,,1,,,,,,,,,,,,,,,,,1,,,,,,,,,,,,,,,,,,,,,
56,,,,,,,,,,,,,,,,,,,,,,,,,,A - AUTOMÓVIL,CHRYSLER,ATOS,VERACRUZ,BLANCO/VERDE,HECHO EN INDIA,MALAB51H9A417138,PE - PÚBLICO ESTATAL,NO,43,HOMBRE,A,SI,OTRO,NO APLICA,MINIMOS,,,,,,1,,,,,,,,,,,,,,,,
57,XALAPA,05/06/2014,MARTES,,16:55,,XALAPA,XALAPA,URBANA,,,AVENIDA RUIZ CORTINES,REPRESA DEL CARMEN,MIGUEL ALEMAN,BUENO,SOLEADO,ASFALTO,SECO,ASCENDENTE,NINGUNA,SIN RESTRICCIÓN,COLISIÓN,ÁNGULO,VEHÍCULO CIRCULANDO,2,A - AUTOMÓVIL,NISSAN,TSURU,VERACRUZ,BLANCO/VERDE,GA16893470W,3NIEB199365528,PE - PÚBLICO ESTATAL,NO,30,HOMBRE,A,SI,,,,1,,,,,,,,,,,,,,,,,,,,,
57,,,,,,,,,,,2,,,,,,,,,,,,,,,A - AUTOMÓVIL,CHRYSLER,ATOS BY,VERACRUZ,ROJO/BLANCO,HECHO EN INDIA,MALAB51H98M209481,PE - PÚBLICO ESTATAL,SI,48,HOMBRE,,NO,NO RESPETAR CEDA EL PASO,NO APLICA,7000,,,,,,,,,,,,,,,,,,,,,,
57,,,,,,,,,,,,,,,,,,,,,,,,,,,,,,,,,,,,,,,,,6000,,,,,,1,,,,,,,,,,,,,,,,
58,XALAPA,05/06/2014,MARTES,13:41,,,XALAPA,XALAPA,URBANA,,,AVENIDA AVILA CAMACHO,CENTRO,,BUENO,SOLEADO,ASFALTO,SECO,ASCENDENTE,NINGUNA,SIN RESTRICCIÓN,COLISIÓN,POR ALCANCE,VEHÍCULO CIRCULANDO,2,,,,,,,,,,,,,,,,,0,,,,,,,,,,,,,,,,,,,,,
58,,,,,,,,,,,4,,,,,,,,,,,,,,,A - AUTOMÓVIL,HONDA,ACCORD,VERACRUZ,AZUL,N3DA1503DC4B,1HCCG225XA900,P - PARTICULAR,NO,25,HOMBRE,A,SI,NO GUARDAR DISTANCIA,NO APLICA,500,,,,,,,,,,,,,,,,,,,,,,
58,,,,,,,,,,,,,,,,,,,,,,,,,,A - AUTOMÓVIL,NISSAN,TSURU,VERACRUZ,BLANCO/VERDE,GA16781395Y,3NIEB3159BK39848,PE - PÚBLICO ESTATAL,NO,39,HOMBRE,A,SI,,,2500,,,,,,,,,,,,,,,,,,,,,,
59,XALAPA,05/06/2014,MARTES,13:15,13:40,,XALAPA,XALAPA,URBANA,,,AVENIDA 20 DE NOVIEMBRE,ANIMAS,,BUENO,SOLEADO,ASFALTO,,A NIVEL,NINGUNA,SIN RESTRICCIÓN,COLISIÓN,POR ALCANCE,VEHÍCULO CIRCULANDO,2,,,,,,,,,,,,,,,,,0,,,,,,,,,,,,,,,,,,,,,
59,,,,,,,,,,,5,,,,,,,,,,,,,,,CC - CAMIÓN DE CARGA,CHEVROLET,PIPA,VERACRUZ,AMARILLO,3546409720P11,51703HCXLEE08,P - PARTICULAR,NO,,HOMBRE,,NO,VELOCIDAD INMODERADA,NO APLICA,1000,,,,,,,,,,,,,,,,,,,,,,
59,,,,,,,,,,,,,,,,,,,,,,,,,,A - AUTOMÓVIL,NISSAN,TSURU,VERACRUZ,BLANCO,GA16731011,3NIEB3155AK25498,P - PARTICULAR,NO,,HOMBRE,,NO,,,4000,,,,,,,,,,,,,,,,,,,,,,
60,XALAPA,05/07/2014,MIÉRCOLES,,22:20,,XALAPA,XALAPA,URBANA,,,AVENIDA 20 DE NOVIEMBRE,ALVARO OBREGON,,REGULAR,,ASFALTO,SECO,A NIVEL,NINGUNA,SIN RESTRICCIÓN,COLISIÓN,ÁNGULO,VEHÍCULO CIRCULANDO,2,,,,,,,,,,,,,,,,,1,,,,,1,,,,,,,,,,,,,,,,
60,,,,,,,,,,,5,,,,,,,,,,,,,,,A - AUTOMÓVIL,NAVISTAR,INTERNATIONAL,VERACRUZ,BLANCO/VERDE,470HM2U1479215,3HAMMARR96L253672,P - PARTICULAR,SI,29,HOMBRE,A,SI,CAMBIAR CARRIL SIN PRECAUCIÓN,OTRO,1000,,,,,,,,,,,,,,,,,,,,,,
60,,,,,,,,,,,,,,,,,,,,,,,,,,A - AUTOMÓVIL,VOLKSWAGEN,SEDAN,VERACRUZ,AZUL,ACD97473,11R0024574,P - PARTICULAR,NO,42,HOMBRE,B,SI,,,4500,,,,,,,,,,,,,,,,,,,,,,
61,XALAPA,05/07/2014,MIÉRCOLES,,00:55,01:30,XALAPA,XALAPA,URBANA,,,AVENIDA XALAPA,RAFAEL LUCIO,,REGULAR,,ASFALTO,SECO,A NIVEL,NINGUNA,SIN RESTRICCIÓN,COLISIÓN,ÁNGULO,VEHÍCULO CIRCULANDO,2,,,,,,,,,,,,,,,,,0,,,,,,,,,,,,,,,,,,,,,
61,,,,,,,,,,,7,,,,,,,,,,,,,,,C - CAMIONETA,FORD,F-150,VERACRUZ,GRIS,SIN NUMERO,1FTEX15N4K09290,P - PARTICULAR,NO,46,HOMBRE,,NO,NO GUARDAR DISTANCIA,NO APLICA,1000,,,,,,,,,,,,,,,,,,,,,,
61,,,,,,,,,,,,,,,,,,,,,,,,,,A - AUTOMÓVIL,NISSAN,SEDAN,VERACRUZ,BLANCO/VERDE,GA16825735W,3NIEB315X9K303838,PE - PÚBLICO ESTATAL,SI,27,HOMBRE,A,SI,,,8000,,,,,,,,,,,,,,,,,,,,,,
62,XALAPA,05/07/2014,MIÉRCOLES,,08:55,09:00,XALAPA,XALAPA,URBANA,,,CALLE PRINCIPAL,LAS TRANCAS,,REGULAR,SOLEADO,ASFALTO,SECO,A NIVEL,NINGUNA,SIN RESTRICCIÓN,COLISIÓN,ÁNGULO,VEHÍCULO CIRCULANDO,2,,,,,,,,,,,,,,,,,0,,,,,,,,,,,,,,,,,,,,,
62,,,,,,,,,,,,,,,,,,,,,,,,,,C - CAMIONETA,FORD,F-350,VERACRUZ,BLANCO,40230,AC3JM40230,P - PARTICULAR,NO,47,HOMBRE,A,SI,CAMBIAR CARRIL SIN PRECAUCIÓN,NO APLICA,600,,,,,,,,,,,,,,,,,,,,,,
62,,,,,,,,,,,,,,,,,,,,,,,,,,A - AUTOMÓVIL,NISSAN,SEDAN,VERACRUZ,BLANCO/VERDE,GA167199054,3NIEB3156AK319904,PE - PÚBLICO ESTATAL,SI,40,HOMBRE,A,SI,,,1500,,,,,,,,,,,,,,,,,,,,,,
63,XALAPA,05/07/2014,MIÉRCOLES,,13:45,,XALAPA,XALAPA,URBANA,,,AVENIDA LAZARO CARDENAS,,PUENTE MACUILTEPETL,BUENO,SOLEADO,CONCRETO,MOJADO,A NIVEL,NINGUNA,SIN RESTRICCIÓN,COLISIÓN,ÁNGULO,VEHÍCULO CIRCULANDO,2,,,,,,,,,,,,,,,,,0,,,,,,,,,,,,,,,,,,,,,
63,,,,,,,,,,,1,,,,,,,,,,,,,,,C - CAMIONETA,CHRYSLER,JEEP,VERACRUZ,ROJO,HECHO EN USA,1J4C45W353531,P - PARTICULAR,NO,51,HOMBRE,A,SI,VELOCIDAD INMODERADA,NO APLICA,5000,,,,,,,,,,,,,,,,,,,,,,
63,,,,,,,,,,,,,,,,,,,,,,,,,,A - AUTOMÓVIL,VOLKSWAGEN,SEAT,VERACRUZ,AZUL,BBX058341,1MK46L094527,P - PARTICULAR,NO,39,HOMBRE,A,SI,,,10000,,,,,,,,,,,,,,,,,,,,,,
64,XALAPA,05/07/2014,MIÉRCOLES,,17:20,,XALAPA,XALAPA,URBANA,,,CIRCUITO PRESIDENTES,AGUIRRE BELTRAN,,BUENO,,ASFALTO,,A NIVEL,NINGUNA,SIN RESTRICCIÓN,ATROPELLAMIENTO,,,1,,,,,,,,,,,,,,,,,1,,,,,,,,,,,,,,,,,,,,,
64,,,,,,,,,,,9,,,,,,,,,,,,,,,A - AUTOMÓVIL,TOYOTA,YARIS,VERACRUZ,BLANCO,1NZ5173224,JTDBT923591,P - PARTICULAR,SI,31,MUJER,C,SI,VELOCIDAD INMODERADA,NO APLICA,MINIMOS,,,,1,,,,,,,,,,,,,,,,,,
65,XALAPA,05/07/2014,MIÉRCOLES,15:25,15:48,16:10,XALAPA,XALAPA,URBANA,,,AVENIDA RUIZ CORTINES,UNIDAD MAGISTERIAL,,BUENO,,CONCRETO,SECO,DESCENDENTE,NINGUNA,SIN RESTRICCIÓN,COLISIÓN,LATERAL,VEHÍCULO CIRCULANDO,2,,,,,,,,,,,,,,,,,0,,,,,,,,,,,,,,,,,,,,,
65,,,,,,,,,,,2,,,,,,,,,,,,,,,A - AUTOMÓVIL,NISSAN,SENTRA,VERACRUZ,BLANCO,QG18524912T,3NIEB5146577312,P - PARTICULAR,NO,22,HOMBRE,A,SI,CAMBIAR CARRIL SIN PRECAUCIÓN,NO APLICA,100,,,,,,,,,,,,,,,,,,,,,,
65,,,,,,,,,,,,,,,,,,,,,,,,,,AS - AUTOBÚS SUBURBANO,INTERNATIONAL,CHASIS,VERACRUZ,BLANCO/VERDE,470HM2U1471325,3HBBNAA42809,PE - PÚBLICO ESTATAL,SI,29,HOMBRE,A,SI,,,4000,,,,,,,,,,,,,,,,,,,,,,
66,XALAPA,05/07/2014,MIÉRCOLES,,00:35,,XALAPA,XALAPA,URBANA,,,AVENIDA RUIZ CORTINES,UNIDAD DEL BOSQUE,,BUENO,,CONCRETO,,A NIVEL,NINGUNA,SIN RESTRICCIÓN,COLISIÓN,,VEHÍCULO ESTACIONADO,2,,,,,,,,,,,,,,,,,0,,,,,,,,,,,,,,,,,,,,,
66,,,,,,,,,,,2,,,,,,,,,,,,,,,AS - AUTOBÚS SUBURBANO,DINAMO,,VERACRUZ,VERDE,SIN NUMERO,SIN NUMERO,PE - PÚBLICO ESTATAL,NO,,,,NO,OTRO,NO APLICA,500.000.00,,,,,,,,,,,,,,,,,,,,,,
66,,,,,,,,,,,,,,,,,,,,,,,,,,A - AUTOMÓVIL,CHEVROLET,CHEVY,VERACRUZ,ARENA,SIN NUMERO,SIN NUMERO,P - PARTICULAR,NO,25,HOMBRE,,,,,25000,,,,,,,,,,,,,,,,,,,,,,
67,XALAPA,05/08/2014,JUEVES,,23:10,,XALAPA,XALAPA,URBANA,,,BREMONT,CENTRO,PINO SUAREZ,MALO,,CONCRETO,,ASCENDENTE,NINGUNA,SIN RESTRICCIÓN,COLISIÓN,ÁNGULO,VEHÍCULO CIRCULANDO,2,,,,,,,,,,,,,,,,,0,,,,,,,,,,,,,,,,,,,,,
67,,,,,,,,,,,,,,,,,,,,,,,,,,A - AUTOMÓVIL,HONDA,CIVIC,VERACRUZ,VERDE,D16484786516,1HGEJ865XL902263,P - PARTICULAR,NO,17,MUJER,,NO,NO RESPETAR SEÑAL DE ALTO,OTRO,3000,,,,,,,,,,,,,,,,,,,,,,
67,,,,,,,,,,,,,,,,,,,,,,,,,,A - AUTOMÓVIL,RENAULT,SANDERO,VERACRUZ,ROJO,Q034642,93Y60B53AJ061845,P - PARTICULAR,SI,25,HOMBRE,C,SI,,,4000,,,,,,,,,,,,,,,,,,,,,,
68,XALAPA,05/08/2014,JUEVES,,20:40,,XALAPA,XALAPA,URBANA,,,SOCONUSCO,AGUACATAL,MIAMI,BUENO,LLUVIA,CONCRETO,,DESCENDENTE,NINGUNA,SIN RESTRICCIÓN,COLISIÓN,ÁNGULO,VEHÍCULO CIRCULANDO,2,,,,,,,,,,,,,,,,,0,,,,,,,,,,,,,,,,,,,,,
68,,,,,,,,,,,,,,,,,,,,,,,,,,C - CAMIONETA,FORD,F-150,VERACRUZ,VINO,K25174,SIN NUMERO,P - PARTICULAR,NO,34,HOMBRE,A,SI,VELOCIDAD INMODERADA,NO APLICA,MINIMOS,,,,,,,,,,,,,,,,,,,,,,
68,,,,,,,,,,,,,,,,,,,,,,,,,,A - AUTOMÓVIL,NISSAN,TSURU,VERACRUZ,BLANCO,ACIJMT46834,SIN NUMERO,P - PARTICULAR,NO,25,HOMBRE,A,SI,,,1000,,,,,,,,,,,,,,,,,,,,,,
69,XALAPA,05/08/2014,JUEVES,08:30,19:30,,XALAPA,XALAPA,URBANA,,,AVENIDA 28 DE AGOSTO,,,BUENO,LLUVIA,ASFALTO,MOJADO,A NIVEL,NINGUNA,SIN RESTRICCIÓN,COLISIÓN,ÁNGULO,VEHÍCULO CIRCULANDO,2,,,,,,,,,,,,,,,,,0,,,,,,,,,,,,,,,,,,,,,
69,,,,,,,,,,,20,,,,,,,,,,,,,,,A - AUTOMÓVIL,NISSAN,TSURU,VERACRUZ,BLANCO/ROJO,GA16732838Y,3NIEBAK3306,PE - PÚBLICO ESTATAL,SI,26,HOMBRE,A,SI,"VUELTA EN ""U""",OTRO,2000,,,,,,,,,,,,,,,,,,,,,,
69,,,,,,,,,,,,,,,,,,,,,,,,,,M - MOTOCICLETA,ITALIKA,WE175,VERACRUZ,NEGRO,SIN NUMERO,35CTW5K4C1005465,P - PARTICULAR,NO,60,HOMBRE,D,SI,,,4500,,,,,,,,,,,,,,,,,,,,,,
70,XALAPA,05/08/2014,JUEVES,,19:20,20:00,XALAPA,XALAPA,URBANA,,,ARAUCARIAS,INMECAFE,,BUENO,,CONCRETO,MOJADO,ASCENDENTE,NINGUNA,ACCIDENTE PREVIO,COLISIÓN,ÁNGULO,VEHÍCULO CIRCULANDO,2,,,,,,,,,,,,,,,,,0,,,,,,,,,,,,,,,,,,,,,
70,,,,,,,,,,,,,,,,,,,,,,,,,,C - CAMIONETA,CHEVROLET,BLAZER,VERACRUZ,VERDE,VK150396,1GNCSI3W15096,P - PARTICULAR,NO,34,HOMBRE,C,SI,NO RESPETAR CEDA EL PASO,NO APLICA,300,,,,,,,,,,,,,,,,,,,,,,
70,,,,,,,,,,,,,,,,,,,,,,,,,,A - AUTOMÓVIL,NISSAN,TSURU,VERACRUZ,BLANCO/VERDE,GA16780988Y,3NIEB315X318145,PE - PÚBLICO ESTATAL,SI,44,HOMBRE,A,SI,,,900,,,,,,,,,,,,,,,,,,,,,,
71,XALAPA,05/08/2014,JUEVES,,15:35,,XALAPA,XALAPA,URBANA,,,DIAZ MIRON,CENTRO,HIDALGO,BUENO,,ASFALTO,,DESCENDENTE,SEMÁFORO FUNCIONANDO,SIN RESTRICCIÓN,COLISIÓN,ÁNGULO,VEHÍCULO CIRCULANDO,2,,,,,,,,,,,,,,,,,0,,,,,,,,,,,,,,,,,,,,,