idMES,DELEGACION DE TRANSITO,FECHA DEL ACCIDENTE,DIA DE LA SEMANA,HORA EN QUE SE RECIBIO LA LLAMADA REPORTANDO EL ACCIDENTE,HORA DE ARRIBO DEL PERITO AL SITIO,HORA DE REGRESO DEL PERITO A LAS INSTALACIONES DE SU DELEGACION,LOCALIDAD ACCIDENTE,MUNICIPIO ACCIDENTE,ZONA,CARRETERA/KILOMETRO DEL ACCIDENTE,NUMERO DE AVENIDA,CALLE/AVENIDA DEL ACCIDENTE,COLONIA,ENTRE CALLES,CONDICIONES DE LA VIA,CONDICIONES NATURALES,SUPERFICIE DE LA VIA,ESTADO DE LA VIA,TANGENTE,TIPO DE CONTROL DE TRANSITO,RESTRICCIONES DE LA VIA,TIPO DE ACCIDENTE,FORMA DE ACCIDENTARSE,CONTRA QUE FUE EL IMPACTO,CANTIDAD DE VEHICULOS,TIPO DE VEHICULO,MARCA,SUBMARCA,ENTIDAD FEDERATIVA DEL VEHICULO,COLOR DEL VEHICULO,MOTOR,SERIE,TIPO DE SERVICIO PARA EL QUE SE OCUPAN LOS VEHICULOS,ASEGURADO,EDAD CONDUCTOR,SEXO CONDUCTOR,TIPO LICENCIA,LICENCIA VIGENTE,CAUSA ATRIBUIBLE AL CONDUCTOR,CAUSA ATRIBUIBLE AL PEATON,DANIOS (MONTO APROXIMADO EN MXN),NUMERO DE HERIDOS,MUJER HERIDA DE 0-15 ANIOS,HOMBRE HERIDO DE 0-15 ANIOS,MUJER HERIDA DE 16-30 ANIOS,HOMBRE HERIDO DE 16-30 ANIOS,MUJER HERIDA DE 31-45 ANIOS,HOMBRE HERIDO DE 31-45 ANIOS,MUJER HERIDA DE 46-60 ANIOS,HOMBRE HERIDO DE 46-60 ANIOS,MUJER HERIDA MAS DE 60 ANIOS,HOMBRE HERIDO MAS DE 60 ANIOS,NUMERO DE MUERTOS,MUJER MUERTA DE 0-15 ANIOS,HOMBRE MUERTO DE 0-15 ANIOS,MUJER MUERTA DE 16-30 ANIOS,HOMBRE MUERTO DE 16-30 ANIOS,MUJER MUERTA DE 31-45 ANIOS,HOMBRE MUERTO DE 31-45 ANIOS,MUJER MUERTA DE 46-60 ANIOS,HOMBRE MUERTO DE 46-60 ANIOS,MUJER MUERTA MAS DE 60 ANIOS,HOMBRE MUERTO MAS DE 60 ANIOS
71,,,,,,,,,,,,,,,,,,,,,,,,,,A - AUTOMÓVIL,NISSAN,TSURU,VERACRUZ,BLANCO/VERDE,GA16738779Z,SIN NUMERO,PE - PÚBLICO ESTATAL,SI,32,HOMBRE,A,SI,CAMBIAR CARRIL SIN PRECAUCIÓN,OTRO,2500,,,,,,,,,,,,,,,,,,,,,,
71,,,,,,,,,,,,,,,,,,,,,,,,,,AS - AUTOBÚS SUBURBANO,INTERNATIONAL,CHASIS,VERACRUZ,BLANCO,SIN NUMERO,3NIEB315EK307518,PE - PÚBLICO ESTATAL,NO,42,HOMBRE,A,SI,,,MINIMOS,,,,,,,,,,,,,,,,,,,,,,
72,XALAPA,05/08/2014,JUEVES,,11:50,,XALAPA,XALAPA,URBANA,,,AVENIDA LAZARO CARDENAS,EL MIRADOR,PIPILA,BUENO,SOLEADO,CONCRETO,SECO,DESCENDENTE,NINGUNA,SIN RESTRICCIÓN,COLISIÓN,,VEHÍCULO ESTACIONADO,3,A - AUTOMÓVIL,NISSAN,TSURU,VERACRUZ,BLANCO/ROJO,GA1670329554,3NIEB31536298,PE - PÚBLICO ESTATAL,NO,52,HOMBRE,A,SI,,,6000,0,,,,,,,,,,,,,,,,,,,,,
72,,,,,,,,,,,1,,,,,,,,,,,,,,,A - AUTOMÓVIL,CHEVROLET,CORSA,VERACRUZ,ROJO,HECHO EN  BRASIL,93CXM19RX207885,P - PARTICULAR,NO,,,,NO,CAMBIAR CARRIL SIN PRECAUCIÓN,NO APLICA,7000,,,,,,,,,,,,,,,,,,,,,,
72,,,,,,,,,,,,,,,,,,,,,,,,,,C - CAMIONETA,CHRYSLER,JEEP,VERACRUZ,BLANCO,HECHO EN USA,1C4JEBC18206,P - PARTICULAR,SI,,,,NO,,,4000,,,,,,,,,,,,,,,,,,,,,,
73,XALAPA,05/08/2014,JUEVES,,11:00,,XALAPA,XALAPA,URBANA,,,AVENIDA LAZARO CARDENAS,PROGRESO MACUILTEPEC,PEDREGERA DE LAS ANIMAS,BUENO,,ASFALTO,SECO,A NIVEL,NINGUNA,SIN RESTRICCIÓN,COLISIÓN,ÁNGULO,VEHÍCULO CIRCULANDO,2,,,,,,,,,,,,,,,,,0,,,,,,,,,,,,,,,,,,,,,
73,,,,,,,,,,,1,,,,,,,,,,,,,,,AS - AUTOBÚS SUBURBANO,MERCEDES,CHASIS,VERACRUZ,BLANCO,SIN NUMERO,BHP1941,PE - PÚBLICO ESTATAL,NO,39,HOMBRE,A,SI,CAMBIAR CARRIL SIN PRECAUCIÓN,NO APLICA,500,,,,,,,,,,,,,,,,,,,,,,
73,,,,,,,,,,,,,,,,,,,,,,,,,,A - AUTOMÓVIL,VOLKSWAGEN,JETTA,VERACRUZ,NEGRO,SIN NUMERO,3VW09M647595,P - PARTICULAR,SI,57,HOMBRE,C,SI,,,4000,,,,,,,,,,,,,,,,,,,,,,
74,XALAPA,05/08/2014,JUEVES,,08:45,,XALAPA,XALAPA,URBANA,,,AVENIDA RUIZ CORTINES,OBRERO CAMPESINA,,BUENO,SOLEADO,ASFALTO,SECO,DESCENDENTE,NINGUNA,SIN RESTRICCIÓN,COLISIÓN,POR ALCANCE,VEHÍCULO CIRCULANDO,3,A - AUTOMÓVIL,FORD,LINCOLN,VERACRUZ,BLANCO,SIN NUMERO,5LMJJ3DE6589,P - PARTICULAR,SI,44,HOMBRE,A,SI,,,3000,0,,,,,,,,,,,,,,,,,,,,,
74,,,,,,,,,,,2,,,,,,,,,,,,,,,A - AUTOMÓVIL,NISSAN,MARCH,VERACRUZ,PLATA,HR167032GF,3NICK3CS236001,P - PARTICULAR,SI,54,HOMBRE,C,SI,NO GUARDAR DISTANCIA,NO APLICA,8000,,,,,,,,,,,,,,,,,,,,,,
74,,,,,,,,,,,,,,,,,,,,,,,,,,A - AUTOMÓVIL,NISSAN,PLATINA,VERACRUZ,PLATA,Q204858,3NIJH0155227504,P - PARTICULAR,NO,37,HOMBRE,,NO,,,2000,,,,,,,,,,,,,,,,,,,,,,
75,XALAPA,05/08/2014,JUEVES,,10:20,,XALAPA,XALAPA,URBANA,,,AVENIDA ARCO SUR,LOMAS VERDES,,BUENO,,ASFALTO,,DESCENDENTE,NINGUNA,SIN RESTRICCIÓN,COLISIÓN,POR ALCANCE,VEHÍCULO CIRCULANDO,2,,,,,,,,,,,,,,,,,1,,,,,,,,,,,,,,,,,,,,,
75,,,,,,,,,,,14,,,,,,,,,,,,,,,A - AUTOMÓVIL,VOLKSWAGEN,JETTA,VERACRUZ,ROJO,CBP156014,VW2093AM03524,P - PARTICULAR,NO,33,HOMBRE,,NO,NO GUARDAR DISTANCIA,NO APLICA,3000,,,,,,,,,,,,,,,,,,,,,,
75,,,,,,,,,,,,,,,,,,,,,,,,,,A - AUTOMÓVIL,CHRYSLER,ATOS,VERACRUZ,ROJO/BLANCO,HECHO EN INDIA,MALAB51H06M7112782,PE - PÚBLICO ESTATAL,NO,50,HOMBRE,A,SI,,,5000,,,,,,1,,,,,,,,,,,,,,,,
76,XALAPA,05/08/2014,JUEVES,,20:15,,XALAPA,XALAPA,URBANA,,,AVENIDA XALAPA,,ACUEDUCTO,MALO,,CONCRETO,SECO,A NIVEL,NINGUNA,SIN RESTRICCIÓN,COLISIÓN,POR ALCANCE,VEHÍCULO CIRCULANDO,2,,,,,,,,,,,,,,,,,0,,,,,,,,,,,,,,,,,,,,,
76,,,,,,,,,,,7,,,,,,,,,,,,,,,A - AUTOMÓVIL,FORD,MUSTANG,PUEBLA,NEGRO,SIN NUMERO,1ZVFT80NI552277995,P - PARTICULAR,NO,27,HOMBRE,,NO,NO GUARDAR DISTANCIA,NO APLICA,5000,,,,,,,,,,,,,,,,,,,,,,
76,,,,,,,,,,,,,,,,,,,,,,,,,,A - AUTOMÓVIL,NISSAN,MARCH,VERACRUZ,NARANJA,HR16801986,3NICK3CD06D255688,P - PARTICULAR,SI,21,HOMBRE,C,SI,,,12000,,,,,,,,,,,,,,,,,,,,,,
77,XALAPA,04/09/2014,VIERNES,,07:10,07:30,XALAPA,XALAPA,URBANA,,,ENRIQUEZ,CENTRO,REVOLUCION Y CLAVIJERO,BUENO,,CONCRETO,SECO,A NIVEL,NINGUNA,ACCIDENTE PREVIO,COLISIÓN,POR ALCANCE,VEHÍCULO CIRCULANDO,2,C - CAMIONETA,FORD,ESCAPE,VERACRUZ,PLATA,SIN NUMERO,1FMCV04116KA58814,P - PARTICULAR,NO,19,MUJER,,,NO GUARDAR DISTANCIA,NO APLICA,600,1,,,,,,,,,,,,,,,,,,,,,
77,,,,,,,,,,,,,,,,,,,,,,,,,,A - AUTOMÓVIL,VOLKSWAGEN,CROSSFOX,VERACRUZ,AMARILLO,CF2956980,9BWLB4525D4093642,P - PARTICULAR,SI,50,MUJER,C,SI,,,900,,1,,,,,,,,,,,,,,,,,,,,
78,XALAPA,05/09/2014,VIERNES,,10:00,,XALAPA,XALAPA,URBANA,,,BOLIVIA,FRANSCISCO I. MADERO,,BUENO,SOLEADO,CONCRETO,SECO,A NIVEL,NINGUNA,SIN RESTRICCIÓN,COLISIÓN,POR ALCANCE,VEHÍCULO CIRCULANDO,2,A - AUTOMÓVIL,NISSAN,TSURU,VERACRUZ,BLANCO/ROJO,GA167551529Y,3N1EB31S4AK3W921,PE - PÚBLICO ESTATAL,SI,30,HOMBRE,A,SI,NO GUARDAR DISTANCIA,NO APLICA,1000,0,,,,,,,,,,,,,,,,,,,,,
78,,,,,,,,,,,,,,,,,,,,,,,,,,A - AUTOMÓVIL,NISSAN,PLATINA,VERACRUZ,TITANIO,Q21553,2N1JH015X6123555,P - PARTICULAR,NO,36,HOMBRE,A,SI,,,2000,,,,,,,,,,,,,,,,,,,,,,
79,XALAPA,05/09/2014,VIERNES,,11:05,11:25,XALAPA,XALAPA,URBANA,,,HERIBERTO JARA CORONA,10 DE MAYO,CENTRAL,REGULAR,SOLEADO,CONCRETO,SECO,DESCENDENTE,NINGUNA,SIN RESTRICCIÓN,COLISIÓN,ÁNGULO,VEHÍCULO CIRCULANDO,2,AS - AUTOBÚS SUBURBANO,MERCEDES BENZ,,VERACRUZ,BLANCO,HECHO EN MEXICO,,PE - PÚBLICO ESTATAL,NO,22,HOMBRE,,,CAMBIAR CARRIL SIN PRECAUCIÓN,NO APLICA,1000,0,,,,,,,,,,,,,,,,,,,,,
79,,,,,,,,,,,,,,,,,,,,,,,,,,A - AUTOMÓVIL,CHEVROLET,ASTRA,VERACRUZ,ROJO,HECHO EN BRASIL,93CTC69B0LB111792,P - PARTICULAR,NO,46,MUJER,C,SI,,,2500,,,,,,,,,,,,,,,,,,,,,,
80,XALAPA,05/09/2014,VIERNES,,15:00,,XALAPA,XALAPA,URBANA,,,AVENIDA LAZARO CARDENAS,,FTE. A CAXA,BUENO,SOLEADO,CONCRETO,SECO,ASCENDENTE,NINGUNA,SIN RESTRICCIÓN,COLISIÓN,LATERAL,VEHÍCULO CIRCULANDO,2,A - AUTOMÓVIL,RENAULT,DUSTER,VERACRUZ,NEGRO,C000174,9BFB1152AA5DM001260,P - PARTICULAR,SI,42,MUJER,C,SI,CAMBIAR CARRIL SIN PRECAUCIÓN,NO APLICA,1000,0,,,,,,,,,,,,,,,,,,,,,
80,,,,,,,,,,,1,,,,,,,,,,,,,,,AS - AUTOBÚS SUBURBANO,NISSAN,TSURU,VERACRUZ,BLANCO/VERDE,GA16706722Y,3N1EB31S5AK309283,PE - PÚBLICO ESTATAL,SI,30,HOMBRE,A,SI,,,SIN DAÑOS,,,,,,,,,,,,,,,,,,,,,,
81,XALAPA,05/09/2014,VIERNES,,15:40,16:00,XALAPA,XALAPA,URBANA,,,AVENIDA LAZARO CARDENAS,EL OLMO,AMERICAS,REGULAR,SOLEADO,ASFALTO,SECO,DESCENDENTE,NINGUNA,SIN RESTRICCIÓN,COLISIÓN,POR ALCANCE,VEHÍCULO CIRCULANDO,2,A - AUTOMÓVIL,NISSAN,TSURU,VERACRUZ,BLANCO/ROJO,GA1671K760Y,3N1EB31S0AK316349,PE - PÚBLICO ESTATAL,SI,64,HOMBRE,A,SI,NO GUARDAR DISTANCIA,NO APLICA,3500,0,,,,,,,,,,,,,,,,,,,,,
81,,,,,,,,,,,1,,,,,,,,,,,,,,,A - AUTOMÓVIL,FORD,KA,VERACRUZ,ROJO,HECHO EN BRASIL,9BFBT18N947840853,P - PARTICULAR,SI,22,MUJER,B,SI,,,6000,,,,,,,,,,,,,,,,,,,,,,
82,XALAPA,05/09/2014,VIERNES,16:20,16:35,16:58,XALAPA,XALAPA,URBANA,,,XALAPA,VIRGINIA CORDERO,,BUENO,,CONCRETO,SECO,A NIVEL,NINGUNA,SIN RESTRICCIÓN,COLISIÓN,LATERAL,VEHÍCULO CIRCULANDO,2,C - CAMIONETA,CHEVROLET,SILVERADO,VERACRUZ,ROJO,HECHO EN USA,1GCRC9E08CZ220692,P - PARTICULAR,SI,37,HOMBRE,B,SI,CAMBIAR CARRIL SIN PRECAUCIÓN,NO APLICA,1000,0,,,,,,,,,,,,,,,,,,,,,
82,,,,,,,,,,,,,,,,,,,,,,,,,,A - AUTOMÓVIL,NISSAN,TSURU,VERACRUZ,BLANCO/ROJO,GA167289952,3N1EB31S5DK338206,PE - PÚBLICO ESTATAL,SI,31,HOMBRE,A,SI,,,2000,,,,,,,,,,,,,,,,,,,,,,
83,XALAPA,05/09/2014,VIERNES,,21:35,21:55,XALAPA,XALAPA,URBANA,,,AVENIDA REBSAMEN,MARTIRES DE CHICAGO,,REGULAR,,ASFALTO,MOJADO,A NIVEL,NINGUNA,SIN RESTRICCIÓN,COLISIÓN,POR ALCANCE,VEHÍCULO CIRCULANDO,3,A - AUTOMÓVIL,FORD,FUSION,VERACRUZ,VERDE,SIN NUMERO,3FAHP08156R217943,P - PARTICULAR,NO,,HOMBRE,B,SI,NO GUARDAR DISTANCIA,NO APLICA,10000,0,,,,,,,,,,,,,,,,,,,,,
83,,,,,,,,,,,10,,,,,,,,,,,,,,,C - CAMIONETA,CHRYSLER,RAM 3500,VERACRUZ,ROJO,HECHO EN MÉXICO,3BGMC36Z6XH95884,P - PARTICULAR,SI,33,HOMBRE,A,SI,,,2500,,,,,,,,,,,,,,,,,,,,,,
83,,,,,,,,,,,,,,,,,,,,,,,,,,A - AUTOMÓVIL,NISSAN,TSURU,VERACRUZ,ROJO,GA16774305W,3N1EB31S84K330817,P - PARTICULAR,NO,49,HOMBRE,B,SI,,,3000,,,,,,,,,,,,,,,,,,,,,,
84,XALAPA,05/09/2014,VIERNES,02:49,03:10,03:40,XALAPA,XALAPA,URBANA,,,CAMINO ANTIGUO AL SUMIDERO,EL TANQUE,,BUENO,,CONCRETO,SECO,A NIVEL,NINGUNA,SIN RESTRICCIÓN,COLISIÓN,LATERAL,VEHÍCULO CIRCULANDO,2,A - AUTOMÓVIL,CHRYSLER,NEON,VERACRUZ,CANELA,HECHO EN USA,1B3BS46C1YD685305,P - PARTICULAR,NO,26,HOMBRE,B,SI,CIRCULAR EN SENTIDO CONTRARIO,NO APLICA,1500,0,,,,,,,,,,,,,,,,,,,,,
84,,,,,,,,,,,,,,,,,,,,,,,,,,C - CAMIONETA,NISSAN,NP-300,VERACRUZ,BLANCO,KA24533475A,3NGDD25T0CK004029,P - PARTICULAR,NO,30,HOMBRE,A,SI,,,2000,,,,,,,,,,,,,,,,,,,,,,
85,XALAPA,05/10/2014,SÁBADO,,10:20,,XALAPA,XALAPA,URBANA,,,AVENIDA XALAPA,PROGRESO MACUILTEPEC,,BUENO,,ASFALTO,SECO,A NIVEL,NINGUNA,SIN RESTRICCIÓN,COLISIÓN,LATERAL,VEHÍCULO CIRCULANDO,2,A - AUTOMÓVIL,VOLKSWAGEN,POINTER,VERACRUZ,BLANCO,BHG046542,98WCC05X44T064308,P - PARTICULAR,SI,24,HOMBRE,C,SI,CAMBIAR CARRIL SIN PRECAUCIÓN,NO APLICA,2500,0,,,,,,,,,,,,,,,,,,,,,
85,,,,,,,,,,,7,,,,,,,,,,,,,,,AS - AUTOBÚS SUBURBANO,INTERNATIONAL,CHASIS,VERACRUZ,BLANCO,470HM2V1524254,3HBMAART4BN684925,PE - PÚBLICO ESTATAL,NO,33,HOMBRE,A,SI,,,MINIMOS,,,,,,,,,,,,,,,,,,,,,,
86,XALAPA,05/10/2014,SÁBADO,,11:30,,XALAPA,XALAPA,URBANA,,,AVENIDA AMERICAS,JOSE CARDEL,SARABIA Y PIPILA,BUENO,SOLEADO,CONCRETO,SECO,ASCENDENTE,NINGUNA,SIN RESTRICCIÓN,COLISIÓN,,OBJETO FIJO,1,CC - CAMIÓN DE CARGA,KEENWORTH,PIPA,MÉXICO,BLANCO/AMARILLO,2XKAD29X0JM506554,2XKAD29X0JM506554,PE - PÚBLICO ESTATAL,NO,52,HOMBRE,A,SI,OTRO,NO APLICA,SIN DAÑOS,0,,,,,,,,,,,,,,,,,,,,,
86,,,,,,,,,,,3,,,,,,,,,,,,,,,,,,,,,,,,,,,,,,,,,,,,,,,,,,,,,,,,,,,,
87,XALAPA,05/10/2014,SÁBADO,,14:05,,XALAPA,XALAPA,URBANA,,,AVENIDA AMERICAS,PROGRESO MACUILTEPEC,MIGUEL ALEMAN Y XALAPA,MALO,LLUVIA,CONCRETO,MOJADO,A NIVEL,NINGUNA,SIN RESTRICCIÓN,COLISIÓN,ÁNGULO,VEHÍCULO CIRCULANDO,2,A - AUTOMÓVIL,PEUGEOT,,VERACRUZ,ROJO,10DBUZ0002934,9362NNGA59B050005,P - PARTICULAR,SI,26,HOMBRE,C,SI,NO RESPETAR SEMÁFORO,NO APLICA,1000,0,,,,,,,,,,,,,,,,,,,,,
87,,,,,,,,,,,3,,,,,,,,,,,,,,,AS - AUTOBÚS SUBURBANO,INTERNATIONAL,,VERACRUZ,BLANCO,470HM2U1466341,3HBBPAAN35L120297,PE - PÚBLICO ESTATAL,NO,48,HOMBRE,A,SI,,,5000,,,,,,,,,,,,,,,,,,,,,,
88,XALAPA,05/10/2014,SÁBADO,,16:15,17:00,XALAPA,XALAPA,URBANA,,,ENRIQUE HERNANDEZ CASTILLO,RAFAEL LUCIO,FRAY ANDRES DE OLMOS Y PASEO XALAPA,BUENO,,ASFALTO,,A NIVEL,NINGUNA,ACCIDENTE PREVIO,COLISIÓN,ÁNGULO,VEHÍCULO CIRCULANDO,2,A - AUTOMÓVIL,FORD,ESCORT,VERACRUZ,AZUL,WR254170,3FABP15P7WR264170,P - PARTICULAR,NO,60,HOMBRE,,,NO RESPETAR CEDA EL PASO,NO APLICA,600,0,,,,,,,,,,,,,,,,,,,,,
88,,,,,,,,,,,,,,,,,,,,,,,,,,A - AUTOMÓVIL,NISSAN,TSURU,VERACRUZ,VERDE,GA16717606Y,3N1EB314AK318105,PE - PÚBLICO ESTATAL,SI,30,HOMBRE,A,SI,,,2000,,,,,,,,,,,,,,,,,,,,,,
89,XALAPA,05/10/2014,SÁBADO,20:00,20:20,,XALAPA,XALAPA,URBANA,,,AVENIDA AMERICAS,FRANCISCO FERRER GUARDIA,CENTRO AMERICAS,BUENO,LLUVIA,ASFALTO,MOJADO,A NIVEL,MARCA EN PAVIMENTO,SIN RESTRICCIÓN,COLISIÓN,ÁNGULO,VEHÍCULO CIRCULANDO,2,A - AUTOMÓVIL,CHEVROLET,MATIZ,VERACRUZ,BLANCO/VERDE,HECHO EN KOREA,KLBM36A0XEC016352,PE - PÚBLICO ESTATAL,,24,HOMBRE,A,SI,NO RESPETAR SEÑAL DE ALTO,NO APLICA,2500,0,,,,,,,,,,,,,,,,,,,,,
89,,,,,,,,,,,3,,,,,,,,,,,,,,,A - AUTOMÓVIL,CHEVROLET,SPARK,VERACRUZ,GRIS,HECHO EN KOREA,KL8CJ6AD5DC6214Y,P - PARTICULAR,,44,HOMBRE,C,SI,,,3500,,,,,,,,,,,,,,,,,,,,,,
90,XALAPA,05/10/2014,SÁBADO,,20:45,21:20,XALAPA,XALAPA,URBANA,,,ARCO SUR,RESERVA TERRITORIAL,FRACC. LAS FUENTES,BUENO,,ASFALTO,SECO,A NIVEL,NINGUNA,ACCIDENTE PREVIO,COLISIÓN,POR ALCANCE,VEHÍCULO CIRCULANDO,2,A - AUTOMÓVIL,NISSAN,TSURU,VERACRUZ,BLANCO/VERDE,GA16861533T,3N1EB31SS115K339757,PE - PÚBLICO ESTATAL,SI,45,HOMBRE,A,SI,NO GUARDAR DISTANCIA,NO APLICA,500,0,,,,,,,,,,,,,,,,,,,,,
90,,,,,,,,,,,,,,,,,,,,,,,,,,A - AUTOMÓVIL,NISSAN,VERSA,VERACRUZ,ROJO,HR16747956G,3N1CN7AD0DK39325,P - PARTICULAR,SI,49,MUJER,A,SI,,,1200,,,,,,,,,,,,,,,,,,,,,,
91,XALAPA,05/10/2014,SÁBADO,,21:40,22:30,XALAPA,XALAPA,URBANA,,,CALLE RUBI,FRACCIONAMIENTO BUGAMBILIAS,,BUENO,,ASFALTO,MOJADO,DESCENDENTE,NINGUNA,SIN RESTRICCIÓN,COLISIÓN,POR ALCANCE,VEHÍCULO CIRCULANDO,2,C - CAMIONETA,FORD,EXPEDITION,VERACRUZ,PLATA,HECHO EN USA,1FMEV16WXLB30973,P - PARTICULAR,NO,21,HOMBRE,,,NO GUARDAR DISTANCIA,NO APLICA,300,0,,,,,,,,,,,,,,,,,,,,,
91,,,,,,,,,,,,,,,,,,,,,,,,,,A - AUTOMÓVIL,DODGE,STRATUS,VERACRUZ,ROJO,IMPORTADO,5N565159,P - PARTICULAR,NO,41,HOMBRE,C,SI,,,1800,,,,,,,,,,,,,,,,,,,,,,
92,XALAPA,05/10/2014,SÁBADO,,15:00,,XALAPA,XALAPA,URBANA,,,REVOLUCION,,,BUENO,,ASFALTO,,DESCENDENTE,NINGUNA,SIN RESTRICCIÓN,COLISIÓN,POR ALCANCE,VEHÍCULO CIRCULANDO,2,C - CAMIONETA,FORD,RANGER,VERACRUZ,ROJO,SIN NUMERO,1FTCR1DA6RUE42546,P - PARTICULAR,NO,33,HOMBRE,B,SI,NO GUARDAR DISTANCIA,NO APLICA,1000,0,,,,,,,,,,,,,,,,,,,,,
92,,,,,,,,,,,,,,,,,,,,,,,,,,A - AUTOMÓVIL,CHEVROLET,PONTIAC,VERACRUZ,ROJO,HECHO EN MEXICO,3G2TTU52E292112965,P - PARTICULAR,NO,25,MUJER,C,SI,,,15000,,,,,,,,,,,,,,,,,,,,,,
93,XALAPA,05/10/2014,SÁBADO,03:23,03:40,,XALAPA,XALAPA,URBANA,,,CIRCUITO PRESIDENTES,,,BUENO,LLUVIA,ASFALTO,MOJADO,DESCENDENTE,NINGUNA,SIN RESTRICCIÓN,COLISIÓN,ÁNGULO,VEHÍCULO CIRCULANDO,2,CC - CAMIÓN DE CARGA,CHEVROLET,PANEL,VERACRUZ,NEGRO,31042M6807998,3104Z1M6807995,P - PARTICULAR,,32,HOMBRE,A,SI,CAMBIAR CARRIL SIN PRECAUCIÓN,NO APLICA,18000,0,,,,,,,,,,,,,,,,,,,,,
93,,,,,,,,,,,9,,,,,,,,,,,,,,,A - AUTOMÓVIL,NISSAN,SENTRA,VERACRUZ,ARENA,QG18603211P,3N1CB511L002920,P - PARTICULAR,,27,HOMBRE,A,SI,,,6000,,,,,,,,,,,,,,,,,,,,,,
94,XALAPA,05/10/2014,SÁBADO,02:30,02:45,,XALAPA,XALAPA,URBANA,,,AVENIDA AVILA CAMACHO,CENTRO,MIGUEL ALEMAN,BUENO,,CONCRETO,SECO,A NIVEL,NINGUNA,SIN RESTRICCIÓN,COLISIÓN,POR ALCANCE,VEHÍCULO CIRCULANDO,2,A - AUTOMÓVIL,NISSAN,TSURU,VERACRUZ,BLANCO/VERDE,GA16704663Y,3N1EB31S9AK307309,PE - PÚBLICO ESTATAL,,29,HOMBRE,A,SI,OTRO,NO APLICA,15000,1,,,,,,,,,,,,,,,,,,,,,
94,,,,,,,,,,,4,,,,,,,,,,,,,,,C - CAMIONETA,JEEP,LIBERTY,VERACRUZ,GRIS,,,P - PARTICULAR,,35,HOMBRE,,,,,5000,,,,1,,,,,,,,,,,,,,,,,,
95,XALAPA,05/10/2014,SÁBADO,00:25,00:50,,XALAPA,EMILIANO ZAPATA,URBANA,LENCERO LA TINAJA,,,,,BUENO,,ASFALTO,SECO,DESCENDENTE,NINGUNA,SIN RESTRICCIÓN,SALIDA DE CAMINO,,,1,C - CAMIONETA,DODGE,RAM,,,,,P - PARTICULAR,,,,,,VELOCIDAD INMODERADA,NO APLICA,10000,0,,,,,,,,,,,,,,,,,,,,,
96,XALAPA,05/10/2014,SÁBADO,06:15,06:25,,XALAPA,XALAPA,URBANA,,,FRANCISCO JAVIER CLAVIJERO,,,BUENO,,CONCRETO,SECO,ASCENDENTE,NINGUNA,SIN RESTRICCIÓN,COLISIÓN,DE FRENTE,VEHÍCULO ESTACIONADO,2,A - AUTOMÓVIL,VOLKSWAGEN,SEAT,VERACRUZ,AZUL,BBX023989,VSSHK16L45R158010,P - PARTICULAR,,29,MUJER,,,VELOCIDAD INMODERADA,NO APLICA,8000,0,,,,,,,,,,,,,,,,,,,,,
96,,,,,,,,,,,,,,,,,,,,,,,,,,A - AUTOMÓVIL,VOLKSWAGEN,JETTA,VERACRUZ,NEGRO,CBP298616,3VWBV09M5CM027788,P - PARTICULAR,,,,,,,,15000,,,,,,,,,,,,,,,,,,,,,,
97,XALAPA,05/11/2014,DOMINGO,,08:20,,XALAPA,XALAPA,URBANA,,,AVENIDA 20 DE NOVIEMBRE,,,BUENO,,CONCRETO,,ASCENDENTE,NINGUNA,SIN RESTRICCIÓN,COLISIÓN,,OBJETO FIJO,1,A - AUTOMÓVIL,CHEVROLET,AVEO,VERACRUZ,NEGRO,HECHO EN MÉXICO,,P - PARTICULAR,NO,25,MUJER,C,SI,OTRO,NO APLICA,10000,0,,,,,,,,,,,,,,,,,,,,,
97,,,,,,,,,,,5,,,,,,,,,,,,,,,,,,,,,,,,,,,,,,,,,,,,,,,,,,,,,,,,,,,,
98,XALAPA,05/11/2014,DOMINGO,,15:10,,XALAPA,XALAPA,URBANA,,,AZABACHE No. 3,,,BUENO,,CONCRETO,SECO,A NIVEL,NINGUNA,SIN RESTRICCIÓN,COLISIÓN,DE FRENTE,VEHÍCULO CIRCULANDO,3,A - AUTOMÓVIL,NISSAN,TSURU,VERACRUZ,BLANCO/ROJO,GA16784502Y,3N1EB31S1BK322131,PE - PÚBLICO ESTATAL,,46,HOMBRE,A,SI,CIRCULAR EN SENTIDO CONTRARIO,NO APLICA,3000,0,,,,,,,,,,,,,,,,,,,,,
98,,,,,,,,,,,,,,,,,,,,,,,,,,A - AUTOMÓVIL,VOLKSWAGEN,SEDAN,VERACRUZ,NARANJA,1384063,1132174765,P - PARTICULAR,,22,HOMBRE,,,,,3000,,,,,,,,,,,,,,,,,,,,,,
98,,,,,,,,,,,,,,,,,,,,,,,,,,C - CAMIONETA,CHEVROLET,SUBURBAN,VERACRUZ,GUINDA,,,P - PARTICULAR,,46,HOMBRE,,,,,1000,,,,,,,,,,,,,,,,,,,,,,