idMES,DELEGACION DE TRANSITO,FECHA DEL ACCIDENTE,DIA DE LA SEMANA,HORA EN QUE SE RECIBIO LA LLAMADA REPORTANDO EL ACCIDENTE,HORA DE ARRIBO DEL PERITO AL SITIO,HORA DE REGRESO DEL PERITO A LAS INSTALACIONES DE SU DELEGACION,LOCALIDAD ACCIDENTE,MUNICIPIO ACCIDENTE,ZONA,CARRETERA/KILOMETRO DEL ACCIDENTE,NUMERO DE AVENIDA,CALLE/AVENIDA DEL ACCIDENTE,COLONIA,ENTRE CALLES,CONDICIONES DE LA VIA,CONDICIONES NATURALES,SUPERFICIE DE LA VIA,ESTADO DE LA VIA,TANGENTE,TIPO DE CONTROL DE TRANSITO,RESTRICCIONES DE LA VIA,TIPO DE ACCIDENTE,FORMA DE ACCIDENTARSE,CONTRA QUE FUE EL IMPACTO,CANTIDAD DE VEHICULOS,TIPO DE VEHICULO,MARCA,SUBMARCA,ENTIDAD FEDERATIVA DEL VEHICULO,COLOR DEL VEHICULO,MOTOR,SERIE,TIPO DE SERVICIO PARA EL QUE SE OCUPAN LOS VEHICULOS,ASEGURADO,EDAD CONDUCTOR,SEXO CONDUCTOR,TIPO LICENCIA,LICENCIA VIGENTE,CAUSA ATRIBUIBLE AL CONDUCTOR,CAUSA ATRIBUIBLE AL PEATON,DANIOS (MONTO APROXIMADO EN MXN),NUMERO DE HERIDOS,MUJER HERIDA DE 0-15 ANIOS,HOMBRE HERIDO DE 0-15 ANIOS,MUJER HERIDA DE 16-30 ANIOS,HOMBRE HERIDO DE 16-30 ANIOS,MUJER HERIDA DE 31-45 ANIOS,HOMBRE HERIDO DE 31-45 ANIOS,MUJER HERIDA DE 46-60 ANIOS,HOMBRE HERIDO DE 46-60 ANIOS,MUJER HERIDA MAS DE 60 ANIOS,HOMBRE HERIDO MAS DE 60 ANIOS,NUMERO DE MUERTOS,MUJER MUERTA DE 0-15 ANIOS,HOMBRE MUERTO DE 0-15 ANIOS,MUJER MUERTA DE 16-30 ANIOS,HOMBRE MUERTO DE 16-30 ANIOS,MUJER MUERTA DE 31-45 ANIOS,HOMBRE MUERTO DE 31-45 ANIOS,MUJER MUERTA DE 46-60 ANIOS,HOMBRE MUERTO DE 46-60 ANIOS,MUJER MUERTA MAS DE 60 ANIOS,HOMBRE MUERTO MAS DE 60 ANIOS
99,XALAPA,05/11/2014,DOMINGO,,17:55,18:20,XALAPA,XALAPA,URBANA,,,FRAY ANDRES DE OLMOS,RAFAEL LUCIO,JOAQUIN RAMIREZ CABAÑAS,REGULAR,,ASFALTO,SECO,DESCENDENTE,NINGUNA,SIN RESTRICCIÓN,COLISIÓN,ÁNGULO,VEHÍCULO CIRCULANDO,2,A - AUTOMÓVIL,NISSAN,PLATINA,VERACRUZ,AZUL,Q22266,3N1JH01SX6L246095,P - PARTICULAR,NO,32,MUJER,B,SI,NO RESPETAR CEDA EL PASO,NO APLICA,4000,0,,,,,,,,,,,,,,,,,,,,,
99,,,,,,,,,,,,,,,,,,,,,,,,,,C - CAMIONETA,NISSAN,DOBLE CABINA,VERACRUZ,VERDE,KA24183076R,GMSUD2101296,P - PARTICULAR,SI,67,HOMBRE,B,SI,,,4000,,,,,,,,,,,,,,,,,,,,,,
100,XALAPA,05/11/2014,DOMINGO,17:51,18:28,,XALAPA,EMILIANO ZAPATA,URBANA,LIBRAMIENTO PLAN DEL RIO,,,,,BUENO,,ASFALTO,SECO,A NIVEL,NINGUNA,SIN RESTRICCIÓN,VOLCADURA,,,1,C - CAMIONETA,CHRYSLER,RAM,VERACRUZ,BLANCO,HECHO EN MÉXICO,3C6YRAAK4DG276088,P - PARTICULAR,SI,43,HOMBRE,B,SI,OTRO,NO APLICA,7000,0,,,,,,,,,,,,,,,,,,,,,
101,XALAPA,05/11/2014,DOMINGO,,09:00,,XALAPA,XALAPA,URBANA,,,MIGUEL ALEMAN,,,BUENO,SOLEADO,CONCRETO,SECO,A NIVEL,NINGUNA,SIN RESTRICCIÓN,COLISIÓN,POR ALCANCE,VEHÍCULO CIRCULANDO,2,C - CAMIONETA,FORD,ESCORD,VERACRUZ,PLATA,SIN NUMERO,1FABP13P8XW242246,P - PARTICULAR,NO,44,HOMBRE,B,SI,NO GUARDAR DISTANCIA,NO APLICA,5000,0,,,,,,,,,,,,,,,,,,,,,
101,,,,,,,,,,,,,,,,,,,,,,,,,,A - AUTOMÓVIL,CHEVROLET,CHEVY,VERACRUZ,ROJO,HECHO EN MEXICO,3G1SE51XX93132166,P - PARTICULAR,SI,41,MUJER,C,SI,,,10000,,,,,,,,,,,,,,,,,,,,,,
102,XALAPA,05/11/2014,DOMINGO,12:21,,,XALAPA,XALAPA,URBANA,,,AVENIDA AMERICAS,JOSE CARDEL,FCO. SARABIA,BUENO,,CONCRETO,SECO,DESCENDENTE,NINGUNA,SIN RESTRICCIÓN,COLISIÓN,ÁNGULO,VEHÍCULO CIRCULANDO,2,C - CAMIONETA,FORD,ECO-SPORT,VERACRUZ,ROJO,HECHO EN USA,9BFUP3PF6B8639079,P - PARTICULAR,,53,MUJER,C,SI,OTRO,NO APLICA,10000,0,,,,,,,,,,,,,,,,,,,,,
102,,,,,,,,,,,3,,,,,,,,,,,,,,,AS - AUTOBÚS SUBURBANO,MERCEDES BENZ,,VERACRUZ,BLANCO,9.05E+13,3MBAA2CN47M020789,PE - PÚBLICO ESTATAL,,42,HOMBRE,A,SI,,,3000,,,,,,,,,,,,,,,,,,,,,,
103,XALAPA,05/12/2014,LUNES,,11:47,,XALAPA,XALAPA,URBANA,,,AVENIDA AVILA CAMACHO,,,BUENO,,CONCRETO,SECO,A NIVEL,NINGUNA,SIN RESTRICCIÓN,COLISIÓN,POR ALCANCE,VEHÍCULO CIRCULANDO,2,A - AUTOMÓVIL,NISSAN,TSURU,VERACRUZ,BLANCO/VERDE,GA167613133Y,3N1EB31S4BK302486,PE - PÚBLICO ESTATAL,,,HOMBRE,A,SI,NO GUARDAR DISTANCIA,NO APLICA,3000,0,,,,,,,,,,,,,,,,,,,,,
103,,,,,,,,,,,4,,,,,,,,,,,,,,,A - AUTOMÓVIL,NISSAN,FRONTIER,VERACRUZ,GRIS,VQ40671068A,1NGAD07US8C423097,P - PARTICULAR,,,MUJER,B,SI,,,2000,,,,,,,,,,,,,,,,,,,,,,
104,XALAPA,05/12/2014,LUNES,,13:25,,XALAPA,XALAPA,URBANA,,,AVENIDA LAZARO CARDENAS,ENCINAL,CHAPULTEPEC,BUENO,,ASFALTO,SECO,A NIVEL,NINGUNA,SIN RESTRICCIÓN,COLISIÓN,ÁNGULO,VEHÍCULO CIRCULANDO,2,A - AUTOMÓVIL,NISSAN,TSURU,VERACRUZ,BLANCO/VERDE,GA16794822W,3N1EB31S28K346856,PE - PÚBLICO ESTATAL,NO,22,HOMBRE,A,SI,OTRO,NO APLICA,15000,0,,,,,,,,,,,,,,,,,,,,,
104,,,,,,,,,,,1,,,,,,,,,,,,,,,C - CAMIONETA,FORD,F-150,VERACRUZ,ROJO,SIN NUMERO,1FTRF172X2MA41356,P - PARTICULAR,NO,66,HOMBRE,B,SI,,,1000,,,,,,,,,,,,,,,,,,,,,,
105,XALAPA,05/12/2014,LUNES,,13:35,,XALAPA,XALAPA,URBANA,,,AVENIDA LAZARO CARDENAS,ANIMAS,FTE. ESTANCIA GARNICA,BUENO,SOLEADO,ASFALTO,SECO,ASCENDENTE,NINGUNA,SIN RESTRICCIÓN,COLISIÓN,POR ALCANCE,VEHÍCULO CIRCULANDO,3,A - AUTOMÓVIL,FORD,COURIER,VERACRUZ,BLANCO,SIN NUMERO,9BFBT32N947963899,P - PARTICULAR,NO,44,HOMBRE,B,SI,NO GUARDAR DISTANCIA,NO APLICA,7500,2,,,,,2,,,,,,,,,,,,,,,,
105,,,,,,,,,,,1,,,,,,,,,,,,,,,A - AUTOMÓVIL,NISSAN,SENTRA,VERACRUZ,CHAMPAGNE,SIN NUMERO,3N1CBS1SXSL392461,P - PARTICULAR,SI,34,MUJER,C,SI,,,8000,,,,,,,,,,,,,,,,,,,,,,
105,,,,,,,,,,,,,,,,,,,,,,,,,,C - CAMIONETA,CHRYSLER,JOURNEY,VERACRUZ,BLANCO,HECHO EN MÉXICO,3C4PDCFG8CT359399,P - PARTICULAR,SI,40,HOMBRE,C,SI,,,4000,,,,,,,,,,,,,,,,,,,,,,
106,XALAPA,05/12/2014,LUNES,,14:20,,XALAPA,XALAPA,URBANA,,,AVENIDA ARCO SUR,,POBLADO LAS TRANCAS Y UNIDAD HABT. XALAPA,BUENO,SOLEADO,ASFALTO,SECO,A NIVEL,NINGUNA,SIN RESTRICCIÓN,COLISIÓN,LATERAL,VEHÍCULO CIRCULANDO,2,C - CAMIONETA,CHRYSLER,VOYAGER,VERACRUZ,ALMENDRA,HECHO EN USA,1C4GJ45R33B163454,P - PARTICULAR,SI,56,HOMBRE,B,SI,CAMBIAR CARRIL SIN PRECAUCIÓN,NO APLICA,1800,0,,,,,,,,,,,,,,,,,,,,,
106,,,,,,,,,,,14,,,,,,,,,,,,,,,C - CAMIONETA,NISSAN,FRONTIER,VERACRUZ,BLANCO,YD2522G930A,JNGP25597X503730,P - PARTICULAR,NO,31,HOMBRE,B,SI,,,2000,,,,,,,,,,,,,,,,,,,,,,
107,XALAPA,05/12/2014,LUNES,,14:25,,XALAPA,XALAPA,URBANA,,,BOLIVIA,FRANSCISCO I. MADERO,,BUENO,,ASFALTO,SECO,A NIVEL,NINGUNA,SIN RESTRICCIÓN,COLISIÓN,ÁNGULO,VEHÍCULO CIRCULANDO,2,C - CAMIONETA,CHRYSLER,RAM 4000,VERACRUZ,BLANCO,HECHO EN MÉXICO,3C7WDAHT7DG235801,P - PARTICULAR,SI,44,HOMBRE,B,SI,"VUELTA EN ""U""",NO APLICA,MINIMOS,0,,,,,,,,,,,,,,,,,,,,,
107,,,,,,,,,,,,,,,,,,,,,,,,,,B - BICICLETA,BICILETA,BIMEX,,NEGRO,,,P - PARTICULAR,,44,HOMBRE,,,,,2500,,,,,,,,,,,,,,,,,,,,,,
108,XALAPA,05/12/2014,LUNES,,15:00,,XALAPA,XALAPA,URBANA,,,PRINCIPAL LAS TRANCAS,LAS TRANCAS,OJO DE AGUA,BUENO,SOLEADO,ASFALTO,SECO,DESCENDENTE,NINGUNA,SIN RESTRICCIÓN,COLISIÓN,ÁNGULO,VEHÍCULO CIRCULANDO,2,A - AUTOMÓVIL,NISSAN,SENTRA,VERACRUZ,ROJO,MR20414982H,3NGCD15S82K093618,P - PARTICULAR,SI,30,HOMBRE,B,SI,NO RESPETAR CEDA EL PASO,NO APLICA,4000,0,,,,,,,,,,,,,,,,,,,,,
108,,,,,,,,,,,,,,,,,,,,,,,,,,C - CAMIONETA,NISSAN,CHASIS,VERACRUZ,BLANCO,KA2407759A,3NGC015S02K093619,P - PARTICULAR,NO,51,MUJER,C,SI,,,7000,,,,,,,,,,,,,,,,,,,,,,
109,XALAPA,05/12/2014,LUNES,,18:00,18:35,XALAPA,XALAPA,URBANA,,,URSULO GALVAN,CENTRO,JAUN SILLI E IGNACIO DE LA LLAVE,BUENO,,CONCRETO,MOJADO,DESCENDENTE,NINGUNA,ACCIDENTE PREVIO,COLISIÓN,POR ALCANCE,VEHÍCULO CIRCULANDO,2,A - AUTOMÓVIL,CHEVROLET,SONIC,VERACRUZ,PLATA,HECHO EN KOREA,KL1JJ5AFBCB022949,P - PARTICULAR,SI,29,HOMBRE,B,SI,NO GUARDAR DISTANCIA,NO APLICA,800,0,,,,,,,,,,,,,,,,,,,,,
109,,,,,,,,,,,,,,,,,,,,,,,,,,A - AUTOMÓVIL,CHEVROLET,CAVALIER,PUEBLA,NEGRO,HECHO EN MÉXICO,3G1JK514825160985,P - PARTICULAR,NO,46,HOMBRE,C,SI,,,600,,,,,,,,,,,,,,,,,,,,,,
109,,,,,,,,,,,,,,,,,,,,,,,,,,A - AUTOMÓVIL,NISSAN,TSURU,VERACRUZ,,GA16784488W,3N1EB31S88K339002,PE - PÚBLICO ESTATAL,SI,69,HOMBRE,A,SI,,,500,,,,,,,,,,,,,,,,,,,,,,
110,XALAPA,05/12/2014,LUNES,20:45,21:00,,XALAPA,XALAPA,URBANA,,,AVENIDA LAZARO CARDENAS,,CHEDRAUI CARAM,BUENO,SOLEADO,ASFALTO,SECO,A NIVEL,SEMÁFORO FUNCIONANDO,SIN RESTRICCIÓN,COLISIÓN,ÁNGULO,VEHÍCULO CIRCULANDO,2,AS - AUTOBÚS SUBURBANO,NAVISTAR,CHASIS,VERACRUZ,VERDE,170BLR1349130,,P - PARTICULAR,NO,31,HOMBRE,A,SI,NO RESPETAR SEÑAL DE ALTO,NO APLICA,1500,1,,,,,1,,,,,,,,,,,,,,,,
110,,,,,,,,,,,1,,,,,,,,,,,,,,,A - AUTOMÓVIL,NISSAN,TSURU,VERACRUZ,BLANCO/VERDE,GA167061372,3N12B3894KM2121,PE - PÚBLICO ESTATAL,NO,26,HOMBRE,A,SI,,,4500,,,,,,,,,,,,,,,,,,,,,,
111,XALAPA,05/12/2014,LUNES,,23:10,,XALAPA,XALAPA,URBANA,,,URSULO GALVAN,CENTRO,,BUENO,,CONCRETO,SECO,DESCENDENTE,NINGUNA,SIN RESTRICCIÓN,COLISIÓN,POR ALCANCE,VEHÍCULO CIRCULANDO,2,A - AUTOMÓVIL,PEUGEOT,,VERACRUZ,AZUL,10FJBJ1047117,VF30U5FV4B5012198,P - PARTICULAR,SI,35,HOMBRE,,,NO GUARDAR DISTANCIA,NO APLICA,16000,0,,,,,,,,,,,,,,,,,,,,,
111,,,,,,,,,,,,,,,,,,,,,,,,,,M - MOTOCICLETA,ITALIKA,175 CC,VERACRUZ,GRIS,,,P - PARTICULAR,NO,43,HOMBRE,,,,,2000,,,,,,,,,,,,,,,,,,,,,,
112,XALAPA,05/12/2014,LUNES,,20:40,,XALAPA,XALAPA,URBANA,,,AVENIDA ARCO SUR,PRINCIPAL LAS TRANCAS,,BUENO,,CONCRETO,SECO,A NIVEL,NINGUNA,SIN RESTRICCIÓN,COLISIÓN,ÁNGULO,VEHÍCULO CIRCULANDO,2,A - AUTOMÓVIL,VOLKSWAGEN,PASAT,VERACRUZ,NEGRO,CBT2471133,1VWAH7A39GC040094,P - PARTICULAR,NO,16,HOMBRE,,SI,OTRO,NO APLICA,8000,0,,,,,,,,,,,,,,,,,,,,,
112,,,,,,,,,,,14,,,,,,,,,,,,,,,C - CAMIONETA,CHEVROLET,SUBURBAN,VERACRUZ,GRIS,XG211925,3GCEC26R3XG211925,P - PARTICULAR,NO,43,HOMBRE,,,,,6000,,,,,,,,,,,,,,,,,,,,,,
113,XALAPA,05/12/2014,LUNES,14:40,14:55,,XALAPA,XALAPA,URBANA,,,BOULEVARD XALAPA-BANDERILLA,21 DE MARZO,ARAUCARIAS,BUENO,,ASFALTO,SECO,DESCENDENTE,NINGUNA,SIN RESTRICCIÓN,COLISIÓN,POR ALCANCE,VEHÍCULO CIRCULANDO,4,CC - CAMIÓN DE CARGA,DINA,TORTON,VERACRUZ,BLANCO,34117189,12626,P - PARTICULAR,,47,HOMBRE,A,SI,VELOCIDAD INMODERADA,NO APLICA,5000,2,,,,,,,,,,,,,,,,,,,,,
113,,,,,,,,,,,,,,,,,,,,,,,,,,A - AUTOMÓVIL,NISSAN,TSURU,VERACRUZ,BLANCO/VERDE,GA16722455Y,3N1EB310AK322261,PE - PÚBLICO ESTATAL,,24,HOMBRE,A,SI,,,35000,,,,,,,,,,,,,,,,,,,,,,
113,,,,,,,,,,,,,,,,,,,,,,,,,,A - AUTOMÓVIL,VOLKSWAGEN,IBIZA,VERACRUZ,GRIS,CEK043538,VSSMK46J0DR037630,P - PARTICULAR,,36,HOMBRE,A,SI,,,12000,,,,1,,,1,,,,,,,,,,,,,,,
114,XALAPA,13/05/2014,MARTES,,15:45,,XALAPA,XALAPA,URBANA,,,FERROCARRIL INTEROCEANICO,LAURELES,LELES,BUENO,LLUVIA,ASFALTO,MOJADO,A NIVEL,NINGUNA,SIN RESTRICCIÓN,COLISIÓN,ÁNGULO,VEHÍCULO CIRCULANDO,2,A - AUTOMÓVIL,NISSAN,SENTRA,VERACRUZ,BLANCO,GA16764123A,3MDB4150YK058944,P - PARTICULAR,NO,23,HOMBRE,B,SI,OTRO,NO APLICA,5000,0,,,,,,,,,,,,,,,,,,,,,
114,,,,,,,,,,,13,,,,,,,,,,,,,,,A - AUTOMÓVIL,VOLKSWAGEN,POLO,VERACRUZ,NEGRO,BAH869349,9BWJ809M31029010,P - PARTICULAR,SI,28,MUJER,B,SI,,,2000,,,,,,,,,,,,,,,,,,,,,,
115,XALAPA,13/05/2014,MARTES,,,,XALAPA,XALAPA,URBANA,,,IGNACIO DE LA LLAVE,REPRESA DEL CARMEN,RUIZ CORTINEZ Y MIGUEL ALEMAN,MALO,LLUVIA,CONCRETO,MOJADO,A NIVEL,NINGUNA,SIN RESTRICCIÓN,COLISIÓN,LATERAL,VEHÍCULO CIRCULANDO,2,A - AUTOMÓVIL,NISSAN,ALMERA,DISTRITO FEDERAL,VINO,QG18332857,3N1EBBAN174A489374,P - PARTICULAR,SI,48,HOMBRE,C,SI,CAMBIAR CARRIL SIN PRECAUCIÓN,NO APLICA,2500,0,,,,,,,,,,,,,,,,,,,,,
115,,,,,,,,,,,,,,,,,,,,,,,,,,AS - AUTOBÚS SUBURBANO,INTERNATIONAL,NAVISTAR,VERACRUZ,BLANCO/ROJO,470HM2U1344454,3HVBNAAN32N544359,PE - PÚBLICO ESTATAL,NO,33,HOMBRE,A,SI,,,2000,,,,,,,,,,,,,,,,,,,,,,
116,XALAPA,13/05/2014,MARTES,,18:10,,XALAPA,XALAPA,URBANA,,,URSULO GALVAN,CENTRO,,BUENO,,CONCRETO,MOJADO,A NIVEL,NINGUNA,SIN RESTRICCIÓN,COLISIÓN,LATERAL,VEHÍCULO CIRCULANDO,2,C - CAMIONETA,JEEP,CHEROKEE,VERACRUZ,VERDE,SIN NUMERO,JJ4FJ78SSSL526674,P - PARTICULAR,NO,46,HOMBRE,B,SI,CAMBIAR CARRIL SIN PRECAUCIÓN,NO APLICA,1000,0,,,,,,,,,,,,,,,,,,,,,
116,,,,,,,,,,,,,,,,,,,,,,,,,,A - AUTOMÓVIL,GENERAL MOTOR,MATIZ,JALISCO,AZUL,KL1MJ6A05BC112849,,P - PARTICULAR,SI,70,HOMBRE,C,SI,,,3000,,,,,,,,,,,,,,,,,,,,,,
117,XALAPA,13/05/2014,MARTES,23:55,00:10,,XALAPA,XALAPA,URBANA,,,AVENIDA MURILLO VIDAL,CUAUHTEMOC,CALLE VALLE,BUENO,LLUVIA,ASFALTO,MOJADO,A NIVEL,NINGUNA,SIN RESTRICCIÓN,COLISIÓN,POR ALCANCE,VEHÍCULO CIRCULANDO,2,C - CAMIONETA,JEEP,CHEROKEE,VERACRUZ,BLANCO,SIN NUMERO,1J4FT58SONL192122,P - PARTICULAR,,38,HOMBRE,C,SI,NO GUARDAR DISTANCIA,NO APLICA,5000,0,,,,,,,,,,,,,,,,,,,,,
117,,,,,,,,,,,11,,,,,,,,,,,,,,,A - AUTOMÓVIL,CHRYSLER,VERNA,VERACRUZ,GRIS,HECHO EN KOREA,KMHCH41C04U562836,P - PARTICULAR,,47,HOMBRE,B,SI,,,8000,,,,,,,,,,,,,,,,,,,,,,
118,XALAPA,14/05/2014,MIÉRCOLES,,08:00,,XALAPA,XALAPA,URBANA,,,AVENIDA MARTIRES DE CHICAGO,CERRO COLORADO,EL PORVENIR,BUENO,,CONCRETO,MOJADO,A NIVEL,NINGUNA,SIN RESTRICCIÓN,COLISIÓN,ÁNGULO,VEHÍCULO CIRCULANDO,2,A - AUTOMÓVIL,NISSAN,TSURU,VERACRUZ,BLANCO/ROJO,,,PE - PÚBLICO ESTATAL,SI,27,HOMBRE,A,SI,OTRO,NO APLICA,2000,0,,,,,,,,,,,,,,,,,,,,,
118,,,,,,,,,,,,,,,,,,,,,,,,,,A - AUTOMÓVIL,VOLKSWAGEN,SEDAN,VERACRUZ,BLANCO/VERDE,AF1198720,11M028097,P - PARTICULAR,SI,32,MUJER,C,SI,,,5000,,,,,,,,,,,,,,,,,,,,,,
119,XALAPA,14/05/2014,MIÉRCOLES,,11:50,,XALAPA,XALAPA,URBANA,,,AVENIDA CAYETANO RODRIGUEZ,CENTRO,BRAVO,BUENO,SOLEADO,CONCRETO,SECO,A NIVEL,NINGUNA,SIN RESTRICCIÓN,COLISIÓN,LATERAL,VEHÍCULO CIRCULANDO,2,A - AUTOMÓVIL,CHEVROLET,ZAFIRA,VERACRUZ,BLANCO,,,P - PARTICULAR,SI,37,MUJER,,,CAMBIAR CARRIL SIN PRECAUCIÓN,NO APLICA,1000,0,,,,,,,,,,,,,,,,,,,,,
119,,,,,,,,,,,,,,,,,,,,,,,,,,C - CAMIONETA,TOYOTA,YARIS,VERACRUZ,VERDE,,,P - PARTICULAR,SI,32,MUJER,C,SI,,,4000,,,,,,,,,,,,,,,,,,,,,,
120,XALAPA,14/05/2014,MIÉRCOLES,,11:55,12:25,XALAPA,XALAPA,URBANA,,,AVENIDA RUIZ CORTINES,OBRERO CAMPESINA,VIRGILIO URIBE Y PLAZA DE TOROS,BUENO,,ASFALTO,SECO,ASCENDENTE,NINGUNA,ACCIDENTE PREVIO,COLISIÓN,,VEHÍCULO ESTACIONADO,2,A - AUTOMÓVIL,VOLKSWAGEN,SEAT,VERACRUZ,ROJO,AUR007412,VSSHG0SK82RP6418,P - PARTICULAR,,62,HOMBRE,B,SI,VELOCIDAD INMODERADA,NO APLICA,3500,0,,,,,,,,,,,,,,,,,,,,,
120,,,,,,,,,,,2,,,,,,,,,,,,,,,A - AUTOMÓVIL,FORD,KA,VERACRUZ,GRIS,SIN NUMERO,9BFBT18N137817419,P - PARTICULAR,,,,,,,,5000,,,,,,,,,,,,,,,,,,,,,,
121,XALAPA,14/05/2014,MIÉRCOLES,,13:10,,XALAPA,XALAPA,URBANA,,,BERNA,FRACCIONAMIENTO MONTE MAGNO,LONDRES,BUENO,SOLEADO,CONCRETO,SECO,A NIVEL,NINGUNA,SIN RESTRICCIÓN,COLISIÓN,ÁNGULO,VEHÍCULO CIRCULANDO,2,A - AUTOMÓVIL,CHRYSLER,ATOS,VERACRUZ,BLANCO/VERDE,HECHO EN INDIA,MALAB51H6AM472050,PE - PÚBLICO ESTATAL,SI,33,HOMBRE,A,SI,NO RESPETAR CEDA EL PASO,NO APLICA,6000,0,,,,,,,,,,,,,,,,,,,,,
121,,,,,,,,,,,,,,,,,,,,,,,,,,C - CAMIONETA,MAZDA,CX 9,VERACRUZ,BLANCO,CA10354218,JM3TB3DA2B0301858,P - PARTICULAR,SI,36,HOMBRE,A,SI,,,10000,,,,,,,,,,,,,,,,,,,,,,
122,XALAPA,14/05/2014,MIÉRCOLES,13:40,13:45,,XALAPA,XALAPA,URBANA,,,AVENIDA MIGUEL ALEMAN,FEDERAL,,BUENO,SOLEADO,ASFALTO,SECO,A NIVEL,NINGUNA,SIN RESTRICCIÓN,COLISIÓN,,VEHÍCULO ESTACIONADO,2,M - MOTOCICLETA,ITALIKA,RT-180,VERACRUZ,NEGRO,RW162FMK1105000160,33CMRTLE3C1000160,P - PARTICULAR,NO,,,,,OTRO,NO APLICA,SIN DAÑOS,0,,,,,,,,,,,,,,,,,,,,,
122,,,,,,,,,,,,,,,,,,,,,,,,,,A - AUTOMÓVIL,NISSAN,MARCHA,VERACRUZ,NEGRO,HR167446846,3N1CK3CSX01247740,P - PARTICULAR,SI,,,,,,,300,,,,,,,,,,,,,,,,,,,,,,
123,XALAPA,14/05/2014,MIÉRCOLES,,14:15,,XALAPA,XALAPA,URBANA,,,AVENIDA MIGUEL ALEMAN,FEDERAL,DAVID RAMIEZ L.,BUENO,SOLEADO,ASFALTO,SECO,ASCENDENTE,NINGUNA,SIN RESTRICCIÓN,COLISIÓN,LATERAL,VEHÍCULO CIRCULANDO,2,A - AUTOMÓVIL,NISSAN,TSURU,VERACRUZ,BLANCO/VERDE,CA16830199Y,3N1EB31S3CK308331,PE - PÚBLICO ESTATAL,SI,21,HOMBRE,A,SI,CAMBIAR CARRIL SIN PRECAUCIÓN,NO APLICA,6000,0,,,,,,,,,,,,,,,,,,,,,
123,,,,,,,,,,,,,,,,,,,,,,,,,,A - AUTOMÓVIL,VOLKSWAGEN,JETTA,VERACRUZ,BLANCO/ROJO,CBP017363,3VWYV49M38M617366,P - PARTICULAR,NO,31,HOMBRE,C,SI,,,4000,,,,,,,,,,,,,,,,,,,,,,
124,XALAPA,14/05/2014,MIÉRCOLES,,16:30,,XALAPA,XALAPA,URBANA,,,RUIZ CORTINES,UNIDAD DEL BOSQUE,,BUENO,,ASFALTO,SECO,A NIVEL,NINGUNA,SIN RESTRICCIÓN,COLISIÓN,LATERAL,VEHÍCULO CIRCULANDO,2,A - AUTOMÓVIL,CHEVROLET,CHEVY,VERACRUZ,BLANCO,VS118795,3G1SE5430VS118795,P - PARTICULAR,NO,29,MUJER,C,SI,CAMBIAR CARRIL SIN PRECAUCIÓN,NO APLICA,1000,0,,,,,,,,,,,,,,,,,,,,,
124,,,,,,,,,,,2,,,,,,,,,,,,,,,A - AUTOMÓVIL,NISSAN,TSURU,VERACRUZ,BLANCO/VERDE,GA167176YY,3N1EB31SLAK313178,PE - PÚBLICO ESTATAL,,23,HOMBRE,A,SI,,,1000,,,,,,,,,,,,,,,,,,,,,,
125,XALAPA,14/05/2014,MIÉRCOLES,,15:30,,XALAPA,XALAPA,URBANA,,,AVENIDA ARCO SUR,RESERVA TERRITORIAL,,REGULAR,,ASFALTO,SECO,A NIVEL,NINGUNA,SIN RESTRICCIÓN,COLISIÓN,POR ALCANCE,VEHÍCULO CIRCULANDO,2,M - MOTOCICLETA,BAJAS,150 CC,VERACRUZ,NEGRO,JZMBVA63299,MD2JZ86Z6CFAD0272,P - PARTICULAR,NO,22,HOMBRE,D,SI,NO GUARDAR DISTANCIA,NO APLICA,2500,0,,,,,,,,,,,,,,,,,,,,,
125,,,,,,,,,,,14,,,,,,,,,,,,,,,A - AUTOMÓVIL,VOLKSWAGEN,JETTA,VERACRUZ,BLANCO,CCC176096,3VW1E1AJ2DM268497,P - PARTICULAR,SI,40,MUJER,C,NO,,,3000,,,,,,,,,,,,,,,,,,,,,,
126,XALAPA,14/05/2014,MIÉRCOLES,,17:10,,XALAPA,XALAPA,URBANA,,,CIRCUITO GONZALO AGUIRRE BELTRAN,DIAZ MIRON,,BUENO,,ASFALTO,SECO,A NIVEL,NINGUNA,SIN RESTRICCIÓN,COLISIÓN,LATERAL,VEHÍCULO CIRCULANDO,2,M - MOTOCICLETA,BRP,CUATRIMOTO,,BLANCO/AZUL,,,P - PARTICULAR,SI,35,HOMBRE,D,SI,CAMBIAR CARRIL SIN PRECAUCIÓN,NO APLICA,MINIMOS,0,,,,,,,,,,,,,,,,,,,,,
126,,,,,,,,,,,,,,,,,,,,,,,,,,A - AUTOMÓVIL,VOLKSWAGEN,SEAT,VERACRUZ,BLANCO,CEK064816,VSSGK26JDER089347,P - PARTICULAR,SI,33,HOMBRE,C,SI,,,3500,,,,,,,,,,,,,,,,,,,,,,