idMES,DELEGACION DE TRANSITO,FECHA DEL ACCIDENTE,DIA DE LA SEMANA,HORA EN QUE SE RECIBIO LA LLAMADA REPORTANDO EL ACCIDENTE,HORA DE ARRIBO DEL PERITO AL SITIO,HORA DE REGRESO DEL PERITO A LAS INSTALACIONES DE SU DELEGACION,LOCALIDAD ACCIDENTE,MUNICIPIO ACCIDENTE,ZONA,CARRETERA/KILOMETRO DEL ACCIDENTE,NUMERO DE AVENIDA,CALLE/AVENIDA DEL ACCIDENTE,COLONIA,ENTRE CALLES,CONDICIONES DE LA VIA,CONDICIONES NATURALES,SUPERFICIE DE LA VIA,ESTADO DE LA VIA,TANGENTE,TIPO DE CONTROL DE TRANSITO,RESTRICCIONES DE LA VIA,TIPO DE ACCIDENTE,FORMA DE ACCIDENTARSE,CONTRA QUE FUE EL IMPACTO,CANTIDAD DE VEHICULOS,TIPO DE VEHICULO,MARCA,SUBMARCA,ENTIDAD FEDERATIVA DEL VEHICULO,COLOR DEL VEHICULO,MOTOR,SERIE,TIPO DE SERVICIO PARA EL QUE SE OCUPAN LOS VEHICULOS,ASEGURADO,EDAD CONDUCTOR,SEXO CONDUCTOR,TIPO LICENCIA,LICENCIA VIGENTE,CAUSA ATRIBUIBLE AL CONDUCTOR,CAUSA ATRIBUIBLE AL PEATON,DANIOS (MONTO APROXIMADO EN MXN),NUMERO DE HERIDOS,MUJER HERIDA DE 0-15 ANIOS,HOMBRE HERIDO DE 0-15 ANIOS,MUJER HERIDA DE 16-30 ANIOS,HOMBRE HERIDO DE 16-30 ANIOS,MUJER HERIDA DE 31-45 ANIOS,HOMBRE HERIDO DE 31-45 ANIOS,MUJER HERIDA DE 46-60 ANIOS,HOMBRE HERIDO DE 46-60 ANIOS,MUJER HERIDA MAS DE 60 ANIOS,HOMBRE HERIDO MAS DE 60 ANIOS,NUMERO DE MUERTOS,MUJER MUERTA DE 0-15 ANIOS,HOMBRE MUERTO DE 0-15 ANIOS,MUJER MUERTA DE 16-30 ANIOS,HOMBRE MUERTO DE 16-30 ANIOS,MUJER MUERTA DE 31-45 ANIOS,HOMBRE MUERTO DE 31-45 ANIOS,MUJER MUERTA DE 46-60 ANIOS,HOMBRE MUERTO DE 46-60 ANIOS,MUJER MUERTA MAS DE 60 ANIOS,HOMBRE MUERTO MAS DE 60 ANIOS
127,XALAPA,14/05/2014,MIÉRCOLES,23:43,23:10,00:15,XALAPA,XALAPA,URBANA,,,AVENIDA LAZARO CARDENAS,BADILLO,REPUBLICA Y 20 DE NOVIEMBRE,BUENO,,CONCRETO,SECO,DESCENDENTE,NINGUNA,SIN RESTRICCIÓN,COLISIÓN,POR ALCANCE,VEHÍCULO CIRCULANDO,3,A - AUTOMÓVIL,NISSAN,TSURU,VERACRUZ,BLANO/VERDE,GA16746475Z,3N1EB31SXEK313562,P - PARTICULAR,SI,30,HOMBRE,A,SI,REBASAR INDEBIDAMENTE,NO APLICA,1200,1,,,,,,,,,,,,,,,,,,,,,
127,,,,,,,,,,,1,,,,,,,,,,,,,,,A - AUTOMÓVIL,VOLKSWAGEN,JETTA,VERACRUZ,BLANCO,CBP021351,3VWYV49M58MG1659,P - PARTICULAR,NO,35,HOMBRE,B,SI,,,900,,,,1,,,,,,,,,,,,,,,,,,
127,,,,,,,,,,,,,,,,,,,,,,,,,,A - AUTOMÓVIL,NISSAN,TSURU,VERACRUZ,BLANCO,GA1688542P,3N1EB31S62K374919,P - PARTICULAR,NO,31,HOMBRE,C,SI,,,3500,,,,,,,,,,,,,,,,,,,,,,
128,XALAPA,14/05/2014,MIÉRCOLES,,16:00,,XALAPA,XALAPA,URBANA,,,IGNACIO DE LA LLAVE,REPRESA DEL CARMEN,IGNACIO DE LLAVE Y EMILIANO ZAPATA,BUENO,SOLEADO,CONCRETO,SECO,DESCENDENTE,NINGUNA,SIN RESTRICCIÓN,COLISIÓN,,OBJETO FIJO,1,C - CAMIONETA,NISSAN,TITAN,DISTRITO FEDERAL,BLANCO,VK56732924Z,1NGAADEC9BN302734,P - PARTICULAR,SI,56,HOMBRE,,,VELOCIDAD INMODERADA,NO APLICA,80000,1,,,,,,,,1,,,,,,,,,,,,,
129,XALAPA,14/05/2014,MIÉRCOLES,10:20,10:50,,XALAPA,XALAPA,URBANA,,,AVENIDA ARCO SUR,RESERVA TERRITORIAL,,BUENO,,ASFALTO,SECO,A NIVEL,NINGUNA,SIN RESTRICCIÓN,OTRO,,,1,A - AUTOMÓVIL,PEUGEOT,,VERACRUZ,CAFÉ,10FC1A0039071,VF300NFPSEJ818298,P - PARTICULAR,SI,19,MUJER,C,SI,OTRO,NO APLICA,MINIMOS,2,,,,,,,,,,,,,,,,,,,,,
129,,,,,,,,,,,14,,,,,,,,,,,,,,,,,,,,,,,,,,,,,,,,,,,1,,1,,,,,,,,,,,,,,,
130,XALAPA,14/05/2014,MIÉRCOLES,23:40,23:55,,XALAPA,XALAPA,URBANA,,,CARLOS ROBERTTO SMITH,24 DE ABRIL,MORELOS,BUENO,,CONCRETO,SECO,A NIVEL,NINGUNA,SIN RESTRICCIÓN,OTRO,,,1,AS - AUTOBÚS SUBURBANO,NAVISTAR,CHASIS,VERACRUZ,BLANCO,470HM2U1485675,3HVBZAANX6N3111251,PE - PÚBLICO ESTATAL,,24,HOMBRE,A,SI,OTRO,NO APLICA,MINIMOS,0,,,,,,,,,,,,,,,,,,,,,
131,XALAPA,15/05/2014,JUEVES,11:14,11:40,13:30,XALAPA,XALAPA,URBANA,,,NICOLAS BRAVO,CENTRO,ZARAGOZA Y MORELOS,BUENO,SOLEADO,CONCRETO,SECO,A NIVEL,NINGUNA,SIN RESTRICCIÓN,COLISIÓN,ÁNGULO,VEHÍCULO CIRCULANDO,3,C - CAMIONETA,CHRYSLER,DODGE RAM,VERACRUZ,BLANCO,HECHO EN USA,1CGRR7PT3ES210214,P - PARTICULAR,SI,43,HOMBRE,B,SI,CAMBIAR CARRIL SIN PRECAUCIÓN,NO APLICA,20000,0,,,,,,,,,,,,,,,,,,,,,
131,,,,,,,,,,,,,,,,,,,,,,,,,,A - AUTOMÓVIL,VOLKSWAGEN,GOLF,VERACRUZ,ROJO,1K004749,19K0638720,P - PARTICULAR,NO,24,HOMBRE,B,SI,,,3000,,,,,,,,,,,,,,,,,,,,,,
131,,,,,,,,,,,,,,,,,,,,,,,,,,AS - AUTOBÚS SUBURBANO,INTERNATIONAL,NAVISTAR,VERACRUZ,BLANCO,9.25E+19,3MBAA2DMR9M094467,PE - PÚBLICO ESTATAL,NO,45,HOMBRE,B,SI,,,100,,,,,,,,,,,,,,,,,,,,,,
132,XALAPA,15/05/2014,JUEVES,,15:10,,XALAPA,XALAPA,URBANA,,,DIAZ ORDAZ,PREDIO DE LA VIRGEN,,BUENO,SOLEADO,ASFALTO,SECO,DESCENDENTE,NINGUNA,SIN RESTRICCIÓN,COLISIÓN,,VEHÍCULO ESTACIONADO,2,A - AUTOMÓVIL,VOLKSWAGEN,JETTA,VERACRUZ,ROJO,AEG442653,ILEGIBLE,P - PARTICULAR,NO,26,HOMBRE,,,VELOCIDAD INMODERADA,NO APLICA,10000,0,,,,,,,,,,,,,,,,,,,,,
132,,,,,,,,,,,,,,,,,,,,,,,,,,A - AUTOMÓVIL,GM,CHEVY,TLAXCALA,ROJO,HECHO EN MEXICO,3G1SF213425177781,P - PARTICULAR,NO,42,HOMBRE,B,SI,,,15000,,,,,,,,,,,,,,,,,,,,,,
133,XALAPA,15/05/2014,JUEVES,,16:45,,XALAPA,XALAPA,URBANA,,,16 DE SEPTIEMBRE,HIDALGO,M. QUIRASCO,BUENO,NIEBLA,CONCRETO,MOJADO,A NIVEL,NINGUNA,SIN RESTRICCIÓN,COLISIÓN,ÁNGULO,VEHÍCULO CIRCULANDO,2,A - AUTOMÓVIL,FORD,TOPAZ,VERACRUZ,BLANCO,ILEGIBLE,ILEGIBLE,P - PARTICULAR,NO,60,HOMBRE,C,SI,OTRO,NO APLICA,5000,0,,,,,,,,,,,,,,,,,,,,,
133,,,,,,,,,,,,,,,,,,,,,,,,,,A - AUTOMÓVIL,CHEVROLET,AVEO,VERACRUZ,ROJO,HECHO EN MEXICO,3G1TASAF3E1174061,P - PARTICULAR,SI,40,HOMBRE,B,SI,,,10000,,,,,,,,,,,,,,,,,,,,,,
134,XALAPA,15/05/2014,JUEVES,,11:45,12:00,XALAPA,XALAPA,URBANA,,,PRINCIPAL LAS TRANCAS,LAS TRANCAS,FTE. AL IGLESIA,REGULAR,SOLEADO,ASFALTO,SECO,A NIVEL,NINGUNA,SIN RESTRICCIÓN,COLISIÓN,MANIOBRA EN REVERSA,,2,C - CAMIONETA,FORD,PICK UP,VERACRUZ,ROJO,SIN NUMERO,1FTCR14U7PPB67480,P - PARTICULAR,NO,64,HOMBRE,B,SI,OTRO,NO APLICA,1000,0,,,,,,,,,,,,,,,,,,,,,
134,,,,,,,,,,,15,,,,,,,,,,,,,,,A - AUTOMÓVIL,NISSAN,TSURU,VERACRUZ,BLANCO/ROJO,GA16704807W,3N1EB31SC7K338753,PE - PÚBLICO ESTATAL,SI,39,HOMBRE,A,SI,,,2000,,,,,,,,,,,,,,,,,,,,,,
135,XALAPA,15/05/2014,JUEVES,,16:30,,XALAPA,XALAPA,URBANA,,,ARTEAGA,CENTRO,20 DE NOVIEMBRE Y JUSTO SIERRA,BUENO,,ASFALTO,SECO,A NIVEL,NINGUNA,SIN RESTRICCIÓN,COLISIÓN,POR ALCANCE,VEHÍCULO CIRCULANDO,2,A - AUTOMÓVIL,FORD,FOCUS,VERACRUZ,,,1FABP3435YW157127,P - PARTICULAR,,32,HOMBRE,A,SI,NO GUARDAR DISTANCIA,NO APLICA,1000,0,,,,,,,,,,,,,,,,,,,,,
135,,,,,,,,,,,,,,,,,,,,,,,,,,A - AUTOMÓVIL,VOLKSWAGEN,POINTER,VERACRUZ,,,9BWCC05W57P049154,P - PARTICULAR,,25,HOMBRE,B,SI,,,2000,,,,,,,,,,,,,,,,,,,,,,
136,XALAPA,15/05/2014,JUEVES,,19:48,,XALAPA,XALAPA,URBANA,,,CHEDRAUI CARAM,,FTE. A TELMEZ,BUENO,,CONCRETO,SECO,ASCENDENTE,NINGUNA,SIN RESTRICCIÓN,COLISIÓN,LATERAL,VEHÍCULO CIRCULANDO,2,A - AUTOMÓVIL,RENAULT,FLUENCE,VERACRUZ,NEGRO,N166316,VF1LZ22T4BC233523,P - PARTICULAR,SI,28,HOMBRE,C,SI,CAMBIAR CARRIL SIN PRECAUCIÓN,NO APLICA,7000,0,,,,,,,,,,,,,,,,,,,,,
136,,,,,,,,,,,,,,,,,,,,,,,,,,CC - CAMIÓN DE CARGA,FORD,F-600,VERACRUZ,VERDE,3011219,AF5JEE12970,P - PARTICULAR,SI,21,HOMBRE,B,SI,,,MINIMOS,,,,,,,,,,,,,,,,,,,,,,
137,XALAPA,16/05/2014,VIERNES,,09:30,,XALAPA,XALAPA,URBANA,,,ERNESTO ORTIZ MEDINA,OBRERO CAMPESINA,,BUENO,SOLEADO,ASFALTO,SECO,DESCENDENTE,NINGUNA,SIN RESTRICCIÓN,COLISIÓN,MANIOBRA EN REVERSA,VEHÍCULO CIRCULANDO,2,,,,,,,,,,,,,,,,,0,,,,,,,,,,,,,,,,,,,,,
137,,,,,,,,,,,,,,,,,,,,,,,,,,C - CAMIONETA,NISSAN,NP-300,VERACRUZ,ROJO,YD2508338FT,3NGO025439K011817,P - PARTICULAR,SI,27,HOMBRE,,NO,VELOCIDAD INMODERADA,NO APLICA,MINIMOS,,,,,,,,,,,,,,,,,,,,,,
137,,,,,,,,,,,,,,,,,,,,,,,,,,A - AUTOMÓVIL,NISSAN,TIDA,DISTRITO FEDERAL,BLANCO,MK18956011H,3NIBC1AS2CK808033,P - PARTICULAR,SI,44,HOMBRE,A,SI,,,3000,,,,,,,,,,,,,,,,,,,,,,
138,XALAPA,16/05/2014,VIERNES,,14:15,,XALAPA,XALAPA,URBANA,,,AVENIDA AVILA CAMACHO,CENTRO,MIGUEL ALEMAN,BUENO,SOLEADO,CONCRETO,SECO,DESCENDENTE,NINGUNA,SIN RESTRICCIÓN,COLISIÓN,ÁNGULO,VEHÍCULO CIRCULANDO,2,,,,,,,,,,,,,,,,,0,,,,,,,,,,,,,,,,,,,,,
138,,,,,,,,,,,4,,,,,,,,,,,,,,,A - AUTOMÓVIL,NISSAN,MARCHA,VERACRUZ,ROYAL BLUE,HR16757817G,3NICK3C7O50921,P - PARTICULAR,SI,35,HOMBRE,A,SI,NO RESPETAR SEÑAL DE ALTO,NO APLICA,5000,,,,,,,,,,,,,,,,,,,,,,
138,,,,,,,,,,,,,,,,,,,,,,,,,,A - AUTOMÓVIL,CHEVROLET,CORSA,VERACRUZ,AZUL,HECHO EN BRASIL,93CXM19R64C103394,P - PARTICULAR,NO,28,HOMBRE,B,SI,,,4000,,,,,,,,,,,,,,,,,,,,,,
139,XALAPA,16/05/2014,VIERNES,,18:00,,XALAPA,XALAPA,URBANA,,,AVENIDA ORIZABA,,28 DE AGOSTO,BUENO,SOLEADO,CONCRETO,SECO,A NIVEL,NINGUNA,SIN RESTRICCIÓN,COLISIÓN,LATERAL,VEHÍCULO CIRCULANDO,2,,,,,,,,,,,,,,,,,0,,,,,,,,,,,,,,,,,,,,,
139,,,,,,,,,,,,,,,,,,,,,,,,,,C - CAMIONETA,CHRYSLER,RAM 4000,VERACRUZ,BLANCO,2003,SIN NUMERO,P - PARTICULAR,NO,24,HOMBRE,,NO,VELOCIDAD INMODERADA,NO APLICA,500,,,,,,,,,,,,,,,,,,,,,,
139,,,,,,,,,,,,,,,,,,,,,,,,,,M - MOTOCICLETA,DINAMO,MOTO,VERACRUZ,NEGRO,HECHO EN MEXICO,SIN NUMERO,P - PARTICULAR,NO,43,HOMBRE,B,SI,,,SIN DAÑOS,,,,,,,,,,,,,,,,,,,,,,
140,XALAPA,16/05/2014,VIERNES,,19:00,19:40,XALAPA,XALAPA,URBANA,,,AVENIDA LAZARO CARDENAS,BALCONES DE XALAPA,EL TREBOL,BUENO,,ASFALTO,SECO,ASCENDENTE,NINGUNA,SIN RESTRICCIÓN,COLISIÓN,POR ALCANCE,VEHÍCULO CIRCULANDO,2,,,,,,,,,,,,,,,,,0,,,,,,,,,,,,,,,,,,,,,
140,,,,,,,,,,,1,,,,,,,,,,,,,,,A - AUTOMÓVIL,CHEVROLET,CHEVY,VERACRUZ,CAPUCHINO,HECHO EN MEXICO,3G1SF616X4S114978,P - PARTICULAR,SI,40,HOMBRE,C,SI,NO GUARDAR DISTANCIA,NO APLICA,400,,,,,,,,,,,,,,,,,,,,,,
140,,,,,,,,,,,,,,,,,,,,,,,,,,C - CAMIONETA,CHRYSLER,JEEP,PUEBLA,NEGRO,IMPORTADO,1C4RJEBGCC299505,P - PARTICULAR,SI,49,HOMBRE,A,SI,,,600,,,,,,,,,,,,,,,,,,,,,,
141,XALAPA,16/05/2014,VIERNES,,19:15,,XALAPA,XALAPA,URBANA,,,AVENIDA AVILA CAMACHO,CENTRO,XICONTECATL,BUENO,,CONCRETO,SECO,DESCENDENTE,NINGUNA,SIN RESTRICCIÓN,COLISIÓN,ÁNGULO,VEHÍCULO CIRCULANDO,2,,,,,,,,,,,,,,,,,0,,,,,,,,,,,,,,,,,,,,,
141,,,,,,,,,,,4,,,,,,,,,,,,,,,A - AUTOMÓVIL,NISSAN,APRIO,VERACRUZ,BLANCO/ROJO,Q025465,934L6B55AJ05684,PE - PÚBLICO ESTATAL,SI,46,HOMBRE,A,SI,NO RESPETAR CEDA EL PASO,NO APLICA,2000,,,,,,,,,,,,,,,,,,,,,,
141,,,,,,,,,,,,,,,,,,,,,,,,,,A - AUTOMÓVIL,FORD,MERCURY,VERACRUZ,VERDE,SIN NUMERO,YMCU8717KJ08190,P - PARTICULAR,NO,64,HOMBRE,C,SI,,,3000,,,,,,,,,,,,,,,,,,,,,,
142,XALAPA,16/05/2014,VIERNES,,13:50,,XALAPA,XALAPA,URBANA,,,AVENIDA ORIZABA,OBRERO CAMPESINA,,BUENO,SOLEADO,CONCRETO,SECO,A NIVEL,NINGUNA,SIN RESTRICCIÓN,COLISIÓN,POR ALCANCE,VEHÍCULO CIRCULANDO,2,,,,,,,,,,,,,,,,,3,,,,,,,,,,,,,,,,,,,,,
142,,,,,,,,,,,,,,,,,,,,,,,,,,A - AUTOMÓVIL,NISSAN,TSURU,VERACRUZ,BLANCO/VERDE,GA16739146Y,3NIEB312AK335727,PE - PÚBLICO ESTATAL,NO,31,HOMBRE,A,SI,NO GUARDAR DISTANCIA,NO APLICA,3000,,,,,,,,,,,,,,,,,,,,,,
142,,,,,,,,,,,,,,,,,,,,,,,,,,A - AUTOMÓVIL,CHRYSLER,FIAT,VERACRUZ,BLU,SIN NUMERO,2FAAC6115C4069499,P - PARTICULAR,SI,20,HOMBRE,B,SI,,,10000,,,,1,1,,,1,,,,,,,,,,,,,,
143,XALAPA,16/05/2014,VIERNES,,22:15,22:25,XALAPA,XALAPA,URBANA,,,IGNACIO DE LA LLAVE,TAMBORREL,,BUENO,,CONCRETO,,DESCENDENTE,NINGUNA,ACCIDENTE PREVIO,COLISIÓN,LATERAL,VEHÍCULO CIRCULANDO,2,,,,,,,,,,,,,,,,,0,,,,,,,,,,,,,,,,,,,,,
143,,,,,,,,,,,8,,,,,,,,,,,,,,,A - AUTOMÓVIL,TOYOTA,YARIS,PUEBLA,BLANCO,1N24668800,1JTBT923971181955,P - PARTICULAR,NO,49,HOMBRE,A,SI,CAMBIAR CARRIL SIN PRECAUCIÓN,NO APLICA,400,,,,,,,,,,,,,,,,,,,,,,
143,,,,,,,,,,,,,,,,,,,,,,,,,,M - MOTOCICLETA,DINAMO,MOTO,VERACRUZ,ROJO,RY166FM1200993,3CUP2AH5DXX000123,P - PARTICULAR,NO,26,HOMBRE,D,SI,,,900,,,,,,,,,,,,,,,,,,,,,,
144,XALAPA,16/05/2014,VIERNES,,19:30,20:00,XALAPA,XALAPA,URBANA,,,AVENIDA LAZARO CARDENAS,PASTORESA,PLAZA ANIMAS,BUENO,,ASFALTO,SECO,ASCENDENTE,NINGUNA,ACCIDENTE PREVIO,COLISIÓN,POR ALCANCE,VEHÍCULO CIRCULANDO,2,,,,,,,,,,,,,,,,,0,,,,,,,,,,,,,,,,,,,,,
144,,,,,,,,,,,1,,,,,,,,,,,,,,,A - AUTOMÓVIL,NISSAN,SENTRA,VERACRUZ,ROJO,Q01671891015,3NICB1536109375,P - PARTICULAR,NO,40,HOMBRE,C,SI,NO GUARDAR DISTANCIA,NO APLICA,4000,,,,,,,,,,,,,,,,,,,,,,
144,,,,,,,,,,,,,,,,,,,,,,,,,,A - AUTOMÓVIL,NISSAN,TIDA,VERACRUZ,PLATA,HR167908624,3NICCJA219082,P - PARTICULAR,SI,24,HOMBRE,C,SI,,,6500,,,,,,,,,,,,,,,,,,,,,,
145,XALAPA,16/05/2014,VIERNES,,07:10,,XALAPA,XALAPA,URBANA,,,CIRCUITO PRESIDENTES,,,BUENO,,ASFALTO,,A NIVEL,NINGUNA,SIN RESTRICCIÓN,COLISIÓN,ÁNGULO,VEHÍCULO CIRCULANDO,2,,,,,,,,,,,,,,,,,3,,,,,,,,,,,,,,,,,,,,,
145,,,,,,,,,,,9,,,,,,,,,,,,,,,A - AUTOMÓVIL,NISSAN,TSURU,VERACRUZ,BLANCO,GA16715213P,3NIEB3152XM,P - PARTICULAR,NO,47,HOMBRE,,NO,VELOCIDAD INMODERADA,NO APLICA,15000,,,,,,,,,,,,,,,,,,,,,,
145,,,,,,,,,,,,,,,,,,,,,,,,,,A - AUTOMÓVIL,VOLKSWAGEN,JETTA,VERACRUZ,ROJO,06A100042F,3VWJ4A9MOXM,P - PARTICULAR,NO,39,HOMBRE,B,SI,,,15000,,,1,,,,1,,,1,,,,,,,,,,,,
146,XALAPA,17/05/2014,SÁBADO,,07:15,07:50,XALAPA,XALAPA,URBANA,,,VILLA HERMOSA,PROGRESO MACUILTEPEC,,BUENO,,ASFALTO,SECO,DESCENDENTE,NINGUNA,SIN RESTRICCIÓN,COLISIÓN,ÁNGULO,VEHÍCULO CIRCULANDO,2,,,,,,,,,,,,,,,,,0,,,,,,,,,,,,,,,,,,,,,
146,,,,,,,,,,,6,,,,,,,,,,,,,,,A - AUTOMÓVIL,NISSAN,TSURU,VERACRUZ,ROJO/BLANCO,GA16858523T,3NIEB3153K337198,P - PARTICULAR,SI,45,HOMBRE,A,SI,"VUELTA EN ""U""",NO APLICA,1800,,,,,,,,,,,,,,,,,,,,,,
146,,,,,,,,,,,,,,,,,,,,,,,,,,C - CAMIONETA,NISSAN,CAJA 300,VERACRUZ,BLANCO,KA2a527112a,3N6X25T9BK043674,P - PARTICULAR,SI,28,HOMBRE,B,SI,,,2500,,,,,,,,,,,,,,,,,,,,,,
147,XALAPA,17/05/2014,SÁBADO,,20:50,,XALAPA,XALAPA,URBANA,,,IGNACIO DE LA LLAVE,CENTRO,AVILA CAMACHO,BUENO,,CONCRETO,,A NIVEL,NINGUNA,SIN RESTRICCIÓN,COLISIÓN,POR ALCANCE,VEHÍCULO CIRCULANDO,2,,,,,,,,,,,,,,,,,0,,,,,,,,,,,,,,,,,,,,,
147,,,,,,,,,,,8,,,,,,,,,,,,,,,A - AUTOMÓVIL,DODGE,ATOS,VERACRUZ,BLANCO/ROJO,HECHO EN INDIA,MALAB51HBM548864,P - PARTICULAR,NO,21,HOMBRE,A,SI,NO GUARDAR DISTANCIA,NO APLICA,500,,,,,,,,,,,,,,,,,,,,,,
147,,,,,,,,,,,,,,,,,,,,,,,,,,A - AUTOMÓVIL,NISSAN,TSURU,VERACRUZ,BLANCO/VERDE,GA167511902,SIN NUMERO,P - PARTICULAR,NO,45,HOMBRE,A,SI,,,500,,,,,,,,,,,,,,,,,,,,,,
148,XALAPA,17/05/2014,SÁBADO,,00:45,,XALAPA,XALAPA,URBANA,,,AVENIDA XALAPA,OBRERO CAMPESINA,,REGULAR,,CONCRETO,SECO,A NIVEL,NINGUNA,SIN RESTRICCIÓN,COLISIÓN,ÁNGULO,VEHÍCULO CIRCULANDO,2,,,,,,,,,,,,,,,,,0,,,,,,,,,,,,,,,,,,,,,
148,,,,,,,,,,,7,,,,,,,,,,,,,,,A - AUTOMÓVIL,NISSAN,MURANO,TABASCO,BLANCO,V035280212B,1NB205WH45001703,P - PARTICULAR,SI,25,HOMBRE,B,SI,NO RESPETAR SEÑAL DE ALTO,OTRO,6000,,,,,,,,,,,,,,,,,,,,,,
148,,,,,,,,,,,,,,,,,,,,,,,,,,A - AUTOMÓVIL,NISSAN,TSURU,VERACRUZ,BLANCO/VERDE,GA168028544,3NIEB3157BK338061,P - PARTICULAR,SI,39,HOMBRE,A,SI,,,8000,,,,,,,,,,,,,,,,,,,,,,
149,XALAPA,17/05/2014,SÁBADO,,01:30,,XALAPA,XALAPA,URBANA,,,DEL CAFÉ Y GRANADA,ARBOLEDAS DEL SUMIDERO,,BUENO,,CONCRETO,,A NIVEL,NINGUNA,SIN RESTRICCIÓN,COLISIÓN,POR ALCANCE,VEHÍCULO CIRCULANDO,2,,,,,,,,,,,,,,,,,0,,,,,,,,,,,,,,,,,,,,,
149,,,,,,,,,,,,,,,,,,,,,,,,,,A - AUTOMÓVIL,VOLKSWAGEN,SEDAN,PUEBLA,BLANCO,SIN NUMERO,SIN NUMERO,P - PARTICULAR,NO,33,HOMBRE,,NO,VELOCIDAD INMODERADA,NO APLICA,2000,,,,,,,,,,,,,,,,,,,,,,
149,,,,,,,,,,,,,,,,,,,,,,,,,,A - AUTOMÓVIL,VOLKSWAGEN,JETTA,VERACRUZ,NEGRO,SIN NUMERO,3VWWA81H9TM,P - PARTICULAR,NO,39,HOMBRE,A,SI,,,3000,,,,,,,,,,,,,,,,,,,,,,
150,XALAPA,17/05/2014,SÁBADO,,14:03,,XALAPA,XALAPA,URBANA,,,CIRCUITO PRESIDENTES,CENTRO,OBREROS TEXTILES,BUENO,SOLEADO,ASFALTO,SECO,A NIVEL,NINGUNA,SIN RESTRICCIÓN,COLISIÓN,POR ALCANCE,VEHÍCULO CIRCULANDO,2,,,,,,,,,,,,,,,,,0,,,,,,,,,,,,,,,,,,,,,
150,,,,,,,,,,,9,,,,,,,,,,,,,,,C - CAMIONETA,CHEVROLET,BLAZER,PUEBLA,NEGRO,SIN NUMERO,1GNDT13W3T2156418,P - PARTICULAR,NO,63,HOMBRE,B,SI,VELOCIDAD INMODERADA,OTRO,2500,,,,,,,,,,,,,,,,,,,,,,
150,,,,,,,,,,,,,,,,,,,,,,,,,,A - AUTOMÓVIL,FORD,FOCUS,TLAXCALA,BLANCO,SIN NUMERO,1FABP3636YW373539,P - PARTICULAR,NO,37,MUJER,B,SI,,,2000,,,,,,,,,,,,,,,,,,,,,,
151,XALAPA,17/05/2014,SÁBADO,,12:40,,XALAPA,XALAPA,URBANA,,,AVENIDA LAZARO CARDENAS,,ESTANCIA GARNICA,BUENO,,CONCRETO,,A NIVEL,NINGUNA,SIN RESTRICCIÓN,COLISIÓN,POR ALCANCE,VEHÍCULO CIRCULANDO,2,,,,,,,,,,,,,,,,,0,,,,,,,,,,,,,,,,,,,,,
151,,,,,,,,,,,1,,,,,,,,,,,,,,,CC - CAMIÓN DE CARGA,CHRYSLER,VOLTEO,VERACRUZ,BLANCO,SIN NUMERO,3ALACYCS15DU68071,P - PARTICULAR,NO,68,HOMBRE,B,SI,NO GUARDAR DISTANCIA,NO APLICA,10000,,,,,,,,,,,,,,,,,,,,,,
151,,,,,,,,,,,,,,,,,,,,,,,,,,A - AUTOMÓVIL,NISSAN,TIDA,VERACRUZ,BEIGE,SIN NUMERO,3NIEBC1AD1BK211763,P - PARTICULAR,NO,60,HOMBRE,C,SI,,,4000,,,,,,,,,,,,,,,,,,,,,,
152,XALAPA,17/05/2014,SÁBADO,,08:50,,XALAPA,XALAPA,URBANA,,,AVENIDA RUIZ CORTINES,,,REGULAR,,CONCRETO,,A NIVEL,NINGUNA,SIN RESTRICCIÓN,ATROPELLAMIENTO,,VEHÍCULO CIRCULANDO,1,,,,,,,,,,,,,,,,,2,,,,,,,,,,,,,,,,,,,,,
152,,,,,,,,,,,2,,,,,,,,,,,,,,,A - AUTOMÓVIL,VOLKSWAGEN,JETTA,VERACRUZ,BLANCO,HECHO EN MEXICO,3VWRH09MBYM044050,P - PARTICULAR,NO,27,HOMBRE,B,SI,VELOCIDAD INMODERADA,NO APLICA,10000,,,,1,,,,,1,,,,,,,,,,,,,
153,XALAPA,17/05/2014,SÁBADO,,17:55,,XALAPA,XALAPA,URBANA,,,AVENIDA LAZARO CARDENAS,RAFAEL LUCIO,,BUENO,SOLEADO,CONCRETO,SECO,A NIVEL,NINGUNA,SIN RESTRICCIÓN,COLISIÓN,POR ALCANCE,VEHÍCULO CIRCULANDO,3,A - AUTOMÓVIL,NISSAN,TSURU,VERACRUZ,BLANCO/VERDE,GA16744824,3NIEBGALA0218,PE - PÚBLICO ESTATAL,SI,60,HOMBRE,A,SI,,,5000,3,,,,,,,,,,,,,,,,,,,,,
153,,,,,,,,,,,1,,,,,,,,,,,,,,,A - AUTOMÓVIL,CHEVROLET,CHEVY,VERACRUZ,PLATA,HECHO EN MEXICO,3G1SESJA513285,P - PARTICULAR,NO,38,MUJER,C,SI,VELOCIDAD INMODERADA,NO APLICA,10000,,,,,,,,,,,,,,,,,,,,,,
153,,,,,,,,,,,,,,,,,,,,,,,,,,C - CAMIONETA,FORD,EXPLORER,MICHOACÁN,AZUL,1FADU35PA36016,SIN NUMERO,P - PARTICULAR,NO,38,HOMBRE,,NO,,,1000,,,,2,,1,,,,,,,,,,,,,,,,
154,XALAPA,17/05/2014,SÁBADO,,03:48,,XALAPA,XALAPA,URBANA,,,AVENIDA LAZARO CARDENAS,ANIMAS,,BUENO,,CONCRETO,SECO,ASCENDENTE,MARCA EN PAVIMENTO,SIN RESTRICCIÓN,COLISIÓN,,OBJETO FIJO,1,,,,,,,,,,,,,,,,,0,,,,,,,,,,,,,,,,,,,,,