idMES,DELEGACION DE TRANSITO,FECHA DEL ACCIDENTE,DIA DE LA SEMANA,HORA EN QUE SE RECIBIO LA LLAMADA REPORTANDO EL ACCIDENTE,HORA DE ARRIBO DEL PERITO AL SITIO,HORA DE REGRESO DEL PERITO A LAS INSTALACIONES DE SU DELEGACION,LOCALIDAD ACCIDENTE,MUNICIPIO ACCIDENTE,ZONA,CARRETERA/KILOMETRO DEL ACCIDENTE,NUMERO DE AVENIDA,CALLE/AVENIDA DEL ACCIDENTE,COLONIA,ENTRE CALLES,CONDICIONES DE LA VIA,CONDICIONES NATURALES,SUPERFICIE DE LA VIA,ESTADO DE LA VIA,TANGENTE,TIPO DE CONTROL DE TRANSITO,RESTRICCIONES DE LA VIA,TIPO DE ACCIDENTE,FORMA DE ACCIDENTARSE,CONTRA QUE FUE EL IMPACTO,CANTIDAD DE VEHICULOS,TIPO DE VEHICULO,MARCA,SUBMARCA,ENTIDAD FEDERATIVA DEL VEHICULO,COLOR DEL VEHICULO,MOTOR,SERIE,TIPO DE SERVICIO PARA EL QUE SE OCUPAN LOS VEHICULOS,ASEGURADO,EDAD CONDUCTOR,SEXO CONDUCTOR,TIPO LICENCIA,LICENCIA VIGENTE,CAUSA ATRIBUIBLE AL CONDUCTOR,CAUSA ATRIBUIBLE AL PEATON,DANIOS (MONTO APROXIMADO EN MXN),NUMERO DE HERIDOS,MUJER HERIDA DE 0-15 ANIOS,HOMBRE HERIDO DE 0-15 ANIOS,MUJER HERIDA DE 16-30 ANIOS,HOMBRE HERIDO DE 16-30 ANIOS,MUJER HERIDA DE 31-45 ANIOS,HOMBRE HERIDO DE 31-45 ANIOS,MUJER HERIDA DE 46-60 ANIOS,HOMBRE HERIDO DE 46-60 ANIOS,MUJER HERIDA MAS DE 60 ANIOS,HOMBRE HERIDO MAS DE 60 ANIOS,NUMERO DE MUERTOS,MUJER MUERTA DE 0-15 ANIOS,HOMBRE MUERTO DE 0-15 ANIOS,MUJER MUERTA DE 16-30 ANIOS,HOMBRE MUERTO DE 16-30 ANIOS,MUJER MUERTA DE 31-45 ANIOS,HOMBRE MUERTO DE 31-45 ANIOS,MUJER MUERTA DE 46-60 ANIOS,HOMBRE MUERTO DE 46-60 ANIOS,MUJER MUERTA MAS DE 60 ANIOS,HOMBRE MUERTO MAS DE 60 ANIOS
154,,,,,,,,,,,1,,,,,,,,,,,,,,,A - AUTOMÓVIL,CHRYSLER,DODGE RAM-2500,VERACRUZ,ROJO,HECHO EN MEXICO,3C6B145412,P - PARTICULAR,SI,22,HOMBRE,B,SI,VELOCIDAD INMODERADA,NO APLICA,50000,,, ,,,,,,,,,,,,,,,,,,,
155,XALAPA,18/05/2014,SÁBADO,,06:05,,XALAPA,XALAPA,URBANA,,,CALLE BOLIVIA,FRANSCISCO I. MADERO,,BUENO,,CONCRETO,,A NIVEL,NINGUNA,SIN RESTRICCIÓN,COLISIÓN,,OBJETO FIJO,1,,,,,,,,,,,,,,,,,0,,,,,,,,,,,,,,,,,,,,,
155,,,,,,,,,,,,,,,,,,,,,,,,,,A - AUTOMÓVIL,VOLKSWAGEN,GOLF,VERACRUZ,PLATA,BEJ052151,9BWLB01JX70087,P - PARTICULAR,NO,67,MUJER,C,SI,VELOCIDAD INMODERADA,NO APLICA,20000,,,,,,,,,,,,,,,,,,,,,,
156,XALAPA,18/05/2014,DOMINGO,,08:55,,XALAPA,XALAPA,URBANA,,,SALIDA LAS TRANCAS,,,BUENO,SOLEADO,ASFALTO,SECO,A NIVEL,NINGUNA,SIN RESTRICCIÓN,COLISIÓN,LATERAL,VEHÍCULO CIRCULANDO,3,,,,,,,,,,,,,,,,,0,,,,,,,,,,,,,,,,,,,,,
156,,,,,,,,,,,,,,,,,,,,,,,,,,AS - AUTOBÚS SUBURBANO,INTERNATIONAL,CHASIS,VERACRUZ,VERDE,470HMZ201395866,3HBBNAAN331598,PE - PÚBLICO ESTATAL,NO,45,HOMBRE,A,SI,CAMBIAR CARRIL SIN PRECAUCIÓN,NO APLICA,1000,,,,,,,,,,,,,,,,,,,,,,
156,,,,,,,,,,,,,,,,,,,,,,,,,,C - CAMIONETA,FORD,PICK UP,VERACRUZ,BLANCO/AZUL,SIN NUMERO,SIN NUMERO,P - PARTICULAR,NO,,,,NO,,,3500,,,,,,,,,,,,,,,,,,,,,,
157,XALAPA,18/05/2014,DOMINGO,,10:50,,XALAPA,XALAPA,URBANA,,,EBANO Y NARANJAL,FRAMBOYANES,,BUENO,SOLEADO,CONCRETO,SECO,A NIVEL,NINGUNA,SIN RESTRICCIÓN,COLISIÓN,,VEHÍCULO ESTACIONADO,2,,,,,,,,,,,,,,,,,0,,,,,,,,,,,,,,,,,,,,,
157,,,,,,,,,,,,,,,,,,,,,,,,,,AS - AUTOBÚS SUBURBANO,INTERNATIONAL,NAVISTAR,VERACRUZ,BLANCO/VERDE,SIN NUMERO,HECHO EN USA,PE - PÚBLICO ESTATAL,SI,31,HOMBRE,A,SI,NO GUARDAR DISTANCIA,NO APLICA,1500,,,,,,,,,,,,,,,,,,,,,,
157,,,,,,,,,,,,,,,,,,,,,,,,,,C - CAMIONETA,FORD,F-350,VERACRUZ,BLANCO,SIN NUMERO,1FDWF36P27EB30143,P - PARTICULAR,NO,,,,NO,,,3000,,,,,,,,,,,,,,,,,,,,,,
158,XALAPA,18/05/2014,DOMINGO,,13:45,,XALAPA,XALAPA,URBANA,,,AVENIDA XALAPA,PROGRESO MACUILTEPEC,TOLUCA,BUENO,SOLEADO,,SECO,A NIVEL,NINGUNA,SIN RESTRICCIÓN,ATROPELLAMIENTO,,,1,,,,,,,,,,,,,,,,,1,,,,,,,,,,,,,,,,,,,,,
158,,,,,,,,,,,7,,,,,,,,,,,,,,,AS - AUTOBÚS SUBURBANO,INTERNATIONAL,CHASIS,VERACRUZ,BLANCO,SIN NUMERO,SIN NUMERO,PE - PÚBLICO ESTATAL,NO,27,HOMBRE,A,SI,OTRO,NO USABA ZONA PEATONAL,MINIMOS,,,,,,,,,,1,,,,,,,,,,,,
159,XALAPA,18/05/2014,DOMINGO,11:26,11:35,12:35,XALAPA,XALAPA,URBANA,,,AVENIDA LAZARO CARDENAS,FERROCARRILERA,MIGUEL ALEMAN,BUENO,SOLEADO,CONCRETO,SECO,A NIVEL,NINGUNA,SIN RESTRICCIÓN,COLISIÓN,,OBJETO FIJO,1,,,,,,,,,,,,,,,,,2,,,,,,,,,,,,,,,,,,,,,
159,,,,,,,,,,,1,,,,,,,,,,,,,,,C - CAMIONETA,FORD,EXPLORER,DISTRITO FEDERAL,GRIS,SIN NUMERO,SIN NUMERO,P - PARTICULAR,NO,40,HOMBRE,A,SI,VELOCIDAD INMODERADA,NO APLICA,45000,,,,,2,,,,,,,,,,,,,,,,,
160,XALAPA,19/05/2014,LUNES,,08:30,,XALAPA,XALAPA,URBANA,,,EZEQUIEL ALATRISTE,,MANUEL HERNANDEZ,BUENO,,EMPEDRADO,SECO,A NIVEL,NINGUNA,SIN RESTRICCIÓN,COLISIÓN,ÁNGULO,VEHÍCULO CIRCULANDO,2,,,,,,,,,,,,,,,,,0,,,,,,,,,,,,,,,,,,,,,
160,,,,,,,,,,,,,,,,,,,,,,,,,,C - CAMIONETA,CHEVROLET,PICK UP,VERACRUZ,ROJO,HECHO EN MEXICO,SIN NUMERO,P - PARTICULAR,NO,33,HOMBRE,,NO,VELOCIDAD INMODERADA,NO APLICA,1000,,,,,,,,,,,,,,,,,,,,,,
160,,,,,,,,,,,,,,,,,,,,,,,,,,A - AUTOMÓVIL,FORD,FOCUS,VERACRUZ,NEGRO,HECHO EN MEXICO,SIN NUMERO,P - PARTICULAR,NO,36,HOMBRE,B,SI,,,1000,,,,,,,,,,,,,,,,,,,,,,
161,XALAPA,19/05/2014,LUNES,,08:45,,XALAPA,XALAPA,URBANA,,,AVENIDA HIDALGO,,,REGULAR,NIEBLA,ASFALTO,SECO,DESCENDENTE,NINGUNA,SIN RESTRICCIÓN,SALIDA DE CAMINO,,VEHÍCULO CIRCULANDO,1,,,,,,,,,,,,,,,,,0,,,,,,,,,,,,,,,,,,,,,
161,,,,,,,,,,,,,,,,,,,,,,,,,,C - CAMIONETA,HONDA,ODISSEY,VERACRUZ,GRAFITO,135AH1590148,JHRLI958903518,P - PARTICULAR,SI,64,HOMBRE,A,SI,VELOCIDAD INMODERADA,NO APLICA,8000,,,,,,,,,,,,,,,,,,,,,,
162,XALAPA,19/05/2014,LUNES,,10:00,,XALAPA,XALAPA,URBANA,,,AVENIDA 20 DE NOVIEMBRE,TATAHUICAPAN,,BUENO,SOLEADO,CONCRETO,SECO,A NIVEL,NINGUNA,SIN RESTRICCIÓN,COLISIÓN,ÁNGULO,VEHÍCULO CIRCULANDO,2,A - AUTOMÓVIL,NISSAN,TIDA,VERACRUZ,PLATA,MR15578380H,3NIEB1ADC142776,P - PARTICULAR,SI,55,HOMBRE,A,SI,,,10000,0,,,,,,,,,,,,,,,,,,,,,
162,,,,,,,,,,,5,,,,,,,,,,,,,,,A - AUTOMÓVIL,NISSAN,TSURU,VERACRUZ,BLANCO/VERDE,GA1681166W,3NIEB315XB361129,PE - PÚBLICO ESTATAL,SI,29,HOMBRE,A,SI,"VUELTA EN ""U""",NO APLICA,5000,,,,,,,,,,,,,,,,,,,,,,
163,XALAPA,19/05/2014,LUNES,,11:58,,XALAPA,XALAPA,URBANA,,,AVENIDA LAZARO CARDENAS,CUAUHTEMOC,20 DE NOVIEMBRE,BUENO,SOLEADO,ASFALTO,SECO,A NIVEL,NINGUNA,SIN RESTRICCIÓN,COLISIÓN,ÁNGULO,VEHÍCULO CIRCULANDO,2,,,,,,,,,,,,,,,,,0,,,,,,,,,,,,,,,,,,,,,
163,,,,,,,,,,,1,,,,,,,,,,,,,,,C - CAMIONETA,CHRYSLER,MITSUBISHI,VERACRUZ,NEGRO,XB5797,33EMC71N13554,P - PARTICULAR,SI,56,HOMBRE,C,SI,CAMBIAR CARRIL SIN PRECAUCIÓN,NO APLICA,500,,,,,,,,,,,,,,,,,,,,,,
163,,,,,,,,,,,,,,,,,,,,,,,,,,AS - AUTOBÚS SUBURBANO,INTERNATIONAL,CHASIS,VERACRUZ,NARANJA/BLANCO,SIN NUMERO,SIN NUMERO,PE - PÚBLICO ESTATAL,SI,35,HOMBRE,A,SI,,,100,,,,,,,,,,,,,,,,,,,,,,
164,XALAPA,19/05/2014,LUNES,,18:30,,XALAPA,XALAPA,URBANA,,,AVENIDA 20 DE NOVIEMBRE,,,BUENO,,CONCRETO,SECO,A NIVEL,NINGUNA,SIN RESTRICCIÓN,COLISIÓN,ÁNGULO,VEHÍCULO CIRCULANDO,2,,,,,,,,,,,,,,,,,0,,,,,,,,,,,,,,,,,,,,,
164,,,,,,,,,,,5,,,,,,,,,,,,,,,A - AUTOMÓVIL,CHEVROLET,CHEVY,VERACRUZ,NEGRO,HECHO EN MEXICO,CCC186409,P - PARTICULAR,NO,29,MUJER,,NO,VELOCIDAD INMODERADA,NO APLICA,3000,,,,,,,,,,,,,,,,,,,,,,
164,,,,,,,,,,,,,,,,,,,,,,,,,,A - AUTOMÓVIL,VOLKSWAGEN,JETTA,VERACRUZ,PLATA,SIN NUMERO,SIN NUMERO,P - PARTICULAR,NO,28,MUJER,C,SI,,,3000,,,,,,,,,,,,,,,,,,,,,,
165,XALAPA,19/05/2014,LUNES,,20:00,21:00,XALAPA,XALAPA,URBANA,,,ENCANTO,LAURELES,COYOACAN,REGULAR,,ASFALTO,SECO,ASCENDENTE,NINGUNA,SIN RESTRICCIÓN,COLISIÓN,ÁNGULO,VEHÍCULO ESTACIONADO,2,,,,,,,,,,,,,,,,,0,,,,,,,,,,,,,,,,,,,,,
165,,,,,,,,,,,,,,,,,,,,,,,,,,AS - AUTOBÚS SUBURBANO,NAVISTAR,CHASIS,VERACRUZ,BLANCO,470H2U1198404,3HVBNAAN23385,PE - PÚBLICO ESTATAL,NO,43,HOMBRE,A,SI,CAMBIAR CARRIL SIN PRECAUCIÓN,NO APLICA,1000,,,,,,,,,,,,,,,,,,,,,,
165,,,,,,,,,,,,,,,,,,,,,,,,,,C - CAMIONETA,CADILLA,ESCALADE,TAMAULIPAS,BLANCO,SIN NUMERO,3GEK24243,P - PARTICULAR,NO,,,,NO,,,8000,,,,,,,,,,,,,,,,,,,,,,
166,XALAPA,19/05/2014,LUNES,,11:30,,XALAPA,XALAPA,URBANA,,,AVENIDA LAZARO CARDENAS,CUAUHTEMOC,ESTANCIA GARNICA,BUENO,,ASFALTO,,A NIVEL,NINGUNA,SIN RESTRICCIÓN,COLISIÓN,ÁNGULO,VEHÍCULO CIRCULANDO,3,A - AUTOMÓVIL,VOLKSWAGEN,JETTA,DISTRITO FEDERAL,BLANCO,SIN NUMERO,3VWRH09MXY021305,P - PARTICULAR,NO,26,HOMBRE,B,SI,,,5000,0,,,,,,,,,,,,,,,,,,,,,
166,,,,,,,,,,,1,,,,,,,,,,,,,,,A - AUTOMÓVIL,NISSAN,MARCH,VERACRUZ,NEGRO,SIN NUMERO,3NICK3CS9DL263962,P - PARTICULAR,NO,29,HOMBRE,C,SI,VELOCIDAD INMODERADA,NO APLICA,15000,,,,,,,,,,,,,,,,,,,,,,
166,,,,,,,,,,,,,,,,,,,,,,,,,,A - AUTOMÓVIL,NISSAN,TSURU,VERACRUZ,AZUL,SIN NUMERO,3NIEB31S5AK328982,PE - PÚBLICO ESTATAL,NO,33,HOMBRE,A,SI,,,3000,,,,,,,,,,,,,,,,,,,,,,
167,XALAPA,19/05/2014,LUNES,,09:30,,XALAPA,XALAPA,URBANA,,,AVENIDA MIGUEL ALEMAN,FERROCARRILERA,,BUENO,SOLEADO,ASFALTO,SECO,A NIVEL,NINGUNA,SIN RESTRICCIÓN,COLISIÓN,ÁNGULO,VEHÍCULO CIRCULANDO,3,C - CAMIONETA,FORD,LOBO,VERACRUZ,BLANCO,SIN NUMERO,1FTRX12W25K82024,P - PARTICULAR,NO,18,HOMBRE,,NO,,,15000,1,,,,,,,,,,,,,,,,,,,,,
167,,,,,,,,,,,,,,,,,,,,,,,,,,A - AUTOMÓVIL,NISSAN,TSURU,VERACRUZ,NEGRO,SIN NUMERO,3NIEB31SXCK305717,PE - PÚBLICO ESTATAL,NO,44,HOMBRE,A,SI,NO GUARDAR DISTANCIA,OTRO,6000,,,,,,,,,,,,,,,,,,,,,,
167,,,,,,,,,,,,,,,,,,,,,,,,,,A - AUTOMÓVIL,NISSAN,TSURU,VERACRUZ,NEGRO,SIN NUMERO,3NIEB31S13740,PE - PÚBLICO ESTATAL,NO,41,HOMBRE,A,SI,,,3000,,,,,,,,,,1,,,,,,,,,,,,
168,XALAPA,19/05/2014,LUNES,,11:30,,XALAPA,XALAPA,URBANA,,,AVENIDA 28 DE AGOSTO,,,BUENO,SOLEADO,CONCRETO,SECO,A NIVEL,NINGUNA,SIN RESTRICCIÓN,COLISIÓN,ÁNGULO,VEHÍCULO CIRCULANDO,2,,,,,,,,,,,,,,,,,0,,,,,,,,,,,,,,,,,,,,,
168,,,,,,,,,,,,,,,,,,,,,,,,,,A - AUTOMÓVIL,CHRYSLER,ATOS,VERACRUZ,GRIS,HECHO EN KOREA,KMHAN51G328685,P - PARTICULAR,NO,40,MUJER,A,SI,VELOCIDAD INMODERADA,OTRO,5000,,,,,,,,,,,,,,,,,,,,,,
168,,,,,,,,,,,,,,,,,,,,,,,,,,A - AUTOMÓVIL,NISSAN,TIDA,VERACRUZ,BLANCO,MR185853104,3NIEB382432,P - PARTICULAR,SI,35,MUJER,B,SI,,,10000,,,,,,,,,,,,,,,,,,,,,,
169,XALAPA,20/05/2014,MARTES,,13:15,,XALAPA,XALAPA,URBANA,,,IGNACIO DE LA LLAVE,BENITO JUAREZ,LAZARO CARDENAS,BUENO,SOLEADO,CONCRETO,SECO,A NIVEL,NINGUNA,SIN RESTRICCIÓN,COLISIÓN,ÁNGULO,VEHÍCULO CIRCULANDO,2,,,,,,,,,,,,,,,,,0,,,,,,,,,,,,,,,,,,,,,
169,,,,,,,,,,,8,,,,,,,,,,,,,,,AS - AUTOBÚS SUBURBANO,INTERNATIONAL,CHASIS,VERACRUZ,BLANCO/ROJO,470HMZ1462291,3HBBNAAN85L104991,PE - PÚBLICO ESTATAL,NO,40,HOMBRE,A,SI,CAMBIAR CARRIL SIN PRECAUCIÓN,NO APLICA,SIN DAÑOS,,,,,,,,,,,,,,,,,,,,,,
169,,,,,,,,,,,,,,,,,,,,,,,,,,CC - CAMIÓN DE CARGA,DINA,CHASIS,VERACRUZ,BLANCO,3142,806778846FM02430,PE - PÚBLICO ESTATAL,NO,37,HOMBRE,A,SI,,,1500,,,,,,,,,,,,,,,,,,,,,,
170,XALAPA,20/05/2014,MARTES,,13:35,,XALAPA,XALAPA,URBANA,,,AVENIDA REBSAMEN No 226,,MARTIRES DE CHICAGO,BUENO,SOLEADO,ASFALTO,SECO,A NIVEL,NINGUNA,SIN RESTRICCIÓN,COLISIÓN,ÁNGULO,VEHÍCULO CIRCULANDO,2,,,,,,,,,,,,,,,,,0,,,,,,,,,,,,,,,,,,,,,
170,,,,,,,,,,,10,,,,,,,,,,,,,,,A - AUTOMÓVIL,VOLKSWAGEN,GOLF,VERACRUZ,GRIS,ADD023318,1HRM922573,P - PARTICULAR,NO,21,HOMBRE,,NO,NO GUARDAR DISTANCIA,NO APLICA,1000,,,,,,,,,,,,,,,,,,,,,,
170,,,,,,,,,,,,,,,,,,,,,,,,,,A - AUTOMÓVIL,CHEVROLET,SONIC,VERACRUZ,BLANO.,HECHO EN MEXICO,3G185AC8E5609834,P - PARTICULAR,SI,34,MUJER,B,SI,,,3000,,,,,,,,,,,,,,,,,,,,,,
171,XALAPA,20/05/2014,MARTES,,16:30,,XALAPA,XALAPA,URBANA,,,GOLONDRINAS,MARTIRES DE CHICAGO,GUSTAVO DIAZ ORDAZ,BUENO,,CONCRETO,,A NIVEL,NINGUNA,ACCIDENTE PREVIO,COLISIÓN,ÁNGULO,VEHÍCULO CIRCULANDO,2,,,,,,,,,,,,,,,,,0,,,,,,,,,,,,,,,,,,,,,
171,,,,,,,,,,,,,,,,,,,,,,,,,,AS - AUTOBÚS SUBURBANO,MERCEDES BENZ,MARCO POLO,VERACRUZ,AMARILLO,SIN NUMERO,BH03980,PE - PÚBLICO ESTATAL,SI,43,HOMBRE,A,SI,CAMBIAR CARRIL SIN PRECAUCIÓN,NO APLICA,400,,,,,,,,,,,,,,,,,,,,,,
171,,,,,,,,,,,,,,,,,,,,,,,,,,C - CAMIONETA,VOLKSWAGEN,CROSSFOX,VERACRUZ,BLANCO MARFIL,SIN NUMERO,9BWLB8452074077508,P - PARTICULAR,SI,40,HOMBRE,C,SI,,,1800,,,,,,,,,,,,,,,,,,,,,,
172,XALAPA,20/05/2014,MARTES,,18:50,19:20,XALAPA,XALAPA,URBANA,,,AVENIDA LAZARO CARDENAS,BALCONES DE XALAPA,LAS TRANCAS,BUENO,,ASFALTO,,DESCENDENTE,NINGUNA,SIN RESTRICCIÓN,COLISIÓN,POR ALCANCE,VEHÍCULO CIRCULANDO,2,,,,,,,,,,,,,,,,,0,,,,,,,,,,,,,,,,,,,,,
172,,,,,,,,,,,1,,,,,,,,,,,,,,,CC - CAMIÓN DE CARGA,KEENWORTH,KENMEX,DISTRITO FEDERAL,ROJO,318552252,3WK2089486471,PF- PÚBLICO FEDERAL,NO,19,HOMBRE,B,SI,NO GUARDAR DISTANCIA,NO APLICA,3000,,,,,,,,,,,,,,,,,,,,,,
172,,,,,,,,,,,,,,,,,,,,,,,,,,A - AUTOMÓVIL,NISSAN,SENTRA,PUEBLA,GRIS,QGT87483768,3NIECB519256642,P - PARTICULAR,NO,40,HOMBRE,C,SI,,,1500,,,,,,,,,,,,,,,,,,,,,,
173,XALAPA,20/05/2014,MARTES,,22:50,,XALAPA,XALAPA,URBANA,,,AVENIDA MURILLO VIDAL,CUAUHTEMOC,,MALO,LLUVIA,CONCRETO,MOJADO,A NIVEL,NINGUNA,SIN RESTRICCIÓN,COLISIÓN,POR ALCANCE,VEHÍCULO CIRCULANDO,2,,,,,,,,,,,,,,,,,0,,,,,,,,,,,,,,,,,,,,,
173,,,,,,,,,,,11,,,,,,,,,,,,,,,A - AUTOMÓVIL,VOLKSWAGEN,JETTA,VERACRUZ,NEGRO,AUQ701411,3VWAE29MBAM029202,P - PARTICULAR,NO,23,MUJER,C,SI,NO GUARDAR DISTANCIA,NO APLICA,6000,,,,,,,,,,,,,,,,,,,,,,
173,,,,,,,,,,,,,,,,,,,,,,,,,,A - AUTOMÓVIL,NISSAN,VERSA,VERACRUZ,PLATA,BR16H11956,3NIEC7ADODK406984,P - PARTICULAR,SI,34,MUJER,B,SI,,,8000,,,,,,,,,,,,,,,,,,,,,,
174,XALAPA,20/05/2014,MARTES,16:05,16:30,,XALAPA,XALAPA,URBANA,,,AVENIDA 20 DE NOVIEMBRE,FRACCIONAMIENTO LOS ANGELES,PRIVADA LIBERTAD,BUENO,SOLEADO,ASFALTO,SECO,DESCENDENTE,MARCA EN PAVIMENTO,SIN RESTRICCIÓN,COLISIÓN,ÁNGULO,VEHÍCULO CIRCULANDO,2,,,,,,,,,,,,,,,,,1,,,,,,,,,,,,,,,,,,,,,
174,,,,,,,,,,,5,,,,,,,,,,,,,,,M - MOTOCICLETA,YAMAHA,YB-125,VERACRUZ,ROJA,SIN NUMERO,SIN NUMERO,P - PARTICULAR,NO,25,HOMBRE,B,SI,VELOCIDAD INMODERADA,NO APLICA,5500,,,,,,,,,,,,,,,,,,,,,,
174,,,,,,,,,,,,,,,,,,,,,,,,,,A - AUTOMÓVIL,HONDA,ACCORD,VERACRUZ,NEGRO,SIN NUMERO,SIN NUMERO,P - PARTICULAR,NO,33,HOMBRE,C,SI,,,4500,,,,,1,,,,,,,,,,,,,,,,,
175,XALAPA,20/05/2014,MARTES,,19:00,,XALAPA,XALAPA,URBANA,,,AVENIDA REBSAMEN,MARTIRES DE CHICAGO,,BUENO,,ASFALTO,,A NIVEL,NINGUNA,SIN RESTRICCIÓN,COLISIÓN,POR ALCANCE,VEHÍCULO CIRCULANDO,2,,,,,,,,,,,,,,,,,0,,,,,,,,,,,,,,,,,,,,,
175,,,,,,,,,,,10,,,,,,,,,,,,,,,A - AUTOMÓVIL,NISSAN,TSURU,VERACRUZ,BLANCO/VERDE,SIN NUMERO,SIN NUMERO,PE - PÚBLICO ESTATAL,SI,20,HOMBRE,B,SI,VELOCIDAD INMODERADA,NO APLICA,2500,,,,,,,,,,,,,,,,,,,,,,
175,,,,,,,,,,,,,,,,,,,,,,,,,,A - AUTOMÓVIL,CHEVROLET,SEDAN,VERACRUZ,AZUL,3NIEB3157313726,3GISESXD55181483,P - PARTICULAR,NO,58,HOMBRE,C,SI,,,4000,,,,,,,,,,,,,,,,,,,,,,
176,XALAPA,21/05/2014,MIÉRCOLES,19:20,19:30,19:42,XALAPA,XALAPA,URBANA,,,CALLE REVOLUCION,CENTRO,JUAREZ,REGULAR,,CONCRETO,MOJADO,A NIVEL,NINGUNA,SIN RESTRICCIÓN,COLISIÓN,LATERAL,VEHÍCULO CIRCULANDO,2,,,,,,,,,,,,,,,,,0,,,,,,,,,,,,,,,,,,,,,
176,,,,,,,,,,,,,,,,,,,,,,,,,,A - AUTOMÓVIL,NISSAN,TSURU,VERACRUZ,BLANCO/VERDE,GA16770895Y,3NIEB31858889604,PE - PÚBLICO ESTATAL,SI,34,HOMBRE,A,SI,CAMBIAR CARRIL SIN PRECAUCIÓN,NO APLICA,1000,,,,,,,,,,,,,,,,,,,,,,
176,,,,,,,,,,,,,,,,,,,,,,,,,,AF- AUTOBÚS FORANEO,INTERNATIONAL,NAVISTAR,VERACRUZ,BLANCO,470HM2U535780,3HVBNAAN028539,PE - PÚBLICO ESTATAL,SI,42,HOMBRE,A,SI,,,2000,,,,,,,,,,,,,,,,,,,,,,
177,XALAPA,21/05/2014,MIÉRCOLES,14:31,14:50,15:30,XALAPA,XALAPA,URBANA,,,AVENIDA PRINCIPAL LAS TRANCAS,EMILIANO ZAPATA,,BUENO,SOLEADO,ASFALTO,SECO,A NIVEL,NINGUNA,SIN RESTRICCIÓN,COLISIÓN,ÁNGULO,VEHÍCULO CIRCULANDO,2,,,,,,,,,,,,,,,,,0,,,,,,,,,,,,,,,,,,,,,
177,,,,,,,,,,,,,,,,,,,,,,,,,,A - AUTOMÓVIL,NISSAN,TSURU,VERACRUZ,BLANCO/VERDE,GA16706855Y,3NIEB3159400,PE - PÚBLICO ESTATAL,SI,27,HOMBRE,A,SI,NO RESPETAR CEDA EL PASO,NO APLICA,10000,,,,,,,,,,,,,,,,,,,,,,
177,,,,,,,,,,,,,,,,,,,,,,,,,,AS - AUTOBÚS SUBURBANO,INTERNATIONAL,NAVISTAR,VERACRUZ,BLANCO,469JM1181162,3HVBNAAXXN126971,PE - PÚBLICO ESTATAL,SI,26,HOMBRE,A,SI,,,1500,,,,,,,,,,,,,,,,,,,,,,
178,XALAPA,21/05/2014,MIÉRCOLES,,03:20,,XALAPA,XALAPA,URBANA,,,AVENIDA ARAUCARIAS,,,BUENO,,CONCRETO,,ASCENDENTE,NINGUNA,SIN RESTRICCIÓN,COLISIÓN,,OBJETO FIJO,1,,,,,,,,,,,,,,,,,0,,,,,,,,,,,,,,,,,,,,,
178,,,,,,,,,,,,,,,,,,,,,,,,,,B - BICICLETA,FORD,EXPLORER,VERACRUZ,ROJO,SIN NUMERO,1FMEUB8ANF,P - PARTICULAR,NO,22,HOMBRE,,NO,VELOCIDAD INMODERADA,OTRO,5000,,,,,,,,,,,,,,,,,,,,,,
179,XALAPA,21/05/2014,MIÉRCOLES,,08:32,,XALAPA,XALAPA,URBANA,,,AVENIDA RUIZ CORTINES,REPRESA DEL CARMEN,HORTENCIA,BUENO,SOLEADO,CONCRETO,SECO,A NIVEL,NINGUNA,SIN RESTRICCIÓN,COLISIÓN,,VEHÍCULO ESTACIONADO,2,C - CAMIONETA,NISSAN,X TERRA,NUEVO LEÓN,NEGRO,112327818,5NIAN08W15C6449645,P - PARTICULAR,NO,36,HOMBRE,,NO,VELOCIDAD INMODERADA,NO APLICA,500,0,,,,,,,,,,,,,,,,,,,,,
179,,,,,,,,,,,2,,,,,,,,,,,,,,,A - AUTOMÓVIL,HONDA,FIAT,VERACRUZ,ROJO,L14A6K207954,93HGD38826Z801175,P - PARTICULAR,NO,,,,NO,,,30000,,,,,,,,,,,,,,,,,,,,,,
180,XALAPA,22/05/2014,JUEVES,,07:10,,XALAPA,XALAPA,URBANA,,,AVENIDA XALAPA,OBRERO CAMPESINA,ORIZABA,BUENO,,CONCRETO,SECO,A NIVEL,MARCA EN PAVIMENTO,SIN RESTRICCIÓN,COLISIÓN,LATERAL,VEHÍCULO CIRCULANDO,2,AS - AUTOBÚS SUBURBANO,NAVISTAR,INTERNATIONAL,VERACRUZ,AMARILLO,470HHV1360168,3HVNBAUX562505,PE - PÚBLICO ESTATAL,SI,22,HOMBRE,A,SI,CAMBIAR CARRIL SIN PRECAUCIÓN,NO APLICA,500,0,,,,,,,,,,,,,,,,,,,,,
180,,,,,,,,,,,7,,,,,,,,,,,,,,,A - AUTOMÓVIL,CHEVROLET,CHEVY,DISTRITO FEDERAL,CAFÉ,HECHO EN MEXICO,3G1SE434XS169897,P - PARTICULAR,NO,44,HOMBRE,A,SI,,,3000,,,,,,,,,,,,,,,,,,,,,,
181,XALAPA,22/05/2014,JUEVES,,11:00,,XALAPA,XALAPA,URBANA,,,AVENIDA MURILLO VIDAL,CUAUHTEMOC,,BUENO,,CONCRETO,,A NIVEL,SEMÁFORO FUNCIONANDO,SIN RESTRICCIÓN,COLISIÓN,ÁNGULO,VEHÍCULO CIRCULANDO,2,,,,,,,,,,,,,,,,,0,,,,,,,,,,,,,,,,,,,,,