idMES,DELEGACION DE TRANSITO,FECHA DEL ACCIDENTE,DIA DE LA SEMANA,HORA EN QUE SE RECIBIO LA LLAMADA REPORTANDO EL ACCIDENTE,HORA DE ARRIBO DEL PERITO AL SITIO,HORA DE REGRESO DEL PERITO A LAS INSTALACIONES DE SU DELEGACION,LOCALIDAD ACCIDENTE,MUNICIPIO ACCIDENTE,ZONA,CARRETERA/KILOMETRO DEL ACCIDENTE,NUMERO DE AVENIDA,CALLE/AVENIDA DEL ACCIDENTE,COLONIA,ENTRE CALLES,CONDICIONES DE LA VIA,CONDICIONES NATURALES,SUPERFICIE DE LA VIA,ESTADO DE LA VIA,TANGENTE,TIPO DE CONTROL DE TRANSITO,RESTRICCIONES DE LA VIA,TIPO DE ACCIDENTE,FORMA DE ACCIDENTARSE,CONTRA QUE FUE EL IMPACTO,CANTIDAD DE VEHICULOS,TIPO DE VEHICULO,MARCA,SUBMARCA,ENTIDAD FEDERATIVA DEL VEHICULO,COLOR DEL VEHICULO,MOTOR,SERIE,TIPO DE SERVICIO PARA EL QUE SE OCUPAN LOS VEHICULOS,ASEGURADO,EDAD CONDUCTOR,SEXO CONDUCTOR,TIPO LICENCIA,LICENCIA VIGENTE,CAUSA ATRIBUIBLE AL CONDUCTOR,CAUSA ATRIBUIBLE AL PEATON,DANIOS (MONTO APROXIMADO EN MXN),NUMERO DE HERIDOS,MUJER HERIDA DE 0-15 ANIOS,HOMBRE HERIDO DE 0-15 ANIOS,MUJER HERIDA DE 16-30 ANIOS,HOMBRE HERIDO DE 16-30 ANIOS,MUJER HERIDA DE 31-45 ANIOS,HOMBRE HERIDO DE 31-45 ANIOS,MUJER HERIDA DE 46-60 ANIOS,HOMBRE HERIDO DE 46-60 ANIOS,MUJER HERIDA MAS DE 60 ANIOS,HOMBRE HERIDO MAS DE 60 ANIOS,NUMERO DE MUERTOS,MUJER MUERTA DE 0-15 ANIOS,HOMBRE MUERTO DE 0-15 ANIOS,MUJER MUERTA DE 16-30 ANIOS,HOMBRE MUERTO DE 16-30 ANIOS,MUJER MUERTA DE 31-45 ANIOS,HOMBRE MUERTO DE 31-45 ANIOS,MUJER MUERTA DE 46-60 ANIOS,HOMBRE MUERTO DE 46-60 ANIOS,MUJER MUERTA MAS DE 60 ANIOS,HOMBRE MUERTO MAS DE 60 ANIOS
181,,,,,,,,,,,11,,,,,,,,,,,,,,,A - AUTOMÓVIL,CHEVROLET,PONTIAC,VERACRUZ,ROJO,HECHO EN KOREA,K126478135154,P - PARTICULAR,SI,59,HOMBRE,C,SI,NO RESPETAR CEDA EL PASO,NO APLICA,2500,,,,,,,,,,,,,,,,,,,,,,
181,,,,,,,,,,,,,,,,,,,,,,,,,,A - AUTOMÓVIL,NISSAN,TSURU,VERACRUZ,BLANCO/VERDE,GA16781601W,3NIEB1538H337125,PE - PÚBLICO ESTATAL,SI,35,HOMBRE,A,SI,,,4000,,,,,,,,,,,,,,,,,,,,,,
182,XALAPA,22/05/2014,JUEVES,,13:50,,XALAPA,XALAPA,URBANA,,,AVENIDA ARAUCARIAS,INMECAFE,,BUENO,,ASFALTO,,DESCENDENTE,NINGUNA,SIN RESTRICCIÓN,COLISIÓN,ÁNGULO,VEHÍCULO CIRCULANDO,2,,,,,,,,,,,,,,,,,0,,,,,,,,,,,,,,,,,,,,,
182,,,,,,,,,,,,,,,,,,,,,,,,,,A - AUTOMÓVIL,NISSAN,TSURU,VERACRUZ,BLANCO/VERDE,GA16872634,NIEB1968K52C10,PE - PÚBLICO ESTATAL,SI,33,HOMBRE,A,SI,NO RESPETAR CEDA EL PASO,NO APLICA,1500,,,,,,,,,,,,,,,,,,,,,,
182,,,,,,,,,,,,,,,,,,,,,,,,,,A - AUTOMÓVIL,CHEVROLET,SPARK,VERACRUZ,BLANCO/VERDE,HECHO EN KOREA,KLBCJ6AD7E27477,PE - PÚBLICO ESTATAL,SI,41,HOMBRE,A,SI,,,4000,,,,,,,,,,,,,,,,,,,,,,
183,XALAPA,22/05/2014,JUEVES,,14:15,,XALAPA,XALAPA,URBANA,,,AVENIDA XALAPA,PROGRESO MACUILTEPEC,VILLAHERMOSA,REGULAR,,CONCRETO,SECO,A NIVEL,NINGUNA,SIN RESTRICCIÓN,COLISIÓN,LATERAL,VEHÍCULO CIRCULANDO,2,,,,,,,,,,,,,,,,,0,,,,,,,,,,,,,,,,,,,,,
183,,,,,,,,,,,7,,,,,,,,,,,,,,,C - CAMIONETA,FORD,ECO-SPORT,VERACRUZ,PLATINO,HECHO EN USA,9BFU3S8830403,P - PARTICULAR,SI,76,HOMBRE,,NO,CAMBIAR CARRIL SIN PRECAUCIÓN,NO APLICA,2500,,,,,,,,,,,,,,,,,,,,,,
183,,,,,,,,,,,,,,,,,,,,,,,,,,AS - AUTOBÚS SUBURBANO,MERCEDES BENZ,CHASIS,VERACRUZ,BLANCO/AZUL,SIN NUMERO,SIN NUMERO,PE - PÚBLICO ESTATAL,NO,43,HOMBRE,A,SI,,,MINIMOS,,,,,,,,,,,,,,,,,,,,,,
184,XALAPA,22/05/2014,JUEVES,,19:15,19:50,XALAPA,XALAPA,URBANA,,,HUAMANTLA,PROGRESO MACUILTEPEC,JALISCO,BUENO,,CONCRETO,,ASCENDENTE,NINGUNA,ACCIDENTE PREVIO,COLISIÓN,ÁNGULO,VEHÍCULO CIRCULANDO,2,,,,,,,,,,,,,,,,,0,,,,,,,,,,,,,,,,,,,,,
184,,,,,,,,,,,,,,,,,,,,,,,,,,C - CAMIONETA,NISSAN,X-TRAIL,VERACRUZ,NEGRO,QR25523496,1NIT0595W77105,P - PARTICULAR,SI,23,HOMBRE,C,SI,NO RESPETAR CEDA EL PASO,NO APLICA,1200,,,,,,,,,,,,,,,,,,,,,,
184,,,,,,,,,,,,,,,,,,,,,,,,,,A - AUTOMÓVIL,NISSAN,TSURU,VERACRUZ,BLANCO/VERDE,GA16790390W,3NIEB315183439K,PE - PÚBLICO ESTATAL,SI,49,HOMBRE,C,SI,,,2500,,,,,,,,,,,,,,,,,,,,,,
185,XALAPA,22/05/2014,JUEVES,,08:20,,XALAPA,XALAPA,URBANA,,,BOLIVIA A LA ALTURA DE PARAGUAY,BENITO JUAREZ,,BUENO,,CONCRETO,SECO,ASCENDENTE,NINGUNA,SIN RESTRICCIÓN,COLISIÓN,ÁNGULO,VEHÍCULO CIRCULANDO,2,,,,,,,,,,,,,,,,,0,,,,,,,,,,,,,,,,,,,,,
185,,,,,,,,,,,,,,,,,,,,,,,,,,A - AUTOMÓVIL,NISSAN,TSURU,VERACRUZ,BLANCO/VERDE,SIN NUMERO,3NIEB31S0AK326069,PE - PÚBLICO ESTATAL,NO,25,HOMBRE,A,SI,VELOCIDAD INMODERADA,NO APLICA,3000,,,,,,,,,,,,,,,,,,,,,,
185,,,,,,,,,,,,,,,,,,,,,,,,,,A - AUTOMÓVIL,CHEVROLET,MALIBU,VERACRUZ,NEGRO,SIN NUMERO,1GNE52J42M621627,PE - PÚBLICO ESTATAL,NO,60,HOMBRE,C,SI,,,6000,,,,,,,,,,,,,,,,,,,,,,
186,XALAPA,22/05/2014,JUEVES,,16:05,,XALAPA,XALAPA,URBANA,,,INTERIOR DE LA GOSOLINERA AVENIDA REBSAMEN,,,BUENO,,CONCRETO,,A NIVEL,NINGUNA,SIN RESTRICCIÓN,COLISIÓN,ÁNGULO,VEHÍCULO CIRCULANDO,2,,,,,,,,,,,,,,,,,1,,,,,,,,,,,,,,,,,,,,,
186,,,,,,,,,,,,,,,,,,,,,,,,,,A - AUTOMÓVIL,NISSAN,TSURU,VERACRUZ,BLANCO,SIN NUMERO,SIN NUMERO,P - PARTICULAR,NO,37,HOMBRE,,NO,VELOCIDAD INMODERADA,NO APLICA,1500,,,,,,,,,,,,,,,,,,,,,,
186,,,,,,,,,,,,,,,,,,,,,,,,,,A - AUTOMÓVIL,CHEVROLET,SPARK,VERACRUZ,BLUE DENIM,2013,KL3CD6AD6DC633685,P - PARTICULAR,NO,27,HOMBRE,A,SI,,,4000,,,,1,,,,,,,,,,,,,,,,,,
187,XALAPA,22/05/2014,JUEVES,10:48,11:10,,XALAPA,XALAPA,URBANA,,,AVENIDA LAZARO CARDENAS,FRACCIONAMIENTO LAS ANIMAS,,BUENO,SOLEADO,ASFALTO,SECO,A NIVEL,NINGUNA,SIN RESTRICCIÓN,COLISIÓN,ÁNGULO,VEHÍCULO CIRCULANDO,2,,,,,,,,,,,,,,,,,2,,,,,,,,,,,,,,,,,,,,,
187,,,,,,,,,,,1,,,,,,,,,,,,,,,AS - AUTOBÚS SUBURBANO,NAVISTAR,CHASIS,VERACRUZ,BLANCO,470HMZU1485880,3HUBZAAN66N311276,PE - PÚBLICO ESTATAL,NO,39,HOMBRE,A,SI,CAMBIAR CARRIL SIN PRECAUCIÓN,NO APLICA,1500,,,,,,,,,,,,,,,,,,,,,,
187,,,,,,,,,,,,,,,,,,,,,,,,,,C - CAMIONETA,RENAULT,DUSTER,VERACRUZ,BLANCO,C031204,FBH568EM106205,P - PARTICULAR,SI,28,HOMBRE,C,SI,,,4000,,1,,,,1,,,,,,,,,,,,,,,,
188,XALAPA,23/05/2014,VIERNES,,09:15,,XALAPA,XALAPA,URBANA,,,PIPILA,CENTRO,ALFARO,BUENO,SOLEADO,CONCRETO,SECO,A NIVEL,NINGUNA,SIN RESTRICCIÓN,COLISIÓN,ÁNGULO,VEHÍCULO CIRCULANDO,2,A - AUTOMÓVIL,NISSAN,TSURU,VERACRUZ,BLANCO/ROJO,GA167354092,3N1EB31S2EK304418,PE - PÚBLICO ESTATAL,SI,33,HOMBRE,B,SI,OTRO,NO APLICA,500,0,,,,,,,,,,,,,,,,,,,,,
188,,,,,,,,,,,,,,,,,,,,,,,,,,AS - AUTOBÚS SUBURBANO,NAVISTAR,CHASIS,VERACRUZ,BLANCO/AZUL,470HM2U1471681,3HBBPAAN052142184,PE - PÚBLICO ESTATAL,NO,37,HOMBRE,A,SI,,,3000,,,,,,,,,,,,,,,,,,,,,,
189,XALAPA,23/05/2014,VIERNES,09:00,09:15,,XALAPA,XALAPA,URBANA,,,AVENIDA 20 DE NOVIEMBRE,TATAHUICAPAN,JUAN MUÑOZ,BUENO,SOLEADO,CONCRETO,SECO,A NIVEL,NINGUNA,SIN RESTRICCIÓN,ATROPELLAMIENTO,,,1,C - CAMIONETA,CHEVROLET,SPARK,VERACRUZ,BLUE DENIM,HECHO EN KOREA,KL8CJ6AD3ECH25094,P - PARTICULAR,SI,21,MUJER,C,SI,,ATRAVESABA EN LUZ VERDE,SIN DAÑOS,1,,,,,,,,,,,,,,,,,,,,,
189,,,,,,,,,,,5,,,,,,,,,,,,,,,,,,,,,,,,,,,,,,,,,,,,,,1,,,,,,,,,,,,,,
190,XALAPA,23/05/2014,VIERNES,,09:40,,XALAPA,XALAPA,URBANA,,,CARRILLO PUERTO,CENTRO,,BUENO,,CONCRETO,SECO,ASCENDENTE,NINGUNA,SIN RESTRICCIÓN,COLISIÓN,POR ALCANCE,VEHÍCULO CIRCULANDO,2,C - CAMIONETA,CHRYSLER,TOWN COUNTRY,VERACRUZ,BLANCO,SIN NUMERO,1C46P64LSTB413541,P - PARTICULAR,NO,44,MUJER,B,SI,NO GUARDAR DISTANCIA,NO APLICA,500,0,,,,,,,,,,,,,,,,,,,,,
190,,,,,,,,,,,,,,,,,,,,,,,,,,A - AUTOMÓVIL,NISSAN,TSURU,VERACRUZ,ARENA,GA16898569W,3N1EB31S4AK302048,P - PARTICULAR,SI,40,HOMBRE,C,SI,,,2000,,,,,,,,,,,,,,,,,,,,,,
191,XALAPA,23/05/2014,VIERNES,,13:00,,XALAPA,XALAPA,URBANA,,,LIORRES,,MARINA NACIONAL,BUENO,,CONCRETO,SECO,DESCENDENTE,NINGUNA,SIN RESTRICCIÓN,COLISIÓN,ÁNGULO,VEHÍCULO CIRCULANDO,2,C - CAMIONETA,FORD,PICK UP,VERACRUZ,BLANCO,SIN NUMERO,,P - PARTICULAR,,41,HOMBRE,B,SI,OTRO,NO APLICA,3000,0,,,,,,,,,,,,,,,,,,,,,
191,,,,,,,,,,,,,,,,,,,,,,,,,,C - CAMIONETA,FORD,F-150,VERACRUZ,BLANCO/AZUL,SIN NUMERO,,O - OFICIAL,,36,HOMBRE,A,SI,,,3000,,,,,,,,,,,,,,,,,,,,,,
192,XALAPA,23/05/2014,VIERNES,,14:05,,XALAPA,XALAPA,URBANA,,,LUCIO BLANCO,,PRIMERO DE MAYO,BUENO,SOLEADO,CONCRETO,SECO,DESCENDENTE,SEMÁFORO FUNCIONANDO,SIN RESTRICCIÓN,COLISIÓN,LATERAL,VEHÍCULO CIRCULANDO,2,A - AUTOMÓVIL,NISSAN,TSURU,VERACRUZ,BLANCO/ROJO,MR18902804H,3N1BC1A54CK271133,PE - PÚBLICO ESTATAL,SI,53,HOMBRE,A,SI,CAMBIAR CARRIL SIN PRECAUCIÓN,NO APLICA,1000,0,,,,,,,,,,,,,,,,,,,,,
192,,,,,,,,,,,,,,,,,,,,,,,,,,A - AUTOMÓVIL,NISSAN,TSURU,VERACRUZ,AZUL,GA16817320R,3N1EB31S82K401523,P - PARTICULAR,SI,75,HOMBRE,A,SI,,,2000,,,,,,,,,,,,,,,,,,,,,,
193,XALAPA,23/05/2014,VIERNES,,14:30,,XALAPA,XALAPA,URBANA,,,CIRCUITO PRESIDENTES,ZONA UNIVERSITARIA,,BUENO,SOLEADO,ASFALTO,SECO,DESCENDENTE,NINGUNA,SIN RESTRICCIÓN,COLISIÓN,LATERAL,VEHÍCULO CIRCULANDO,2,A - AUTOMÓVIL,NISSAN,TSURU,VERACRUZ,BLANCO/ROJO,GA16786130Y,3N1EB31S8RK323549,PE - PÚBLICO ESTATAL,SI,36,HOMBRE,A,SI,CAMBIAR CARRIL SIN PRECAUCIÓN,NO APLICA,2000,0,,,,,,,,,,,,,,,,,,,,,
193,,,,,,,,,,,,,,,,,,,,,,,,,,C - CAMIONETA,CHEVROLET,SILVERADO,VERACRUZ,PLATA,HECHO EN MEXICO,3GCEC14X19M101200,P - PARTICULAR,SI,29,HOMBRE,B,SI,,,500,,,,,,,,,,,,,,,,,,,,,,
194,XALAPA,23/05/2014,VIERNES,,15:00,,XALAPA,XALAPA,URBANA,,,TLACOTALPAN No. 25,,,BUENO,,ASFALTO,SECO,A NIVEL,NINGUNA,SIN RESTRICCIÓN,COLISIÓN,MANIOBRA EN REVERSA,,2,AS - AUTOBÚS SUBURBANO,MERCEDES BENZ,SPRINTER,VERACRUZ,AMARILLO,HECHO EN USA,,P - PARTICULAR,,29,HOMBRE,A,SI,OTRO,NO APLICA,500,0,,,,,,,,,,,,,,,,,,,,,
194,,,,,,,,,,,,,,,,,,,,,,,,,,A - AUTOMÓVIL,CHEVROLET,CHEVY,VERACRUZ,BRONCE,HECHO EN MEXICO,,P - PARTICULAR,,31,MUJER,,,,,1000,,,,,,,,,,,,,,,,,,,,,,
195,XALAPA,23/05/2014,VIERNES,,16:00,16:25,XALAPA,XALAPA,URBANA,,,RUIZ CORTINES,OBRERO CAMPESINA,CANDIDO AGUILAR,REGULAR,,EMPEDRADO,SECO,A NIVEL,NINGUNA,SIN RESTRICCIÓN,COLISIÓN,ÁNGULO,VEHÍCULO CIRCULANDO,2,A - AUTOMÓVIL,FORD,FUSION,VERACRUZ,NEGRO,SIN NUMERO,3FAFP06287R269377,P - PARTICULAR,NO,43,MUJER,C,SI,CAMBIAR CARRIL SIN PRECAUCIÓN,NO APLICA,6000,0,,,,,,,,,,,,,,,,,,,,,
195,,,,,,,,,,,2,,,,,,,,,,,,,,,AS - AUTOBÚS SUBURBANO,NAVISTAR,INTERNATIONAL,VERACRUZ,BLANCO,470HM2U1213601,3HVBNAAN44N077235,PE - PÚBLICO ESTATAL,NO,42,HOMBRE,A,SI,,,1000,,,,,,,,,,,,,,,,,,,,,,
196,XALAPA,23/05/2014,VIERNES,,17:30,17:55,XALAPA,XALAPA,URBANA,,,CAMINO ANTIGUO A CHILTOYAC No. 30,ROTARIA,,REGULAR,,CONCRETO,SECO,DESCENDENTE,NINGUNA,SIN RESTRICCIÓN,COLISIÓN,ÁNGULO,VEHÍCULO CIRCULANDO,2,AS - AUTOBÚS SUBURBANO,FREIGHTLINER,,VERACRUZ,BLANCO/AZUL,1.07E+13,3ALAAXCS82DK16085,PE - PÚBLICO ESTATAL,NO,39,HOMBRE,A,SI,CAMBIAR CARRIL SIN PRECAUCIÓN,NO APLICA,1000,0,,,,,,,,,,,,,,,,,,,,,
196,,,,,,,,,,,,,,,,,,,,,,,,,,A - AUTOMÓVIL,NISSAN,MARCH,VERACRUZ,PLATA,HR168811146,3N1CK3CDDBL265010,P - PARTICULAR,SI,54,MUJER,C,SI,,,5000,,,,,,,,,,,,,,,,,,,,,,
197,XALAPA,23/05/2014,VIERNES,,03:30,,XALAPA,XALAPA,URBANA,,,RIO TECOLUTLA,,MURILLO VIDAL,BUENO,,CONCRETO,SECO,A NIVEL,NINGUNA,SIN RESTRICCIÓN,COLISIÓN,MANIOBRA EN REVERSA,,2,A - AUTOMÓVIL,MAZDA,MAZDA 2,VERACRUZ,NEGRO,2YA45347,1M1DE21443C0218974,P - PARTICULAR,SI,25,HOMBRE,C,SI,OTRO,NO APLICA,2000,0,,,,,,,,,,,,,,,,,,,,,
197,,,,,,,,,,,,,,,,,,,,,,,,,,A - AUTOMÓVIL,GMC,SIERRA,,NEGRO,GA16857914W,3GTV24EJ0EG320515,P - PARTICULAR,NO,40,HOMBRE,A,SI,,,3000,,,,,,,,,,,,,,,,,,,,,,
198,XALAPA,23/05/2014,VIERNES,,08:35,,XALAPA,XALAPA,URBANA,,,GOMEZ FARIAS,ADOLFO LOPEZ MATEOS,MARCO ANTONIO MUÑOZ,BUENO,,CONCRETO,SECO,A NIVEL,NINGUNA,SIN RESTRICCIÓN,COLISIÓN,ÁNGULO,VEHÍCULO CIRCULANDO,2,A - AUTOMÓVIL,NISSAN,TSURU,VERACRUZ,BLANCO/ROJO,GA16718862Y,3N1EB31S9AK319282,PE - PÚBLICO ESTATAL,SI,35,HOMBRE,A,SI,OTRO,NO APLICA,5000,0,,,,,,,,,,,,,,,,,,,,,
198,,,,,,,,,,,,,,,,,,,,,,,,,,A - AUTOMÓVIL,CHEVROLET,SONIC,VERACRUZ,ROJO,HECHO EN KOREA,KL1JJ5AE8CB066322,P - PARTICULAR,NO,35,MUJER,C,SI,,,7000,,,,,,,,,,,,,,,,,,,,,,
199,XALAPA,23/05/2014,VIERNES,,10:40,,XALAPA,XALAPA,URBANA,,,ENRIQUEZ,CENTRO,,BUENO,,CONCRETO,SECO,A NIVEL,NINGUNA,SIN RESTRICCIÓN,COLISIÓN,POR ALCANCE,VEHÍCULO CIRCULANDO,2,C - CAMIONETA,CHEVROLET,BLAZER,VERACRUZ,VERDE,HECHO EN USA,1GNDT13W1W211630,P - PARTICULAR,NO,34,MUJER,B,SI,NO GUARDAR DISTANCIA,NO APLICA,2000,0,,,,,,,,,,,,,,,,,,,,,
199,,,,,,,,,,,,,,,,,,,,,,,,,,A - AUTOMÓVIL,NISSAN,TSURU,VERACRUZ,BLANCO/ROJO,GA16713194Y,3N1EB31S2AK314506,PE - PÚBLICO ESTATAL,NO,44,HOMBRE,A,SI,,,6000,,,,,,,,,,,,,,,,,,,,,,
199,,,,,,,,,,,,,,,,,,,,,,,,,,AS - AUTOBÚS SUBURBANO,INTERNATIONAL,NAVISTAR,VERACRUZ,BLANCO,470HM2U1539951,3HVBZAANX9N064060,PE - PÚBLICO ESTATAL,NO,46,HOMBRE,A,SI,,,1000,,,,,,,,,,,,,,,,,,,,,,
200,XALAPA,23/05/2014,VIERNES,,21:40,,XALAPA,XALAPA,URBANA,,,ORIZABA,,ERNESTO ORTIZ MEDINA,BUENO,,ASFALTO,MOJADO,A NIVEL,NINGUNA,SIN RESTRICCIÓN,COLISIÓN,POR ALCANCE,VEHÍCULO CIRCULANDO,3,A - AUTOMÓVIL,SEAT,IBIZA,VERACRUZ,ROJO,BAH333919,VSSEEM16L57R164635,P - PARTICULAR,NO,38,MUJER,,,NO GUARDAR DISTANCIA,NO APLICA,10000,0,,,,,,,,,,,,,,,,,,,,,
200,,,,,,,,,,,,,,,,,,,,,,,,,,A - AUTOMÓVIL,RENAULT,CLIO,VERACRUZ,ARENA,Q224780,3BNBB2J666L310157,P - PARTICULAR,NO,74,MUJER,C,SI,,,15000,,,,,,,,,,,,,,,,,,,,,,
200,,,,,,,,,,,,,,,,,,,,,,,,,,C - CAMIONETA,MITSUBISHI,OUTLANDER,VERACRUZ,ROJO,8339,JE4LX41F26U050781,P - PARTICULAR,NO,34,HOMBRE,,,,,5000,,,,,,,,,,,,,,,,,,,,,,
201,XALAPA,23/05/2014,VIERNES,08:50,09:10,,XALAPA,XALAPA,URBANA,,,AVENIDA 20 DE NOVIEMBRE,BADILLO,,BUENO,,CONCRETO,SECO,A NIVEL,NINGUNA,SIN RESTRICCIÓN,OTRO,,VEHÍCULO CIRCULANDO,1,M - MOTOCICLETA,DINAMO,MOTONETA,,,,,,,61,HOMBRE,,,OTRO,NO APLICA,SIN DAÑOS,1,,,,,,,,,,1,,,,,,,,,,,
201,,,,,,,,,,,5,,,,,,,,,,,,,,,,,,,,,,,,,,,,,,,,,,,,,,,,,,,,,,,,,,,,
202,XALAPA,24/05/2014,SÁBADO,,11:58,,XALAPA,XALAPA,URBANA,,,DOCTOR LUCIO,CENTRO,OETA JESUS DIAZ Y ABASOLO,BUENO,,ASFALTO,SECO,DESCENDENTE,NINGUNA,SIN RESTRICCIÓN,COLISIÓN,POR ALCANCE,VEHÍCULO CIRCULANDO,2,C - CAMIONETA,FORD,PICK UP,VERACRUZ,AZUL,HECHO EN USA,1FTEX15N1GKB12137,P - PARTICULAR,NO,23,HOMBRE,B,SI,NO GUARDAR DISTANCIA,NO APLICA,MINIMOS,0,,,,,,,,,,,,,,,,,,,,,
202,,,,,,,,,,,,,,,,,,,,,,,,,,A - AUTOMÓVIL,NISSAN,TSURU,VERACRUZ,BLANCO/VERDE,GA167398842,3N1EB3K84K314682,PE - PÚBLICO ESTATAL,SI,57,HOMBRE,A,SI,,,3500,,,,,,,,,,,,,,,,,,,,,,
203,XALAPA,24/05/2014,SÁBADO,,17:15,,XALAPA,XALAPA,URBANA,,,CALZADA DEL TEJAR,CUAUHTEMOC,,BUENO,,CONCRETO,SECO,DESCENDENTE,NINGUNA,SIN RESTRICCIÓN,COLISIÓN,LATERAL,VEHÍCULO CIRCULANDO,2,C - CAMIONETA,NISSAN,JUKE,PUEBLA,AZUL,MR161545,JN1AF55C9DT050048,P - PARTICULAR,SI,67,HOMBRE,C,SI,OTRO,NO APLICA,2000,0,,,,,,,,,,,,,,,,,,,,,
203,,,,,,,,,,,,,,,,,,,,,,,,,,C - CAMIONETA,CHEVROLET,TORNADO,VERACRUZ,PLATA,HECHO EN BRASIL,93CXM80R45C132688,P - PARTICULAR,SI,69,HOMBRE,C,SI,,,2500,,,,,,,,,,,,,,,,,,,,,,
204,XALAPA,24/05/2014,SÁBADO,,20:15,,XALAPA,XALAPA,URBANA,,,NICARAGUA,FRANSCISCO I. MADERO,LAS HAYAS,BUENO,LLUVIA,ASFALTO,MOJADO,ASCENDENTE,NINGUNA,SIN RESTRICCIÓN,COLISIÓN,ÁNGULO,VEHÍCULO CIRCULANDO,2,A - AUTOMÓVIL,CHRYSLER,MITSUBISHI,VERACRUZ,GRAFITO,7736,JE3AJ26E85U010849,P - PARTICULAR,NO,57,MUJER,,,OTRO,NO APLICA,1000,0,,,,,,,,,,,,,,,,,,,,,
204,,,,,,,,,,,,,,,,,,,,,,,,,,A - AUTOMÓVIL,NISSAN,TSURU,VERACRUZ,BLANCO/ROJO,GA16782687W,3N1EB31S68K337684,PE - PÚBLICO ESTATAL,SI,32,HOMBRE,A,SI,,,3500,,,,,,,,,,,,,,,,,,,,,,
205,XALAPA,24/05/2014,SÁBADO,,09:45,,XALAPA,XALAPA,URBANA,,,AVENIDA REBSAMEN,MARTIRES DE CHICAGO,ESTEBAN MASCAREÑAS Y CIRCUITO PRESIDENTES,BUENO,SOLEADO,ASFALTO,SECO,ASCENDENTE,NINGUNA,SIN RESTRICCIÓN,COLISIÓN,POR ALCANCE,VEHÍCULO CIRCULANDO,2,A - AUTOMÓVIL,VOLKSWAGEN,JETTA,DISTRITO FEDERAL,PLATA,BHP180475,3VWRV09M07M630636,P - PARTICULAR,NO,48,HOMBRE,A,SI,NO GUARDAR DISTANCIA,NO APLICA,2000,0,,,,,,,,,,,,,,,,,,,,,
205,,,,,,,,,,,10,,,,,,,,,,,,,,,A - AUTOMÓVIL,VOLKSWAGEN,DERBY,VERACRUZ,NEGRO,BUR013516,8AWJC09E87A734781,P - PARTICULAR,NO,27,HOMBRE,B,SI,,,3000,,,,,,,,,,,,,,,,,,,,,,
206,XALAPA,24/05/2014,SÁBADO,18:30,19:00,,XALAPA,XALAPA,URBANA,,,AVENIDA OJO DE AGUA,CUAUHTEMOC,CENTRAL Y XAYATLAN,REGULAR,,TERRACERÍA,SECO,DESCENDENTE,NINGUNA,SIN RESTRICCIÓN,COLISIÓN,,OBJETO FIJO,1,C - CAMIONETA,CHEVROLET,F 36003,VERACRUZ,BLANCO,3M105492,3GBJC34R63M105492,P - PARTICULAR,,26,HOMBRE,A,SI,OTRO,NO APLICA,SIN DAÑOS,0,,,,,,,,,,,,,,,,,,,,,
207,XALAPA,24/05/2014,SÁBADO,03:05,03:20,,XALAPA,XALAPA,URBANA,,,AVENIDA ARCO SUR,MOCTEZUMA,RESERVA TERRITORIAL,BUENO,,ASFALTO,SECO,A NIVEL,NINGUNA,SIN RESTRICCIÓN,COLISIÓN,,OBJETO FIJO,1,A - AUTOMÓVIL,CHEVROLET,CHEVY,VERACRUZ,ROJO,SIN NUMERO,3G1SF24271S193961,P - PARTICULAR,NO,,,,,VELOCIDAD INMODERADA,NO APLICA,15000,0,,,,,,,,,,,,,,,,,,,,,
207,,,,,,,,,,,14,,,,,,,,,,,,,,,,,,,,,,,,,,,,,,,,,,,,,,,,,,,,,,,,,,,,
208,XALAPA,24/05/2014,SÁBADO,08:50,09:20,,XALAPA,XALAPA,URBANA,,,AVENIDA CAÑON DEL COLORADO,LOMAS DE CASA BLANCA,CAMINO ANTIGUO AL SUMIDERO Y AND. ANDES,BUENO,,CONCRETO,SECO,DESCENDENTE,NINGUNA,SIN RESTRICCIÓN,ATROPELLAMIENTO,,,1,AS - AUTOBÚS SUBURBANO,MERCEDES BENZ,,VERACRUZ,BLANCO,9.25E+13,3MBAA2DK28M031053,PE - PÚBLICO ESTATAL,NO,37,HOMBRE,A,SI,,NO USABA ZONA PEATONAL,SIN DAÑOS,1,,,,,,,,1,,,,,,,,,,,,,
209,XALAPA,24/05/2014,SÁBADO,19:05,19:25,,XALAPA,XALAPA,URBANA,,,AVENIDA LAZARO CARDENAS,FERROCARRILERA,,BUENO,,CONCRETO,MOJADO,ASCENDENTE,NINGUNA,SIN RESTRICCIÓN,COLISIÓN,,OBJETO FIJO,1,A - AUTOMÓVIL,PEUGEOT,206-3,VERACRUZ,,10DBTU0000900,8AD2CN6A56G002194,P - PARTICULAR,SI,29,HOMBRE,C,SI,VELOCIDAD INMODERADA,NO APLICA,8000,0,,,,,,,,,,,,,,,,,,,,,
209,,,,,,,,,,,1,,,,,,,,,,,,,,,,,,,,,,,,,,,,,,,,,,,,,,,,,,,,,,,,,,,,