idMES,DELEGACION DE TRANSITO,FECHA DEL ACCIDENTE,DIA DE LA SEMANA,HORA EN QUE SE RECIBIO LA LLAMADA REPORTANDO EL ACCIDENTE,HORA DE ARRIBO DEL PERITO AL SITIO,HORA DE REGRESO DEL PERITO A LAS INSTALACIONES DE SU DELEGACION,LOCALIDAD ACCIDENTE,MUNICIPIO ACCIDENTE,ZONA,CARRETERA/KILOMETRO DEL ACCIDENTE,NUMERO DE AVENIDA,CALLE/AVENIDA DEL ACCIDENTE,COLONIA,ENTRE CALLES,CONDICIONES DE LA VIA,CONDICIONES NATURALES,SUPERFICIE DE LA VIA,ESTADO DE LA VIA,TANGENTE,TIPO DE CONTROL DE TRANSITO,RESTRICCIONES DE LA VIA,TIPO DE ACCIDENTE,FORMA DE ACCIDENTARSE,CONTRA QUE FUE EL IMPACTO,CANTIDAD DE VEHICULOS,TIPO DE VEHICULO,MARCA,SUBMARCA,ENTIDAD FEDERATIVA DEL VEHICULO,COLOR DEL VEHICULO,MOTOR,SERIE,TIPO DE SERVICIO PARA EL QUE SE OCUPAN LOS VEHICULOS,ASEGURADO,EDAD CONDUCTOR,SEXO CONDUCTOR,TIPO LICENCIA,LICENCIA VIGENTE,CAUSA ATRIBUIBLE AL CONDUCTOR,CAUSA ATRIBUIBLE AL PEATON,DANIOS (MONTO APROXIMADO EN MXN),NUMERO DE HERIDOS,MUJER HERIDA DE 0-15 ANIOS,HOMBRE HERIDO DE 0-15 ANIOS,MUJER HERIDA DE 16-30 ANIOS,HOMBRE HERIDO DE 16-30 ANIOS,MUJER HERIDA DE 31-45 ANIOS,HOMBRE HERIDO DE 31-45 ANIOS,MUJER HERIDA DE 46-60 ANIOS,HOMBRE HERIDO DE 46-60 ANIOS,MUJER HERIDA MAS DE 60 ANIOS,HOMBRE HERIDO MAS DE 60 ANIOS,NUMERO DE MUERTOS,MUJER MUERTA DE 0-15 ANIOS,HOMBRE MUERTO DE 0-15 ANIOS,MUJER MUERTA DE 16-30 ANIOS,HOMBRE MUERTO DE 16-30 ANIOS,MUJER MUERTA DE 31-45 ANIOS,HOMBRE MUERTO DE 31-45 ANIOS,MUJER MUERTA DE 46-60 ANIOS,HOMBRE MUERTO DE 46-60 ANIOS,MUJER MUERTA MAS DE 60 ANIOS,HOMBRE MUERTO MAS DE 60 ANIOS
210,XALAPA,24/05/2014,SÁBADO,23:20,23:30,,XALAPA,XALAPA,URBANA,,,AVENIDA LAZARO CARDENAS,AGUA SANTA 2,DE LA REPUBLICA,BUENO,,CONCRETO,MOJADO,ASCENDENTE,NINGUNA,SIN RESTRICCIÓN,COLISIÓN,,OBJETO FIJO,1,A - AUTOMÓVIL,VOLKSWAGEN,POINTER,VERACRUZ,ROJO,,,P - PARTICULAR,,,MUJER,A,SI,VELOCIDAD INMODERADA,NO APLICA,6000,1,,,,,1,,,,,,,,,,,,,,,,
210,,,,,,,,,,,1,,,,,,,,,,,,,,,,,,,,,,,,,,,,,,,,,,,,,,,,,,,,,,,,,,,,
211,XALAPA,25/05/2014,DOMINGO,,05:20,05:55,XALAPA,XALAPA,URBANA,,,AVENIDA ARCO SUR,XALAPA 2000,FRACC. SANTA ROSA Y XALAPA 2000,BUENO,,ASFALTO,SECO,ASCENDENTE,NINGUNA,SIN RESTRICCIÓN,COLISIÓN,POR ALCANCE,VEHÍCULO CIRCULANDO,2,A - AUTOMÓVIL,VOLKSWAGEN,JETTA,DISTRITO FEDERAL,NEGRO,HEGA509459,3VWRH09H3YM181493,P - PARTICULAR,NO,23,MUJER,C,SI,NO GUARDAR DISTANCIA,NO APLICA,4500,3,,,2,1,,,,,,,,,,,,,,,,,
211,,,,,,,,,,,14,,,,,,,,,,,,,,,A - AUTOMÓVIL,CHRYSLER,ATOS,VERACRUZ,BLANCO/ROJO,HECHO EN LA INDIA,MALAB5H2AM500149,PE - PÚBLICO ESTATAL,SI,54,HOMBRE,A,SI,,,1500,,,,,,,,,,,,,,,,,,,,,,
212,XALAPA,25/05/2014,DOMINGO,,13:35,,XALAPA,XALAPA,URBANA,,,CIRCUITO PRESIDENTES,ZONA UNIVERSITARIA,,BUENO,SOLEADO,ASFALTO,SECO,A NIVEL,NINGUNA,SIN RESTRICCIÓN,COLISIÓN,LATERAL,VEHÍCULO CIRCULANDO,2,C - CAMIONETA,NISSAN,PICK UP,VERACRUZ,BLANCO,MB49A14976,9632003663,P - PARTICULAR,NO,29,HOMBRE,A,SI,CAMBIAR CARRIL SIN PRECAUCIÓN,NO APLICA,500,0,,,,,,,,,,,,,,,,,,,,,
212,,,,,,,,,,,,,,,,,,,,,,,,,,A - AUTOMÓVIL,NISSAN,TSURU,VERACRUZ,BLANCO/ROJO,GA167464752,3N1EB31SXEK313562,PE - PÚBLICO ESTATAL,SI,30,HOMBRE,A,SI,,,1500,,,,,,,,,,,,,,,,,,,,,,
213,XALAPA,25/05/2014,DOMINGO,,20:00,20:45,XALAPA,XALAPA,URBANA,,,JOAQUIN RAMIREZ CABAÑAS,RAFAEL LUCIO,MANUEL M. CONTREAS,REGULAR,LLUVIA,ASFALTO,MOJADO,A NIVEL,NINGUNA,SIN RESTRICCIÓN,COLISIÓN,ÁNGULO,VEHÍCULO CIRCULANDO,2,A - AUTOMÓVIL,FORD,FIESTA,VERACRUZ,PLATA,HECHO EN MÉXICO,3FAFP4JXDM148878,P - PARTICULAR,SI,30,HOMBRE,C,SI,VELOCIDAD INMODERADA,NO APLICA,8000,0,,,,,,,,,,,,,,,,,,,,,
213,,,,,,,,,,,,,,,,,,,,,,,,,,A - AUTOMÓVIL,VOLKSWAGEN,JETTA,VERACRUZ,BLANCO,NW038276,1GL612399,P - PARTICULAR,NO,36,HOMBRE,B,SI,,,12000,,,,,,,,,,,,,,,,,,,,,,
214,XALAPA,25/05/2014,DOMINGO,,21:10,,XALAPA,XALAPA,URBANA,,,REVOLUCION,,SAYAGO,BUENO,LLUVIA,CONCRETO,MOJADO,A NIVEL,NINGUNA,SIN RESTRICCIÓN,COLISIÓN,ÁNGULO,VEHÍCULO CIRCULANDO,2,C - CAMIONETA,CHRYSLER,JOURNEY,VERACRUZ,PLATA,HECHO EN MÉXICO,9T526900,P - PARTICULAR,NO,28,HOMBRE,A,SI,OTRO,NO APLICA,8000,0,,,,,,,,,,,,,,,,,,,,,
214,,,,,,,,,,,,,,,,,,,,,,,,,,A - AUTOMÓVIL,CHEVROLET,MATIZ,VERACRUZ,BLANCO/VERDE,HECHO EN KOREA,KL8MJ6A08EC,P - PARTICULAR,SI,41,HOMBRE,A,SI,,,15000,,,,,,,,,,,,,,,,,,,,,,
215,XALAPA,25/05/2014,DOMINGO,23:05,23:24,23:41,XALAPA,XALAPA,URBANA,,,AVENIDA XALAPA,VIRGINIA CORDERO,VILLAHERMOSA,REGULAR,,CONCRETO,MOJADO,A NIVEL,NINGUNA,SIN RESTRICCIÓN,COLISIÓN,LATERAL,VEHÍCULO CIRCULANDO,2,A - AUTOMÓVIL,NISSAN,TSURU,VERACRUZ,BLANCO/ROJO,GA16770828Y,3N1EB31S7BK309514,PE - PÚBLICO ESTATAL,SI,52,HOMBRE,A,SI,CAMBIAR CARRIL SIN PRECAUCIÓN,NO APLICA,1000,0,,,,,,,,,,,,,,,,,,,,,
215,,,,,,,,,,,7,,,,,,,,,,,,,,,A - AUTOMÓVIL,CHRYSLER,ATOS,VERACRUZ,BLANCO/ROJO,HECHO EN INDIA,MALAB51H7AM527802,PE - PÚBLICO ESTATAL,SI,29,HOMBRE,A,SI,,,1000,,,,,,,,,,,,,,,,,,,,,,
216,XALAPA,25/05/2014,DOMINGO,10:15,10:30,,XALAPA,XALAPA,URBANA,,,CIRCUITO PRESIDENTES,,BOLIVIA,BUENO,,ASFALTO,SECO,A NIVEL,NINGUNA,SIN RESTRICCIÓN,COLISIÓN,LATERAL,VEHÍCULO CIRCULANDO,2,C - CAMIONETA,CHEVROLET,TRAX,VERACRUZ,NARANJA/BLANCO,HECHO EN MÉXICO,3GNCJ7CEEL181459,P - PARTICULAR,SI,26,HOMBRE,B,SI,OTRO,NO APLICA,10000,1,,,,,,,1,,,,,,,,,,,,,,
216,,,,,,,,,,,,,,,,,,,,,,,,,,AS - AUTOBÚS SUBURBANO,NAVISTAR,CHASIS,VERACRUZ,BLANCO/ROJO,470HM2U1371323,3HVBNAAN3N3576601,PE - PÚBLICO ESTATAL,SI,23,HOMBRE,A,SI,,,1000,,,,,,,,,,,,,,,,,,,,,,
217,XALAPA,26/05/2014,LUNES,,05:45,,XALAPA,XALAPA,URBANA,,,AVENIDA LAZARO CARDENAS,EL OLMO,MODULO DE POLICIA,BUENO,,ASFALTO,SECO,A NIVEL,NINGUNA,SIN RESTRICCIÓN,COLISIÓN,,OBJETO FIJO,1,A - AUTOMÓVIL,CHEVROLET,CHEVY,VERACRUZ,ROJO,HECHO EN MÉXICO,3G1SF61X17S103591,P - PARTICULAR,NO,32,HOMBRE,,,VELOCIDAD INMODERADA,NO APLICA,4000,0,,,,,,,,,,,,,,,,,,,,,
217,,,,,,,,,,,1,,,,,,,,,,,,,,,,,,,,,,,,,,,,,,,,,,,,,,,,,,,,,,,,,,,,
218,XALAPA,26/05/2014,LUNES,08:55,09:20,,XALAPA,XALAPA,URBANA,,,AVENIDA CIRCUITO PRESIDENTES,,ANGEL CARVAJAL,BUENO,SOLEADO,ASFALTO,SECO,A NIVEL,NINGUNA,SIN RESTRICCIÓN,COLISIÓN,ÁNGULO,VEHÍCULO CIRCULANDO,2,A - AUTOMÓVIL,FORD,KA,VERACRUZ,ROJO,SIN NUMERO,9BFBT10N13780,P - PARTICULAR,NO,31,MUJER,C,NO,VELOCIDAD INMODERADA,NO APLICA,4000,0,,,,,,,,,,,,,,,,,,,,,
218,,,,,,,,,,,9,,,,,,,,,,,,,,,A - AUTOMÓVIL,VOLKSWAGEN,SEAT,DISTRITO FEDERAL,BLANCO,BAH371580,U55EM16L,P - PARTICULAR,NO,32,HOMBRE,,,,,3000,,,,,,,,,,,,,,,,,,,,,,
219,XALAPA,26/05/2014,LUNES,,10:15,,XALAPA,XALAPA,URBANA,,,AVENIDA CHEDRAUI CARAM,ENCINAL,LAZARO CARDENAS Y TEOTIHUACAN,BUENO,SOLEADO,ASFALTO,SECO,DESCENDENTE,NINGUNA,SIN RESTRICCIÓN,COLISIÓN,LATERAL,VEHÍCULO CIRCULANDO,2,AS - AUTOBÚS SUBURBANO,INTERNATIONAL,,VERACRUZ,BLANCO,470HM2U1462000,3HBBPAAN35L105122,PE - PÚBLICO ESTATAL,NO,22,HOMBRE,A,SI,CAMBIAR CARRIL SIN PRECAUCIÓN,NO APLICA,500,0,,,,,,,,,,,,,,,,,,,,,
219,,,,,,,,,,,16,,,,,,,,,,,,,,,A - AUTOMÓVIL,NISSAN,TSURU,VERACRUZ,BLANCO/VERDE,GA16785640Z,3N1EB31S0EK345405,PE - PÚBLICO ESTATAL,SI,27,HOMBRE,A,SI,,,1500,,,,,,,,,,,,,,,,,,,,,,
220,XALAPA,26/05/2014,LUNES,,13:50,,XALAPA,XALAPA,URBANA,,,ENRIQUEZ,CENTRO,ALFARO Y DOCTOR LUCIO,BUENO,,CONCRETO,SECO,A NIVEL,NINGUNA,SIN RESTRICCIÓN,COLISIÓN,POR ALCANCE,VEHÍCULO CIRCULANDO,3,C - CAMIONETA,FORD,C-2,DISTRITO FEDERAL,BLANCO,HECHO EN MÉXICO,3FEKF36L28MA12872,P - PARTICULAR,NO,23,HOMBRE,A,SI,NO GUARDAR DISTANCIA,NO APLICA,2500,0,,,,,,,,,,,,,,,,,,,,,
220,,,,,,,,,,,,,,,,,,,,,,,,,,A - AUTOMÓVIL,NISSAN,TSURU,VERACRUZ,BLANCO/ROJO,GA16757348Y,3N1EBS5AK350495,PE - PÚBLICO ESTATAL,SI,45,HOMBRE,A,SI,,,6000,,,,,,,,,,,,,,,,,,,,,,
220,,,,,,,,,,,,,,,,,,,,,,,,,,A - AUTOMÓVIL,NISSAN,TSURU,VERACRUZ,BLANCO/VERDE,GA16790355Y,3N1EB3157BK327480,PE - PÚBLICO ESTATAL,SI,35,HOMBRE,B,SI,,,MINIMOS,,,,,,,,,,,,,,,,,,,,,,
221,XALAPA,26/05/2014,LUNES,,16:50,17:20,XALAPA,XALAPA,URBANA,,,TEOTIHUACAN,ENCINAL,CHEDRAUI CARAM,BUENO,,ASFALTO,SECO,DESCENDENTE,NINGUNA,SIN RESTRICCIÓN,COLISIÓN,POR ALCANCE,VEHÍCULO CIRCULANDO,2,C - CAMIONETA,FORD,F-150,VERACRUZ,BLANCO,SIN NUMERO,1FTMF1EM0BFA755783,P - PARTICULAR,SI,24,MUJER,B,SI,NO GUARDAR DISTANCIA,NO APLICA,1500,0,,,,,,,,,,,,,,,,,,,,,
221,,,,,,,,,,,,,,,,,,,,,,,,,,A - AUTOMÓVIL,NISSAN,TSURU,VERACRUZ,ROJO,GA16799617,3N1EB31SXFK300098,P - PARTICULAR,SI,42,HOMBRE,C,SI,,,2500,,,,,,,,,,,,,,,,,,,,,,
222,XALAPA,26/05/2014,LUNES,,18:15,18:40,XALAPA,XALAPA,URBANA,,,BOULEVARD XALAPA-BANDERILLA,21 DE MARZO,,BUENO,,ASFALTO,SECO,ASCENDENTE,NINGUNA,SIN RESTRICCIÓN,COLISIÓN,POR ALCANCE,VEHÍCULO CIRCULANDO,2,A - AUTOMÓVIL,NISSAN,TSURU,VERACRUZ,VERDE,GA1678127T,3NEB31S025K354323,P - PARTICULAR,SI,59,HOMBRE,A,SI,NO GUARDAR DISTANCIA,NO APLICA,900,0,,,,,,,,,,,,,,,,,,,,,
222,,,,,,,,,,,,,,,,,,,,,,,,,,A - AUTOMÓVIL,CHEVROLET,CHEVY,VERACRUZ,AZUL,HECHO EN MÉXICO,3G1SF24271S191210,P - PARTICULAR,SI,40,HOMBRE,C,SI,,,1200,,,,,,,,,,,,,,,,,,,,,,
223,XALAPA,05/06/2014,LUNES,,20:30,,XALAPA,XALAPA,URBANA,,,PROLONGACION DIAMANTE,LA PEDREGUERA,LIBERTAD,BUENO,,CONCRETO,SECO,DESCENDENTE,NINGUNA,SIN RESTRICCIÓN,COLISIÓN,ÁNGULO,VEHÍCULO CIRCULANDO,3,C - CAMIONETA,FORD,F 100,VERACRUZ,AZUL,AC1JTK52640,AC1JTK52640,P - PARTICULAR,NO,36,HOMBRE,,,CIRCULAR EN SENTIDO CONTRARIO,NO APLICA,MINIMOS,0,,,,,,,,,,,,,,,,,,,,,
223,,,,,,,,,,,,,,,,,,,,,,,,,,A - AUTOMÓVIL,NISSAN,TSURU,VERACRUZ,BLANCO/VERDE,GA16875705Y,3N1EB31S4CK347493,PE - PÚBLICO ESTATAL,SI,,,,,,,3500,,,,,,,,,,,,,,,,,,,,,,
223,,,,,,,,,,,,,,,,,,,,,,,,,,C - CAMIONETA,CHRYSLER,D-250,VERACRUZ,ROJO,166353,3HBBNAAN55LI20114,P - PARTICULAR,NO,44,HOMBRE,A,SI,,,3000,,,,,,,,,,,,,,,,,,,,,,
224,XALAPA,27/05/2014,MARTES,,11:50,,XALAPA,XALAPA,URBANA,,,AVENIDA XALAPA,,FTE. A LA NORMAL,BUENO,SOLEADO,CONCRETO,SECO,A NIVEL,NINGUNA,SIN RESTRICCIÓN,COLISIÓN,LATERAL,VEHÍCULO CIRCULANDO,2,AS - AUTOBÚS SUBURBANO,INTERNATIONAL,CHASIS,VERACRUZ,BLANCO/AZUL,470HM2U1465696,3HBBNAAN55L120114,PE - PÚBLICO ESTATAL,,37,HOMBRE,A,SI,CAMBIAR CARRIL SIN PRECAUCIÓN,NO APLICA,1000,0,,,,,,,,,,,,,,,,,,,,,
224,,,,,,,,,,,7,,,,,,,,,,,,,,,C - CAMIONETA,FORD,CAJA CERRADA,,CAFÉ,,3FDKF36L5XMA35291,P - PARTICULAR,,35,HOMBRE,B,SI,,,1500,,,,,,,,,,,,,,,,,,,,,,
225,XALAPA,27/05/2014,MARTES,,21:45,,XALAPA,XALAPA,URBANA,,,AVENIDA LAZARO CARDENAS,ANIMAS,PUENTE EL TREBOL,BUENO,LLUVIA,ASFALTO,MOJADO,A NIVEL,NINGUNA,SIN RESTRICCIÓN,COLISIÓN,POR ALCANCE,VEHÍCULO CIRCULANDO,2,A - AUTOMÓVIL,VOLKSWAGEN,SEAT,VERACRUZ,AZUL,AZL020411,VSSPK46L83R118944,P - PARTICULAR,SI,33,HOMBRE,,,NO GUARDAR DISTANCIA,NO APLICA,1000,0,,,,,,,,,,,,,,,,,,,,,
225,,,,,,,,,,,1,,,,,,,,,,,,,,,A - AUTOMÓVIL,CHEVROLET,CHEVY,VERACRUZ,ROJO,HECHO EN MÉXICO,3G1SE546X15184873,P - PARTICULAR,NO,47,HOMBRE,A,SI,,,1000,,,,,,,,,,,,,,,,,,,,,,
226,XALAPA,27/05/2014,MARTES,,22:10,22:20,XALAPA,XALAPA,URBANA,,,CAMINO ANTIGUO A NAOLINCO,PALO BLANCO,INTERCOLONIAS,MALO,LLUVIA,ASFALTO,MOJADO,DESCENDENTE,NINGUNA,SIN RESTRICCIÓN,COLISIÓN,ÁNGULO,VEHÍCULO CIRCULANDO,2,A - AUTOMÓVIL,NISSAN,TSURU,VERACRUZ,BLANCO/VERDE,GA16823631T,3N1EB31S95K305551,PE - PÚBLICO ESTATAL,SI,33,HOMBRE,A,SI,CAMBIAR CARRIL SIN PRECAUCIÓN,NO APLICA,1000,0,,,,,,,,,,,,,,,,,,,,,
226,,,,,,,,,,,,,,,,,,,,,,,,,,A - AUTOMÓVIL,HONDA,CIVIC,VERACRUZ,ROJO,D16484793153,1HGEJ866LXL904519,P - PARTICULAR,NO,35,HOMBRE,A,SI,,,1000,,,,,,,,,,,,,,,,,,,,,,
227,XALAPA,27/05/2014,MARTES,,09:50,,XALAPA,XALAPA,URBANA,,,FRANCSCO MORENO,FRANCISCO FERRER GUARDIA,ALBERTO CALDERON,BUENO,,CONCRETO,SECO,A NIVEL,NINGUNA,SIN RESTRICCIÓN,COLISIÓN,,VEHÍCULO CIRCULANDO,2,A - AUTOMÓVIL,HONDA,CIVIC,VERACRUZ,,D16Y85790859,1HGEJ8564YL905223,P - PARTICULAR,NO,20,HOMBRE,B,SI,OTRO,NO APLICA,20000,0,,,,,,,,,,,,,,,,,,,,,
227,,,,,,,,,,,,,,,,,,,,,,,,,,A - AUTOMÓVIL,CHEVROLET,CHEVY,VERACRUZ,,,3G1SF61X38S158707,P - PARTICULAR,NO,28,MUJER,C,SI,,,15000,,,,,,,,,,,,,,,,,,,,,,
228,XALAPA,27/05/2014,MARTES,,10:02,,XALAPA,XALAPA,URBANA,,,AVENIDA ARAUCARIAS,SIPHE ANIMAS,PICO DE ORIZABA,BUENO,,ASFALTO,SECO,A NIVEL,NINGUNA,SIN RESTRICCIÓN,ATROPELLAMIENTO,,VEHÍCULO CIRCULANDO,1,A - AUTOMÓVIL,VOLKSWAGEN,JETTA,VERACRUZ,NEGRO,CBP455950,3VWBV49M9DM049141,P - PARTICULAR,SI,30,MUJER,C,SI,OTRO,NO APLICA,500,1,,,,,1,,,,,,,,,,,,,,,,
229,XALAPA,27/05/2014,MARTES,,15:42,,XALAPA,XALAPA,URBANA,,,SEBASTIAN CAMACHO,LOMAS DEL ESTADIO,,BUENO,,CONCRETO,SECO,A NIVEL,NINGUNA,SIN RESTRICCIÓN,COLISIÓN,ÁNGULO,VEHÍCULO CIRCULANDO,2,A - AUTOMÓVIL,HONDA,CIVIC,VERACRUZ,PLATA,D17A21530816,1HGES16721L909241,P - PARTICULAR,NO,28,HOMBRE,C,SI,OTRO,NO APLICA,1500,0,,,,,,,,,,,,,,,,,,,,,
229,,,,,,,,,,,,,,,,,,,,,,,,,,A - AUTOMÓVIL,HONDA,ACCORD,DISTRITO FEDERAL,,K24A81413114,3HGCM56556G002978,P - PARTICULAR,NO,33,HOMBRE,C,SI,,,1500,,,,,,,,,,,,,,,,,,,,,,
230,XALAPA,27/05/2014,MARTES,,15:40,,XALAPA,XALAPA,URBANA,,,AVENIDA 20 DE NOVIEMBRE,CENTRO,FCO. I MADERO,BUENO,,CONCRETO,SECO,ASCENDENTE,NINGUNA,SIN RESTRICCIÓN,COLISIÓN,ÁNGULO,VEHÍCULO CIRCULANDO,2,A - AUTOMÓVIL,NISSAN,TSURU,VERACRUZ,BLANCO/VERDE,GA16820074Y,3N1EB31S1CK300129,PE - PÚBLICO ESTATAL,SI,30,HOMBRE,A,SI,NO RESPETAR CEDA EL PASO,NO APLICA,5000,2,,,,,1,1,,,,,,,,,,,,,,,
230,,,,,,,,,,,5,,,,,,,,,,,,,,,M - MOTOCICLETA,ITALIKA,,VERACRUZ,ROJO,,LLCLPP2027E007522,P - PARTICULAR,NO,21,HOMBRE,,,,,10000,,,,,,,,,,,,,,,,,,,,,,
231,XALAPA,27/05/2014,MARTES,,21:10,,XALAPA,XALAPA,URBANA,,,IGNACIO DE LA LLAVE,CENTRO,MIGUEL ALEMAN,BUENO,LLUVIA,CONCRETO,MOJADO,A NIVEL,NINGUNA,SIN RESTRICCIÓN,COLISIÓN,DE FRENTE,VEHÍCULO CIRCULANDO,2,A - AUTOMÓVIL,NISSAN,DATSUN,VERACRUZ,VERDE,,6Z710A40953,P - PARTICULAR,,35,HOMBRE,,,OTRO,NO APLICA,3000,0,,,,,,,,,,,,,,,,,,,,,
231,,,,,,,,,,,8,,,,,,,,,,,,,,,C - CAMIONETA,TOYOTA,RAV-4,VERACRUZ,BLANCO,,2T3ZF35VX9W004156,P - PARTICULAR,,45,MUJER,,,,,10000,,,,,,,,,,,,,,,,,,,,,,
232,XALAPA,27/05/2014,MARTES,15:26,15:50,,XALAPA,XALAPA,URBANA,,,AVENIDA VILLAHERMOSA,PROGRESO MACUILTEPEC,JALISCO,BUENO,,ASFALTO,SECO,A NIVEL,NINGUNA,SIN RESTRICCIÓN,COLISIÓN,,VEHÍCULO CIRCULANDO,2,A - AUTOMÓVIL,VOLKSWAGEN,POINTER,VERACRUZ,BEIGE,AZL020411,9BWCC05X25P057156,P - PARTICULAR,SI,45,HOMBRE,C,SI,OTRO,NO APLICA,5500,0,,,,,,,,,,,,,,,,,,,,,
232,,,,,,,,,,,,,,,,,,,,,,,,,,C - CAMIONETA,HYUNDAI,H-100,VERACRUZ,BLANCO,HECHO EN USA,KMFUV3XR2DU484508,P - PARTICULAR,SI,25,HOMBRE,C,SI,,,2500,,,,,,,,,,,,,,,,,,,,,,
233,XALAPA,28/05/2014,MIÉRCOLES,,13:05,,XALAPA,XALAPA,URBANA,,,REVOLUCION,DEL MAESTRO,MANUEL DE BOZA Y FEDERICO FROEBEL,BUENO,SOLEADO,CONCRETO,SECO,ASCENDENTE,NINGUNA,SIN RESTRICCIÓN,COLISIÓN,LATERAL,VEHÍCULO CIRCULANDO,2,AS - AUTOBÚS SUBURBANO,MERCEDES BENZ,OMNIBUS,VERACRUZ,BLANCO/ROJO,9.07E+13,3MBAA3CS04M005746,PE - PÚBLICO ESTATAL,SI,32,HOMBRE,A,SI,CAMBIAR CARRIL SIN PRECAUCIÓN,NO APLICA,1000,0,,,,,,,,,,,,,,,,,,,,,
233,,,,,,,,,,,,,,,,,,,,,,,,,,A - AUTOMÓVIL,NISSAN,TSURU,VERACRUZ,BLANCO/ROJO,GA16731307Y,3N1EB31S1AK329627,PE - PÚBLICO ESTATAL,SI,46,HOMBRE,,,,,3000,,,,,,,,,,,,,,,,,,,,,,
234,XALAPA,28/05/2014,MIÉRCOLES,,14:30,,XALAPA,XALAPA,URBANA,,,AVENIDA AMERICAS,JOSE CARDEL,OBISPO,BUENO,LLUVIA,CONCRETO,MOJADO,A NIVEL,NINGUNA,SIN RESTRICCIÓN,COLISIÓN,POR ALCANCE,VEHÍCULO CIRCULANDO,2,C - CAMIONETA,CHEVROLET,SILVERADO,VERACRUZ,BLANCO/AZUL,HECHO EN MÉXICO,3GCN9CXBG239116,O - OFICIAL,SI,35,HOMBRE,B,SI,NO GUARDAR DISTANCIA,NO APLICA,2500,0,,,,,,,,,,,,,,,,,,,,,
234,,,,,,,,,,,3,,,,,,,,,,,,,,,A - AUTOMÓVIL,VOLKSWAGEN,JETTA,VERACRUZ,BLANCO,CBP495918,3VW1M1AJ6EM202056,P - PARTICULAR,SI,36,MUJER,A,SI,,,4000,,,,,,,,,,,,,,,,,,,,,,
235,XALAPA,28/05/2014,MIÉRCOLES,,15:50,16:20,XALAPA,XALAPA,URBANA,,,CLAVIJERO,CENTRO,SAYAGO Y MELCHOR OCAMPO,BUENO,,CONCRETO,SECO,DESCENDENTE,NINGUNA,ACCIDENTE PREVIO,COLISIÓN,LATERAL,VEHÍCULO CIRCULANDO,2,A - AUTOMÓVIL,NISSAN,TSURU,VERACRUZ,BLANCO/ROJO,GA16894844Y,3N1EB31S5DK310731,PE - PÚBLICO ESTATAL,SI,37,HOMBRE,A,SI,CAMBIAR CARRIL SIN PRECAUCIÓN,NO APLICA,500,0,,,,,,,,,,,,,,,,,,,,,
235,,,,,,,,,,,,,,,,,,,,,,,,,,AS - AUTOBÚS SUBURBANO,NAVISTAR,INTERNATIONAL,VERACRUZ,BLANCO/AZUL,470HMZU364743,3HVUBNAAN63N568284,PE - PÚBLICO ESTATAL,SI,29,HOMBRE,A,SI,,,100,,,,,,,,,,,,,,,,,,,,,,
236,XALAPA,28/05/2014,MIÉRCOLES,,18:10,,XALAPA,XALAPA,URBANA,,,AVENIDA AVILA CAMACHO,,,BUENO,,CONCRETO,SECO,DESCENDENTE,NINGUNA,SIN RESTRICCIÓN,COLISIÓN,LATERAL,VEHÍCULO CIRCULANDO,2,CC - CAMIÓN DE CARGA,CHEVROLET,KODIAC,VERACRUZ,BLANCO,HECHO EN MÉXICO,3GBP741C23M1110815,P - PARTICULAR,SI,27,HOMBRE,B,SI,CAMBIAR CARRIL SIN PRECAUCIÓN,NO APLICA,500,0,,,,,,,,,,,,,,,,,,,,,
236,,,,,,,,,,,4,,,,,,,,,,,,,,,A - AUTOMÓVIL,VOLKSWAGEN,POINTER,VERACRUZ,AZUL,BJY022991,9BWCC05WX6T022831,P - PARTICULAR,NO,40,HOMBRE,B,SI,,,2000,,,,,,,,,,,,,,,,,,,,,,
237,XALAPA,28/05/2014,MIÉRCOLES,18:57,19:15,,XALAPA,XALAPA,URBANA,,,LUIS JIEMENEZ,MAESTRO,FEDERICO FROEBEL,BUENO,SOLEADO,ASFALTO,SECO,A NIVEL,MARCA EN PAVIMENTO,SIN RESTRICCIÓN,COLISIÓN,ÁNGULO,VEHÍCULO CIRCULANDO,2,A - AUTOMÓVIL,NISSAN,TSURU,VERACRUZ,BLANCO/ROJO,GA16725784Y,3N1EB1156AK325279,PE - PÚBLICO ESTATAL,SI,32,HOMBRE,A,SI,NO RESPETAR SEÑAL DE ALTO,NO APLICA,3000,0,,,,,,,,,,,,,,,,,,,,,
237,,,,,,,,,,,,,,,,,,,,,,,,,,C - CAMIONETA,CHEVROLET,TORNADO,VERACRUZ,AZUL,HECHO EN BRASIL,83CXM801279C148523,P - PARTICULAR,NO,20,HOMBRE,B,SI,,,2500,,,,,,,,,,,,,,,,,,,,,,
238,XALAPA,28/05/2014,MIÉRCOLES,20:30,20:45,,XALAPA,XALAPA,URBANA,,,AVENIDA RUIZ CORTINES,,,BUENO,SOLEADO,ASFALTO,SECO,A NIVEL,MARCA EN PAVIMENTO,SIN RESTRICCIÓN,COLISIÓN,MANIOBRA EN REVERSA,,2,A - AUTOMÓVIL,CHEVROLET,CHEVY,VERACRUZ,NEGRO,,,P - PARTICULAR,NO,35,HOMBRE,,,OTRO,NO APLICA,1000,0,,,,,,,,,,,,,,,,,,,,,