idMES,DELEGACION DE TRANSITO,FECHA DEL ACCIDENTE,DIA DE LA SEMANA,HORA EN QUE SE RECIBIO LA LLAMADA REPORTANDO EL ACCIDENTE,HORA DE ARRIBO DEL PERITO AL SITIO,HORA DE REGRESO DEL PERITO A LAS INSTALACIONES DE SU DELEGACION,LOCALIDAD ACCIDENTE,MUNICIPIO ACCIDENTE,ZONA,CARRETERA/KILOMETRO DEL ACCIDENTE,NUMERO DE AVENIDA,CALLE/AVENIDA DEL ACCIDENTE,COLONIA,ENTRE CALLES,CONDICIONES DE LA VIA,CONDICIONES NATURALES,SUPERFICIE DE LA VIA,ESTADO DE LA VIA,TANGENTE,TIPO DE CONTROL DE TRANSITO,RESTRICCIONES DE LA VIA,TIPO DE ACCIDENTE,FORMA DE ACCIDENTARSE,CONTRA QUE FUE EL IMPACTO,CANTIDAD DE VEHICULOS,TIPO DE VEHICULO,MARCA,SUBMARCA,ENTIDAD FEDERATIVA DEL VEHICULO,COLOR DEL VEHICULO,MOTOR,SERIE,TIPO DE SERVICIO PARA EL QUE SE OCUPAN LOS VEHICULOS,ASEGURADO,EDAD CONDUCTOR,SEXO CONDUCTOR,TIPO LICENCIA,LICENCIA VIGENTE,CAUSA ATRIBUIBLE AL CONDUCTOR,CAUSA ATRIBUIBLE AL PEATON,DANIOS (MONTO APROXIMADO EN MXN),NUMERO DE HERIDOS,MUJER HERIDA DE 0-15 ANIOS,HOMBRE HERIDO DE 0-15 ANIOS,MUJER HERIDA DE 16-30 ANIOS,HOMBRE HERIDO DE 16-30 ANIOS,MUJER HERIDA DE 31-45 ANIOS,HOMBRE HERIDO DE 31-45 ANIOS,MUJER HERIDA DE 46-60 ANIOS,HOMBRE HERIDO DE 46-60 ANIOS,MUJER HERIDA MAS DE 60 ANIOS,HOMBRE HERIDO MAS DE 60 ANIOS,NUMERO DE MUERTOS,MUJER MUERTA DE 0-15 ANIOS,HOMBRE MUERTO DE 0-15 ANIOS,MUJER MUERTA DE 16-30 ANIOS,HOMBRE MUERTO DE 16-30 ANIOS,MUJER MUERTA DE 31-45 ANIOS,HOMBRE MUERTO DE 31-45 ANIOS,MUJER MUERTA DE 46-60 ANIOS,HOMBRE MUERTO DE 46-60 ANIOS,MUJER MUERTA MAS DE 60 ANIOS,HOMBRE MUERTO MAS DE 60 ANIOS
238,,,,,,,,,,,2,,,,,,,,,,,,,,,AS - AUTOBÚS SUBURBANO,NAVISTAR,INTERNATIONAL,VERACRUZ,BLANCO/AZUL,470HML201331439,3HVSNAAM42N532429,PE - PÚBLICO ESTATAL,NO,31,HOMBRE,A,SI,,,500,,,,,,,,,,,,,,,,,,,,,,
239,XALAPA,28/05/2014,MIÉRCOLES,,21:45,,XALAPA,XALAPA,URBANA,,,GARDENIAS,FLORESTA,HORTENCIAS,MALO,,TERRACERÍA,MOJADO,A NIVEL,NINGUNA,SIN RESTRICCIÓN,COLISIÓN,POR ALCANCE,VEHÍCULO CIRCULANDO,2,C - CAMIONETA,CHEVROLET,BLAZER,VERACRUZ,NEGRO,,,P - PARTICULAR,,50,HOMBRE,A,SI,NO GUARDAR DISTANCIA,NO APLICA,1000,0,,,,,,,,,,,,,,,,,,,,,
239,,,,,,,,,,,,,,,,,,,,,,,,,,A - AUTOMÓVIL,NISSAN,QUEST,VERACRUZ,ARENA,,,P - PARTICULAR,,34,HOMBRE,B,SI,,,2000,,,,,,,,,,,,,,,,,,,,,,
240,XALAPA,28/05/2014,MIÉRCOLES,,10:35,,XALAPA,XALAPA,URBANA,,,AVENIDA LAZARO CARDENAS,BALCONES DE XALAPA,,BUENO,SOLEADO,ASFALTO,SECO,DESCENDENTE,NINGUNA,SIN RESTRICCIÓN,COLISIÓN,POR ALCANCE,VEHÍCULO CIRCULANDO,2,C - CAMIONETA,FORD,RANGER,VERACRUZ,BLANCO,HECHO EN USA,1FTYR14C2XTA2043,P - PARTICULAR,NO,36,HOMBRE,,,NO GUARDAR DISTANCIA,NO APLICA,4000,0,,,,,,,,,,,,,,,,,,,,,
240,,,,,,,,,,,1,,,,,,,,,,,,,,,A - AUTOMÓVIL,NISSAN,TSURU,VERACRUZ,BLANCO/VERDE,GA16789250W,3N1EB31SX8K343066,PE - PÚBLICO ESTATAL,SI,40,HOMBRE,A,SI,,,5000,,,,,,,,,,,,,,,,,,,,,,
241,XALAPA,28/05/2014,MIÉRCOLES,15:37,16:00,,XALAPA,XALAPA,URBANA,,,AVENIDA XALAPA,UNIDAD DEL BOSQUE,RUIZ CORTINES,BUENO,LLUVIA,CONCRETO,MOJADO,DESCENDENTE,NINGUNA,SIN RESTRICCIÓN,COLISIÓN,LATERAL,VEHÍCULO CIRCULANDO,2,C - CAMIONETA,NISSAN,NP-300,VERACRUZ,ROJO,JA245197,3N5DD25T3BK042711,P - PARTICULAR,NO,68,HOMBRE,,,OTRO,NO APLICA,2000,0,,,,,,,,,,,,,,,,,,,,,
241,,,,,,,,,,,7,,,,,,,,,,,,,,,C - CAMIONETA,CHRYSLER,JEEP,VERACRUZ,AZUL,HECHO EN USA,1C4RJEBG2DC290928,P - PARTICULAR,SI,27,HOMBRE,C,SI,,,15000,,,,,,,,,,,,,,,,,,,,,,
242,XALAPA,28/05/2014,MIÉRCOLES,15:30,15:55,,XALAPA,XALAPA,URBANA,XALAPA-VERACRUZ KM. 11,,ACADEMIA DE POLICIA ESTATAL,,,BUENO,,ASFALTO,SECO,DESCENDENTE,NINGUNA,SIN RESTRICCIÓN,COLISIÓN,,OBJETO FIJO,1,CC - CAMIÓN DE CARGA,MERCEDES BENZ,REPARTIDOR,VERACRUZ,ROJO,,,P - PARTICULAR,NO,29,HOMBRE,B,SI,OTRO,NO APLICA,10000,0,,,,,,,,,,,,,,,,,,,,,
243,XALAPA,29/05/2014,JUEVES,,09:15,,XALAPA,XALAPA,URBANA,,,SANTOS DEGOLLADO,CENTRO,XALAPEÑOS ILUSTRES,BUENO,SOLEADO,CONCRETO,SECO,ASCENDENTE,MARCA EN PAVIMENTO,SIN RESTRICCIÓN,COLISIÓN,LATERAL,VEHÍCULO CIRCULANDO,2,C - CAMIONETA,CHEVROLET,EQUINOX,VERACRUZ,BLANCO,HECHO EN CANADA,21NDL35F986659915,P - PARTICULAR,SI,21,HOMBRE,A,SI,CAMBIAR CARRIL SIN PRECAUCIÓN,NO APLICA,2000,0,,,,,,,,,,,,,,,,,,,,,
243,,,,,,,,,,,,,,,,,,,,,,,,,,AS - AUTOBÚS SUBURBANO,NAVISTAR,CHASIS,VERACRUZ,BLANCO,F1A045541,3HBB2SEN1BL313816,PE - PÚBLICO ESTATAL,NO,40,HOMBRE,A,SI,,,500,,,,,,,,,,,,,,,,,,,,,,
244,XALAPA,29/05/2014,JUEVES,13:03,13:25,13:42,XALAPA,XALAPA,URBANA,,,JUAREZ,CENTRO,MADERO,BUENO,SOLEADO,CONCRETO,SECO,ASCENDENTE,NINGUNA,SIN RESTRICCIÓN,COLISIÓN,LATERAL,VEHÍCULO CIRCULANDO,2,A - AUTOMÓVIL,NISSAN,TSURU,VERACRUZ,BLANCO/ROJO,GA167316302,3N1EB31SEK301455,PE - PÚBLICO ESTATAL,NO,52,HOMBRE,B,SI,CAMBIAR CARRIL SIN PRECAUCIÓN,NO APLICA,1500,0,,,,,,,,,,,,,,,,,,,,,
244,,,,,,,,,,,,,,,,,,,,,,,,,,C - CAMIONETA,CHEVROLET,TAHOE,VERACRUZ,BLANCO,HECHO EN USA,1GNFC13S48R199063,P - PARTICULAR,SI,36,HOMBRE,A,SI,,,1000,,,,,,,,,,,,,,,,,,,,,,
245,XALAPA,29/05/2014,JUEVES,,16:20,16:50,XALAPA,XALAPA,URBANA,,,AVENIDA LAZARO CARDENAS,ANIMAS,,REGULAR,SOLEADO,ASFALTO,MOJADO,A NIVEL,NINGUNA,SIN RESTRICCIÓN,COLISIÓN,POR ALCANCE,VEHÍCULO CIRCULANDO,2,A - AUTOMÓVIL,CHEVROLET,CHEVY,DISTRITO FEDERAL,AZUL,HECHO EN MÉXICO,3G1SF21X97S133480,P - PARTICULAR,NO,33,HOMBRE,B,SI,NO GUARDAR DISTANCIA,NO APLICA,12000,0,,,,,,,,,,,,,,,,,,,,,
245,,,,,,,,,,,1,,,,,,,,,,,,,,,A - AUTOMÓVIL,VOLKSWAGEN,JETTA,MORELOS,AZUL,CCE212761,3VW2W1AJ9EM266087,P - PARTICULAR,SI,44,HOMBRE,A,SI,,,8000,,,,,,,,,,,,,,,,,,,,,,
246,XALAPA,29/05/2014,JUEVES,17:03,17:30,17:53,XALAPA,XALAPA,URBANA,,,LAURELES,JOSE CARDEL,AMERICAS Y 20 DE NOVIEMBRE,BUENO,,CONCRETO,SECO,A NIVEL,NINGUNA,SIN RESTRICCIÓN,COLISIÓN,ÁNGULO,VEHÍCULO CIRCULANDO,2,A - AUTOMÓVIL,NISSAN,TSURU,VERACRUZ,BLANCO/ROJO,,,PE - PÚBLICO ESTATAL,NO,28,HOMBRE,A,SI,OTRO,NO APLICA,1500,0,,,,,,,,,,,,,,,,,,,,,
246,,,,,,,,,,,,,,,,,,,,,,,,,,A - AUTOMÓVIL,RENAULT,MEGANE,VERACRUZ,GRIS,C085716,VF1LM3HH16R552168,P - PARTICULAR,NO,24,HOMBRE,,,,,2000,,,,,,,,,,,,,,,,,,,,,,
247,XALAPA,29/05/2014,JUEVES,,18:35,18:55,XALAPA,XALAPA,URBANA,,,AVENIDA LAZARO CARDENAS,ENCINAL,PROL. CHAPULTEPEC,REGULAR,,ASFALTO,SECO,A NIVEL,NINGUNA,SIN RESTRICCIÓN,COLISIÓN,ÁNGULO,VEHÍCULO CIRCULANDO,2,A - AUTOMÓVIL,CHEVROLET,CORSA,VERACRUZ,GRIS,HECHO EN BRASIL,93CXM19276C116354,P - PARTICULAR,NO,52,HOMBRE,B,SI,CAMBIAR CARRIL SIN PRECAUCIÓN,NO APLICA,3000,0,,,,,,,,,,,,,,,,,,,,,
247,,,,,,,,,,,1,,,,,,,,,,,,,,,AS - AUTOBÚS SUBURBANO,TORINO,OMC,VERACRUZ,BLANCO/VERDE,SIN NUMERO,3HVBFAAN69N128930,P - PARTICULAR,SI,35,HOMBRE,A,SI,,,200,,,,,,,,,,,,,,,,,,,,,,
248,XALAPA,29/05/2014,JUEVES,,20:05,,XALAPA,XALAPA,URBANA,,,ZARAGOZA,CENTRO,"FTE, TORRE CENTRAL SSP",BUENO,,CONCRETO,SECO,A NIVEL,NINGUNA,SIN RESTRICCIÓN,COLISIÓN,POR ALCANCE,VEHÍCULO CIRCULANDO,2,A - AUTOMÓVIL,NISSAN,TSURU,VERACRUZ,BLANCO/ROJO,GA16718104Y,3N1EB31S1AK8548,PE - PÚBLICO ESTATAL,SI,46,HOMBRE,A,SI,NO GUARDAR DISTANCIA,NO APLICA,1000,0,,,,,,,,,,,,,,,,,,,,,
248,,,,,,,,,,,,,,,,,,,,,,,,,,A - AUTOMÓVIL,VOLKSWAGEN,JETTA,VERACRUZ,GRIS,CCC116991,BVW2W1164BM363172,P - PARTICULAR,NO,42,HOMBRE,A,SI,,,1000,,,,,,,,,,,,,,,,,,,,,,
249,XALAPA,29/05/2014,JUEVES,,00:20,01:20,XALAPA,XALAPA,URBANA,,,AVENIDA LAZARO CARDENAS,ANIMAS,ARAUCARIAS,REGULAR,,CONCRETO,SECO,DESCENDENTE,NINGUNA,SIN RESTRICCIÓN,COLISIÓN,POR ALCANCE,VEHÍCULO CIRCULANDO,2,A - AUTOMÓVIL,MERCEDES,BENZ,VERACRUZ,BLANCO,2.73E+13,WDDFSEB7AA320695,P - PARTICULAR,SI,42,HOMBRE,C,SI,NO GUARDAR DISTANCIA,NO APLICA,1500,1,,,,,,,1,,,,,,,,,,,,,,
249,,,,,,,,,,,1,,,,,,,,,,,,,,,A - AUTOMÓVIL,VOLKSWAGEN,SEDAN,VERACRUZ,BLANCO,AF1002527,11K0020022,P - PARTICULAR,NO,48,HOMBRE,B,SI,,,8000,,,,,,,,,,,,,,,,,,,,,,
250,XALAPA,29/05/2014,JUEVES,,11:50,12:05,XALAPA,XALAPA,URBANA,,,AVENIDA RUIZ CORTINES,28 DE AGOSTO,,REGULAR,SOLEADO,ASFALTO,SECO,A NIVEL,SEMÁFORO FUNCIONANDO,SIN RESTRICCIÓN,ATROPELLAMIENTO,,,1,C - CAMIONETA,NISSAN,CAJA CERRADA,PUEBLA,BLANCO,K240244HDA,3NGCD15S12K079477,P - PARTICULAR,SI,48,HOMBRE,B,SI,OTRO,NO APLICA,MINIMOS,1,1,,,,,,,,,,,,,,,,,,,,
250,,,,,,,,,,,2,,,,,,,,,,,,,,,,,,,,,,,,,,,,,,,,,,,,,,,,,,,,,,,,,,,,
251,XALAPA,29/05/2014,JUEVES,,14:20,,XALAPA,XALAPA,URBANA,,,BOLIVIA,,FTE. ALA GASOLINERA,BUENO,,ASFALTO,SECO,A NIVEL,NINGUNA,SIN RESTRICCIÓN,COLISIÓN,ÁNGULO,VEHÍCULO CIRCULANDO,2,A - AUTOMÓVIL,NISSAN,TSURU,VERACRUZ,,,3N1EB31S98K309555,PE - PÚBLICO ESTATAL,SI,34,HOMBRE,A,SI,OTRO,NO APLICA,5000,3,,,,,,,,,,,,,,,,,,,,,
251,,,,,,,,,,,,,,,,,,,,,,,,,,A - AUTOMÓVIL,NISSAN,PLATINA,VERACRUZ,,,3NJH01S66L207827,P - PARTICULAR,SI,33,HOMBRE,,,,,6000,,,,1,,1,,,,,,,,,,,,,,,,
251,,,,,,,,,,,,,,,,,,,,,,,,,,,,,,,,,,,,,,,,,,,,,,,,1,,,,,,,,,,,,,,,
252,XALAPA,29/05/2014,JUEVES,,16:59,,XALAPA,XALAPA,URBANA,,,VICENTE SUAREZ,REVOLUCION,,BUENO,,CONCRETO,SECO,A NIVEL,NINGUNA,SIN RESTRICCIÓN,COLISIÓN,LATERAL,VEHÍCULO CIRCULANDO,2,C - CAMIONETA,DODGE,RAM,VERACRUZ,,,3SCTWSEAXC1013568,P - PARTICULAR,,67,HOMBRE,,,OTRO,NO APLICA,1000,0,,,,,,,,,,,,,,,,,,,,,
252,,,,,,,,,,,,,,,,,,,,,,,,,,M - MOTOCICLETA,ITALIKA,WS 150,VERACRUZ,,,,P - PARTICULAR,,24,MUJER,,,,,2000,,,,,,,,,,,,,,,,,,,,,,
253,XALAPA,29/05/2014,JUEVES,,07:50,,XALAPA,XALAPA,URBANA,,,AVENIDA LAZARO CARDENAS,ENCINAL,,BUENO,,ASFALTO,SECO,A NIVEL,NINGUNA,SIN RESTRICCIÓN,COLISIÓN,,OBJETO FIJO,1,A - AUTOMÓVIL,CHEVROLET,CHEVY,DISTRITO FEDERAL,,,3G1SF21382S129474,P - PARTICULAR,,44,MUJER,,,OTRO,NO APLICA,20000,0,,,,,,,,,,,,,,,,,,,,,
253,,,,,,,,,,,1,,,,,,,,,,,,,,,,,,,,,,,,,,,,,,,,,,,,,,,,,,,,,,,,,,,,
254,XALAPA,29/05/2014,JUEVES,07:20,07:40,,XALAPA,XALAPA,URBANA,,,MURILLO VIDAL,,,BUENO,SOLEADO,ASFALTO,SECO,A NIVEL,NINGUNA,SIN RESTRICCIÓN,COLISIÓN,POR ALCANCE,VEHÍCULO CIRCULANDO,2,A - AUTOMÓVIL,NISSAN,TSURU,VERACRUZ,BLANCO/ROJO,GA16735574Y,3N1EB3155AK332986,PE - PÚBLICO ESTATAL,,49,HOMBRE,A,SI,NO GUARDAR DISTANCIA,NO APLICA,3500,0,,,,,,,,,,,,,,,,,,,,,
254,,,,,,,,,,,,,,,,,,,,,,,,,,C - CAMIONETA,TOYOTA,SEQUOIA,MORELOS,BLANCO,3VR5445577,5TDYYSG15A5030200,P - PARTICULAR,,39,MUJER,A,SI,,,7000,,,,,,,,,,,,,,,,,,,,,,
255,XALAPA,30/05/2014,VIERNES,21:46,22:10,,XALAPA,XALAPA,URBANA,,,AVENIDA LAZARO CARDENAS,TRANCAS,TRANCAS,BUENO,SOLEADO,ASFALTO,MOJADO,A NIVEL,SEMÁFORO FUNCIONANDO,SIN RESTRICCIÓN,COLISIÓN,ÁNGULO,VEHÍCULO CIRCULANDO,2,,,,,,,,,,,,,,,,,0,,,,,,,,,,,,,,,,,,,,,
255,,,,,,,,,,,1,,,,,,,,,,,,,,,A - AUTOMÓVIL,RENAULT,CLIO,VERACRUZ,GRIS,Q263204,3BNBB1J6491300,P - PARTICULAR,SI,21,HOMBRE,C,SI,NO RESPETAR SEÑAL DE ALTO,NO APLICA,1000,,,,,,,,,,,,,,,,,,,,,,
255,,,,,,,,,,,,,,,,,,,,,,,,,,A - AUTOMÓVIL,NISSAN,TSURU,VERACRUZ,BLANCO/VERDE,GA18770697Y,3NIEB3154BK309387,PE - PÚBLICO ESTATAL,SI,52,HOMBRE,A,SI,,,3000,,,,,,,,,,,,,,,,,,,,,,
256,XALAPA,30/05/2014,VIERNES,,15:45,,XALAPA,XALAPA,URBANA,,,AVENIDA XALAPA,,CALLE MONTERREY,BUENO,LLUVIA,,SECO,A NIVEL,NINGUNA,SIN RESTRICCIÓN,COLISIÓN,LATERAL,VEHÍCULO CIRCULANDO,2,,,,,,,,,,,,,,,,,0,,,,,,,,,,,,,,,,,,,,,
256,,,,,,,,,,,7,,,,,,,,,,,,,,,A - AUTOMÓVIL,VOLKSWAGEN,JETTA,VERACRUZ,NEGRO,CBP313685,3VWBV09MXCM035627,P - PARTICULAR,NO,25,HOMBRE,A,SI,CAMBIAR CARRIL SIN PRECAUCIÓN,NO APLICA,MINIMOS,,,,,,,,,,,,,,,,,,,,,,
256,,,,,,,,,,,,,,,,,,,,,,,,,,AF- AUTOBÚS FORANEO,INTERNATIONAL,NAVISTAR,VERACRUZ,BLANCO,SIN NUMERO,SIN NUMERO,P - PARTICULAR,NO,23,HOMBRE,A,SI,,,1500,,,,,,,,,,,,,,,,,,,,,,
257,XALAPA,30/05/2014,VIERNES,,15:20,,XALAPA,XALAPA,URBANA,,,CLAVIJERO,CENTRO,ACOSTA,BUENO,,ASFALTO,,DESCENDENTE,NINGUNA,SIN RESTRICCIÓN,COLISIÓN,ÁNGULO,VEHÍCULO CIRCULANDO,2,,,,,,,,,,,,,,,,,0,,,,,,,,,,,,,,,,,,,,,
257,,,,,,,,,,,,,,,,,,,,,,,,,,A - AUTOMÓVIL,NISSAN,TSURU,VERACRUZ,BLANCO/VERDE,GA167479882,3NIEB31EK314852,PE - PÚBLICO ESTATAL,SI,54,HOMBRE,A,SI,NO RESPETAR SEÑAL DE ALTO,NO APLICA,5000,,,,,,,,,,,,,,,,,,,,,,
257,,,,,,,,,,,,,,,,,,,,,,,,,,A - AUTOMÓVIL,HONDA,ACCORD,VERACRUZ,PLATA,F23A15400478,3H6C564226000193,P - PARTICULAR,NO,45,HOMBRE,C,SI,,,4500,,,,,,,,,,,,,,,,,,,,,,
258,XALAPA,30/05/2014,VIERNES,,12:50,,XALAPA,XALAPA,URBANA,,,AGUASCALIENTES,PROGRESO MACUILTEPEC,TOLUCA,BUENO,SOLEADO,CONCRETO,SECO,DESCENDENTE,NINGUNA,SIN RESTRICCIÓN,COLISIÓN,ÁNGULO,VEHÍCULO CIRCULANDO,2,,,,,,,,,,,,,,,,,0,,,,,,,,,,,,,,,,,,,,,
258,,,,,,,,,,,,,,,,,,,,,,,,,,A - AUTOMÓVIL,CHEVROLET,AVEO,VERACRUZ,CHAMPAGNE,HECHO EN MEXICO,3GTI5CFODLI07262,P - PARTICULAR,SI,23,HOMBRE,C,SI,NO RESPETAR CEDA EL PASO,NO APLICA,6000,,,,,,,,,,,,,,,,,,,,,,
258,,,,,,,,,,,,,,,,,,,,,,,,,,A - AUTOMÓVIL,NISSAN,TSURU,VERACRUZ,BLANCO/VERDE,GA16799866Y,3NIEB3159BK336018,PE - PÚBLICO ESTATAL,SI,50,HOMBRE,A,SI,,,7000,,,,,,,,,,,,,,,,,,,,,,
259,XALAPA,30/05/2014,VIERNES,,12:25,12:55,XALAPA,XALAPA,URBANA,,,ARCO SUR,RESERVA TERRITORIAL,LOMAS VERDES,BUENO,SOLEADO,ASFALTO,SECO,DESCENDENTE,NINGUNA,ACCIDENTE PREVIO,COLISIÓN,POR ALCANCE,VEHÍCULO CIRCULANDO,2,,,,,,,,,,,,,,,,,0,,,,,,,,,,,,,,,,,,,,,
259,,,,,,,,,,,14,,,,,,,,,,,,,,,A - AUTOMÓVIL,CHRYSLER,BMW,VERACRUZ,BLANCO/VERDE,HECHO EN INDIA,MALAB51H8AM500124,PE - PÚBLICO ESTATAL,SI,65,HOMBRE,A,SI,NO GUARDAR DISTANCIA,NO APLICA,15000,,,,,,,,,,,,,,,,,,,,,,
259,,,,,,,,,,,,,,,,,,,,,,,,,,A - AUTOMÓVIL,ATOS,SERIE 1,VERACRUZ,BLACK,B616J286,WBA1A3109DJ1772171,P - PARTICULAR,SI,63,HOMBRE,C,SI,,,22000,,,,,,,,,,,,,,,,,,,,,,
260,XALAPA,30/05/2014,VIERNES,,17:00,18:30,PLAN DEL RIO,EMILIANO ZAPATA,URBANA,LIBRAMIENTO PLAN DEL RIO,,,EMILIANO ZAPATA,,BUENO,LLUVIA,ASFALTO,MOJADO,DESCENDENTE,NINGUNA,SIN RESTRICCIÓN,COLISIÓN,,OBJETO FIJO,1,,,,,,,,,,,,,,,,,0,,,,,,,,,,,,,,,,,,,,,
260,,,,,,,,,,,,,,,,,,,,,,,,,,A - AUTOMÓVIL,HONDA,CIVIC,DISTRITO FEDERAL,BLANCO,RT8212622152,19XFB2690601251,P - PARTICULAR,SI,36,HOMBRE,A,SI,VELOCIDAD INMODERADA,NO APLICA,35000,,,,,,,,,,,,,,,,,,,,,,
261,XALAPA,30/05/2014,VIERNES,,17:45,,XALAPA,XALAPA,URBANA,,,CHAPULTEPEC,ENCINAL,SECCION,REGULAR,,CONCRETO,SECO,A NIVEL,NINGUNA,SIN RESTRICCIÓN,COLISIÓN,ÁNGULO,VEHÍCULO CIRCULANDO,2,,,,,,,,,,,,,,,,,0,,,,,,,,,,,,,,,,,,,,,
261,,,,,,,,,,,,,,,,,,,,,,,,,,A - AUTOMÓVIL,DODGE,CALIBEK,DISTRITO FEDERAL,NEGRO,HECHO EN USA,SIN NUMERO,P - PARTICULAR,SI,16,HOMBRE,A,SI,CAMBIAR CARRIL SIN PRECAUCIÓN,NO APLICA,2000,,,,,,,,,,,,,,,,,,,,,,
261,,,,,,,,,,,,,,,,,,,,,,,,,,A - AUTOMÓVIL,FORD,FIESTA,VERACRUZ,VERDE,IMPORTADO,9BFT09N738041753,P - PARTICULAR,NO,34,HOMBRE,B,SI,,,2500,,,,,,,,,,,,,,,,,,,,,,
262,XALAPA,30/05/2014,VIERNES,,18:40,19:40,XALAPA,XALAPA,URBANA,,,CARR.FEDERAL XALAPA,,,BUENO,,ASFALTO,,A NIVEL,NINGUNA,SIN RESTRICCIÓN,COLISIÓN,,OBJETO FIJO,1,,,,,,,,,,,,,,,,,1,,,,,,,,,,,,,,,,,,,,,
262,,,,,,,,,,,,,,,,,,,,,,,,,,A - AUTOMÓVIL,CHEVROLET,CHEVY,VERACRUZ,BLANCO,HECHO EN MEXICO,3GISF21X9851117854,P - PARTICULAR,NO,45,HOMBRE,A,NO,VELOCIDAD INMODERADA,NO APLICA,40000,,,,,,1,,,,,,,,,,,,,,,,
263,XALAPA,30/05/2014,VIERNES,03:45,04:00,05:00,XALAPA,XALAPA,URBANA,,,AVENIDA REBSAMEN,CENTRO,DIAZ MIRON,BUENO,,CONCRETO,SECO,DESCENDENTE,NINGUNA,ACCIDENTE PREVIO,COLISIÓN,ÁNGULO,VEHÍCULO ESTACIONADO,2,,,,,,,,,,,,,,,,,0,,,,,,,,,,,,,,,,,,,,,
263,,,,,,,,,,,10,,,,,,,,,,,,,,,A - AUTOMÓVIL,HONDA,ACCORD,VERACRUZ,BLANCO,K24W00033675,1HCR2639DA904581,P - PARTICULAR,SI,36,HOMBRE,A,SI,VELOCIDAD INMODERADA,NO APLICA,20000,,,,,,,,,,,,,,,,,,,,,,
263,,,,,,,,,,,,,,,,,,,,,,,,,,A - AUTOMÓVIL,NISSAN,TSURU,VERACRUZ,AZUL,GA16828875,3NIEB31533K528819,P - PARTICULAR,NO,,,,,,,3000,,,,,,,,,,,,,,,,,,,,,,
264,XALAPA,30/05/2014,VIERNES,14:58,15:20,,XALAPA,XALAPA,URBANA,,,ENRIQUEZ,CENTRO,,BUENO,LLUVIA,ASFALTO,MOJADO,A NIVEL,NINGUNA,SIN RESTRICCIÓN,COLISIÓN,POR ALCANCE,VEHÍCULO CIRCULANDO,2,,,,,,,,,,,,,,,,,0,,,,,,,,,,,,,,,,,,,,,
264,,,,,,,,,,,,,,,,,,,,,,,,,,C - CAMIONETA,NISSAN,QUEST,VERACRUZ,BEIGE,SIN NUMERO,4N2DN1WXP0805595,P - PARTICULAR,NO,17,HOMBRE,A,SI,NO GUARDAR DISTANCIA,NO APLICA,2500,,,,,,,,,,,,,,,,,,,,,,
264,,,,,,,,,,,,,,,,,,,,,,,,,,A - AUTOMÓVIL,FORD,KA,VERACRUZ,BLANCO,3088122628,9BFBD18N167579981,P - PARTICULAR,NO,32,HOMBRE,,NO,,,3500,,,,,,,,,,,,,,,,,,,,,,
265,XALAPA,30/05/2014,VIERNES,11:20,11:51,,XALAPA,XALAPA,URBANA,,,AVENIDA LAZARO CARDENAS,MIRADOR,,BUENO,SOLEADO,CONCRETO,SECO,DESCENDENTE,MARCA EN PAVIMENTO,SIN RESTRICCIÓN,SALIDA DE CAMINO,,VEHÍCULO CIRCULANDO,1,,,,,,,,,,,,,,,,,0,,,,,,,,,,,,,,,,,,,,,
265,,,,,,,,,,,1,,,,,,,,,,,,,,,C - CAMIONETA,FORD,CLUB WAGON,VERACRUZ,VERDE,SIN NUMERO,SIN NUMERO,P - PARTICULAR,NO,24,HOMBRE,C,SI,NO GUARDAR DISTANCIA,NO APLICA,3000,,,,,,,,,,,,,,,,,,,,,,
266,XALAPA,30/05/2014,VIERNES,,11:20,,XALAPA,XALAPA,URBANA,,,SAYAGO,CENTRO,AVILA CAMACHO,BUENO,,CONCRETO,,A NIVEL,SEMÁFORO FUNCIONANDO,SIN RESTRICCIÓN,ATROPELLAMIENTO,,VEHÍCULO ESTACIONADO,1,,,,,,,,,,,,,,,,,1,,,,,,,,,,,,,,,,,,,,,
266,,,,,,,,,,,,,,,,,,,,,,,,,,CC - CAMIÓN DE CARGA,KURAZAI,150AC,VERACRUZ,BLANCO,SIN NUMERO,LJHPCKLB7C1810612,P - PARTICULAR,NO,21,HOMBRE,,NO,VELOCIDAD INMODERADA,NO APLICA,1000,,,,,1,,,,,,,,,,,,,,,,,
267,XALAPA,30/05/2014,VIERNES,,10:10,,XALAPA,XALAPA,URBANA,,,AVENIDA LAZARO CARDENAS,ANIMAS,,BUENO,,ASFALTO,,A NIVEL,NINGUNA,SIN RESTRICCIÓN,COLISIÓN,POR ALCANCE,VEHÍCULO CIRCULANDO,2,M - MOTOCICLETA,DINAMO,,VERACRUZ,AMARILLO,SIN NUMERO,HECHO EN USA,P - PARTICULAR,NO,26,HOMBRE,A,SI,,,,0,,,,,,,,,,,,,,,,,,,,,