idMES,DELEGACION DE TRANSITO,FECHA DEL ACCIDENTE,DIA DE LA SEMANA,HORA EN QUE SE RECIBIO LA LLAMADA REPORTANDO EL ACCIDENTE,HORA DE ARRIBO DEL PERITO AL SITIO,HORA DE REGRESO DEL PERITO A LAS INSTALACIONES DE SU DELEGACION,LOCALIDAD ACCIDENTE,MUNICIPIO ACCIDENTE,ZONA,CARRETERA/KILOMETRO DEL ACCIDENTE,NUMERO DE AVENIDA,CALLE/AVENIDA DEL ACCIDENTE,COLONIA,ENTRE CALLES,CONDICIONES DE LA VIA,CONDICIONES NATURALES,SUPERFICIE DE LA VIA,ESTADO DE LA VIA,TANGENTE,TIPO DE CONTROL DE TRANSITO,RESTRICCIONES DE LA VIA,TIPO DE ACCIDENTE,FORMA DE ACCIDENTARSE,CONTRA QUE FUE EL IMPACTO,CANTIDAD DE VEHICULOS,TIPO DE VEHICULO,MARCA,SUBMARCA,ENTIDAD FEDERATIVA DEL VEHICULO,COLOR DEL VEHICULO,MOTOR,SERIE,TIPO DE SERVICIO PARA EL QUE SE OCUPAN LOS VEHICULOS,ASEGURADO,EDAD CONDUCTOR,SEXO CONDUCTOR,TIPO LICENCIA,LICENCIA VIGENTE,CAUSA ATRIBUIBLE AL CONDUCTOR,CAUSA ATRIBUIBLE AL PEATON,DANIOS (MONTO APROXIMADO EN MXN),NUMERO DE HERIDOS,MUJER HERIDA DE 0-15 ANIOS,HOMBRE HERIDO DE 0-15 ANIOS,MUJER HERIDA DE 16-30 ANIOS,HOMBRE HERIDO DE 16-30 ANIOS,MUJER HERIDA DE 31-45 ANIOS,HOMBRE HERIDO DE 31-45 ANIOS,MUJER HERIDA DE 46-60 ANIOS,HOMBRE HERIDO DE 46-60 ANIOS,MUJER HERIDA MAS DE 60 ANIOS,HOMBRE HERIDO MAS DE 60 ANIOS,NUMERO DE MUERTOS,MUJER MUERTA DE 0-15 ANIOS,HOMBRE MUERTO DE 0-15 ANIOS,MUJER MUERTA DE 16-30 ANIOS,HOMBRE MUERTO DE 16-30 ANIOS,MUJER MUERTA DE 31-45 ANIOS,HOMBRE MUERTO DE 31-45 ANIOS,MUJER MUERTA DE 46-60 ANIOS,HOMBRE MUERTO DE 46-60 ANIOS,MUJER MUERTA MAS DE 60 ANIOS,HOMBRE MUERTO MAS DE 60 ANIOS
15,,,,,,,,,,,,,,,,,,,,,,,,,,C - CAMIONETA,NISSAN,FRONTIER,VERACRUZ,ROJO,VQ40632029A,1NGADOER2AC411526,P - PARTICULAR,NO,49,HOMBRE,A,SI,CAMBIAR CARRIL SIN PRECAUCIÓN,NO APLICA,1000,,,,,,,,,,,,,,,,,,,,,,
15,,,,,,,,,,,,,,,,,,,,,,,,,,AF- AUTOBÚS FORANEO,MERCEDES BENZ,CHASIS,VERACRUZ,BLANCO,39090051318,3AMBRMEC55043510,PE - PÚBLICO ESTATAL,SI,22,HOMBRE,A,SI,,,500,,,,,,,,,,,,,,,,,,,,,,
16,XALAPA,06/02/2014,LUNES,,14:30,,XALAPA,XALAPA,URBANA,,,AVENIDA XALAPA,PROGRESO MACUILTEPEC,VILLAHERMOSA,BUENO,SOLEADO,ASFALTO,SECO,A NIVEL,SEMÁFORO FUNCIONANDO,SIN RESTRICCIÓN,COLISIÓN,ÁNGULO,VEHÍCULO CIRCULANDO,2,,,,,,,,,,,,,,,,,0,,,,,,,,,,,,,,,,,,,,,
16,,,,,,,,,,,7,,,,,,,,,,,,,,,C - CAMIONETA,CHEVROLET,TRACKER,VERACRUZ,GRIS,HECHO EN ARGENTINA,8AG487R2006941,P - PARTICULAR,NO,37,MUJER,A,SI,VELOCIDAD INMODERADA,NO APLICA,2000,,,,,,,,,,,,,,,,,,,,,,
16,,,,,,,,,,,,,,,,,,,,,,,,,,A - AUTOMÓVIL,FORD,MUSTANG,PUEBLA,ROJO,IMPORTADO,1ZUP8CF2522067,P - PARTICULAR,SI,60,HOMBRE,B,SI,,,3000,,,,,,,,,,,,,,,,,,,,,,
17,XALAPA,06/02/2014,LUNES,,15:20,16:45,XALAPA,XALAPA,URBANA,,,TAPACHULA,BADILLO,,REGULAR,SOLEADO,CONCRETO,SECO,A NIVEL,NINGUNA,SIN RESTRICCIÓN,COLISIÓN,ÁNGULO,VEHÍCULO CIRCULANDO,2,,,,,,,,,,,,,,,,,0,,,,,,,,,,,,,,,,,,,,,
17,,,,,,,,,,,,,,,,,,,,,,,,,,AF- AUTOBÚS FORANEO,VOLKSWAGEN,POINTER,VERACRUZ,ROJO,UDH356969,9BWDC05X 2278,P - PARTICULAR,NO,33,MUJER,A,SI,CAMBIAR CARRIL SIN PRECAUCIÓN,NO APLICA,2500,,,,,,,,,,,,,,,,,,,,,,
17,,,,,,,,,,,,,,,,,,,,,,,,,,C - CAMIONETA,CHRYSLER,JEEP,VERACRUZ,AZUL,HECHO EN USA,JHF47W88D640376,P - PARTICULAR,SI,46,HOMBRE,B,SI,,,2500,,,,,,,,,,,,,,,,,,,,,,
18,XALAPA,06/02/2014,LUNES,,19:20,19:47,XALAPA,XALAPA,URBANA,,,FERROCARRIL INTEROCEANICO,LAURELES,CHAOULTEPEC,REGULAR,LLUVIA,ASFALTO,MOJADO,DESCENDENTE,NINGUNA,SIN RESTRICCIÓN,COLISIÓN,ÁNGULO,VEHÍCULO CIRCULANDO,2,,,,,,,,,,,,,,,,,0,,,,,,,,,,,,,,,,,,,,,
18,,,,,,,,,,,,,,,,,,,,,,,,,,A - AUTOMÓVIL,NISSAN,MARCH,VERACRUZ,ROJO,HR16782515F,3NICK3CD255168,P - PARTICULAR,SI,28,HOMBRE,A,SI,NO RESPETAR CEDA EL PASO,NO APLICA,5000,,,,,,,,,,,,,,,,,,,,,,
18,,,,,,,,,,,,,,,,,,,,,,,,,,A - AUTOMÓVIL,NISSAN,DATSUN,VERACRUZ,AZUL,M6W3F2908,3NL10TX034288,P - PARTICULAR,NO,24,HOMBRE,A,SI,,,2500,,,,,,,,,,,,,,,,,,,,,,
19,XALAPA,06/02/2014,LUNES,,20:00,,XALAPA,XALAPA,URBANA,,,CIRCUITO PRESIDENTES,MARTIRES 28 DE AGOSTO,OBRERO TEXTIL,BUENO,LLUVIA,CONCRETO,SECO,A NIVEL,NINGUNA,SIN RESTRICCIÓN,COLISIÓN,ÁNGULO,VEHÍCULO CIRCULANDO,2,,,,,,,,,,,,,,,,,0,,,,,,,,,,,,,,,,,,,,,
19,,,,,,,,,,,9,,,,,,,,,,,,,,,A - AUTOMÓVIL,NISSAN,TSURU,VERACRUZ,ROJO/BLANCO,GA1670393Y,3NIEB3151309105,PE - PÚBLICO ESTATAL,SI,25,HOMBRE,A,SI,NO RESPETAR SEMÁFORO,OTRO,2000,,,,,,,,,,,,,,,,,,,,,,
19,,,,,,,,,,,,,,,,,,,,,,,,,,A - AUTOMÓVIL,NISSAN,TSURU,VERACRUZ,BLANCO/VERDE,GA16873767V,3NIEB507311676,PE - PÚBLICO ESTATAL,SI,65,HOMBRE,A,SI,,,3000,,,,,,,,,,,,,,,,,,,,,,
20,XALAPA,06/02/2014,LUNES,,20:45,21:20,XALAPA,XALAPA,URBANA,,,MIGUEL ALEMAN,FERROCARRILERA,,REGULAR,,ASFALTO,MOJADO,A NIVEL,NINGUNA,SIN RESTRICCIÓN,COLISIÓN,POR ALCANCE,VEHÍCULO CIRCULANDO,3,CC - CAMIÓN DE CARGA,CHRYSLER,DAMBER,VERACRUZ,BLANCO,9.07E+13,3ALACXC709417854,P - PARTICULAR,SI,24,HOMBRE,A,SI,,,2000,0,,,,,,,,,,,,,,,,,,,,,
20,,,,,,,,,,,,,,,,,,,,,,,,,,A - AUTOMÓVIL,HONDA,VERNA,DISTRITO FEDERAL,ARENA,HECHO EN KOREA,KMHCH418183,P - PARTICULAR,NO,28,HOMBRE,B,SI,CAMBIAR CARRIL SIN PRECAUCIÓN,SUBÍA / BAJABA DE VEHÍCULO,2000,,,,,,,,,,,,,,,,,,,,,,
20,,,,,,,,,,,,,,,,,,,,,,,,,,A - AUTOMÓVIL,NISSAN,TSURU,VERACRUZ,BLANCO,GA16847611V,3NIEB31967804,P - PARTICULAR,NO,30,HOMBRE,A,SI,,,4000,,,,,,,,,,,,,,,,,,,,,,
21,XALAPA,06/02/2014,LUNES,21:30,21:45,22:15,XALAPA,XALAPA,URBANA,,,AVENIDA RUIZ CORTINES,UNIDAD MAGISTERIAL,LUCIO BLANCO,REGULAR,,ASFALTO,MOJADO,A NIVEL,NINGUNA,SIN RESTRICCIÓN,COLISIÓN,LATERAL,VEHÍCULO CIRCULANDO,2,,,,,,,,,,,,,,,,,0,,,,,,,,,,,,,,,,,,,,,
21,,,,,,,,,,,2,,,,,,,,,,,,,,,AS - AUTOBÚS SUBURBANO,DAIMLER CHRYSLER,CONTROL,VERACRUZ,VERDE,9.05E+13,3MBAA2CN37M21867,PE - PÚBLICO ESTATAL,NO,48,HOMBRE,A,SI,CAMBIAR CARRIL SIN PRECAUCIÓN,NO APLICA,500,,,,,,,,,,,,,,,,,,,,,,
21,,,,,,,,,,,,,,,,,,,,,,,,,,A - AUTOMÓVIL,VOLKSWAGEN,JETTA,VERACRUZ,PLATA,SIN NUMERO,3VWV09651707,P - PARTICULAR,SI,21,HOMBRE,B,SI,,,5000,,,,,,,,,,,,,,,,,,,,,,
22,XALAPA,06/02/2014,LUNES,,14:10,,XALAPA,XALAPA,URBANA,,,AVENIDA LAZARO CARDENAS,,JUSTINO SARMIENTO,BUENO,,ASFALTO,SECO,A NIVEL,NINGUNA,SIN RESTRICCIÓN,COLISIÓN,POR ALCANCE,VEHÍCULO CIRCULANDO,2,,,,,,,,,,,,,,,,,0,,,,,,,,,,,,,,,,,,,,,
22,,,,,,,,,,,1,,,,,,,,,,,,,,,A - AUTOMÓVIL,SEAT,LEON,DISTRITO FEDERAL,ROJO,CDA342686,VSSCJ61P7DR,P - PARTICULAR,NO,33,HOMBRE,A,SI,NO GUARDAR DISTANCIA,NO APLICA,3000,,,,,,,,,,,,,,,,,,,,,,
22,,,,,,,,,,,,,,,,,,,,,,,,,,A - AUTOMÓVIL,DODGE,STRATUS,VERACRUZ,GRIS,HECHO EN USA,4N223935,P - PARTICULAR,NO,33,HOMBRE,,NO,,,6000,,,,,,,,,,,,,,,,,,,,,,
23,XALAPA,06/02/2014,LUNES,05:40,,,XALAPA,XALAPA,URBANA,,,AVENIDA LAZARO CARDENAS,PASTORESA,,BUENO,NIEBLA,ASFALTO,SECO,DESCENDENTE,MARCA EN PAVIMENTO,SIN RESTRICCIÓN,COLISIÓN,,OBJETO FIJO,1,,,,,,,,,,,,,,,,,0,,,,,,,,,,,,,,,,,,,,,
23,,,,,,,,,,,1,,,,,,,,,,,,,,,CC - CAMIÓN DE CARGA,INTERNATIONAL,VOLTEO,VERACRUZ,GRIS,470HMZU1342306,3F9CA5A187T022049,P - PARTICULAR,NO,,,,NO,VELOCIDAD INMODERADA,NO APLICA,80000,,,,,,,,,,,,,,,,,,,,,,
24,XALAPA,06/03/2014,MARTES,,11:15,,XALAPA,XALAPA,URBANA,,,BELGRADA,MONTE MAGNO,,BUENO,,CONCRETO,SECO,DESCENDENTE,NINGUNA,SIN RESTRICCIÓN,COLISIÓN,ÁNGULO,VEHÍCULO ESTACIONADO,3,A - AUTOMÓVIL,CHEVROLET,CHEVY,DISTRITO FEDERAL,MARRON,HECHO EN MEXICO,3GISFRI231818,P - PARTICULAR,SI,33,HOMBRE,A,SI,,,MINIMOS,0,,,,,,,,,,,,,,,,,,,,,
24,,,,,,,,,,,,,,,,,,,,,,,,,,A - AUTOMÓVIL,MAZDA,MX5,VERACRUZ,ROJO,LF036145,JMINC2531205,P - PARTICULAR,NO,,,,NO,VELOCIDAD INMODERADA,NO APLICA,2500,,,,,,,,,,,,,,,,,,,,,,
24,,,,,,,,,,,,,,,,,,,,,,,,,,A - AUTOMÓVIL,HONDA,ACCORD,DISTRITO FEDERAL,GRIS,K2YZ34784629,1HCP2687BA903150,P - PARTICULAR,NO,,,,NO,,,15000,,,,,,,,,,,,,,,,,,,,,,
25,XALAPA,06/03/2014,MARTES,,12:25,,XALAPA,XALAPA,URBANA,,,AVENIDA 28 DE AGOSTO No 907,FRANCISCO FERRER GUARDIA,,BUENO,NIEBLA,ASFALTO,SECO,A NIVEL,NINGUNA,SIN RESTRICCIÓN,COLISIÓN,LATERAL,VEHÍCULO CIRCULANDO,2,,,,,,,,,,,,,,,,,0,,,,,,,,,,,,,,,,,,,,,
25,,,,,,,,,,,20,,,,,,,,,,,,,,,A - AUTOMÓVIL,VOLKSWAGEN,JETTA,VERACRUZ,NEGRO,CBP263212,3VWBV09M2CM005814,P - PARTICULAR,SI,40,HOMBRE,,NO,NO RESPETAR CEDA EL PASO,NO APLICA,2500,,,,,,,,,,,,,,,,,,,,,,
25,,,,,,,,,,,,,,,,,,,,,,,,,,AS - AUTOBÚS SUBURBANO,INTERNATIONAL,CHASIS,VERACRUZ,BLANCO/NARANJA,SIN NUMERO,3HVBPAAN22N518216,P - PARTICULAR,SI,40,HOMBRE,,NO,,,MINIMOS,,,,,,,,,,,,,,,,,,,,,,
26,XALAPA,06/03/2014,MARTES,,16:40,,XALAPA,XALAPA,URBANA,,,AVENIDA XALAPA,UNIDAD DEL BOSQUE,RUIZ CORTINES,BUENO,,ASFALTO,,A NIVEL,NINGUNA,SIN RESTRICCIÓN,COLISIÓN,POR ALCANCE,VEHÍCULO CIRCULANDO,2,,,,,,,,,,,,,,,,,0,,,,,,,,,,,,,,,,,,,,,
26,,,,,,,,,,,7,,,,,,,,,,,,,,,A - AUTOMÓVIL,CHEVROLET,CAVALIER,VERACRUZ,PLATA,HECHO EN MEXICO,SIN NUMERO,P - PARTICULAR,NO,67,HOMBRE,B,SI,NO GUARDAR DISTANCIA,NO APLICA,2000,,,,,,,,,,,,,,,,,,,,,,
26,,,,,,,,,,,,,,,,,,,,,,,,,,C - CAMIONETA,FORD,ECO-SPORT,VERACRUZ,ROJO,SIN NUMERO,PBFV35F158654303,P - PARTICULAR,NO,68,HOMBRE,B,SI,,,4000,,,,,,,,,,,,,,,,,,,,,,
27,XALAPA,06/03/2014,MARTES,,17:30,,XALAPA,XALAPA,URBANA,,,AVENIDA LAZARO CARDENAS,ENCINAL,CHEDRAUI CARAM,BUENO,,ASFALTO,SECO,A NIVEL,NINGUNA,SIN RESTRICCIÓN,COLISIÓN,LATERAL,VEHÍCULO CIRCULANDO,2,,,,,,,,,,,,,,,,,0,,,,,,,,,,,,,,,,,,,,,
27,,,,,,,,,,,1,,,,,,,,,,,,,,,A - AUTOMÓVIL,VOLKSWAGEN,JETTA,VERACRUZ,GRIS/PLATA,ILEGIBLE,470HM2U1347851,P - PARTICULAR,NO,41,HOMBRE,A,SI,VELOCIDAD INMODERADA,NO APLICA,MINIMOS,,,,,,,,,,,,,,,,,,,,,,
27,,,,,,,,,,,,,,,,,,,,,,,,,,AS - AUTOBÚS SUBURBANO,INTERNATIONAL,CHASIS,VERACRUZ,BLANCO/VERDE,ILEGIBLE,3HVBNAAN42N548324,PE - PÚBLICO ESTATAL,NO,24,HOMBRE,,NO,,,3000,,,,,,,,,,,,,,,,,,,,,,
28,XALAPA,06/03/2014,MARTES,05:02,,,XALAPA,XALAPA,URBANA,,,AVENIDA 20 DE NOVIEMBRE,ALVARO OBREGON,,BUENO,NIEBLA,ASFALTO,SECO,A NIVEL,NINGUNA,SIN RESTRICCIÓN,COLISIÓN,MANIOBRA EN REVERSA,VEHÍCULO CIRCULANDO,1,,,,,,,,,,,,,,,,,0,,,,,,,,,,,,,,,,,,,,,
28,,,,,,,,,,,,,,,,,,,,,,,,,,C - CAMIONETA,CHRYSLER,VOYAGER,DISTRITO FEDERAL,CAFÉ,SIN NUMERO,1C49H54R0MIX17,P - PARTICULAR,NO,38,HOMBRE,,NO,VELOCIDAD INMODERADA,NO APLICA,6000,,,,,,,,,,,,,,,,,,,,,,
29,XALAPA,06/03/2014,MARTES,,11:35,12:20,XALAPA,XALAPA,URBANA,,,BOULEVARD XALAPA-BANDERILLA,LAGUNILLA,MEXICO,BUENO,,ASFALTO,,ASCENDENTE,NINGUNA,ACCIDENTE PREVIO,COLISIÓN,,OBJETO FIJO,1,,,,,,,,,,,,,,,,,1,,,,,,,,,,,,,,,,,,,,,
29,,,,,,,,,,,,,,,,,,,,,,,,,,M - MOTOCICLETA,HONDA,CARGO,VERACRUZ,ROJA,SIN NUMERO,SIN NUMERO,P - PARTICULAR,NO,26,HOMBRE,D,SI,VELOCIDAD INMODERADA,NO APLICA,12000,,,,,1,,,,,,,,,,,,,,,,,
30,XALAPA,06/03/2014,MARTES,,10:35,,XALAPA,XALAPA,URBANA,,,AVENIDA RUIZ CORTINES,FRANCISCO FERRER GUARDIA,,BUENO,,ASFALTO,SECO,A NIVEL,SEÑAL CEDA EL PASO,SIN RESTRICCIÓN,COLISIÓN,ÁNGULO,VEHÍCULO CIRCULANDO,2,A - AUTOMÓVIL,DATSUN,GUAYIN,VERACRUZ,VERDE,SIN NUMERO,SIN NUMERO,P - PARTICULAR,NO,,,,NO,NO RESPETAR CEDA EL PASO,NO APLICA,2000,0,,,,,,,,,,,,,,,,,,,,,
30,,,,,,,,,,,2,,,,,,,,,,,,,,,A - AUTOMÓVIL,VOLKSWAGEN,JETTA,VERACRUZ,NEGRO,AWP740989,3VWSE29M02M148576,P - PARTICULAR,NO,47,MUJER,C,SI,,,5000,,,,,,,,,,,,,,,,,,,,,,
31,XALAPA,06/04/2014,MIÉRCOLES,,08:20,,XALAPA,XALAPA,URBANA,,,AVENIDA RUIZ CORTINES,,XALAPA,BUENO,,ASFALTO,,ASCENDENTE,NINGUNA,COLISIÓN,,LATERAL,VEHÍCULO CIRCULANDO,2,,,,,,,,,,,,,,,,,0,,,,,,,,,,,,,,,,,,,,,
31,,,,,,,,,,,2,,,,,,,,,,,COLISIÓN,,,,A - AUTOMÓVIL,NISSAN,SENTRA,DISTRITO FEDERAL,AZUL,QG186297155,3NICB515K,P - PARTICULAR,NO,34,MUJER,A,SI,CAMBIAR CARRIL SIN PRECAUCIÓN,OTRO,1000,,,,,,,,,,,,,,,,,,,,,,
31,,,,,,,,,,,,,,,,,,,,,,,,,,A - AUTOMÓVIL,NISSAN,TSURU,VERACRUZ,BLANCO/ROJO,GA16708007Y,3NIEB3151A,PE - PÚBLICO ESTATAL,NO,49,HOMBRE,A,SI,,,1000,,,,,,,,,,,,,,,,,,,,,,
32,XALAPA,06/04/2014,MIÉRCOLES,,08:35,09:00,XALAPA,XALAPA,URBANA,,,2 PONIENTE Y FRESNILLOS,HERNANDEZ OCHOA,,REGULAR,SOLEADO,CONCRETO,SECO,A NIVEL,NINGUNA,SIN RESTRICCIÓN,COLISIÓN,ÁNGULO,VEHÍCULO CIRCULANDO,2,,,,,,,,,,,,,,,,,0,,,,,,,,,,,,,,,,,,,,,
32,,,,,,,,,,,,,,,,,,,,,,,,,,A - AUTOMÓVIL,NISSAN,TSURU,VERACRUZ,BLANCO/VERDE,GA167891264,3NIEB315BK632424,PE - PÚBLICO ESTATAL,SI,57,HOMBRE,A,SI,"VUELTA EN ""U""",NO APLICA,2000,,,,,,,,,,,,,,,,,,,,,,
32,,,,,,,,,,,,,,,,,,,,,,,,,,A - AUTOMÓVIL,NISSAN,MARCH,VERACRUZ,AZUL,HECHO EN MEXICO,3NICKCD230062,P - PARTICULAR,SI,29,MUJER,A,SI,,,5000,,,,,,,,,,,,,,,,,,,,,,
33,XALAPA,06/04/2014,MIÉRCOLES,18:50,19:10,19:30,XALAPA,XALAPA,URBANA,,,AVENIDA 20 DE NOVIEMBRE,PUMAR,,BUENO,,CONCRETO,SECO,A NIVEL,NINGUNA,SIN RESTRICCIÓN,COLISIÓN,LATERAL,VEHÍCULO CIRCULANDO,2,,,,,,,,,,,,,,,,,0,,,,,,,,,,,,,,,,,,,,,
33,,,,,,,,,,,5,,,,,,,,,,,,,,,A - AUTOMÓVIL,NISSAN,TSURU,VERACRUZ,BLANCO/VERDE,GA16736333Y,SIN NUMERO,PE - PÚBLICO ESTATAL,SI,34,HOMBRE,A,SI,CAMBIAR CARRIL SIN PRECAUCIÓN,NO APLICA,2000,,,,,,,,,,,,,,,,,,,,,,
33,,,,,,,,,,,,,,,,,,,,,,,,,,AS - AUTOBÚS SUBURBANO,FREIGHLINER,CHASIS,VERACRUZ,ROJO/BLANCO,3NIEB3158AK33738,SIN NUMERO,P - PARTICULAR,NO,26,HOMBRE,A,SI,,,1500,,,,,,,,,,,,,,,,,,,,,,
34,XALAPA,06/04/2014,MIÉRCOLES,,08:30,,XALAPA,XALAPA,URBANA,,,AVENIDA CIUDAD DE LAS FLORES,RUBEN PABELLO ACOSTA,MANUEL M. CONTREAS,BUENO,SOLEADO,,MOJADO,A NIVEL,NINGUNA,SIN RESTRICCIÓN,COLISIÓN,ÁNGULO,VEHÍCULO CIRCULANDO,2,,,,,,,,,,,,,,,,,0,,,,,,,,,,,,,,,,,,,,,
34,,,,,,,,,,,,,,,,,,,,,,,,,,A - AUTOMÓVIL,CHEVROLET,CHEVY,VERACRUZ,NEGRO,SIN NUMERO,3G1SF61X98S160784,P - PARTICULAR,NO,53,HOMBRE,A,SI,NO GUARDAR DISTANCIA,NO APLICA,4000,,,,,,,,,,,,,,,,,,,,,,
34,,,,,,,,,,,,,,,,,,,,,,,,,,M - MOTOCICLETA,HONDA,CARGO 1500,VERACRUZ,ROJA,SIN NUMERO,3HIKA4172ED103154,P - PARTICULAR,NO,21,HOMBRE,,NO,,,2000,,,,,,,,,,,,,,,,,,,,,,
35,XALAPA,06/04/2014,MIÉRCOLES,,08:35,,XALAPA,XALAPA,URBANA,,,AVENIDA LAZARO CARDENAS,MOCTEZUMA,ARCO SUR,BUENO,SOLEADO,ASFALTO,SECO,A NIVEL,NINGUNA,SIN RESTRICCIÓN,COLISIÓN,ÁNGULO,VEHÍCULO CIRCULANDO,2,,,,,,,,,,,,,,,,,0,,,,,,,,,,,,,,,,,,,,,
35,,,,,,,,,,,1,,,,,,,,,,,,,,,A - AUTOMÓVIL,CHRYSLER,CHARGER,VERACRUZ,ROJO,SIN NUMERO,2C3DXHG0CH264223,P - PARTICULAR,NO,39,HOMBRE,A,SI,VELOCIDAD INMODERADA,NO APLICA,4000,,,,,,,,,,,,,,,,,,,,,,
35,,,,,,,,,,,,,,,,,,,,,,,,,,M - MOTOCICLETA,ITALIKA,,VERACRUZ,NEGRO,SIN NUMERO,SIN NUMERO,P - PARTICULAR,NO,53,HOMBRE,,NO,,,3000,,,,,,,,,,,,,,,,,,,,,,
36,XALAPA,06/05/2014,JUEVES,,08:47,,XALAPA,XALAPA,URBANA,,,ERNESTO ORTIZ MEDINA,,,BUENO,SOLEADO,ASFALTO,SECO,A NIVEL,NINGUNA,SIN RESTRICCIÓN,COLISIÓN,LATERAL,VEHÍCULO CIRCULANDO,2,,,,,,,,,,,,,,,,,0,,,,,,,,,,,,,,,,,,,,,
36,,,,,,,,,,,,,,,,,,,,,,,,,,AS - AUTOBÚS SUBURBANO,EUROCAR,CHASIS,VERACRUZ,BLANCO,1997,HECHO EN USA,PE - PÚBLICO ESTATAL,NO,38,HOMBRE,A,SI,VELOCIDAD INMODERADA,NO APLICA,1000,,,,,,,,,,,,,,,,,,,,,,
36,,,,,,,,,,,,,,,,,,,,,,,,,,C - CAMIONETA,CHEVROLET,TRAVERSE,VERACRUZ,BLANCO,SIN NUMERO,1GNKR9ED6BJ152416,P - PARTICULAR,NO,43,HOMBRE,,NO,,,4000,,,,,,,,,,,,,,,,,,,,,,
37,XALAPA,06/05/2014,JUEVES,,15:45,,XALAPA,XALAPA,URBANA,,,VILLA HERMOSA,TAMAUILIPAS,PROGRESO MACUILTEPETL,BUENO,,ASFALTO,SECO,A NIVEL,NINGUNA,SIN RESTRICCIÓN,COLISIÓN,ÁNGULO,VEHÍCULO CIRCULANDO,2,,,,,,,,,,,,,,,,,0,,,,,,,,,,,,,,,,,,,,,
37,,,,,,,,,,,,,,,,,,,,,,,,,,A - AUTOMÓVIL,CHRYSLER,ATTITUDE,TLAXCALA,NEGRO,2009,HECHOE N KOREA,P - PARTICULAR,SI,46,HOMBRE,C,SI,CAMBIAR CARRIL SIN PRECAUCIÓN,NO APLICA,7000,,,,,,,,,,,,,,,,,,,,,,
37,,,,,,,,,,,,,,,,,,,,,,,,,,A - AUTOMÓVIL,CHEVROLET,CHEVY,VERACRUZ,GRIS MAGNESIO,HECHO EN MEXICO,3G1SFG1X27S112963,P - PARTICULAR,NO,36,HOMBRE,C,SI,,,4000,,,,,,,,,,,,,,,,,,,,,,
38,XALAPA,06/05/2014,JUEVES,,11:00,,XALAPA,XALAPA,URBANA,,,GILDARDO AVILES,RAFAEL LUCIO,LAZARO CARDENAS,BUENO,,CONCRETO,SECO,DESCENDENTE,NINGUNA,SIN RESTRICCIÓN,COLISIÓN,MANIOBRA EN REVERSA,VEHÍCULO CIRCULANDO,2,,,,,,,,,,,,,,,,,0,,,,,,,,,,,,,,,,,,,,,
38,,,,,,,,,,,,,,,,,,,,,,,,,,C - CAMIONETA,TOYOTA,HOLUX,TABASCO,BLANCO,2010,1998,P - PARTICULAR,SI,24,HOMBRE,B,SI,CAMBIAR CARRIL SIN PRECAUCIÓN,NO APLICA,4000,,,,,,,,,,,,,,,,,,,,,,
38,,,,,,,,,,,,,,,,,,,,,,,,,,C - CAMIONETA,VOLKSWAGEN,SEDAN,VERACRUZ,ROJO,BAJEX3263A4026727,3VWSE1BXWM518137,P - PARTICULAR,NO,39,HOMBRE,B,SI,,,2000,,,,,,,,,,,,,,,,,,,,,,
39,XALAPA,06/05/2014,JUEVES,,13:25,,XALAPA,XALAPA,URBANA,,,XICONTECATL,CENTRO,AVILA CAMACHO,BUENO,SOLEADO,CONCRETO,SECO,A NIVEL,NINGUNA,SIN RESTRICCIÓN,COLISIÓN,ÁNGULO,VEHÍCULO CIRCULANDO,2,,,,,,,,,,,,,,,,,0,,,,,,,,,,,,,,,,,,,,,
39,,,,,,,,,,,,,,,,,,,,,,,,,,A - AUTOMÓVIL,NISSAN,VERSA,VERACRUZ,BLANCO,HR167221739H,3NICAD92K443601,P - PARTICULAR,SI,30,MUJER,C,SI,NO RESPETAR CEDA EL PASO,NO APLICA,8000,,,,,,,,,,,,,,,,,,,,,,
39,,,,,,,,,,,,,,,,,,,,,,,,,,A - AUTOMÓVIL,DODGE,ATOS,NUEVO LEÓN,ROJO,SIN NUMERO,KMMAG51G620288770,P - PARTICULAR,SI,53,HOMBRE,C,SI,,,3000,,,,,,,,,,,,,,,,,,,,,,
40,XALAPA,06/05/2014,JUEVES,,14:35,,XALAPA,XALAPA,URBANA,,,JOAQUIN RAMIREZ CABAÑAS,RAFAEL LUCIO,,BUENO,SOLEADO,CONCRETO,SECO,A NIVEL,NINGUNA,SIN RESTRICCIÓN,COLISIÓN,ÁNGULO,VEHÍCULO CIRCULANDO,2,,,,,,,,,,,,,,,,,1,,,,,,,,,,,,,,,,,,,,,
40,,,,,,,,,,,,,,,,,,,,,,,,,,C - CAMIONETA,NISSAN,CHASIS,VERACRUZ,BLANCO,KA24338732A,3NGDD14547K26365,P - PARTICULAR,SI,24,HOMBRE,A,SI,NO RESPETAR CEDA EL PASO,NO APLICA,MINIMOS,,,,,,,,,,,,,,,,,,,,,,
40,,,,,,,,,,,,,,,,,,,,,,,,,,A - AUTOMÓVIL,HONDA,,VERACRUZ,ROJO,SDH150FMG2AB5030,LTMPCG675C5803448,P - PARTICULAR,NO,34,HOMBRE,D,SI,,,5000,,,,,,,1,,,,,,,,,,,,,,,
41,XALAPA,06/05/2014,JUEVES,,09:10,,XALAPA,XALAPA,URBANA,,,ESTRELLA POLO NORTE,ARROYO BLANCO,VERA,BUENO,,CONCRETO,,ASCENDENTE,NINGUNA,SIN RESTRICCIÓN,ATROPELLAMIENTO,,VEHÍCULO CIRCULANDO,1,,,,,,,,,,,,,,,,,1,,,,,,,,,,,,,,,,,,,,,