idMES,DELEGACION DE TRANSITO,FECHA DEL ACCIDENTE,DIA DE LA SEMANA,HORA EN QUE SE RECIBIO LA LLAMADA REPORTANDO EL ACCIDENTE,HORA DE ARRIBO DEL PERITO AL SITIO,HORA DE REGRESO DEL PERITO A LAS INSTALACIONES DE SU DELEGACION,LOCALIDAD ACCIDENTE,MUNICIPIO ACCIDENTE,ZONA,CARRETERA/KILOMETRO DEL ACCIDENTE,NUMERO DE AVENIDA,CALLE/AVENIDA DEL ACCIDENTE,COLONIA,ENTRE CALLES,CONDICIONES DE LA VIA,CONDICIONES NATURALES,SUPERFICIE DE LA VIA,ESTADO DE LA VIA,TANGENTE,TIPO DE CONTROL DE TRANSITO,RESTRICCIONES DE LA VIA,TIPO DE ACCIDENTE,FORMA DE ACCIDENTARSE,CONTRA QUE FUE EL IMPACTO,CANTIDAD DE VEHICULOS,TIPO DE VEHICULO,MARCA,SUBMARCA,ENTIDAD FEDERATIVA DEL VEHICULO,COLOR DEL VEHICULO,MOTOR,SERIE,TIPO DE SERVICIO PARA EL QUE SE OCUPAN LOS VEHICULOS,ASEGURADO,EDAD CONDUCTOR,SEXO CONDUCTOR,TIPO LICENCIA,LICENCIA VIGENTE,CAUSA ATRIBUIBLE AL CONDUCTOR,CAUSA ATRIBUIBLE AL PEATON,DANIOS (MONTO APROXIMADO EN MXN),NUMERO DE HERIDOS,MUJER HERIDA DE 0-15 ANIOS,HOMBRE HERIDO DE 0-15 ANIOS,MUJER HERIDA DE 16-30 ANIOS,HOMBRE HERIDO DE 16-30 ANIOS,MUJER HERIDA DE 31-45 ANIOS,HOMBRE HERIDO DE 31-45 ANIOS,MUJER HERIDA DE 46-60 ANIOS,HOMBRE HERIDO DE 46-60 ANIOS,MUJER HERIDA MAS DE 60 ANIOS,HOMBRE HERIDO MAS DE 60 ANIOS,NUMERO DE MUERTOS,MUJER MUERTA DE 0-15 ANIOS,HOMBRE MUERTO DE 0-15 ANIOS,MUJER MUERTA DE 16-30 ANIOS,HOMBRE MUERTO DE 16-30 ANIOS,MUJER MUERTA DE 31-45 ANIOS,HOMBRE MUERTO DE 31-45 ANIOS,MUJER MUERTA DE 46-60 ANIOS,HOMBRE MUERTO DE 46-60 ANIOS,MUJER MUERTA MAS DE 60 ANIOS,HOMBRE MUERTO MAS DE 60 ANIOS
41,,,,,,,,,,,,,,,,,,,,,,,,,,A - AUTOMÓVIL,NISSAN,TSURU,VERACRUZ,BLANCO/VERDE,GA16744891Y,3NIEB159AK340343,PE - PÚBLICO ESTATAL,SI,32,HOMBRE,A,SI,VELOCIDAD INMODERADA,NO APLICA,MINIMOS,,,,,,,,1,,,,,,,,,,,,,,
42,XALAPA,06/05/2014,JUEVES,,15:30,,XALAPA,XALAPA,URBANA,,,AMERICAS,JOSE CARDEL,FAUSTO VEGA,BUENO,,CONCRETO,,,NINGUNA,ACCIDENTE PREVIO,COLISIÓN,POR ALCANCE,VEHÍCULO CIRCULANDO,2,,,,,,,,,,,,,,,,,0,,,,,,,,,,,,,,,,,,,,,
42,,,,,,,,,,,3,,,,,,,,,,,,,,,A - AUTOMÓVIL,VOLKSWAGEN,POINTER,VERACRUZ,GRIS,BJY106356,9BWCC05W99T00753A,P - PARTICULAR,NO,57,HOMBRE,B,SI,NO GUARDAR DISTANCIA,NO APLICA,2500,,,,,,,,,,,,,,,,,,,,,,
42,,,,,,,,,,,,,,,,,,,,,,,,,,C - CAMIONETA,NISSAN,X-TRAIL,VERACRUZ,BEIGE,QR25255486,JN1BT05A75W772620,P - PARTICULAR,SI,53,HOMBRE,B,SI,,,4000,,,,,,,,,,,,,,,,,,,,,,
43,XALAPA,06/06/2014,VIERNES,,10:00,,XALAPA,XALAPA,URBANA,,,AVENIDA LAZARO CARDENAS,,,BUENO,SOLEADO,ASFALTO,SECO,A NIVEL,NINGUNA,SIN RESTRICCIÓN,COLISIÓN,POR ALCANCE,VEHÍCULO CIRCULANDO,3,C - CAMIONETA,FORD,RANGER,VERACRUZ,BLANCO,VPA77700,1FTCR10A4VP477700,P - PARTICULAR,NO,48,HOMBRE,,,NO RESPETAR SEÑAL DE ALTO,NO APLICA,2000,0,,,,,,,,,,,,,,,,,,,,,
43,,,,,,,,,,,1,,,,,,,,,,,,,,,A - AUTOMÓVIL,VOLKSWAGEN,SEAT,VERACRUZ,ROJO,BUY114150,VSSJB65P48R004260,P - PARTICULAR,SI,27,HOMBRE,B,SI,,,5000,,,,,,,,,,,,,,,,,,,,,,
43,,,,,,,,,,,,,,,,,,,,,,,,,,AS - AUTOBÚS SUBURBANO,MERCEDES BENZ,,,BLANCO,906947002317B,SPMAA4CSC2MSMJ14425,PF- PÚBLICO FEDERAL,SI,41,HOMBRE,A,SI,,,2000,,,,,,,,,,,,,,,,,,,,,,
44,XALAPA,06/06/2014,VIERNES,,10:05,10:20,XALAPA,XALAPA,URBANA,,,AVENIDA AVILA CAMACHO,CENTRO,XICONTECATL,REGULAR,SOLEADO,ASFALTO,SECO,A NIVEL,NINGUNA,SIN RESTRICCIÓN,COLISIÓN,ÁNGULO,VEHÍCULO CIRCULANDO,2,A - AUTOMÓVIL,NISSAN,TSURU,VERACRUZ,BLANCO/ROJO,GA16825817V,3N1EB31S26K337937,PE - PÚBLICO ESTATAL,SI,33,MUJER,A,SI,CAMBIAR CARRIL SIN PRECAUCIÓN,NO APLICA,4000,0,,,,,,,,,,,,,,,,,,,,,
44,,,,,,,,,,,4,,,,,,,,,,,,,,,A - AUTOMÓVIL,NISSAN,TSURU,VERACRUZ,BLANCO/VERDE,GA167992424,3N1EB31S1BK355378,PE - PÚBLICO ESTATAL,SI,52,HOMBRE,A,SI,,,2500,,,,,,,,,,,,,,,,,,,,,,
45,XALAPA,06/06/2014,VIERNES,,10:10,,XALAPA,XALAPA,URBANA,,,AVENIDA LAZARO CARDENAS,,"FTE, AL HOTEL FIESTA INN",BUENO,LLUVIA,CONCRETO,SECO,A NIVEL,MARCA EN PAVIMENTO,SIN RESTRICCIÓN,COLISIÓN,POR ALCANCE,VEHÍCULO CIRCULANDO,2,C - CAMIONETA,NISSAN,PICK UP,VERACRUZ,ROJO,SIN NUMERO,1N65D1622KCH19799,P - PARTICULAR,NO,43,HOMBRE,,,NO GUARDAR DISTANCIA,NO APLICA,1000,0,,,,,,,,,,,,,,,,,,,,,
45,,,,,,,,,,,1,,,,,,,,,,,,,,,A - AUTOMÓVIL,CHEVROLET,CHEVY,VERACRUZ,NEGRO,HECHO EN MEXICO,3G1SF21X7B5120462,P - PARTICULAR,SI,47,HOMBRE,B,SI,,,2000,,,,,,,,,,,,,,,,,,,,,,
46,XALAPA,06/06/2014,VIERNES,,13:10,,XALAPA,XALAPA,URBANA,,,AVENIDA AVILA CAMACHO,,XALAPA,BUENO,SOLEADO,CONCRETO,SECO,ASCENDENTE,SEMÁFORO FUNCIONANDO,SIN RESTRICCIÓN,COLISIÓN,LATERAL,VEHÍCULO CIRCULANDO,2,A - AUTOMÓVIL,NISSAN,TSURU,VERACRUZ,BLANCO/ROJO,GA16883372Y,3N1EB31S2DK302148,PE - PÚBLICO ESTATAL,SI,22,HOMBRE,A,SI,CAMBIAR CARRIL SIN PRECAUCIÓN,NO APLICA,1000,0,,,,,,,,,,,,,,,,,,,,,
46,,,,,,,,,,,4,,,,,,,,,,,,,,,A - AUTOMÓVIL,HONDA,CIVIC,VERACRUZ,PLATA,D16Y85740649,1MGEJ8663YL908213,P - PARTICULAR,NO,28,HOMBRE,B,SI,,,3000,,,,,,,,,,,,,,,,,,,,,,
47,XALAPA,06/06/2014,VIERNES,,14:05,,XALAPA,XALAPA,URBANA,,,ZARAGOZA,CENTRO,BARRAGAN,BUENO,LLUVIA,CONCRETO,MOJADO,A NIVEL,NINGUNA,SIN RESTRICCIÓN,COLISIÓN,LATERAL,VEHÍCULO CIRCULANDO,2,A - AUTOMÓVIL,NISSAN,TSURU,VERACRUZ,BLANCO/ROJO,GA1678654651,3N1EB31S65K308150,PE - PÚBLICO ESTATAL,SI,23,HOMBRE,A,SI,CAMBIAR CARRIL SIN PRECAUCIÓN,NO APLICA,1000,0,,,,,,,,,,,,,,,,,,,,,
47,,,,,,,,,,,,,,,,,,,,,,,,,,C - CAMIONETA,CHRYSLER,CHALLENGER,VERACRUZ,GRIS,HECHO EN USA,2C3CDYAGZEH188328,P - PARTICULAR,SI,31,HOMBRE,,,,,2000,,,,,,,,,,,,,,,,,,,,,,
48,XALAPA,06/06/2014,VIERNES,18:50,19:15,20:05,XALAPA,XALAPA,URBANA,,,CUAUHTEMOC,CENTRO,ARTEAGA Y XALAPEÑOS ILUSTRES,MALO,LLUVIA,CONCRETO,MOJADO,ASCENDENTE,NINGUNA,SIN RESTRICCIÓN,COLISIÓN,ÁNGULO,VEHÍCULO CIRCULANDO,2,C - CAMIONETA,TOYOTA,HIGHLANDER,VERACRUZ,GRIS,2GRA298479,JTEDS43A382022450,P - PARTICULAR,NO,27,MUJER,B,SI,OTRO,NO APLICA,3000,0,,,,,,,,,,,,,,,,,,,,,
48,,,,,,,,,,,,,,,,,,,,,,,,,,M - MOTOCICLETA,SUZUKI,VSTROM,VERACRUZ,AZUL/NEGRO,,JS1VP56AXC2102259,O - OFICIAL,SI,26,HOMBRE,,,,,1000,,,,,,,,,,,,,,,,,,,,,,
49,XALAPA,06/06/2014,VIERNES,,20:00,,XALAPA,XALAPA,URBANA,,,IGNACIO DE LA LLAVE,,SUPER CHE,BUENO,LLUVIA,CONCRETO,MOJADO,ASCENDENTE,NINGUNA,SIN RESTRICCIÓN,COLISIÓN,ÁNGULO,VEHÍCULO CIRCULANDO,2,A - AUTOMÓVIL,NISSAN,TSURU,VERACRUZ,BLANCO/ROJO,GA16819716W,3N1EB31S98K367620,PE - PÚBLICO ESTATAL,SI,42,HOMBRE,A,SI,OTRO,NO APLICA,1000,0,,,,,,,,,,,,,,,,,,,,,
49,,,,,,,,,,,,,,,,,,,,,,,,,,C - CAMIONETA,CHEVROLET,SPARK,VERACRUZ,BLANCO/VERDE,HECHO EN KOREA,KL1CM6CD0BC600189,PE - PÚBLICO ESTATAL,SI,42,HOMBRE,A,SI,,,2000,,,,,,,,,,,,,,,,,,,,,,
50,XALAPA,06/06/2014,VIERNES,,20:00,,XALAPA,XALAPA,URBANA,,,CHEDRAUI CARAM,,,BUENO,LLUVIA,CONCRETO,MOJADO,A NIVEL,NINGUNA,SIN RESTRICCIÓN,COLISIÓN,ÁNGULO,VEHÍCULO CIRCULANDO,2,A - AUTOMÓVIL,VOLKSWAGEN,JETTA,VERACRUZ,AZUL,NW075212,16K0636345,P - PARTICULAR,,23,HOMBRE,B,SI,OTRO,NO APLICA,1000,0,,,,,,,,,,,,,,,,,,,,,
50,,,,,,,,,,,,,,,,,,,,,,,,,,CC - CAMIÓN DE CARGA,INTERNATIONAL,TRACTO CAMION,VERACRUZ,AZUL,43502161,3HSNGAETX1N,P - PARTICULAR,,42,HOMBRE,B,SI,,,1000,,,,,,,,,,,,,,,,,,,,,,
50,,,,,,,,,,,,,,,,,,,,,,,,,,,,,,,,,,,,,,,,,,,1,,1,,,,,,,,,,,,,,,,,,
51,XALAPA,06/06/2014,VIERNES,,21:40,,XALAPA,XALAPA,URBANA,,,IGNACIO ZARAGOZA,,,BUENO,LLUVIA,CONCRETO,MOJADO,A NIVEL,NINGUNA,SIN RESTRICCIÓN,COLISIÓN,POR ALCANCE,VEHÍCULO CIRCULANDO,2,A - AUTOMÓVIL,FORD,MUSTANG,VERACRUZ,ROJO,SIN NUMERO,1ZVBP8AM4B,P - PARTICULAR,,,HOMBRE,,,OTRO,NO APLICA,2000,2,,,,,,,,,,,,,,,,,,,,,
51,,,,,,,,,,,,,,,,,,,,,,,,,,A - AUTOMÓVIL,NISSAN,PLATINA,VERACRUZ,ROJO,Q035802,3N1JH01503L,P - PARTICULAR,,,HOMBRE,,,,,5000,,,,,,,,,,,,,,,,,,,,,,
52,XALAPA,06/07/2014,SÁBADO,,12:30,,XALAPA,XALAPA,URBANA,,,AMERICAS,,JUSTINO SARMIENTO,BUENO,LLUVIA,CONCRETO,MOJADO,A NIVEL,NINGUNA,SIN RESTRICCIÓN,COLISIÓN,LATERAL,VEHÍCULO CIRCULANDO,2,A - AUTOMÓVIL,CHEVROLET,MERIVA,VERACRUZ,AZUL,IMPORTADO,93CXE75R64LZ14758,P - PARTICULAR,NO,24,HOMBRE,A,SI,CAMBIAR CARRIL SIN PRECAUCIÓN,NO APLICA,4000,0,,,,,,,,,,,,,,,,,,,,,
52,,,,,,,,,,,3,,,,,,,,,,,,,,,A - AUTOMÓVIL,NISSAN,TSURU,VERACRUZ,BLANCO/ROJO,GA16855811W,3N1EB31S39K322852,PE - PÚBLICO ESTATAL,SI,56,HOMBRE,B,SI,,,8000,,,,,,,,,,,,,,,,,,,,,,
53,XALAPA,06/07/2014,SÁBADO,,04:00,,XALAPA,XALAPA,URBANA,,,PIPILA,,MIRADOR,BUENO,LLUVIA,CONCRETO,MOJADO,A NIVEL,NINGUNA,SIN RESTRICCIÓN,COLISIÓN,,VEHÍCULO ESTACIONADO,2,A - AUTOMÓVIL,CHEVROLET,CHEVY,VERACRUZ,MARRON,HECHO EN MÉXICO,,P - PARTICULAR,NO,44,HOMBRE,B,SI,OTRO,NO APLICA,MINIMOS,0,,,,,,,,,,,,,,,,,,,,,
53,,,,,,,,,,,,,,,,,,,,,,,,,,C - CAMIONETA,FORD,,VERACRUZ,GRIS,SIN NUMERO,,P - PARTICULAR,NO,,,,,,,1000,,,,,,,,,,,,,,,,,,,,,,
54,XALAPA,06/07/2014,SÁBADO,,08:20,,XALAPA,XALAPA,URBANA,,,PROLONGACION VILLAHERMOSA,,ACUEDUCTO,BUENO,LLUVIA,ASFALTO,MOJADO,A NIVEL,NINGUNA,SIN RESTRICCIÓN,COLISIÓN,ÁNGULO,VEHÍCULO CIRCULANDO,2,A - AUTOMÓVIL,CHEVROLET,CHEVY,VERACRUZ,GRIS,HECHO EN MÉXICO,3G1SF61X9AS106195,P - PARTICULAR,NO,45,MUJER,C,SI,CAMBIAR CARRIL SIN PRECAUCIÓN,NO APLICA,5000,1,,,,,1,,,,,,,,,,,,,,,,
54,,,,,,,,,,,,,,,,,,,,,,,,,,A - AUTOMÓVIL,NISSAN,TIDA,VERACRUZ,PLATA,MR18016143J,3N1BL1AS1EK207490,P - PARTICULAR,SI,46,MUJER,,,,,16000,,,,,,,,,,,,,,,,,,,,,,
55,XALAPA,06/07/2014,SÁBADO,,09:30,,XALAPA,XALAPA,URBANA,,,ERNESTO ORTIZ MEDINA,FRACCIONAMIENTO VERACRUZ,XALAPA Y ORIZABA,BUENO,,ASFALTO,SECO,DESCENDENTE,NINGUNA,SIN RESTRICCIÓN,COLISIÓN,ÁNGULO,VEHÍCULO CIRCULANDO,2,A - AUTOMÓVIL,NISSAN,TSURU,VERACRUZ,BLANCO/VERDE,GA16874940W,3N1EB31S49K348491,PE - PÚBLICO ESTATAL,SI,29,HOMBRE,A,SI,NO RESPETAR CEDA EL PASO,NO APLICA,3000,0,,,,,,,,,,,,,,,,,,,,,
55,,,,,,,,,,,,,,,,,,,,,,,,,,A - AUTOMÓVIL,NISSAN,DATSUN,VERACRUZ,PLATEADO,E16068675M4,7WLB11042774,P - PARTICULAR,NO,42,HOMBRE,B,SI,,,2000,,,,,,,,,,,,,,,,,,,,,,
56,XALAPA,06/07/2014,SÁBADO,,20:55,,XALAPA,XALAPA,URBANA,,,AVENIDA ARCO SUR,RESERVA TERRITORIAL,,MALO,,ASFALTO,SECO,DESCENDENTE,NINGUNA,SIN RESTRICCIÓN,COLISIÓN,ÁNGULO,VEHÍCULO CIRCULANDO,2,A - AUTOMÓVIL,NISSAN,VERSA,VERACRUZ,ACERO,HR16869962G,3N10N7AD4EK417665,P - PARTICULAR,SI,44,HOMBRE,B,SI,CAMBIAR CARRIL SIN PRECAUCIÓN,NO APLICA,8000,0,,,,,,,,,,,,,,,,,,,,,
56,,,,,,,,,,,14,,,,,,,,,,,,,,,A - AUTOMÓVIL,CHEVROLET,CHEVY,VERACRUZ,ROJO,HECHO EN MEXICO,3GS1F21X5B5111713,P - PARTICULAR,NO,37,HOMBRE,B,SI,,,15000,,,,,,,,,,,,,,,,,,,,,,
57,XALAPA,06/07/2014,SÁBADO,,12:35,,XALAPA,XALAPA,URBANA,,,AVENIDA VILLAHERMOSA,PROGRESO MACUILTEPEC,AUAS CALIENTES,BUENO,,CONCRETO,SECO,A NIVEL,NINGUNA,SIN RESTRICCIÓN,COLISIÓN,POR ALCANCE,VEHÍCULO CIRCULANDO,2,TC - TRANSPORTE DE CARGA,EMPRESAS EMSAMBLADROA,TORTON,VERACRUZ,,,3F9CA3A178T022033,PF- PÚBLICO FEDERAL,,34,HOMBRE,A,SI,NO GUARDAR DISTANCIA,NO APLICA,MINIMOS,0,,,,,,,,,,,,,,,,,,,,,
57,,,,,,,,,,,6,,,,,,,,,,,,,,,A - AUTOMÓVIL,NISSAN,TSURU,VERACRUZ,,,3N1EB31S4BK345922,PE - PÚBLICO ESTATAL,,59,HOMBRE,A,SI,,,4000,,,,,,,,,,,,,,,,,,,,,,
58,XALAPA,06/07/2014,SÁBADO,02:09,02:35,,XALAPA,EMILIANO ZAPATA,URBANA,,,CENTRAL DE ABASTOS,FRACCIONAMIENTO LA PRADERA,,BUENO,LLUVIA,ASFALTO,MOJADO,DESCENDENTE,NINGUNA,SIN RESTRICCIÓN,SALIDA DE CAMINO,,,1,C - CAMIONETA,FORD,EXPLORER,VERACRUZ,ROJO,SIN NUMERO,1FMZU63P61ZA21743,P - PARTICULAR,,38,HOMBRE,,,OTRO,NO APLICA,12000,2,,,1,,,1,,,,,,,,,,,,,,,
59,XALAPA,06/08/2014,DOMINGO,,09:50,,XALAPA,XALAPA,URBANA,,,FRANCISCO RIVERA,OBRERA CAMOESINA,ORIZABA,REGULAR,,ASFALTO,SECO,A NIVEL,NINGUNA,SIN RESTRICCIÓN,COLISIÓN,ÁNGULO,VEHÍCULO CIRCULANDO,2,A - AUTOMÓVIL,VOLKSWAGEN,GOLF,VERACRUZ,AZUL,AEG608823,,P - PARTICULAR,NO,35,HOMBRE,C,SI,NO RESPETAR CEDA EL PASO,NO APLICA,7000,0,,,,,,,,,,,,,,,,,,,,,
59,,,,,,,,,,,,,,,,,,,,,,,,,,A - AUTOMÓVIL,NISSAN,TSURU,VERACRUZ,BLANCO/VERDE,GA16821613Y,,PE - PÚBLICO ESTATAL,SI,40,HOMBRE,A,SI,,,3000,,,,,,,,,,,,,,,,,,,,,,
60,XALAPA,06/08/2014,DOMINGO,11:40,12:10,13:30,XALAPA,XALAPA,URBANA,,,RIO TECOLUTLA,CAROLINO ANAYA,RIO CONSULADO,BUENO,SOLEADO,CONCRETO,SECO,A NIVEL,NINGUNA,SIN RESTRICCIÓN,COLISIÓN,DE FRENTE,VEHÍCULO CIRCULANDO,2,A - AUTOMÓVIL,NISSAN,TSURU,VERACRUZ,BLANCO/VERDE,GA16796702,3N1EB31SDEK3544755418,PE - PÚBLICO ESTATAL,SI,60,HOMBRE,A,SI,OTRO,NO APLICA,3500,0,,,,,,,,,,,,,,,,,,,,,
60,,,,,,,,,,,,,,,,,,,,,,,,,,C - CAMIONETA,MERCURY,MOUNTANIER,VERACRUZ,VERDE,HECHO EN USA,4MLZV55P2XUJ36254,P - PARTICULAR,NO,42,HOMBRE,,,,,2000,,,,,,,,,,,,,,,,,,,,,,
61,XALAPA,06/08/2014,DOMINGO,,19:45,,XALAPA,XALAPA,URBANA,,,AVENIDA 20 DE NOVIEMBRE,,MAESTROS VERACRUZANOS,BUENO,NIEBLA,CONCRETO,MOJADO,A NIVEL,NINGUNA,SIN RESTRICCIÓN,COLISIÓN,POR ALCANCE,VEHÍCULO CIRCULANDO,2,A - AUTOMÓVIL,CHRYSLER,SHADOW,VERACRUZ,NEGRO,LS011741,LS011741,P - PARTICULAR,NO,42,HOMBRE,,,NO GUARDAR DISTANCIA,NO APLICA,500,0,,,,,,,,,,,,,,,,,,,,,
61,,,,,,,,,,,5,,,,,,,,,,,,,,,A - AUTOMÓVIL,NISSAN,TSURU,VERACRUZ,BLANCO/VERDE,GA16789250W,3N1EB31SXBH345066,PE - PÚBLICO ESTATAL,SI,40,HOMBRE,A,SI,,,1000,,,,,,,,,,,,,,,,,,,,,,
62,XALAPA,06/08/2014,DOMINGO,,17:20,,XALAPA,XALAPA,URBANA,,,FERNANDO RETURETA LOPEZ No. 21,MIRADORES DEL MAR,,BUENO,,CONCRETO,SECO,A NIVEL,NINGUNA,SIN RESTRICCIÓN,COLISIÓN,,OBJETO FIJO,1,A - AUTOMÓVIL,HONDA,ACCORD,VERACRUZ,,,3HGCC56421G010124,P - PARTICULAR,,34,MUJER,,,VELOCIDAD INMODERADA,NO APLICA,10000,0,,,,,,,,,,,,,,,,,,,,,
63,XALAPA,06/08/2014,DOMINGO,10:00,10:17,,XALAPA,XALAPA,URBANA,,,AVENIDA MAESTROS VERACRUZANOS,POMONA,VERACRUZ Y ESTANZUELA,BUENO,,ASFALTO,SECO,DESCENDENTE,NINGUNA,SIN RESTRICCIÓN,COLISIÓN,,OBJETO FIJO,1,C - CAMIONETA,CHEVROLET,PICK UP,VERACRUZ,GRIS,HECHO EN MÉXICO,1703LGM104955,P - PARTICULAR,,58,HOMBRE,,,VELOCIDAD INMODERADA,NO APLICA,7000,0,,,,,,,,,,,,,,,,,,,,,
64,XALAPA,06/08/2014,DOMINGO,09:20,09:30,,XALAPA,XALAPA,URBANA,,,AVENIDA VILLAHERMOSA,PROGRESO MACUILTEPEC,AGUASCALIENTES,BUENO,,CONCRETO,SECO,DESCENDENTE,NINGUNA,SIN RESTRICCIÓN,COLISIÓN,,OBJETO FIJO,1,A - AUTOMÓVIL,NISSAN,TSURU,PUEBLA,BLANCO,,,P - PARTICULAR,,41,MUJER,,,VELOCIDAD INMODERADA,NO APLICA,8000,0,,,,,,,,,,,,,,,,,,,,,
64,,,,,,,,,,,6,,,,,,,,,,,,,,,,,,,,,,,,,,,,,,,,,,,,,,,,,,,,,,,,,,,,
65,XALAPA,06/09/2014,LUNES,,08:55,,XALAPA,XALAPA,URBANA,,,PINOS,VERACRUZ,PROL. ACUEDUCTO Y LOMA BONITA,REGULAR,,CONCRETO,MOJADO,ASCENDENTE,NINGUNA,SIN RESTRICCIÓN,COLISIÓN,,VEHÍCULO ESTACIONADO,2,A - AUTOMÓVIL,FORD,TUNDERBIRD,PUEBLA,BLANCO,,,P - PARTICULAR,,,,,,,,2000,0,,,,,,,,,,,,,,,,,,,,,
65,,,,,,,,,,,,,,,,,,,,,,,,,,A - AUTOMÓVIL,FORD,KA,VERACRUZ,NEGRO,,,P - PARTICULAR,,,,,,,,3000,,,,,,,,,,,,,,,,,,,,,,
66,XALAPA,06/09/2014,LUNES,,09:15,,XALAPA,XALAPA,URBANA,,,AVENIDA LAZARO CARDENAS,FERROCARRILERA,MIGUEL ALEMAN,BUENO,,ASFALTO,SECO,A NIVEL,NINGUNA,SIN RESTRICCIÓN,COLISIÓN,POR ALCANCE,VEHÍCULO CIRCULANDO,2,A - AUTOMÓVIL,NISSAN,TSURU,VERACRUZ,BLANCO/VERDE,GA16723885Y,3N1EB31S1AK323550,PE - PÚBLICO ESTATAL,SI,46,HOMBRE,A,SI,NO GUARDAR DISTANCIA,NO APLICA,1000,0,,,,,,,,,,,,,,,,,,,,,
66,,,,,,,,,,,1,,,,,,,,,,,,,,,A - AUTOMÓVIL,NISSAN,VERSA,VERACRUZ,ACERO,HR16749097H,3N1CN7AD9EK458857,P - PARTICULAR,NO,39,HOMBRE,C,SI,,,3500,,,,,,,,,,,,,,,,,,,,,,
67,XALAPA,06/09/2014,LUNES,,10:45,,XALAPA,XALAPA,URBANA,,,ARAUCARIA,ANIMAS,FTE. A INEGI,BUENO,,ASFALTO,SECO,A NIVEL,NINGUNA,SIN RESTRICCIÓN,COLISIÓN,LATERAL,VEHÍCULO CIRCULANDO,2,A - AUTOMÓVIL,NISSAN,TSURU,VERACRUZ,BLANCO/ROJO,GA16712356Y,3N1EB31S7AK313772,PE - PÚBLICO ESTATAL,SI,48,HOMBRE,A,SI,CAMBIAR CARRIL SIN PRECAUCIÓN,NO APLICA,800,0,,,,,,,,,,,,,,,,,,,,,
67,,,,,,,,,,,,,,,,,,,,,,,,,,M - MOTOCICLETA,HONDA,CG-125,VERACRUZ,ROJO,JC3DE61B007826,4LZJC3063BR007826,P - PARTICULAR,SI,23,HOMBRE,B,SI,,,2500,,,,,,,,,,,,,,,,,,,,,,
68,XALAPA,06/09/2014,LUNES,11:42,11:55,,XALAPA,XALAPA,URBANA,,,AVENIDA 28 DE AGOSTO,FERRER GUARDIA,FIDENCIO OCAÑA Y DELFINO VICTORIA,BUENO,,ASFALTO,SECO,A NIVEL,NINGUNA,SIN RESTRICCIÓN,COLISIÓN,POR ALCANCE,VEHÍCULO CIRCULANDO,2,A - AUTOMÓVIL,NISSAN,TSURU,VERACRUZ,BLANCO/ROJO,GA16853562W,3N1EB31S24K566146,PE - PÚBLICO ESTATAL,,27,HOMBRE,A,SI,NO GUARDAR DISTANCIA,NO APLICA,5000,1,,,,,1,,,,,,,,,,,,,,,,
68,,,,,,,,,,,20,,,,,,,,,,,,,,,C - CAMIONETA,NISSAN,CHASIS,VERACRUZ,BLANCO,KA24801652M,3N6CD15SXXK031080,P - PARTICULAR,,,,,,,,2000,,,,,,,,,,,,,,,,,,,,,,
69,XALAPA,06/09/2014,LUNES,07:10,07:30,,XALAPA,XALAPA,URBANA,,,AVENIDA GUSTAVO DIAZ ORDAZ,PREDIO DE LA VIRGEN,,BUENO,,ASFALTO,SECO,ASCENDENTE,NINGUNA,SIN RESTRICCIÓN,COLISIÓN,ÁNGULO,VEHÍCULO CIRCULANDO,2,C - CAMIONETA,NISSAN,X TERRA,VERACRUZ,BLANCO,SIN NUMERO,SN18D28T1YC5228947,P - PARTICULAR,,23,HOMBRE,,,OTRO,NO APLICA,12000,0,,,,,,,,,,,,,,,,,,,,,
69,,,,,,,,,,,,,,,,,,,,,,,,,,A - AUTOMÓVIL,RAMBLER,GREMLIN,DISTRITO FEDERAL,AZUL,KK192,0H5K16696,P - PARTICULAR,,41,HOMBRE,B,SI,,,6000,,,,,,,,,,,,,,,,,,,,,,
70,XALAPA,06/09/2014,LUNES,04:34,04:55,,XALAPA,XALAPA,URBANA,,,AVENIDA LAZARO CARDENAS,RAFAEL LUCIO,HERNANDEZ CASTILLO,BUENO,LLUVIA,CONCRETO,MOJADO,DESCENDENTE,NINGUNA,SIN RESTRICCIÓN,COLISIÓN,,OBJETO FIJO,1,C - CAMIONETA,FORD,WINDSTAR,VERACRUZ,BLANCO,SIN NUMERO,2FMDAS1455BC84722,P - PARTICULAR,,24,HOMBRE,A,SI,VELOCIDAD INMODERADA,NO APLICA,17000,1,,,1,,,,,,,,,,,,,,,,,,
70,,,,,,,,,,,1,,,,,,,,,,,,,,,,,,,,,,,,,,,,,,,,,,,,,,,,,,,,,,,,,,,,
71,XALAPA,06/09/2014,LUNES,04:34,04:55,,XALAPA,XALAPA,URBANA,,,AVENIDA LAZARO CARDENAS,RAFAEL LUCIO,HERNANDEZ CASTILLO,BUENO,LLUVIA,CONCRETO,MOJADO,DESCENDENTE,NINGUNA,SIN RESTRICCIÓN,COLISIÓN,,VEHÍCULO ESTACIONADO,2,A - AUTOMÓVIL,CHEVROLET,CHEVY,VERACRUZ,GRIS,HECHO EN MÉXICO,3G1SF21XX8S139965,P - PARTICULAR,,19,MUJER,,,VELOCIDAD INMODERADA,NO APLICA,8500,0,,,,,,,,,,,,,,,,,,,,,