idMES,DELEGACION DE TRANSITO,FECHA DEL ACCIDENTE,DIA DE LA SEMANA,HORA EN QUE SE RECIBIO LA LLAMADA REPORTANDO EL ACCIDENTE,HORA DE ARRIBO DEL PERITO AL SITIO,HORA DE REGRESO DEL PERITO A LAS INSTALACIONES DE SU DELEGACION,LOCALIDAD ACCIDENTE,MUNICIPIO ACCIDENTE,ZONA,CARRETERA/KILOMETRO DEL ACCIDENTE,NUMERO DE AVENIDA,CALLE/AVENIDA DEL ACCIDENTE,COLONIA,ENTRE CALLES,CONDICIONES DE LA VIA,CONDICIONES NATURALES,SUPERFICIE DE LA VIA,ESTADO DE LA VIA,TANGENTE,TIPO DE CONTROL DE TRANSITO,RESTRICCIONES DE LA VIA,TIPO DE ACCIDENTE,FORMA DE ACCIDENTARSE,CONTRA QUE FUE EL IMPACTO,CANTIDAD DE VEHICULOS,TIPO DE VEHICULO,MARCA,SUBMARCA,ENTIDAD FEDERATIVA DEL VEHICULO,COLOR DEL VEHICULO,MOTOR,SERIE,TIPO DE SERVICIO PARA EL QUE SE OCUPAN LOS VEHICULOS,ASEGURADO,EDAD CONDUCTOR,SEXO CONDUCTOR,TIPO LICENCIA,LICENCIA VIGENTE,CAUSA ATRIBUIBLE AL CONDUCTOR,CAUSA ATRIBUIBLE AL PEATON,DANIOS (MONTO APROXIMADO EN MXN),NUMERO DE HERIDOS,MUJER HERIDA DE 0-15 ANIOS,HOMBRE HERIDO DE 0-15 ANIOS,MUJER HERIDA DE 16-30 ANIOS,HOMBRE HERIDO DE 16-30 ANIOS,MUJER HERIDA DE 31-45 ANIOS,HOMBRE HERIDO DE 31-45 ANIOS,MUJER HERIDA DE 46-60 ANIOS,HOMBRE HERIDO DE 46-60 ANIOS,MUJER HERIDA MAS DE 60 ANIOS,HOMBRE HERIDO MAS DE 60 ANIOS,NUMERO DE MUERTOS,MUJER MUERTA DE 0-15 ANIOS,HOMBRE MUERTO DE 0-15 ANIOS,MUJER MUERTA DE 16-30 ANIOS,HOMBRE MUERTO DE 16-30 ANIOS,MUJER MUERTA DE 31-45 ANIOS,HOMBRE MUERTO DE 31-45 ANIOS,MUJER MUERTA DE 46-60 ANIOS,HOMBRE MUERTO DE 46-60 ANIOS,MUJER MUERTA MAS DE 60 ANIOS,HOMBRE MUERTO MAS DE 60 ANIOS
71,,,,,,,,,,,1,,,,,,,,,,,,,,,C - CAMIONETA,NISSAN,NP-300,VERACRUZ,PLATA,KA2224404369A,3N8DD25TS9K0113253,P - PARTICULAR,,,,,,,,12000,,,,,,,,,,,,,,,,,,,,,,
72,XALAPA,06/09/2014,LUNES,23:20,22:45,,XALAPA,XALAPA,URBANA,,,AVENIDA LAZARO CARDENAS,ENCINAL,ENCANTO Y CHEDRAUI CARAM,BUENO,,ASFALTO,MOJADO,A NIVEL,NINGUNA,SIN RESTRICCIÓN,COLISIÓN,,VEHÍCULO CIRCULANDO,2,A - AUTOMÓVIL,NISSAN,TSURU,VERACRUZ,BLANCO/VERDE,GA16800639Y,3N1EB31S0BK337106,PE - PÚBLICO ESTATAL,,30,HOMBRE,,,ALCOHOL / DROGAS,NO APLICA,3500,0,,,,,,,,,,,,,,,,,,,,,
72,,,,,,,,,,,1,,,,,,,,,,,,,,,A - AUTOMÓVIL,CHEVROLET,CRUZE,VERACRUZ,CARBON,SIN NUMERO,KL1PDSC55CK653219,P - PARTICULAR,,39,HOMBRE,B,SI,,,25000,,,,,,,,,,,,,,,,,,,,,,
73,XALAPA,06/10/2014,MARTES,,10:15,10:35,XALAPA,XALAPA,URBANA,,,HERMINIO CABAÑAS,RAFAEL LUCIO,MANUEL M. CONTREAS,REGULAR,SOLEADO,ASFALTO,SECO,A NIVEL,NINGUNA,SIN RESTRICCIÓN,COLISIÓN,ÁNGULO,VEHÍCULO CIRCULANDO,2,C - CAMIONETA,NISSAN,CABINA Y MEDIA,VERACRUZ,ROJO,SIN NUMERO,1N6HD16Y3RC405577,P - PARTICULAR,NO,60,HOMBRE,B,SI,CAMBIAR CARRIL SIN PRECAUCIÓN,NO APLICA,1000,0,,,,,,,,,,,,,,,,,,,,,
73,,,,,,,,,,,,,,,,,,,,,,,,,,A - AUTOMÓVIL,NISSAN,TSURU,VERACRUZ,VERDE,GA167366075,3BAMB1357146,P - PARTICULAR,NO,58,HOMBRE,A,SI,,,1000,,,,,,,,,,,,,,,,,,,,,,
74,XALAPA,06/10/2014,MARTES,,10:20,,XALAPA,XALAPA,URBANA,,,AVENIDA 28 DE AGOSTO,,,BUENO,,ASFALTO,SECO,A NIVEL,NINGUNA,SIN RESTRICCIÓN,COLISIÓN,ÁNGULO,VEHÍCULO CIRCULANDO,2,A - AUTOMÓVIL,NISSAN,TSURU,VERACRUZ,BLANCO/ROJO,GA16813525Y,3N1EB31S3BK,PE - PÚBLICO ESTATAL,,28,HOMBRE,A,SI,"VUELTA EN ""U""",NO APLICA,5000,0,,,,,,,,,,,,,,,,,,,,,
74,,,,,,,,,,,20,,,,,,,,,,,,,,,A - AUTOMÓVIL,VOLKSWAGEN,POINTER,VERACRUZ,BLANCO,UDH017267,9BWA37328XT,P - PARTICULAR,,41,HOMBRE,B,SI,,,5000,,,,,,,,,,,,,,,,,,,,,,
75,XALAPA,06/10/2014,MARTES,,15:15,,XALAPA,XALAPA,URBANA,,,BOLIVIA,LIBERTAD,,REGULAR,LLUVIA,ASFALTO,MOJADO,A NIVEL,NINGUNA,SIN RESTRICCIÓN,COLISIÓN,ÁNGULO,VEHÍCULO CIRCULANDO,2,C - CAMIONETA,CHEVROLET,SILVERADO,VERACRUZ,BLANCO,HECHO EN MÉXICO,3GCNC9CX7DG316118,P - PARTICULAR,SI,52,HOMBRE,B,SI,"VUELTA EN ""U""",NO APLICA,4000,0,,,,,,,,,,,,,,,,,,,,,
75,,,,,,,,,,,,,,,,,,,,,,,,,,M - MOTOCICLETA,HONDA,GL-150,VERACRUZ,ROJO,WH157FMY12K40559,3H1KA4171DD006705,P - PARTICULAR,NO,37,HOMBRE,,,,,,,,,,,,,,,,,,,,,,,,,,,
76,XALAPA,06/10/2014,MARTES,19:47,20:00,,XALAPA,XALAPA,URBANA,,,VICENTE GUERRERO,FRANCISCO FERRER GUARDIA,,BUENO,LLUVIA,CONCRETO,MOJADO,DESCENDENTE,NINGUNA,SIN RESTRICCIÓN,COLISIÓN,,VEHÍCULO ESTACIONADO,2,A - AUTOMÓVIL,NISSAN,TSURU,VERACRUZ,GRIS,E16396419M,1LB11244742,P - PARTICULAR,,75,HOMBRE,C,SI,OTRO,NO APLICA,4000,0,,,,,,,,,,,,,,,,,,,,,
76,,,,,,,,,,,,,,,,,,,,,,,,,,A - AUTOMÓVIL,PEUGEOT,,VERACRUZ,GRIS,10DLH5D1566495,8AD3DRFJ78G000457,P - PARTICULAR,,,,,,,,6000,,,,,,,,,,,,,,,,,,,,,,
77,XALAPA,06/11/2014,MIÉRCOLES,,08:30,,XALAPA,EMILIANO ZAPATA,URBANA,PLAN DEL RIO KM. 27+90,,,,,REGULAR,LLUVIA,ASFALTO,MOJADO,A NIVEL,NINGUNA,SIN RESTRICCIÓN,COLISIÓN,,OBJETO FIJO,1,A - AUTOMÓVIL,FORD,FUSION,DISTRITO FEDERAL,ARENA,SIN NUMERO,3FAHP08166R112036,P - PARTICULAR,SI,34,HOMBRE,B,SI,VELOCIDAD INMODERADA,NO APLICA,35000,0,,,,,,,,,,,,,,,,,,,,,
78,XALAPA,06/11/2014,MIÉRCOLES,,09:05,,XALAPA,XALAPA,URBANA,,,EBANO,HERNANDEZ OCHOA,RUIZ CORTINEZ Y ENCINO,BUENO,SOLEADO,CONCRETO,MOJADO,ASCENDENTE,NINGUNA,SIN RESTRICCIÓN,COLISIÓN,ÁNGULO,VEHÍCULO CIRCULANDO,2,A - AUTOMÓVIL,NISSAN,TSURU,VERACRUZ,BLANCO/VERDE,GA16769812Z,3N1EB31S5EK332326,PE - PÚBLICO ESTATAL,SI,54,HOMBRE,A,SI,OTRO,NO APLICA,3000,0,,,,,,,,,,,,,,,,,,,,,
78,,,,,,,,,,,,,,,,,,,,,,,,,,A - AUTOMÓVIL,CHRYSLER,STRATUS,VERACRUZ,AZUL MARINO,HECHO EN USA,1B3DL46YD4N131257,P - PARTICULAR,NO,29,MUJER,,,,,1500,,,,,,,,,,,,,,,,,,,,,,
79,XALAPA,06/11/2014,MIÉRCOLES,09:50,10:05,,XALAPA,XALAPA,URBANA,,,AVENIDA AVILA CAMACHO,CENTRO,USRULO GALVAN,BUENO,SOLEADO,CONCRETO,SECO,ASCENDENTE,NINGUNA,SIN RESTRICCIÓN,COLISIÓN,LATERAL,VEHÍCULO CIRCULANDO,2,A - AUTOMÓVIL,NISSAN,TSURU,VERACRUZ,BLANCO/ROJO,GA16741144Y,3N1EB31S8AK337210,PE - PÚBLICO ESTATAL,SI,25,HOMBRE,A,SI,CAMBIAR CARRIL SIN PRECAUCIÓN,NO APLICA,1200,0,,,,,,,,,,,,,,,,,,,,,
79,,,,,,,,,,,4,,,,,,,,,,,,,,,AS - AUTOBÚS SUBURBANO,MERCEDES BENZ,CHASIS,VERACRUZ,BLANCO,9.05E+13,3MBAA2CNX3M004364,PE - PÚBLICO ESTATAL,NO,23,HOMBRE,A,SI,,,1000,,,,,,,,,,,,,,,,,,,,,,
80,XALAPA,06/11/2014,MIÉRCOLES,,13:55,,XALAPA,XALAPA,URBANA,,,DIAZ MIRON,,CIRCUITO AGUIRRE BELTRAN Y REBSAMEN,BUENO,SOLEADO,ASFALTO,SECO,DESCENDENTE,NINGUNA,SIN RESTRICCIÓN,COLISIÓN,ÁNGULO,VEHÍCULO CIRCULANDO,2,C - CAMIONETA,TOYOTA,RAV-4,VERACRUZ,ARENA,AZ2660084,JTMZD33VX760,P - PARTICULAR,SI,55,MUJER,,,NO RESPETAR SEÑAL DE ALTO,NO APLICA,2000,0,,,,,,,,,,,,,,,,,,,,,
80,,,,,,,,,,,,,,,,,,,,,,,,,,A - AUTOMÓVIL,VOLKSWAGEN,BORA,VERACRUZ,BLANCO,CC065912,3VWHW11K3AM019662,P - PARTICULAR,SI,24,HOMBRE,A,SI,,,1500,,,,,,,,,,,,,,,,,,,,,,
81,XALAPA,06/11/2014,MIÉRCOLES,,18:40,,XALAPA,XALAPA,URBANA,,,BARRAGAN,CENTRO,ZARAGOZA,BUENO,,EMPEDRADO,SECO,ASCENDENTE,NINGUNA,SIN RESTRICCIÓN,COLISIÓN,ÁNGULO,VEHÍCULO CIRCULANDO,2,AS - AUTOBÚS SUBURBANO,NAVISTAR,CHASIS,VERACRUZ,BLANCO,,,PE - PÚBLICO ESTATAL,NO,45,HOMBRE,A,SI,NO RESPETAR CEDA EL PASO,NO APLICA,MINIMOS,0,,,,,,,,,,,,,,,,,,,,,
81,,,,,,,,,,,,,,,,,,,,,,,,,,A - AUTOMÓVIL,NISSAN,ALTIMA,VERACRUZ,GRIS,QR25283133W,1N4AL2494CN401763,P - PARTICULAR,SI,37,MUJER,C,SI,,,5000,,,,,,,,,,,,,,,,,,,,,,
82,XALAPA,06/11/2014,MIÉRCOLES,,18:40,,XALAPA,XALAPA,URBANA,,,AVENIDA MOSCU,FRACCIONAMIENTO MONTE MAGNO,BOULEVARD EUROPA,BUENO,,CONCRETO,SECO,DESCENDENTE,NINGUNA,SIN RESTRICCIÓN,COLISIÓN,,OBJETO FIJO,1,CC - CAMIÓN DE CARGA,CHEVROLET,CHASIS CABINA,VERACRUZ,BLANCO,9X0297TJ01HM10827,6DWSTKM100589,P - PARTICULAR,NO,29,HOMBRE,A,SI,OTRO,NO APLICA,15000,0,,,,,,,,,,,,,,,,,,,,,
83,XALAPA,06/11/2014,MIÉRCOLES,06:45,07:25,,XALAPA,XALAPA,URBANA,PLAN DEL RIO KM. 26,,,,,BUENO,LLUVIA,ASFALTO,MOJADO,DESCENDENTE,NINGUNA,SIN RESTRICCIÓN,VOLCADURA,,,1,C - CAMIONETA,RENAULT,DUSTER,QUINTANA ROO,PLATA,,,P - PARTICULAR,,61,HOMBRE,A,SI,VELOCIDAD INMODERADA,NO APLICA,70000,2,,,,,,,,,,2,,,,,,,,,,,
84,XALAPA,06/12/2014,JUEVES,07:50,08:05,09:00,XALAPA,XALAPA,URBANA,COATEPEC-XALAPA,,,,RIO SORDO,BUENO,SOLEADO,ASFALTO,MOJADO,A NIVEL,NINGUNA,SIN RESTRICCIÓN,VOLCADURA,,,1,A - AUTOMÓVIL,CHRYSLER,DODGE ATTITUDE,PUEBLA,BLANCO,HECHO EN KOREA,KMHCM41C96V055058,P - PARTICULAR,NO,29,HOMBRE,B,SI,VELOCIDAD INMODERADA,NO APLICA,25000,0,,,,,,,,,,,,,,,,,,,,,
85,XALAPA,06/12/2014,JUEVES,,08:45,09:15,XALAPA,XALAPA,URBANA,,,BOLIVIA,FRANSCISCO I. MADERO,CARRANZA,REGULAR,SOLEADO,ASFALTO,SECO,A NIVEL,NINGUNA,SIN RESTRICCIÓN,COLISIÓN,ÁNGULO,VEHÍCULO CIRCULANDO,2,A - AUTOMÓVIL,NISSAN,TSURU,VERACRUZ,BLANCO/VERDE,GA16812146Y,3N1EB31S9BK347407,PE - PÚBLICO ESTATAL,SI,52,HOMBRE,A,SI,CAMBIAR CARRIL SIN PRECAUCIÓN,NO APLICA,1500,0,,,,,,,,,,,,,,,,,,,,,
85,,,,,,,,,,,,,,,,,,,,,,,,,,AS - AUTOBÚS SUBURBANO,FREIGHLINER,,VERACRUZ,BLANCO/AZUL,90697800SH5728,3ALAAXC505DN01078,PE - PÚBLICO ESTATAL,SI,28,HOMBRE,A,SI,,,1500,,,,,,,,,,,,,,,,,,,,,,
86,XALAPA,06/12/2014,JUEVES,,10:00,10:20,XALAPA,XALAPA,URBANA,,,BOULEVARD XALAPA-BANDERILLA,21 DE MARZO,,REGULAR,SOLEADO,ASFALTO,SECO,ASCENDENTE,NINGUNA,SIN RESTRICCIÓN,COLISIÓN,ÁNGULO,VEHÍCULO CIRCULANDO,2,C - CAMIONETA,FORD,F-250,VERACRUZ,ROJO,SIN NUMERO,ILEGIBLE,PE - PÚBLICO ESTATAL,NO,62,HOMBRE,A,SI,CAMBIAR CARRIL SIN PRECAUCIÓN,NO APLICA,1000,0,,,,,,,,,,,,,,,,,,,,,
86,,,,,,,,,,,,,,,,,,,,,,,,,,AS - AUTOBÚS SUBURBANO,NAVISTAR,INTERNATIONAL,VERACRUZ,BLANCO/AZUL,470HM2UB644743,3VBNAAN63N568284,P - PARTICULAR,NO,29,HOMBRE,A,SI,,,1000,,,,,,,,,,,,,,,,,,,,,,
87,XALAPA,06/12/2014,JUEVES,,10:30,,XALAPA,XALAPA,URBANA,,,AVENIDA LAZARO CARDENAS,,,BUENO,SOLEADO,CONCRETO,SECO,DESCENDENTE,NINGUNA,SIN RESTRICCIÓN,COLISIÓN,POR ALCANCE,VEHÍCULO CIRCULANDO,2,C - CAMIONETA,SUBURBAN,SUBURBAN,VERACRUZ,BLANCO,HECHO EN MEXICO,3GNEK163289292485,P - PARTICULAR,SI,19,HOMBRE,C,SI,NO GUARDAR DISTANCIA,NO APLICA,5000,0,,,,,,,,,,,,,,,,,,,,,
87,,,,,,,,,,,1,,,,,,,,,,,,,,,C - CAMIONETA,FORD,ESCAPE,VERACRUZ,ROJO,SIN NUMERO,1FM4003111KA78882,P - PARTICULAR,SI,30,MUJER,C,SI,,,3000,,,,,,,,,,,,,,,,,,,,,,
88,XALAPA,06/12/2014,JUEVES,,14:30,,XALAPA,XALAPA,URBANA,,,AVENIDA RUIZ CORTINES,,MARTIRES 28 DE AGOSTO,BUENO,SOLEADO,ASFALTO,SECO,A NIVEL,SEMÁFORO FUNCIONANDO,SIN RESTRICCIÓN,COLISIÓN,LATERAL,VEHÍCULO CIRCULANDO,2,C - CAMIONETA,CHEVROLET,SILVERADO,VERACRUZ,ROJO,ILEGIBLE,ILEGIBLE,P - PARTICULAR,NO,24,HOMBRE,C,SI,CAMBIAR CARRIL SIN PRECAUCIÓN,NO APLICA,5000,0,,,,,,,,,,,,,,,,,,,,,
88,,,,,,,,,,,2,,,,,,,,,,,,,,,C - CAMIONETA,FORD,F-150,VERACRUZ,BLANCO,SIN NUMERO,1FTMP1EW5AKC32117,P - PARTICULAR,SI,47,HOMBRE,B,SI,,,5000,,,,,,,,,,,,,,,,,,,,,,
89,XALAPA,06/12/2014,JUEVES,12:50,01:10,01:30,XALAPA,XALAPA,URBANA,,,ZAMORA,,CENTRO,BUENO,SOLEADO,CONCRETO,SECO,A NIVEL,NINGUNA,SIN RESTRICCIÓN,COLISIÓN,,VEHÍCULO ESTACIONADO,2,C - CAMIONETA,CHRYSLER,RAM-2500,VERACRUZ,ROJO,HECHO EN USA,1D7HA182X65657502,P - PARTICULAR,NO,71,HOMBRE,,,OTRO,NO APLICA,200,0,,,,,,,,,,,,,,,,,,,,,
89,,,,,,,,,,,,,,,,,,,,,,,,,,M - MOTOCICLETA,SUZUKI,GZ250,VERACRUZ,VERDE,,VTTNJ48M282101928,P - PARTICULAR,NO,44,HOMBRE,,,,,1250,,,,,,,,,,,,,,,,,,,,,,
90,XALAPA,06/12/2014,JUEVES,,13:40,,XALAPA,XALAPA,URBANA,,,FERROCARRIL INTEROCEANICO,,AMERICAS,REGULAR,SOLEADO,CONCRETO,SECO,A NIVEL,NINGUNA,SIN RESTRICCIÓN,COLISIÓN,MANIOBRA EN REVERSA,,2,A - AUTOMÓVIL,VOLKSWAGEN,JETTA,VERACRUZ,GRIS,CBP536764,3VW1V49M3GM020568,P - PARTICULAR,SI,53,HOMBRE,C,SI,OTRO,NO APLICA,500,0,,,,,,,,,,,,,,,,,,,,,
90,,,,,,,,,,,,,,,,,,,,,,,,,,A - AUTOMÓVIL,NISSAN,TSURU,VERACRUZ,BLANCO/ROJO,GA16807198Y,3N1EB31S4BK342909,PE - PÚBLICO ESTATAL,SI,53,HOMBRE,A,SI,,,1000,,,,,,,,,,,,,,,,,,,,,,
91,XALAPA,06/12/2014,JUEVES,,16:50,17:20,XALAPA,XALAPA,URBANA,,,AVENIDA LAZARO CARDENAS,21 DE MARZO,,BUENO,SOLEADO,ASFALTO,SECO,ASCENDENTE,NINGUNA,SIN RESTRICCIÓN,COLISIÓN,ÁNGULO,VEHÍCULO CIRCULANDO,2,A - AUTOMÓVIL,FORD,K-,VERACRUZ,GRIS,SIN NUMERO,8BFBT18NX17742751,P - PARTICULAR,NO,38,HOMBRE,A,SI,CAMBIAR CARRIL SIN PRECAUCIÓN,NO APLICA,3000,0,,,,,,,,,,,,,,,,,,,,,
91,,,,,,,,,,,1,,,,,,,,,,,,,,,AS - AUTOBÚS SUBURBANO,TURINO,OMC,VERACRUZ,BLANCO/ROJO,469HM2U1119350,3HVBNAAN8WN120133,P - PARTICULAR,NO,45,HOMBRE,A,SI,,,1000,,,,,,,,,,,,,,,,,,,,,,
92,XALAPA,06/12/2014,JUEVES,,23:20,,XALAPA,XALAPA,URBANA,,,AVENIDA RUIZ CORTINES,,,BUENO,,CONCRETO,SECO,A NIVEL,NINGUNA,SIN RESTRICCIÓN,COLISIÓN,LATERAL,VEHÍCULO CIRCULANDO,2,A - AUTOMÓVIL,NISSAN,TIDA,VERACRUZ,BLANCO,MR18111703H,3N1BC13D80443632,P - PARTICULAR,SI,51,MUJER,B,SI,CAMBIAR CARRIL SIN PRECAUCIÓN,NO APLICA,1000,0,,,,,,,,,,,,,,,,,,,,,
92,,,,,,,,,,,2,,,,,,,,,,,,,,,C - CAMIONETA,GM,TRACKER,VERACRUZ,VERDE,SIN NUMERO,2CNBJ113C446914089,P - PARTICULAR,NO,55,HOMBRE,A,SI,,,5000,,,,,,,,,,,,,,,,,,,,,,
93,XALAPA,06/12/2014,JUEVES,,17:30,,XALAPA,XALAPA,URBANA,,,AVENIDA MURILLO VIDAL,CUAUHTEMOC,,BUENO,,CONCRETO,SECO,A NIVEL,NINGUNA,SIN RESTRICCIÓN,COLISIÓN,POR ALCANCE,VEHÍCULO CIRCULANDO,2,C - CAMIONETA,VOLKSWAGEN,TOUAREG,VERACRUZ,,,WVGB67L78D000316,P - PARTICULAR,,21,HOMBRE,B,SI,NO GUARDAR DISTANCIA,NO APLICA,2000,0,,,,,,,,,,,,,,,,,,,,,
93,,,,,,,,,,,,,,,,,,,,,,,,,,A - AUTOMÓVIL,NISSAN,TSURU,VERACRUZ,,,3N1EB31S7BK324188,P - PARTICULAR,,32,HOMBRE,,,,,3000,,,,,,,,,,,,,,,,,,,,,,
94,XALAPA,06/12/2014,JUEVES,03:45,04:05,,XALAPA,XALAPA,URBANA,,,JALISCO FTE. AL No. 91,,,BUENO,,EMPEDRADO,SECO,DESCENDENTE,NINGUNA,SIN RESTRICCIÓN,COLISIÓN,,OBJETO FIJO,1,A - AUTOMÓVIL,NISSAN,TSURU,VERACRUZ,,,,P - PARTICULAR,,,,,,OTRO,NO APLICA,2000,0,,,,,,,,,,,,,,,,,,,,,
95,XALAPA,06/12/2014,JUEVES,15:15,15:20,,XALAPA,XALAPA,URBANA,,,AVENIDA MIGUEL ALEMAN,LADEROS MACUILTEPEC,IZTACCIHUATL,BUENO,,ASFALTO,SECO,ASCENDENTE,NINGUNA,SIN RESTRICCIÓN,COLISIÓN,ÁNGULO,VEHÍCULO CIRCULANDO,2,M - MOTOCICLETA,HONDA,CARGO,VERACRUZ,ROJO,,,P - PARTICULAR,NO,33,HOMBRE,,,OTRO,NO APLICA,8000,1,,,,,,1,,,,,,,,,,,,,,,
95,,,,,,,,,,,,,,,,,,,,,,,,,,C - CAMIONETA,PONTIAC,MONTANA,DISTRITO FEDERAL,BLANCO,SIN NUMERO,1GMDV33L95D227452,P - PARTICULAR,NO,42,MUJER,B,SI,,,4000,,,,,,,,,,,,,,,,,,,,,,
96,XALAPA,13/06/2014,VIERNES,,04:05,04:30,XALAPA,XALAPA,URBANA,,,CHEDRAUI CARAM,FRANSCISCO VILLA,DIAZ ORDAZ,REGULAR,,ASFALTO,SECO,A NIVEL,NINGUNA,SIN RESTRICCIÓN,COLISIÓN,,VEHÍCULO ESTACIONADO,4,C - CAMIONETA,FORD,EXPEDITION,VERACRUZ,NEGRO,USA,1FMPU16L34LB73621,P - PARTICULAR,NO,29,HOMBRE,,,VELOCIDAD INMODERADA,NO APLICA,5000,0,,,,,,,,,,,,,,,,,,,,,
96,,,,,,,,,,,,,,,,,,,,,,,,,,A - AUTOMÓVIL,VOLKSWAGEN,SEDAN,VERACRUZ,AZUL,5154328,11A10100440,P - PARTICULAR,NO,,,,,,,8000,,,,,,,,,,,,,,,,,,,,,,
96,,,,,,,,,,,,,,,,,,,,,,,,,,A - AUTOMÓVIL,FORD,KA,VERACRUZ,NEGRO,SIN NUMERO,9BFBT19N927780939,P - PARTICULAR,NO,,,,,,,6000,,,,,,,,,,,,,,,,,,,,,,
97,XALAPA,13/06/2014,VIERNES,,09:20,,XALAPA,XALAPA,URBANA,,,AVENIDA 20 DE NOVIEMBRE,,REVOLUCION Y MANUEL C. TELLO,BUENO,SOLEADO,CONCRETO,SECO,A NIVEL,NINGUNA,SIN RESTRICCIÓN,COLISIÓN,POR ALCANCE,VEHÍCULO CIRCULANDO,2,AS - AUTOBÚS SUBURBANO,NAVISTAR,INTERNATIONAL,VERACRUZ,BLANCO/AZUL,470HM2U1473904,3HBBNAAN35L192297,PE - PÚBLICO ESTATAL,NO,31,HOMBRE,A,SI,NO GUARDAR DISTANCIA,NO APLICA,MINIMOS,0,,,,,,,,,,,,,,,,,,,,,
97,,,,,,,,,,,5,,,,,,,,,,,,,,,A - AUTOMÓVIL,VOLKSWAGEN,BEETLE,VERACRUZ,PLATA,,3VWCV41C72M455343,P - PARTICULAR,NO,46,MUJER,,,,,3000,,,,,,,,,,,,,,,,,,,,,,
98,XALAPA,13/06/2014,VIERNES,15:28,,,XALAPA,XALAPA,URBANA,,,REBSAMEN,MARTIRES DE CHICAGO,XALAPA 2000,BUENO,SOLEADO,ASFALTO,SECO,A NIVEL,NINGUNA,SIN RESTRICCIÓN,COLISIÓN,LATERAL,VEHÍCULO CIRCULANDO,2,A - AUTOMÓVIL,VOLKSWAGEN,VENTO,VERACRUZ,PLATA,C15203130,MEXYGZ602,P - PARTICULAR,,32,HOMBRE,C,SI,CAMBIAR CARRIL SIN PRECAUCIÓN,NO APLICA,3500,0,,,,,,,,,,,,,,,,,,,,,
98,,,,,,,,,,,,,,,,,,,,,,,,,,CC - CAMIÓN DE CARGA,MERCEDES BENZ,CHASIS,VERACRUZ,BLANCO,3.91E+14,3AM68515250015431,P - PARTICULAR,,27,HOMBRE,B,SI,,,500,,,,,,,,,,,,,,,,,,,,,,
99,XALAPA,13/06/2014,VIERNES,,16:05,,XALAPA,XALAPA,URBANA,,,AMERICAS,LAURELES,FERROCARRIL INTEROCEANICO Y ENCANTO,BUENO,SOLEADO,CONCRETO,SECO,ASCENDENTE,NINGUNA,SIN RESTRICCIÓN,COLISIÓN,LATERAL,VEHÍCULO CIRCULANDO,2,A - AUTOMÓVIL,VOLKSWAGEN,GOLF,VERACRUZ,ROJO,2K037759,ILEGIBLE,P - PARTICULAR,NO,56,MUJER,C,SI,CAMBIAR CARRIL SIN PRECAUCIÓN,NO APLICA,1000,0,,,,,,,,,,,,,,,,,,,,,
99,,,,,,,,,,,3,,,,,,,,,,,,,,,A - AUTOMÓVIL,NISSAN,TSURU,VERACRUZ,BLANCO/VERDE,GA16750022Z,3N1EB31S8EK316363,PE - PÚBLICO ESTATAL,SI,70,HOMBRE,A,SI,,,1500,,,,,,,,,,,,,,,,,,,,,,
100,XALAPA,13/06/2014,VIERNES,,21:20,20:45,XALAPA,XALAPA,URBANA,,,QUERETARO,PROGRESO MACUILTEPEC,"NUEVO LEON Y AV, AMERICAS",BUENO,,CONCRETO,SECO,DESCENDENTE,NINGUNA,SIN RESTRICCIÓN,COLISIÓN,ÁNGULO,VEHÍCULO CIRCULANDO,2,A - AUTOMÓVIL,CHEVROLET,AVEO,VERACRUZ,PLATA,HECHO EN MÉXICO,3G1TB5A6KAL118237,P - PARTICULAR,SI,25,MUJER,C,SI,NO RESPETAR CEDA EL PASO,NO APLICA,500,0,,,,,,,,,,,,,,,,,,,,,
100,,,,,,,,,,,,,,,,,,,,,,,,,,A - AUTOMÓVIL,VOLKSWAGEN,POINTER,DISTRITO FEDERAL,ARENA,UDH156648,9BWDC05X91120318,P - PARTICULAR,NO,63,HOMBRE,B,SI,,,700,,,,,,,,,,,,,,,,,,,,,,
101,XALAPA,13/06/2014,VIERNES,,22:30,,XALAPA,XALAPA,URBANA,,,XICOTENCATL FTE. 75,CENTRO,PERU Y SAYAGO,BUENO,,CONCRETO,SECO,DESCENDENTE,NINGUNA,SIN RESTRICCIÓN,COLISIÓN,POR ALCANCE,VEHÍCULO CIRCULANDO,2,C - CAMIONETA,NISSAN,X-TRAIL,DISTRITO FEDERAL,BLANCO,QR25611155,JN8AT18T48W509196,P - PARTICULAR,NO,44,HOMBRE,C,SI,NO GUARDAR DISTANCIA,NO APLICA,6000,1,,,,,1,,,,,,,,,,,,,,,,