idMES,DELEGACION DE TRANSITO,FECHA DEL ACCIDENTE,DIA DE LA SEMANA,HORA EN QUE SE RECIBIO LA LLAMADA REPORTANDO EL ACCIDENTE,HORA DE ARRIBO DEL PERITO AL SITIO,HORA DE REGRESO DEL PERITO A LAS INSTALACIONES DE SU DELEGACION,LOCALIDAD ACCIDENTE,MUNICIPIO ACCIDENTE,ZONA,CARRETERA/KILOMETRO DEL ACCIDENTE,NUMERO DE AVENIDA,CALLE/AVENIDA DEL ACCIDENTE,COLONIA,ENTRE CALLES,CONDICIONES DE LA VIA,CONDICIONES NATURALES,SUPERFICIE DE LA VIA,ESTADO DE LA VIA,TANGENTE,TIPO DE CONTROL DE TRANSITO,RESTRICCIONES DE LA VIA,TIPO DE ACCIDENTE,FORMA DE ACCIDENTARSE,CONTRA QUE FUE EL IMPACTO,CANTIDAD DE VEHICULOS,TIPO DE VEHICULO,MARCA,SUBMARCA,ENTIDAD FEDERATIVA DEL VEHICULO,COLOR DEL VEHICULO,MOTOR,SERIE,TIPO DE SERVICIO PARA EL QUE SE OCUPAN LOS VEHICULOS,ASEGURADO,EDAD CONDUCTOR,SEXO CONDUCTOR,TIPO LICENCIA,LICENCIA VIGENTE,CAUSA ATRIBUIBLE AL CONDUCTOR,CAUSA ATRIBUIBLE AL PEATON,DANIOS (MONTO APROXIMADO EN MXN),NUMERO DE HERIDOS,MUJER HERIDA DE 0-15 ANIOS,HOMBRE HERIDO DE 0-15 ANIOS,MUJER HERIDA DE 16-30 ANIOS,HOMBRE HERIDO DE 16-30 ANIOS,MUJER HERIDA DE 31-45 ANIOS,HOMBRE HERIDO DE 31-45 ANIOS,MUJER HERIDA DE 46-60 ANIOS,HOMBRE HERIDO DE 46-60 ANIOS,MUJER HERIDA MAS DE 60 ANIOS,HOMBRE HERIDO MAS DE 60 ANIOS,NUMERO DE MUERTOS,MUJER MUERTA DE 0-15 ANIOS,HOMBRE MUERTO DE 0-15 ANIOS,MUJER MUERTA DE 16-30 ANIOS,HOMBRE MUERTO DE 16-30 ANIOS,MUJER MUERTA DE 31-45 ANIOS,HOMBRE MUERTO DE 31-45 ANIOS,MUJER MUERTA DE 46-60 ANIOS,HOMBRE MUERTO DE 46-60 ANIOS,MUJER MUERTA MAS DE 60 ANIOS,HOMBRE MUERTO MAS DE 60 ANIOS
101,,,,,,,,,,,,,,,,,,,,,,,,,,A - AUTOMÓVIL,VOLKSWAGEN,SEAT,VERACRUZ,NEGRO,BBX036033,VSSRK46L37R002336,P - PARTICULAR,SI,37,HOMBRE,B,SI,,,12000,,,,,,,,,,,,,,,,,,,,,,
102,XALAPA,13/06/2014,VIERNES,,23:20,,XALAPA,XALAPA,URBANA,,,MEXICO,REVOLUCION,LAZARO CARDENAS,BUENO,,CONCRETO,SECO,A NIVEL,NINGUNA,SIN RESTRICCIÓN,COLISIÓN,POR ALCANCE,VEHÍCULO CIRCULANDO,2,A - AUTOMÓVIL,NISSAN,SENTRA,VERACRUZ,GRIS,,3N1CB51501K203292,P - PARTICULAR,SI,43,HOMBRE,A,SI,NO GUARDAR DISTANCIA,NO APLICA,8000,0,,,,,,,,,,,,,,,,,,,,,
102,,,,,,,,,,,,,,,,,,,,,,,,,,C - CAMIONETA,NISSAN,NP-300,PUEBLA,ROJO,KA245135538A,3N6DD25T0BK037658,P - PARTICULAR,NO,32,HOMBRE,B,SI,,,3000,,,,,,,,,,,,,,,,,,,,,,
103,XALAPA,13/06/2014,VIERNES,,13:10,,XALAPA,XALAPA,URBANA,,,CARRILLO PUERTO,,,BUENO,,CONCRETO,SECO,A NIVEL,NINGUNA,SIN RESTRICCIÓN,ATROPELLAMIENTO,,,1,A - AUTOMÓVIL,CHEVROLET,MATIZ,VERACRUZ,,,KL1MD6A05DC005438,P - PARTICULAR,,29,MUJER,C,SI,OTRO,NO APLICA,SIN DAÑOS,1,,,,,1,,,,,,,,,,,,,,,,
104,XALAPA,13/06/2014,VIERNES,,13:40,,XALAPA,XALAPA,URBANA,,,ARAUCARIAS,ANIMAS,FRESNOS,BUENO,,ASFALTO,SECO,A NIVEL,NINGUNA,SIN RESTRICCIÓN,COLISIÓN,ÁNGULO,VEHÍCULO CIRCULANDO,2,A - AUTOMÓVIL,VOLKSWAGEN,POINTER,VERACRUZ,BLANCO,UDH074360,9BWA37725Y1175257,P - PARTICULAR,NO,22,HOMBRE,B,SI,CAMBIAR CARRIL SIN PRECAUCIÓN,NO APLICA,2500,0,,,,,,,,,,,,,,,,,,,,,
104,,,,,,,,,,,,,,,,,,,,,,,,,,A - AUTOMÓVIL,NISSAN,TSURU,VERACRUZ,BLANCO/ROJO,GA16744815Y,3N1EB31SXAK340254,PE - PÚBLICO ESTATAL,SI,70,HOMBRE,A,SI,,,3500,,,,,,,,,,,,,,,,,,,,,,
105,XALAPA,13/06/2014,VIERNES,,,,XALAPA,XALAPA,URBANA,,,,,,,,,,,,,,,,,,,,,,,,,,,,,,,,,,,,,,,,,,,,,,,,,,,,,,
106,XALAPA,13/06/2014,VIERNES,17:41,17:45,,XALAPA,XALAPA,URBANA,,,CIRCUITO PRESIDENTES,,XALAPA-COATEPEC,BUENO,,ASFALTO,SECO,ASCENDENTE,NINGUNA,SIN RESTRICCIÓN,COLISIÓN,,OBJETO FIJO,1,A - AUTOMÓVIL,VOLKSWAGEN,CROSSFOX,VERACRUZ,PLATA,,,P - PARTICULAR,,,,,,VELOCIDAD INMODERADA,NO APLICA,6000,0,,,,,,,,,,,,,,,,,,,,,
107,XALAPA,13/06/2014,VIERNES,04:19,04:40,,XALAPA,XALAPA,URBANA,,,RIO TECOLUTLA,CAROLINO ANAYA,,BUENO,,ASFALTO,SECO,DESCENDENTE,NINGUNA,SIN RESTRICCIÓN,SALIDA DE CAMINO,,,1,A - AUTOMÓVIL,PEUGEOT,,VERACRUZ,PLATA,,,P - PARTICULAR,,,,,,VELOCIDAD INMODERADA,NO APLICA,9000,0,,,,,,,,,,,,,,,,,,,,,
108,XALAPA,14/06/2014,SÁBADO,,08:25,08:45,XALAPA,XALAPA,URBANA,,,AVENIDA RUIZ CORTINES,UNIDAD DEL BOSQUE,ODONTOLOGOS,REGULAR,SOLEADO,ASFALTO,SECO,DESCENDENTE,NINGUNA,SIN RESTRICCIÓN,COLISIÓN,ÁNGULO,VEHÍCULO CIRCULANDO,2,,,,,,,,,,,,,,,,,0,,,,,,,,,,,,,,,,,,,,,
108,,,,,,,,,,,2,,,,,,,,,,,,,,,A - AUTOMÓVIL,NISSAN,TSURU,VERACRUZ,ROJO/BLANCO,GA167264554W,3NIEB3158K5773903,PE - PÚBLICO ESTATAL,SI,45,HOMBRE,A,SI,CAMBIAR CARRIL SIN PRECAUCIÓN,NO APLICA,1000,,,,,,,,,,,,,,,,,,,,,,
108,,,,,,,,,,,,,,,,,,,,,,,,,,AS - AUTOBÚS SUBURBANO,NAVISTAR,INTERNATIONAL,VERACRUZ,BLANCO,470HM201484209,3HVEFAAM36N3112,PE - PÚBLICO ESTATAL,NO,37,HOMBRE,A,SI,,,600,,,,,,,,,,,,,,,,,,,,,,
109,XALAPA,14/06/2014,SÁBADO,,09:40,,XALAPA,XALAPA,URBANA,,,AVENIDA LAZARO CARDENAS,,,BUENO,SOLEADO,CONCRETO,SECO,A NIVEL,NINGUNA,SIN RESTRICCIÓN,SALIDA DE CAMINO,LATERAL,VEHÍCULO CIRCULANDO,2,,,,,,,,,,,,,,,,,0,,,,,,,,,,,,,,,,,,,,,
109,,,,,,,,,,,1,,,,,,,,,,,,,,,A - AUTOMÓVIL,VOLKSWAGEN,POINTER,VERACRUZ,PLATA,BJ4026636,9GWC05W96T0045,P - PARTICULAR,NO,27,HOMBRE,A,SI,CAMBIAR CARRIL SIN PRECAUCIÓN,OTRO,3000,,,,,,,,,,,,,,,,,,,,,,
109,,,,,,,,,,,,,,,,,,,,,,,,,,A - AUTOMÓVIL,NISSAN,SENTRA,VERACRUZ,CAPUCHINO,QG18503745,3NIEB15254893634,P - PARTICULAR,NO,54,HOMBRE,B,SI,,,1000,,,,,,,,,,,,,,,,,,,,,,
110,XALAPA,14/06/2014,SÁBADO,,12:55,13:10,XALAPA,XALAPA,URBANA,,,SANTOS DEGOLLADO,CENTRO,MURILLO VIDAL,REGULAR,SOLEADO,ASFALTO,SECO,A NIVEL,NINGUNA,SIN RESTRICCIÓN,COLISIÓN,ÁNGULO,VEHÍCULO CIRCULANDO,2,,,,,,,,,,,,,,,,,0,,,,,,,,,,,,,,,,,,,,,
110,,,,,,,,,,,,,,,,,,,,,,,,,,A - AUTOMÓVIL,CHEVROLET,CHEVY,VERACRUZ,DORADO,HECHO EN MEXICO,3616BG78243AB,P - PARTICULAR,NO,55,HOMBRE,A,SI,CAMBIAR CARRIL SIN PRECAUCIÓN,NO APLICA,3000,,,,,,,,,,,,,,,,,,,,,,
110,,,,,,,,,,,,,,,,,,,,,,,,,,AS - AUTOBÚS SUBURBANO,NAVISTAR,INTERNATIONAL,VERACRUZ,BLANCO,HM2U147487,3APAAN269714,PE - PÚBLICO ESTATAL,NO,37,HOMBRE,A,SI,,,1000,,,,,,,,,,,,,,,,,,,,,,
111,XALAPA,14/06/2014,SÁBADO,,19:00,,XALAPA,XALAPA,URBANA,,,AVENIDA AVILA CAMACHO,CENTRO,,BUENO,SOLEADO,CONCRETO,SECO,A NIVEL,SEMÁFORO FUNCIONANDO,SIN RESTRICCIÓN,COLISIÓN,POR ALCANCE,VEHÍCULO CIRCULANDO,3,A - AUTOMÓVIL,NISSAN,TSURU,VERACRUZ,BLANCO/VERDE,GA16895648A,3NIEB3150CK1327,PE - PÚBLICO ESTATAL,SI,40,HOMBRE,A,SI,,,5000,1,,,,,,,,,,,,,,,,,,,,,
111,,,,,,,,,,,4,,,,,,,,,,,,,,,AS - AUTOBÚS SUBURBANO,MERCEDES,BENZ,VERACRUZ,PLATA,2.73E+13,WDD54X19A219178,P - PARTICULAR,SI,21,HOMBRE,C,SI,VELOCIDAD INMODERADA,NO APLICA,15000,,,,,,,,,,,,,,,,,,,,,,
111,,,,,,,,,,,,,,,,,,,,,,,,,,M - MOTOCICLETA,ITALIKA,CR-150,VERACRUZ,NEGRA GRIS,SIN NUMERO,SIN NUMERO,P - PARTICULAR,NO,18,HOMBRE,,NO,,,3000,,,,,,,,1,,,,,,,,,,,,,,
112,XALAPA,14/06/2014,SÁBADO,18:53,19:15,20:30,XALAPA,XALAPA,URBANA,,,PRIVADA GABRIEL GARZON,MODELO,,BUENO,SOLEADO,CONCRETO,SECO,A NIVEL,NINGUNA,SIN RESTRICCIÓN,COLISIÓN,MANIOBRA EN REVERSA,VEHÍCULO CIRCULANDO,2,,,,,,,,,,,,,,,,,0,,,,,,,,,,,,,,,,,,,,,
112,,,,,,,,,,,,,,,,,,,,,,,,,,C - CAMIONETA,NISSAN,PICK UP,VERACRUZ,ROJO,KA24319627A,3NGDD145XK007702,P - PARTICULAR,SI,36,HOMBRE,A,SI,VELOCIDAD INMODERADA,NO APLICA,500,,,,,,,,,,,,,,,,,,,,,,
112,,,,,,,,,,,,,,,,,,,,,,,,,,A - AUTOMÓVIL,NISSAN,TSURU,VERACRUZ,BLANCO/ROJO,GA167455334,3NIEB3158AK340835,PE - PÚBLICO ESTATAL,SI,23,HOMBRE,A,SI,,,1500,,,,,,,,,,,,,,,,,,,,,,
113,XALAPA,14/06/2014,SÁBADO,,09:12,,XALAPA,XALAPA,URBANA,,,AVENIDA LAZARO CARDENAS,RAFAEL LUCIO,,REGULAR,SOLEADO,CONCRETO,SECO,A NIVEL,NINGUNA,SIN RESTRICCIÓN,ATROPELLAMIENTO,,,1,,,,,,,,,,,,,,,,,1,,,,,,,,,,,,,,,,,,,,,
113,,,,,,,,,,,1,,,,,,,,,,,,,,,AS - AUTOBÚS SUBURBANO,INTERNATIONAL,MERCEDES BENZ,VERACRUZ,BLANCO,SIN NUMERO,5DHAA4CS31MJ22684,PE - PÚBLICO ESTATAL,NO,44,HOMBRE,A,SI,CAMBIAR CARRIL SIN PRECAUCIÓN,NO APLICA,1000,,,,,,,1,,,,,,,,,,,,,,,
114,XALAPA,14/06/2014,SÁBADO,04:34,05:05,05:50,XALAPA,XALAPA,URBANA,,,AVENIDA LAZARO CARDENAS,ENCINAL,,BUENO,,ASFALTO,SECO,A NIVEL,NINGUNA,SIN RESTRICCIÓN,COLISIÓN,ÁNGULO,VEHÍCULO CIRCULANDO,2,,,,,,,,,,,,,,,,,2,,,,,,,,,,,,,,,,,,,,,
114,,,,,,,,,,,1,,,,,,,,,,,,,,,A - AUTOMÓVIL,CHEVROLET,ATOS  BY ATOS,VERACRUZ,BLANCO/VERDE,HECHO EN INDIA,MALAB51H69399,PE - PÚBLICO ESTATAL,SI,28,HOMBRE,A,SI,NO RESPETAR SEMÁFORO,NO APLICA,25000,,,,,,,,,,,,,,,,,,,,,,
114,,,,,,,,,,,,,,,,,,,,,,,,,,C - CAMIONETA,FORD,F-150,VERACRUZ,NEGRO,SIN NUMERO,2FT0728XC805692,P - PARTICULAR,NO,26,HOMBRE,A,SI,,,10000,,,,,,,2,,,,,,,,,,,,,,,
115,XALAPA,14/06/2014,SÁBADO,,12:52,,XALAPA,XALAPA,URBANA,,,AVENIDA LAZARO CARDENAS,,,BUENO,NIEBLA,CONCRETO,SECO,A NIVEL,NINGUNA,SIN RESTRICCIÓN,COLISIÓN,POR ALCANCE,VEHÍCULO CIRCULANDO,2,,,,,,,,,,,,,,,,,0,,,,,,,,,,,,,,,,,,,,,
115,,,,,,,,,,,1,,,,,,,,,,,,,,,C - CAMIONETA,NISSAN,CHASIS,VERACRUZ,BLANCO,KA24304537A,3N6DD14S46K037025,P - PARTICULAR,NO,46,HOMBRE,A,SI,VELOCIDAD INMODERADA,NO APLICA,5000,,,,,,,,,,,,,,,,,,,,,,
115,,,,,,,,,,,,,,,,,,,,,,,,,,A - AUTOMÓVIL,VOLKSWAGEN,JETTA,VERACRUZ,AZUL,SIN NUMERO,SIN NUMERO,P - PARTICULAR,NO,40,HOMBRE,,NO,,,5000,,,,,,,,,,,,,,,,,,,,,,
116,XALAPA,14/06/2014,SÁBADO,,07:45,,XALAPA,XALAPA,URBANA,,,CALLE PIPILA,EL MIRADOR,VOLCAN DE COLIMA,BUENO,,CONCRETO,,ASCENDENTE,NINGUNA,ACCIDENTE PREVIO,COLISIÓN,,OBJETO FIJO,1,,,,,,,,,,,,,,,,,1,,,,,,,,,,,1,,,,,,,,,,
116,,,,,,,,,,,,,,,,,,,,,,,,,,M - MOTOCICLETA,YAMAHA,F2-5,VERACRUZ,ROJO/NEGRO,1ES4007960,ME1044BE2068643,P - PARTICULAR,NO,21,HOMBRE,,NO,VELOCIDAD INMODERADA,NO APLICA,12000,,,,,1,,,,,,,,,,,1,,,,,,
117,XALAPA,15/06/2014,DOMINGO,13:59,,,XALAPA,XALAPA,URBANA,,,ROTONDA,MAESTRO,REVOLUCION,BUENO,SOLEADO,ASFALTO,SECO,ASCENDENTE,NINGUNA,SIN RESTRICCIÓN,COLISIÓN,ÁNGULO,VEHÍCULO CIRCULANDO,2,A - AUTOMÓVIL,SUZUKI,SWIFT,VERACRUZ,AZUL,KL481033685,JSZZC8257C611,P - PARTICULAR,SI,47,HOMBRE,B,SI,VELOCIDAD INMODERADA,NO APLICA,4500,0,,,,,,,,,,,,,,,,,,,,,
117,,,,,,,,,,,,,,,,,,,,,,,,,,A - AUTOMÓVIL,PONTIAC,MATIZ,VERACRUZ,BLANCO,HECHO EN KOREA,KLZMD6A00AC537798,PE - PÚBLICO ESTATAL,SI,42,HOMBRE,,NO,,,3000,,,,,,,,,,,,,,,,,,,,,,
118,XALAPA,15/06/2014,DOMINGO,,15:20,15:50,XALAPA,XALAPA,URBANA,,,AVENIDA LAZARO CARDENAS,PASTORESA,,BUENO,,CONCRETO,,DESCENDENTE,NINGUNA,ACCIDENTE PREVIO,COLISIÓN,ÁNGULO,VEHÍCULO CIRCULANDO,2,,,,,,,,,,,,,,,,,0,,,,,,,,,,,,,,,,,,,,,
118,,,,,,,,,,,1,,,,,,,,,,,,,,,C - CAMIONETA,TOYOTA,RAV,GUERRERO,ARENA,ZAZ222337106,JTMD3IVX66014131,P - PARTICULAR,SI,37,HOMBRE,A,SI,VELOCIDAD INMODERADA,NO APLICA,500,,,,,,,,,,,,,,,,,,,,,,
118,,,,,,,,,,,,,,,,,,,,,,,,,,A - AUTOMÓVIL,CHEVROLET,CHEVY,VERACRUZ,VERDE,HECHO EN MEXICO,3G1SXB24336,PE - PÚBLICO ESTATAL,SI,34,HOMBRE,A,SI,,,700,,,,,,,,,,,,,,,,,,,,,,
119,XALAPA,15/06/2014,DOMINGO,,22:45,,XALAPA,XALAPA,URBANA,,,AVENIDA LAZARO CARDENAS,RAFAEL LUCIO,,BUENO,,CONCRETO,SECO,A NIVEL,NINGUNA,SIN RESTRICCIÓN,COLISIÓN,LATERAL,VEHÍCULO CIRCULANDO,2,,,,,,,,,,,,,,,,,0,,,,,,,,,,,,,,,,,,,,,
119,,,,,,,,,,,1,,,,,,,,,,,,,,,AS - AUTOBÚS SUBURBANO,FREIGHTLINER,CHASIS,VERACRUZ,BLANCO/NARANJA,SIN NUMERO,1.12E+12,PE - PÚBLICO ESTATAL,SI,22,HOMBRE,A,SI,CAMBIAR CARRIL SIN PRECAUCIÓN,NO APLICA,1000,,,,,,,,,,,,,,,,,,,,,,
119,,,,,,,,,,,,,,,,,,,,,,,,,,AS - AUTOBÚS SUBURBANO,MERCEDES,BENZ,DISTRITO FEDERAL,BLANCO,3HVBNAANT2N544344,WDBRF45H922323681,PF- PÚBLICO FEDERAL,NO,41,HOMBRE,A,SI,,,40000,,,,,,,,,,,,,,,,,,,,,,
120,XALAPA,15/06/2014,DOMINGO,,10:20,,XALAPA,XALAPA,URBANA,,,EBANO,FRAMBOYANES,GRANADA,BUENO,SOLEADO,CONCRETO,SECO,A NIVEL,NINGUNA,SIN RESTRICCIÓN,COLISIÓN,ÁNGULO,VEHÍCULO CIRCULANDO,2,,,,,,,,,,,,,,,,,0,,,,,,,,,,,,,,,,,,,,,
120,,,,,,,,,,,,,,,,,,,,,,,,,,A - AUTOMÓVIL,NISSAN,SENTRA,VERACRUZ,ROJO,MRA8271416H,3NIEB7ADXLG50847,P - PARTICULAR,NO,40,HOMBRE,B,SI,VELOCIDAD INMODERADA,NO APLICA,6000,,,,,,,,,,,,,,,,,,,,,,
120,,,,,,,,,,,,,,,,,,,,,,,,,,M - MOTOCICLETA,ITALIKA,C-180,VERACRUZ,NEGRO/ROJO,RW162FMK1401004961,3SCCPFTLEE100471,P - PARTICULAR,NO,27,HOMBRE,D,SI,,,3000,,,,,,,,,,,,,,,,,,,,,,
121,XALAPA,15/06/2014,DOMINGO,,06:00,,XALAPA,XALAPA,URBANA,,,CALLE VERACRUZ,ESPINA BLANCA,,BUENO,,CONCRETO,,DESCENDENTE,NINGUNA,ACCIDENTE PREVIO,COLISIÓN,,OBJETO FIJO,1,,,,,,,,,,,,,,,,,0,,,,,,,,,,,,,,,,,,,,,
121,,,,,,,,,,,,,,,,,,,,,,,,,,A - AUTOMÓVIL,CHEVROLET,CHEVY,VERACRUZ,ROJO,SIN NUMERO,SIN NUMERO,P - PARTICULAR,NO,40,HOMBRE,,NO,VELOCIDAD INMODERADA,NO APLICA,900,,,,,,,,,,,,,,,,,,,,,,
122,XALAPA,15/06/2014,DOMINGO,21:30,21:55,22:30,XALAPA,XALAPA,URBANA,,,OBRERO MUNDIAL No 312,OBRERO CAMPESINA,,BUENO,,CONCRETO,,A NIVEL,NINGUNA,SIN RESTRICCIÓN,COLISIÓN,ÁNGULO,VEHÍCULO ESTACIONADO,2,A - AUTOMÓVIL,VOLKSWAGEN,SEDAN,VERACRUZ,AZUL,SIN NUMERO,K24A12905039,P - PARTICULAR,NO,,,,NO,,,400,0,,,,,,,,,,,,,,,,,,,,,
122,,,,,,,,,,,,,,,,,,,,,,,,,,C - CAMIONETA,HONDA,CRV,OAXACA,ROJO VINO,SIN NUMERO,JHRD7883C84450,P - PARTICULAR,SI,,,,NO,VELOCIDAD INMODERADA,NO APLICA,300,,,,,,,,,,,,,,,,,,,,,,
123,VERACRUZ,15/06/2014,DOMINGO,,07:25,,XALAPA,XALAPA,URBANA,,,CARRETERA XALAPA-BRIONES,,,BUENO,NIEBLA,ASFALTO,SECO,DESCENDENTE,NINGUNA,SIN RESTRICCIÓN,SALIDA DE CAMINO,,VEHÍCULO CIRCULANDO,1,,,,,,,,,,,,,,,,,1,,,,,,,,,,,,,,,,,,,,,
123,,,,,,,,,,,,,,,,,,,,,,,,,,A - AUTOMÓVIL,NISSAN,MARCH,VERACRUZ,BLANCO,SIN NUMERO,SIN NUMERO,P - PARTICULAR,NO,27,HOMBRE,,NO,VELOCIDAD INMODERADA,NO APLICA,25000,,,,1,,,,,,,,,,,,,,,,,,
124,XALAPA,15/06/2014,DOMINGO,,03:38,,XALAPA,XALAPA,URBANA,,,AVENIDA REBSAMEN,MARTIRES DE CHICAGO,,BUENO,,CONCRETO,SECO,A NIVEL,NINGUNA,SIN RESTRICCIÓN,COLISIÓN,,OBJETO FIJO,1,,,,,,,,,,,,,,,,,0,,,,,,,,,,,,,,,,,,,,,
124,,,,,,,,,,,10,,,,,,,,,,,,,,,A - AUTOMÓVIL,FORD,MUNTANG,HIDALGO,BLANCO,SIN NUMERO,1FAFP4047XF109715,P - PARTICULAR,NO,,,,NO,VELOCIDAD INMODERADA,NO APLICA,25000,,,,,,,,,,,,,,,,,,,,,,
125,XALAPA,15/06/2014,DOMINGO, 12:10,12:25,,XALAPA,XALAPA,URBANA,,,AVENIDA LAZARO CARDENAS,,FRENTE A LA ENTRADA AL CASTILLO,BUENO,SOLEADO,ASFALTO,SECO,A NIVEL,NINGUNA,SIN RESTRICCIÓN,COLISIÓN,POR ALCANCE,VEHÍCULO CIRCULANDO,2,,,,,,,,,,,,,,,,,0,,,,,,,,,,,,,,,,,,,,,
125,,,,,,,,,,,1,,,,,,,,,,,,,,,A - AUTOMÓVIL,DODGE,STRATUS,VERACRUZ,BLANCO,SIN NUMERO,1B3836R37,P - PARTICULAR,NO,,,,NO,VELOCIDAD INMODERADA,NO APLICA,3000,,,,,,,,,,,,,,,,,,,,,,
125,,,,,,,,,,,,,,,,,,,,,,,,,,A - AUTOMÓVIL,PEUGEOT,,VERACRUZ,ROJO,1BLHZZ1234657,NF33CRFN7550026091,P - PARTICULAR,SI,31,HOMBRE,C,SI,,,6000,,,,,,,,,,,,,,,,,,,,,,
126,XALAPA,15/06/2014,DOMINGO,,15:25,,XALAPA,XALAPA,URBANA,,,NORBERTO MARTINEZ,7 DE NOVIEMBRE,,BUENO,SOLEADO,CONCRETO,SECO,ASCENDENTE,NINGUNA,SIN RESTRICCIÓN,COLISIÓN,ÁNGULO,VEHÍCULO CIRCULANDO,2,A - AUTOMÓVIL,VOLKSWAGEN,SEDAN,VERACRUZ,AZUL,1981,11B0138131,P - PARTICULAR,NO,31,HOMBRE,B,SI,,,3000,0,,,,,,,,,,,,,,,,,,,,,
126,,,,,,,,,,,,,,,,,,,,,,,,,,A - AUTOMÓVIL,FORD,FIESTA,VERACRUZ,PLATA,2006,9BFBT10N76463335,P - PARTICULAR,SI,41,HOMBRE,A,SI,VELOCIDAD INMODERADA,,12000,,,,,,,,,,,,,,,,,,,,,,
126,,,,,,,,,,,,,,,,,,,,,,,,,,A - AUTOMÓVIL,NISSAN,SENTRA,VERACRUZ,NEGRO,2000,3NIEDB4158YK0,P - PARTICULAR,NO,48,HOMBRE,B,SI,,,4000,,,,,,,,,,,,,,,,,,,,,,
127,XALAPA,16/06/2014,LUNES,08:39,08:48,09:10,XALAPA,XALAPA,URBANA,CARRETERA XALAPA-COATEPEC,,,ARENALES,,BUENO,SOLEADO,ASFALTO,SECO,A NIVEL,NINGUNA,SIN RESTRICCIÓN,COLISIÓN,ÁNGULO,VEHÍCULO CIRCULANDO,2,,,,,,,,,,,,,,,,,0,,,,,,,,,,,,,,,,,,,,,
127,,,,,,,,,,,,,,,,,,,,,,,,,,A - AUTOMÓVIL,CHEVROLET,SONIC,VERACRUZ,ROJO,HECHO EN MEXICO,3G1J85CCXD551320,P - PARTICULAR,SI,24,HOMBRE,C,SI,CAMBIAR CARRIL SIN PRECAUCIÓN,NO APLICA,20000,,,,,,,,,,,,,,,,,,,,,,
127,,,,,,,,,,,,,,,,,,,,,,,,,,C - CAMIONETA,CHEVROLET,C-35,VERACRUZ,BLANCO,SIN NUMERO,3GCJC54K6VG105763,P - PARTICULAR,NO,27,HOMBRE,B,SI,,,3000,,,,,,,,,,,,,,,,,,,,,,
128,XALAPA,16/06/2014,LUNES,,10:30,,XALAPA,XALAPA,URBANA,,,NUEVO LEON,PROGRESO MACUILTEPEC,TEPIC,BUENO,SOLEADO,CONCRETO,SECO,A NIVEL,NINGUNA,SIN RESTRICCIÓN,COLISIÓN,ÁNGULO,VEHÍCULO CIRCULANDO,2,,,,,,,,,,,,,,,,,0,,,,,,,,,,,,,,,,,,,,,
128,,,,,,,,,,,,,,,,,,,,,,,,,,A - AUTOMÓVIL,NISSAN,TSURU,VERACRUZ,BLANCO/VERDE,GA167420884,3NIEB315XAK8357,PE - PÚBLICO ESTATAL,SI,36,HOMBRE,A,SI,VELOCIDAD INMODERADA,NO APLICA,2000,,,,,,,,,,,,,,,,,,,,,,
128,,,,,,,,,,,,,,,,,,,,,,,,,,C - CAMIONETA,NISSAN,NP-300,VERACRUZ,BLANCO,KA24475530A,3N6002ST4B003482,P - PARTICULAR,SI,36,HOMBRE,A,SI,,,3000,,,,,,,,,,,,,,,,,,,,,,
129,XALAPA,16/06/2014,LUNES,,18:50,,XALAPA,XALAPA,URBANA,,,AVENIDA AMERICAS,,MIGUEL ALEMAN,BUENO,SOLEADO,CONCRETO,SECO,A NIVEL,NINGUNA,SIN RESTRICCIÓN,COLISIÓN,POR ALCANCE,VEHÍCULO CIRCULANDO,2,,,,,,,,,,,,,,,,,0,,,,,,,,,,,,,,,,,,,,,
129,,,,,,,,,,,3,,,,,,,,,,,,,,,A - AUTOMÓVIL,RENAULT,CLIO,VERACRUZ,GRIS,Q114334,3BNBZ1654904087,P - PARTICULAR,NO,52,HOMBRE,B,SI,CAMBIAR CARRIL SIN PRECAUCIÓN,NO APLICA,500,,,,,,,,,,,,,,,,,,,,,,
129,,,,,,,,,,,,,,,,,,,,,,,,,,A - AUTOMÓVIL,NISSAN,TSURU,VERACRUZ,BLANCO/VERDE,GA16721584,3NIEBK511431,PE - PÚBLICO ESTATAL,SI,42,HOMBRE,A,SI,,,500,,,,,,,,,,,,,,,,,,,,,,
130,XALAPA,16/06/2014,LUNES,,23:50,00:11,XALAPA,XALAPA,URBANA,,,AVENIDA LAZARO CARDENAS,ANIMAS,ALTURA GARNICA,BUENO,,ASFALTO,SECO,DESCENDENTE,NINGUNA,SIN RESTRICCIÓN,COLISIÓN,POR ALCANCE,VEHÍCULO CIRCULANDO,2,,,,,,,,,,,,,,,,,0,,,,,,,,,,,,,,,,,,,,,
130,,,,,,,,,,,1,,,,,,,,,,,,,,,A - AUTOMÓVIL,NISSAN,SEDAN,VERACRUZ,BLANCO/ROJO,GA16853927Y,3NIEB3153CK328166,PE - PÚBLICO ESTATAL,SI,44,HOMBRE,A,SI,NO GUARDAR DISTANCIA,NO APLICA,2500,,,,,,,,,,,,,,,,,,,,,,
130,,,,,,,,,,,,,,,,,,,,,,,,,,C - CAMIONETA,CHRYSLER,MITSUBISHI,VERACRUZ,BLANCO,AR1879,JE4M41X6A2008055,P - PARTICULAR,SI,20,HOMBRE,C,SI,,,1500,,,,,,,,,,,,,,,,,,,,,,