idMES,DELEGACION DE TRANSITO,FECHA DEL ACCIDENTE,DIA DE LA SEMANA,HORA EN QUE SE RECIBIO LA LLAMADA REPORTANDO EL ACCIDENTE,HORA DE ARRIBO DEL PERITO AL SITIO,HORA DE REGRESO DEL PERITO A LAS INSTALACIONES DE SU DELEGACION,LOCALIDAD ACCIDENTE,MUNICIPIO ACCIDENTE,ZONA,CARRETERA/KILOMETRO DEL ACCIDENTE,NUMERO DE AVENIDA,CALLE/AVENIDA DEL ACCIDENTE,COLONIA,ENTRE CALLES,CONDICIONES DE LA VIA,CONDICIONES NATURALES,SUPERFICIE DE LA VIA,ESTADO DE LA VIA,TANGENTE,TIPO DE CONTROL DE TRANSITO,RESTRICCIONES DE LA VIA,TIPO DE ACCIDENTE,FORMA DE ACCIDENTARSE,CONTRA QUE FUE EL IMPACTO,CANTIDAD DE VEHICULOS,TIPO DE VEHICULO,MARCA,SUBMARCA,ENTIDAD FEDERATIVA DEL VEHICULO,COLOR DEL VEHICULO,MOTOR,SERIE,TIPO DE SERVICIO PARA EL QUE SE OCUPAN LOS VEHICULOS,ASEGURADO,EDAD CONDUCTOR,SEXO CONDUCTOR,TIPO LICENCIA,LICENCIA VIGENTE,CAUSA ATRIBUIBLE AL CONDUCTOR,CAUSA ATRIBUIBLE AL PEATON,DANIOS (MONTO APROXIMADO EN MXN),NUMERO DE HERIDOS,MUJER HERIDA DE 0-15 ANIOS,HOMBRE HERIDO DE 0-15 ANIOS,MUJER HERIDA DE 16-30 ANIOS,HOMBRE HERIDO DE 16-30 ANIOS,MUJER HERIDA DE 31-45 ANIOS,HOMBRE HERIDO DE 31-45 ANIOS,MUJER HERIDA DE 46-60 ANIOS,HOMBRE HERIDO DE 46-60 ANIOS,MUJER HERIDA MAS DE 60 ANIOS,HOMBRE HERIDO MAS DE 60 ANIOS,NUMERO DE MUERTOS,MUJER MUERTA DE 0-15 ANIOS,HOMBRE MUERTO DE 0-15 ANIOS,MUJER MUERTA DE 16-30 ANIOS,HOMBRE MUERTO DE 16-30 ANIOS,MUJER MUERTA DE 31-45 ANIOS,HOMBRE MUERTO DE 31-45 ANIOS,MUJER MUERTA DE 46-60 ANIOS,HOMBRE MUERTO DE 46-60 ANIOS,MUJER MUERTA MAS DE 60 ANIOS,HOMBRE MUERTO MAS DE 60 ANIOS
131,XALAPA,16/06/2014,LUNES,,16:05,,XALAPA,XALAPA,URBANA,,,AVENIDA MANUEL AVILA CAMACHO,CENTRO,,BUENO,SOLEADO,CONCRETO,SECO,A NIVEL,NINGUNA,SIN RESTRICCIÓN,SALIDA DE CAMINO,ÁNGULO,VEHÍCULO CIRCULANDO,2,,,,,,,,,,,,,,,,,1,,,,,,,,,,,,,,,,,,,,,
131,,,,,,,,,,,4,,,,,,,,,,,,,,,A - AUTOMÓVIL,VOLKSWAGEN,DERVY,VERACRUZ,BLANCO,SIN NUMERO,8AWJCO9E57A28677,P - PARTICULAR,NO,43,HOMBRE,B,SI,VELOCIDAD INMODERADA,NO APLICA,5000,,,,,,,,,,,,,,,,,,,,,,
131,,,,,,,,,,,,,,,,,,,,,,,,,,A - AUTOMÓVIL,CHEVROLET,AVEO,VERACRUZ,NEGRO,SIN NUMERO,3G1TC5C6XAL143942,P - PARTICULAR,NO,32,HOMBRE,C,SI,,,1000,,,,,,1,,,,,,,,,,,,,,,,
132,XALAPA,17/06/2014,MARTES,,08:15,,XALAPA,XALAPA,URBANA,,,AVENIDA BOLIVIA,BENITO JUAREZ,,BUENO,,ASFALTO,,A NIVEL,NINGUNA,SIN RESTRICCIÓN,COLISIÓN,POR ALCANCE,VEHÍCULO CIRCULANDO,2,,,,,,,,,,,,,,,,,0,,,,,,,,,,,,,,,,,,,,,
132,,,,,,,,,,,19,,,,,,,,,,,,,,,C - CAMIONETA,NISSAN,ESTACAS,VERACRUZ,BLANCO,KA24266848A,3N63DD14556KD1957,P - PARTICULAR,SI,54,HOMBRE,A,SI,NO GUARDAR DISTANCIA,NO APLICA,1000,,,,,,,,,,,,,,,,,,,,,,
132,,,,,,,,,,,,,,,,,,,,,,,,,,A - AUTOMÓVIL,FORD,FIESTA,VERACRUZ,MAGENTA,AM69424PTA,3FADP4BJ4BMB9158,P - PARTICULAR,NO,32,HOMBRE,C,SI,,,MINIMOS,,,,,,,,,,,,,,,,,,,,,,
133,XALAPA,17/06/2014,MARTES,,09:20,,XALAPA,XALAPA,URBANA,,,AVENIDA LAZARO CARDENAS,,20 DE NOVIEMBRE,BUENO,SOLEADO,ASFALTO,SECO,A NIVEL,NINGUNA,SIN RESTRICCIÓN,COLISIÓN,POR ALCANCE,VEHÍCULO CIRCULANDO,2,,,,,,,,,,,,,,,,,0,,,,,,,,,,,,,,,,,,,,,
133,,,,,,,,,,,1,,,,,,,,,,,,,,,A - AUTOMÓVIL,VOLKSWAGEN,SEAT,VERACRUZ,AZUL TOSSA,CEK063839,VSSGK26JXERO069297,P - PARTICULAR,SI,24,HOMBRE,C,SI,NO GUARDAR DISTANCIA,NO APLICA,MINIMOS,,,,,,,,,,,,,,,,,,,,,,
133,,,,,,,,,,,,,,,,,,,,,,,,,,A - AUTOMÓVIL,CHEVROLET,CHEVY,VERACRUZ,PEWTER,HECHO EN MEXICO,3G1SF213125235805,P - PARTICULAR,NO,19,HOMBRE,C,SI,,,2000,,,,,,,,,,,,,,,,,,,,,,
134,XALAPA,17/06/2014,MARTES,,12:00,,XALAPA,XALAPA,URBANA,,,AVENIDA MONTE EVEREST,HIGUERAS,,BUENO,,TERRACERÍA,SECO,A NIVEL,NINGUNA,SIN RESTRICCIÓN,INMERSIÓN,,,1,,,,,,,,,,,,,,,,,0,,,,,,,,,,,,,,,,,,,,,
134,,,,,,,,,,,,,,,,,,,,,,,,,,A - AUTOMÓVIL,NISSAN,SENTRA,VERACRUZ,NEGRO,HR168798ZE,3NICN7A28CL926536,P - PARTICULAR,SI,,,,NO,VELOCIDAD INMODERADA,NO APLICA,6000,,,,,,,,,,,,,,,,,,,,,,
135,XALAPA,17/06/2014,MARTES,,14:15,,XALAPA,XALAPA,URBANA,,,RIO CONSULADO,CAROLINO ANAYA,RIO COLOMBIA,BUENO,,CONCRETO,,A NIVEL,NINGUNA,SIN RESTRICCIÓN,SALIDA DE CAMINO,ÁNGULO,VEHÍCULO CIRCULANDO,2,A - AUTOMÓVIL,NISSAN,TSURU,VERACRUZ,BLANCO/VERDE,GA16896749W,3NIEB3157KK300542,PE - PÚBLICO ESTATAL,SI,67,HOMBRE,A,SI,NO RESPETAR CEDA EL PASO,NO APLICA,900,0,,,,,,,,,,,,,,,,,,,,,
135,,,,,,,,,,,,,,,,,,,,,,,,,,A - AUTOMÓVIL,DODGE,ATOS  BY ATOS,VERACRUZ,BLANCO/VERDE,HECHO EN INDIA,MALAB82152124,PE - PÚBLICO ESTATAL,SI,23,HOMBRE,A,SI,,,1200,,,,,,,,,,,,,,,,,,,,,,
136,XALAPA,17/06/2014,MARTES,,15:30,,XALAPA,XALAPA,URBANA,,,AVENIDA LAZARO CARDENAS,RAFAEL LUCIO,GILDARDO AVILES,BUENO,SOLEADO,ASFALTO,SECO,A NIVEL,NINGUNA,SIN RESTRICCIÓN,COLISIÓN,POR ALCANCE,VEHÍCULO CIRCULANDO,3,A - AUTOMÓVIL,NISSAN,TSURU,VERACRUZ,BLANCO/VERDE,GA16832134Y,3NEB3152CK309616,PE - PÚBLICO ESTATAL,SI,42,HOMBRE,A,SI,VELOCIDAD INMODERADA,NO APLICA,1000,0,,,,,,,,,,,,,,,,,,,,,
136,,,,,,,,,,,1,,,,,,,,,,,,,,,A - AUTOMÓVIL,CHEVROLET,CHEVY,VERACRUZ,AZUL,HECHO EN MEXICO,3GISE5113516175,P - PARTICULAR,NO,47,HOMBRE,C,SI,,,3000,,,,,,,,,,,,,,,,,,,,,,
136,,,,,,,,,,,,,,,,,,,,,,,,,,C - CAMIONETA,NISSAN,X-TRAIL,DISTRITO FEDERAL,BLANCO,QR25375533A,JN8BT08T7W821699,P - PARTICULAR,NO,87,HOMBRE,C,SI,,,5000,,,,,,,,,,,,,,,,,,,,,,
137,XALAPA,17/06/2014,MARTES,,15:50,,XALAPA,XALAPA,URBANA,,,MIGUEL ALEMAN,PROGRESO MACUILTEPEC,CHILPANCINGO,BUENO,,ASFALTO,,DESCENDENTE,NINGUNA,SIN RESTRICCIÓN,COLISIÓN,ÁNGULO,VEHÍCULO CIRCULANDO,2,,,,,,,,,,,,,,,,,0,,,,,,,,,,,,,,,,,,,,,
137,,,,,,,,,,,,,,,,,,,,,,,,,,A - AUTOMÓVIL,CHEVROLET,CHEVY,MICHOACÁN,GRIS,HECHO EN MEXICO,3GISFZIX+75148237,P - PARTICULAR,NO,23,HOMBRE,C,SI,CAMBIAR CARRIL SIN PRECAUCIÓN,NO APLICA,MINIMOS,,,,,,,,,,,,,,,,,,,,,,
137,,,,,,,,,,,,,,,,,,,,,,,,,,A - AUTOMÓVIL,NISSAN,TSURU,VERACRUZ,BLANCO/VERDE,GA16737624Y,3NIEB315AK34486,PE - PÚBLICO ESTATAL,SI,23,HOMBRE,A,SI,,,1000,,,,,,,,,,,,,,,,,,,,,,
138,XALAPA,17/06/2014,MARTES,,16:10,,XALAPA,XALAPA,URBANA,,,ZEMPOALA,POMONA,XALAPEÑOS ILUSTRES,BUENO,SOLEADO,CONCRETO,SECO,A NIVEL,NINGUNA,SIN RESTRICCIÓN,COLISIÓN,ÁNGULO,VEHÍCULO CIRCULANDO,2,,,,,,,,,,,,,,,,,0,,,,,,,,,,,,,,,,,,,,,
138,,,,,,,,,,,,,,,,,,,,,,,,,,A - AUTOMÓVIL,NISSAN,TSURU,VERACRUZ,ROJO,GA16732534Z,3NIEB315225K26953,P - PARTICULAR,SI,23,HOMBRE,,NO,NO RESPETAR SEMÁFORO,NO APLICA,1500,,,,,,,,,,,,,,,,,,,,,,
138,,,,,,,,,,,,,,,,,,,,,,,,,,A - AUTOMÓVIL,NISSAN,TSURU,VERACRUZ,ROJO/BLANCO,GA16762602Y,3NIEB3151BK302011,PE - PÚBLICO ESTATAL,NO,38,HOMBRE,A,SI,,,1000,,,,,,,,,,,,,,,,,,,,,,
139,XALAPA,17/06/2014,MARTES,,18:00,,XALAPA,XALAPA,URBANA,,,AVENIDA XALAPA,OBRERO CAMPESINA,TATOYUCA,BUENO,,ASFALTO,,A NIVEL,NINGUNA,SIN RESTRICCIÓN,COLISIÓN,ÁNGULO,VEHÍCULO CIRCULANDO,2,,,,,,,,,,,,,,,,,0,,,,,,,,,,,,,,,,,,,,,
139,,,,,,,,,,,7,,,,,,,,,,,,,,,A - AUTOMÓVIL,FORD,FOCUS,DISTRITO FEDERAL,ALMENDRA,SIN NUMERO,GA16805351W,P - PARTICULAR,NO,19,HOMBRE,,NO,NO GUARDAR DISTANCIA,NO APLICA,500,,,,,,,,,,,,,,,,,,,,,,
139,,,,,,,,,,,,,,,,,,,,,,,,,,A - AUTOMÓVIL,NISSAN,TSURU,VERACRUZ,BLANCO/VERDE,SIN NUMERO,3NIEB31518K355705,PE - PÚBLICO ESTATAL,SI,22,HOMBRE,A,SI,,,1500,,,,,,,,,,,,,,,,,,,,,,
140,XALAPA,17/06/2014,MARTES,,19:15,19:40,XALAPA,XALAPA,URBANA,,,AVENIDA AMERICAS,LAURELES,ENCANTO,BUENO,,CONCRETO,SECO,DESCENDENTE,NINGUNA,ACCIDENTE PREVIO,COLISIÓN,LATERAL,VEHÍCULO CIRCULANDO,2,,,,,,,,,,,,,,,,,0,,,,,,,,,,,,,,,,,,,,,
140,,,,,,,,,,,3,,,,,,,,,,,,,,,AS - AUTOBÚS SUBURBANO,INTERNATIONAL,NAVISTAR,VERACRUZ,VERDE,SIN NUMERO,SIN NUMERO,PE - PÚBLICO ESTATAL,NO,38,HOMBRE,A,SI,CAMBIAR CARRIL SIN PRECAUCIÓN,NO APLICA,500,,,,,,,,,,,,,,,,,,,,,,
140,,,,,,,,,,,,,,,,,,,,,,,,,,C - CAMIONETA,FORD,ECO-SPORT,VERACRUZ,PLATA METALICO,SIN NUMERO,9BFUT35F368736017,P - PARTICULAR,NO,28,HOMBRE,C,SI,,,2500,,,,,,,,,,,,,,,,,,,,,,
141,XALAPA,17/06/2014,MARTES,00:21,00:40,,XALAPA,XALAPA,URBANA,,,AVENIDA MURILLO VIDAL,ENSUEÑO,,BUENO,,CONCRETO,,A NIVEL,NINGUNA,SIN RESTRICCIÓN,COLISIÓN,ÁNGULO,VEHÍCULO CIRCULANDO,2,,,,,,,,,,,,,,,,,0,,,,,,,,,,,,,,,,,,,,,
141,,,,,,,,,,,11,,,,,,,,,,,,,,,A - AUTOMÓVIL,VOLKSWAGEN,POLO,VERACRUZ,ROJO,CBZ978974,WUWDU46ROD,P - PARTICULAR,NO,21,HOMBRE,,NO,VELOCIDAD INMODERADA,NO APLICA,25000,,,,,,,,,,,,,,,,,,,,,,
141,,,,,,,,,,,,,,,,,,,,,,,,,,A - AUTOMÓVIL,CHRYSLER,AVENGER,VERACRUZ,NEGRO,HECHO EN USA,1B3CC5F5AN140755,P - PARTICULAR,NO,24,HOMBRE,A,SI,,,10000,,,,,,,,,,,,,,,,,,,,,,
142,XALAPA,17/06/2014,MARTES,,03:10,,XALAPA,XALAPA,URBANA,,,AVENIDA LAZARO CARDENAS,ENCINAL,,BUENO,SOLEADO,ASFALTO,,DESCENDENTE,NINGUNA,SIN RESTRICCIÓN,COLISIÓN,ÁNGULO,VEHÍCULO CIRCULANDO,2,,,,,,,,,,,,,,,,,0,,,,,,,,,,,,,,,,,,,,,
142,,,,,,,,,,,1,,,,,,,,,,,,,,,C - CAMIONETA,,,,ROJO,SIN NUMERO,N166316,P - PARTICULAR,NO,,,,NO,VELOCIDAD INMODERADA,NO APLICA,,,,,,,,,,,,,,,,,,,,,,,
142,,,,,,,,,,,,,,,,,,,,,,,,,,A - AUTOMÓVIL,RENAULT,FLUENCE,VERACRUZ,NEGRO,SIN NUMERO,VR1172TY253523,P - PARTICULAR,SI,28,HOMBRE,A,SI,,,6000,,,,,,,,,,,,,,,,,,,,,,
143,XALAPA,18/06/2014,MIÉRCOLES,,08:45,09:30,XALAPA,XALAPA,URBANA,,,AVENIDA LAZARO CARDENAS,,EL TREBOL,BUENO,,ASFALTO,,A NIVEL,NINGUNA,SIN RESTRICCIÓN,COLISIÓN,POR ALCANCE,VEHÍCULO CIRCULANDO,2,,,,,,,,,,,,,,,,,0,,,,,,,,,,,,,,,,,,,,,
143,,,,,,,,,,,1,,,,,,,,,,,,,,,C - CAMIONETA,NISSAN,ESTACAS,VERACRUZ,BLANCO,M840D2104,72005200,P - PARTICULAR,NO,55,HOMBRE,A,SI,NO GUARDAR DISTANCIA,NO APLICA,1000,,,,,,,,,,,,,,,,,,,,,,
143,,,,,,,,,,,,,,,,,,,,,,,,,,C - CAMIONETA,VOLKSWAGEN,CROSSFOX,VERACRUZ,NEGRO,CF2933103,9BWLB45Z4090494,P - PARTICULAR,NO,43,HOMBRE,,NO,,,2000,,,,,,,,,,,,,,,,,,,,,,
144,XALAPA,18/06/2014,MIÉRCOLES,,09:45,10:10,XALAPA,XALAPA,URBANA,,,BOULEVARD DIAMANTE,FOVISSSTE,,REGULAR,SOLEADO,ASFALTO,SECO,A NIVEL,NINGUNA,SIN RESTRICCIÓN,COLISIÓN,ÁNGULO,VEHÍCULO CIRCULANDO,2,,,,,,,,,,,,,,,,,0,,,,,,,,,,,,,,,,,,,,,
144,,,,,,,,,,,,,,,,,,,,,,,,,,A - AUTOMÓVIL,TOYOTA,YARIS,VERACRUZ,BLANCO,1NZ4801953,GA16838708V,P - PARTICULAR,SI,62,HOMBRE,C,SI,VELOCIDAD INMODERADA,NO APLICA,4000,,,,,,,,,,,,,,,,,,,,,,
144,,,,,,,,,,,,,,,,,,,,,,,,,,A - AUTOMÓVIL,NISSAN,TSURU,VERACRUZ,ROJO/BLANCO,JTD8T9132844705,3NIEB3153K49624,PE - PÚBLICO ESTATAL,SI,23,HOMBRE,A,SI,,,1000,,,,,,,,,,,,,,,,,,,,,,
145,XALAPA,18/06/2014,MIÉRCOLES,,12:00,,XALAPA,XALAPA,URBANA,,,AVENIDA VILLAHERMOSA,PROGRESO MACUILTEPEC,MAZATLAN,BUENO,SOLEADO,CONCRETO,SECO,A NIVEL,NINGUNA,SIN RESTRICCIÓN,COLISIÓN,ÁNGULO,VEHÍCULO CIRCULANDO,2,,,,,,,,,,,,,,,,,0,,,,,,,,,,,,,,,,,,,,,
145,,,,,,,,,,,6,,,,,,,,,,,,,,,A - AUTOMÓVIL,NISSAN,TSURU,VERACRUZ,BLANCO/VERDE,GA16739939Y,3NIEB612933622730,PE - PÚBLICO ESTATAL,SI,27,HOMBRE,A,SI,NO RESPETAR CEDA EL PASO,OTRO,8000,,,,,,,,,,,,,,,,,,,,,,
145,,,,,,,,,,,,,,,,,,,,,,,,,,A - AUTOMÓVIL,NISSAN,VERSA,VERACRUZ,NEGRO,H216709779S,3NICN7ADGE187390,P - PARTICULAR,SI,42,HOMBRE,C,SI,,,20000,,,,,,,,,,,,,,,,,,,,,,
146,XALAPA,18/06/2014,MIÉRCOLES,,18:35,,XALAPA,XALAPA,URBANA,,,AVENIDA 20 DE NOVIEMBRE,,,BUENO,SOLEADO,CONCRETO,SECO,A NIVEL,MARCA EN PAVIMENTO,SIN RESTRICCIÓN,COLISIÓN,ÁNGULO,VEHÍCULO CIRCULANDO,2,,,,,,,,,,,,,,,,,0,,,,,,,,,,,,,,,,,,,,,
146,,,,,,,,,,,5,,,,,,,,,,,,,,,A - AUTOMÓVIL,MAZDA,MAZDA 5,VERACRUZ,GRIS,ZYC74224,JM1ED24Y2710433,P - PARTICULAR,SI,80,HOMBRE,B,SI,"VUELTA EN ""U""",NO APLICA,5000,,,,,,,,,,,,,,,,,,,,,,
146,,,,,,,,,,,,,,,,,,,,,,,,,,A - AUTOMÓVIL,NISSAN,TSURU,VERACRUZ,BLANCO/VERDE,GA1680646452Y,3NIFB3150342,PE - PÚBLICO ESTATAL,SI,62,HOMBRE,A,SI,,,7000,,,,,,,,,,,,,,,,,,,,,,
147,XALAPA,18/06/2014,MIÉRCOLES,,21:30,,XALAPA,XALAPA,URBANA,,,AVENIDA REBSAMEN,MARTIRES DE CHICAGO,ESTEBAN MASCAREÑAS,BUENO,,CONCRETO,SECO,A NIVEL,NINGUNA,SIN RESTRICCIÓN,COLISIÓN,LATERAL,VEHÍCULO CIRCULANDO,2,,,,,,,,,,,,,,,,,0,,,,,,,,,,,,,,,,,,,,,
147,,,,,,,,,,,10,,,,,,,,,,,,,,,C - CAMIONETA,FORD,ECO-SPORT,VERACRUZ,AZUL,SIN NUMERO,9BT0889522363,P - PARTICULAR,SI,35,HOMBRE,A,SI,CAMBIAR CARRIL SIN PRECAUCIÓN,NO APLICA,500,,,,,,,,,,,,,,,,,,,,,,
147,,,,,,,,,,,,,,,,,,,,,,,,,,A - AUTOMÓVIL,CHEVROLET,CHEVY,VERACRUZ,PLATA,HECHO EN MEXICO,1SF61382577337,P - PARTICULAR,NO,41,HOMBRE,C,SI,,,500,,,,,,,,,,,,,,,,,,,,,,
148,XALAPA,18/06/2014,MIÉRCOLES,21:31,22:05,22:20,XALAPA,XALAPA,URBANA,,,CIRCUITO PRESIDENTES,ZONA UNIVERSITARIA,,BUENO,,ASFALTO,,DESCENDENTE,NINGUNA,SIN RESTRICCIÓN,COLISIÓN,ÁNGULO,VEHÍCULO CIRCULANDO,2,,,,,,,,,,,,,,,,,0,,,,,,,,,,,,,,,,,,,,,
148,,,,,,,,,,,9,,,,,,,,,,,,,,,A - AUTOMÓVIL,NISSAN,TSURU,VERACRUZ,BLANCO/VERDE,GA16753176Y,3NIEB3154AK347703,PE - PÚBLICO ESTATAL,SI,40,HOMBRE,A,SI,CAMBIAR CARRIL SIN PRECAUCIÓN,NO APLICA,2000,,,,,,,,,,,,,,,,,,,,,,
148,,,,,,,,,,,,,,,,,,,,,,,,,,C - CAMIONETA,JEEP,WRANGLER,VERACRUZ,NEGRO,SIN NUMERO,4FY1957W747425,P - PARTICULAR,NO,41,HOMBRE,A,SI,,,3500,,,,,,,,,,,,,,,,,,,,,,
149,XALAPA,18/06/2014,MIÉRCOLES,,09:02,,XALAPA,XALAPA,URBANA,,,LIC. ANGEL CARVAJAL BERNAL,UNIDAD DEL VALLE,GUSTAVO DIAZ ORDAZ,BUENO,SOLEADO,CONCRETO,SECO,A NIVEL,NINGUNA,SIN RESTRICCIÓN,COLISIÓN,ÁNGULO,VEHÍCULO ESTACIONADO,2,,,,,,,,,,,,,,,,,0,,,,,,,,,,,,,,,,,,,,,
149,,,,,,,,,,,,,,,,,,,,,,,,,,A - AUTOMÓVIL,FORD,IKON,DISTRITO FEDERAL,NEGRO,SIN NUMERO,3FABP04BXM107517,P - PARTICULAR,NO,50,HOMBRE,B,SI,NO GUARDAR DISTANCIA,NO APLICA,8000,,,,,,,,,,,,,,,,,,,,,,
149,,,,,,,,,,,,,,,,,,,,,,,,,,C - CAMIONETA,NISSAN,X-TRAIL,PUEBLA,BLANCO,SIN NUMERO,JN1AT18T7BW004355,P - PARTICULAR,NO,36,HOMBRE,C,SI,,,20000,,,,,,,,,,,,,,,,,,,,,,
150,XALAPA,18/06/2014,MIÉRCOLES,,23:03,,XALAPA,XALAPA,URBANA,,,AVENIDA LAZARO CARDENAS,RAFAEL LUCIO,,BUENO,,CONCRETO,SECO,A NIVEL,NINGUNA,SIN RESTRICCIÓN,COLISIÓN,ÁNGULO,VEHÍCULO CIRCULANDO,2,,,,,,,,,,,,,,,,,0,,,,,,,,,,,,,,,,,,,,,
150,,,,,,,,,,,1,,,,,,,,,,,,,,,A - AUTOMÓVIL,CHEVROLET,CHEVY,VERACRUZ,BLANCO,SIN NUMERO,3G1SF21X35S15071,P - PARTICULAR,NO,35,HOMBRE,B,SI,VELOCIDAD INMODERADA,OTRO,5000,,,,,,,,,,,,,,,,,,,,,,
150,,,,,,,,,,,,,,,,,,,,,,,,,,C - CAMIONETA,NISSAN,NP-300,VERACRUZ,NEGRO,SIN NUMERO,1N6SD16S7PC447152,P - PARTICULAR,NO,35,HOMBRE,B,SI,,,5000,,,,,,,,,,,,,,,,,,,,,,
151,XALAPA,18/06/2014,MIÉRCOLES,09:03,09:50,,XALAPA,XALAPA,URBANA,,,AVENIDA CAMINO ANTIGUO A NAOLINCO,CAMPO DE TIRO,,BUENO,SOLEADO,CONCRETO,SECO,A NIVEL,MARCA EN PAVIMENTO,SIN RESTRICCIÓN,COLISIÓN,LATERAL,VEHÍCULO CIRCULANDO,2,,,,,,,,,,,,,,,,,0,,,,,,,,,,,,,,,,,,,,,
151,,,,,,,,,,,,,,,,,,,,,,,,,,CC - CAMIÓN DE CARGA,DINA,CABINA,VERACRUZ,BLANCO,11639267,50315323,P - PARTICULAR,NO,49,HOMBRE,A,SI,NO GUARDAR DISTANCIA,NO APLICA,100,,,,,,,,,,,,,,,,,,,,,,
151,,,,,,,,,,,,,,,,,,,,,,,,,,A - AUTOMÓVIL,NISSAN,TSURU,VERACRUZ,BLANCO/VERDE,GA16762602Y,3NIEB31506K30945,PE - PÚBLICO ESTATAL,NO,37,HOMBRE,A,SI,,,15000,,,,,,,,,,,,,,,,,,,,,,
152,XALAPA,18/06/2014,MIÉRCOLES,,08:30,,XALAPA,XALAPA,URBANA,,,AVENIDA ORIZABA,FRACCIONAMIENTO VERACRUZ,PALMAS,BUENO,,ASFALTO,,A NIVEL,NINGUNA,SIN RESTRICCIÓN,COLISIÓN,ÁNGULO,VEHÍCULO CIRCULANDO,2,,,,,,,,,,,,,,,,,0,,,,,,,,,,,,,,,,,,,,,
152,,,,,,,,,,,,,,,,,,,,,,,,,,C - CAMIONETA,CHEVROLET,BLAZER,VERACRUZ,VERDE,SIN NUMERO,1GNCS13W9V2260638,P - PARTICULAR,NO,22,MUJER,C,SI,NO GUARDAR DISTANCIA,NO APLICA,8000,,,,,,,,,,,,,,,,,,,,,,
152,,,,,,,,,,,,,,,,,,,,,,,,,,C - CAMIONETA,DODGE,JOURNEY,MORELOS,ROJA,SIN NUMERO,3C4PDCFG6ET272388,P - PARTICULAR,NO,35,MUJER,C,SI,,,10000,,,,,,,,,,,,,,,,,,,,,,
153,XALAPA,19/06/2014,JUEVES,,09:00,,XALAPA,XALAPA,URBANA,,,AVENIDA LAZARO CARDENAS,ANIMAS,,BUENO,,ASFALTO,,A NIVEL,NINGUNA,SIN RESTRICCIÓN,COLISIÓN,POR ALCANCE,VEHÍCULO CIRCULANDO,3,A - AUTOMÓVIL,CHEVROLET,SPARK,VERACRUZ,TITANIO,HECHO EN KOREA,KL8CM6CDE491395,P - PARTICULAR,NO,19,HOMBRE,A,SI,,,8000,0,,,,,,,,,,,,,,,,,,,,,
153,,,,,,,,,,,1,,,,,,,,,,,,,,,A - AUTOMÓVIL,CHEVROLET,CORSA,VERACRUZ,NEGRO,HECHO EN BRASIL,93CX191255C187712,P - PARTICULAR,NO,61,HOMBRE,C,SI,NO GUARDAR DISTANCIA,NO APLICA,5000,,,,,,,,,,,,,,,,,,,,,,
153,,,,,,,,,,,,,,,,,,,,,,,,,,A - AUTOMÓVIL,NISSAN,TSURU,VERACRUZ,BLANCO/VERDE,GAGA16859057Y,3NIEB3155CK332047,PE - PÚBLICO ESTATAL,NO,33,HOMBRE,A,SI,,,2500,,,,,,,,,,,,,,,,,,,,,,
154,XALAPA,19/06/2014,JUEVES,,09:48,,XALAPA,XALAPA,URBANA,,,AVENIDA LAZARO CARDENAS,RAFAEL LUCIO,,BUENO,SOLEADO,CONCRETO,SECO,A NIVEL,NINGUNA,SIN RESTRICCIÓN,COLISIÓN,ÁNGULO,VEHÍCULO CIRCULANDO,2,,,,,,,,,,,,,,,,,0,,,,,,,,,,,,,,,,,,,,,
154,,,,,,,,,,,1,,,,,,,,,,,,,,,A - AUTOMÓVIL,NISSAN,TSURU,VERACRUZ,BLANCO/VERDE,GA167117844,3NIEB3156AK313178,PE - PÚBLICO ESTATAL,NO,35,HOMBRE,A,SI,VELOCIDAD INMODERADA,NO APLICA,1500,,,,,,,,,,,,,,,,,,,,,,
154,,,,,,,,,,,,,,,,,,,,,,,,,,M - MOTOCICLETA,YAMAHA,,VERACRUZ,ROJO,J4M154112040948,LBPKEO971D445397,P - PARTICULAR,NO,42,HOMBRE,D,SI,,,1000,,,,,,,,,,,,,,,,,,,,,,
155,XALAPA,19/06/2014,JUEVES,09:06,09:25,,XALAPA,XALAPA,URBANA,,,PIPILA,EL MIRADOR,,BUENO,SOLEADO,ASFALTO,SECO,ASCENDENTE,SEÑAL CEDA EL PASO,SIN RESTRICCIÓN,COLISIÓN,ÁNGULO,VEHÍCULO CIRCULANDO,2,,,,,,,,,,,,,,,,,1,,,,,,,,,,,,,,,,,,,,,
155,,,,,,,,,,,,,,,,,,,,,,,,,,A - AUTOMÓVIL,VOLKSWAGEN,JETTA,DISTRITO FEDERAL,GRIS,AEGM15804,SIN NUMERO,P - PARTICULAR,NO,20,HOMBRE,B,SI,NO RESPETAR SEÑAL DE ALTO,NO APLICA,4000,,,,,,,,,,,,,,,,,,,,,,
155,,,,,,,,,,,,,,,,,,,,,,,,,,A - AUTOMÓVIL,NISSAN,TSURU,VERACRUZ,BLANCO,GA16739971Y,3NIEB315XAK336270,PE - PÚBLICO ESTATAL,NO,40,HOMBRE,A,SI,,,6000,,,,1,,,,,,,,,,,,,,,,,,
156,XALAPA,19/06/2014,JUEVES,12:50,13:00,,XALAPA,XALAPA,URBANA,,,AVENIDA LAZARO CARDENAS,,,BUENO,,ASFALTO,,A NIVEL,NINGUNA,SIN RESTRICCIÓN,COLISIÓN,POR ALCANCE,VEHÍCULO CIRCULANDO,2,,,,,,,,,,,,,,,,,1,,,,,,,,,,,,,,,,,,,,,