idMES,DELEGACION DE TRANSITO,FECHA DEL ACCIDENTE,DIA DE LA SEMANA,HORA EN QUE SE RECIBIO LA LLAMADA REPORTANDO EL ACCIDENTE,HORA DE ARRIBO DEL PERITO AL SITIO,HORA DE REGRESO DEL PERITO A LAS INSTALACIONES DE SU DELEGACION,LOCALIDAD ACCIDENTE,MUNICIPIO ACCIDENTE,ZONA,CARRETERA/KILOMETRO DEL ACCIDENTE,NUMERO DE AVENIDA,CALLE/AVENIDA DEL ACCIDENTE,COLONIA,ENTRE CALLES,CONDICIONES DE LA VIA,CONDICIONES NATURALES,SUPERFICIE DE LA VIA,ESTADO DE LA VIA,TANGENTE,TIPO DE CONTROL DE TRANSITO,RESTRICCIONES DE LA VIA,TIPO DE ACCIDENTE,FORMA DE ACCIDENTARSE,CONTRA QUE FUE EL IMPACTO,CANTIDAD DE VEHICULOS,TIPO DE VEHICULO,MARCA,SUBMARCA,ENTIDAD FEDERATIVA DEL VEHICULO,COLOR DEL VEHICULO,MOTOR,SERIE,TIPO DE SERVICIO PARA EL QUE SE OCUPAN LOS VEHICULOS,ASEGURADO,EDAD CONDUCTOR,SEXO CONDUCTOR,TIPO LICENCIA,LICENCIA VIGENTE,CAUSA ATRIBUIBLE AL CONDUCTOR,CAUSA ATRIBUIBLE AL PEATON,DANIOS (MONTO APROXIMADO EN MXN),NUMERO DE HERIDOS,MUJER HERIDA DE 0-15 ANIOS,HOMBRE HERIDO DE 0-15 ANIOS,MUJER HERIDA DE 16-30 ANIOS,HOMBRE HERIDO DE 16-30 ANIOS,MUJER HERIDA DE 31-45 ANIOS,HOMBRE HERIDO DE 31-45 ANIOS,MUJER HERIDA DE 46-60 ANIOS,HOMBRE HERIDO DE 46-60 ANIOS,MUJER HERIDA MAS DE 60 ANIOS,HOMBRE HERIDO MAS DE 60 ANIOS,NUMERO DE MUERTOS,MUJER MUERTA DE 0-15 ANIOS,HOMBRE MUERTO DE 0-15 ANIOS,MUJER MUERTA DE 16-30 ANIOS,HOMBRE MUERTO DE 16-30 ANIOS,MUJER MUERTA DE 31-45 ANIOS,HOMBRE MUERTO DE 31-45 ANIOS,MUJER MUERTA DE 46-60 ANIOS,HOMBRE MUERTO DE 46-60 ANIOS,MUJER MUERTA MAS DE 60 ANIOS,HOMBRE MUERTO MAS DE 60 ANIOS
156,,,,,,,,,,,1,,,,,,,,,,,,,,,A - AUTOMÓVIL,VOLKSWAGEN,SEDAN,VERACRUZ,ARENA,SIN NUMERO,GA16718003Y,P - PARTICULAR,NO,40,MUJER,,NO,NO GUARDAR DISTANCIA,NO APLICA,3000,,,,,,,,1,,,,,,,,,,,,,,
156,,,,,,,,,,,,,,,,,,,,,,,,,,A - AUTOMÓVIL,NISSAN,TSURU,VERACRUZ,ROJO/BLANCO,SIN NUMERO,3NIE3156KR318462,PE - PÚBLICO ESTATAL,SI,34,HOMBRE,A,SI,,,4000,,,,,,,,,,,,,,,,,,,,,,
157,XALAPA,20/06/2014,VIERNES,,09:25,10:30,XALAPA,XALAPA,URBANA,,,AVENIDA AMERICAS,,LATERAL LAZARO CARDENAS,BUENO,,CONCRETO,SECO,A NIVEL,NINGUNA,SIN RESTRICCIÓN,COLISIÓN,ÁNGULO,VEHÍCULO CIRCULANDO,2,C - CAMIONETA,HONDA,CRV,VERACRUZ,NEGRO,K24A12906711,1HLRD788223C805240,P - PARTICULAR,NO,40,MUJER,A,SI,CAMBIAR CARRIL SIN PRECAUCIÓN,NO APLICA,1500,0,,,,,,,,,,,,,,,,,,,,,
157,,,,,,,,,,,3,,,,,,,,,,,,,,,C - CAMIONETA,NISSAN,ROGUE,VERACRUZ,BLANCO,5142908,JNBA5J8VXDN880157,P - PARTICULAR,NO,41,MUJER,C,SI,,,5000,,,,,,,,,,,,,,,,,,,,,,
158,XALAPA,20/06/2014,VIERNES,,09:40,10:25,XALAPA,XALAPA,URBANA,,,PRINCIPAL MIGUEL HIDALGO,SAN ANTONIO,,REGULAR,SOLEADO,CONCRETO,SECO,DESCENDENTE,NINGUNA,SIN RESTRICCIÓN,ATROPELLAMIENTO,,,1,M - MOTOCICLETA,SUZUKI,,VERACRUZ,AMARILLO,K7FM12A2P25292,LC6PEJK68E000957,P - PARTICULAR,NO,33,HOMBRE,D,SI,VELOCIDAD INMODERADA,NO APLICA,600,0,,,1,,,,,,,,,,,,,,,,,,
159,XALAPA,20/06/2014,VIERNES,10:11,10:14,10:30,XALAPA,XALAPA,URBANA,,,BOLIVIA,BENITO JUAREZ,,BUENO,SOLEADO,ASFALTO,SECO,A NIVEL,NINGUNA,SIN RESTRICCIÓN,COLISIÓN,LATERAL,VEHÍCULO CIRCULANDO,2,C - CAMIONETA,CHRYSLER,I10,VERACRUZ,BLANCO/ROJO,HECHO EN INDIA,MALAM5NB9DM151379,PE - PÚBLICO ESTATAL,SI,33,HOMBRE,A,SI,CAMBIAR CARRIL SIN PRECAUCIÓN,NO APLICA,1300,0,,,,,,,,,,,,,,,,,,,,,
159,,,,,,,,,,,,,,,,,,,,,,,,,,AS - AUTOBÚS SUBURBANO,CHRYSLER,CHASIS,VERACRUZ,BLANCO/AZUL,9.03E+13,4UZACRC529CAE0969,PE - PÚBLICO ESTATAL,SI,49,HOMBRE,A,SI,,,SIN DAÑOS,,,,,,,,,,,,,,,,,,,,,,
160,XALAPA,20/06/2014,VIERNES,12:35,13:10,13:40,XALAPA,XALAPA,URBANA,,,AVENIDA LAZARO CARDENAS,MODELO,ENCANTO,BUENO,SOLEADO,CONCRETO,SECO,A NIVEL,NINGUNA,SIN RESTRICCIÓN,COLISIÓN,ÁNGULO,VEHÍCULO CIRCULANDO,2,A - AUTOMÓVIL,NISSAN,TSURU,VERACRUZ,BLANCO/ROJO,GA16777072W,3N1EB31538K332958,PE - PÚBLICO ESTATAL,NO,29,HOMBRE,A,SI,OTRO,NO APLICA,1000,0,,,,,,,,,,,,,,,,,,,,,
160,,,,,,,,,,,1,,,,,,,,,,,,,,,A - AUTOMÓVIL,NISSAN,TSURU,VERACRUZ,BLANCO/ROJO,GA16732973Y,3N1EB31SXAK330775,PE - PÚBLICO ESTATAL,NO,34,HOMBRE,A,SI,,,2000,,,,,,,,,,,,,,,,,,,,,,
161,XALAPA,20/06/2014,VIERNES,,13:35,13:50,XALAPA,XALAPA,URBANA,,,AVENIDA LAZARO CARDENAS,BADILLO,20 DE NOVIEMBRE,REGULAR,SOLEADO,ASFALTO,SECO,DESCENDENTE,SEMÁFORO FUNCIONANDO,SIN RESTRICCIÓN,COLISIÓN,POR ALCANCE,VEHÍCULO CIRCULANDO,2,A - AUTOMÓVIL,NISSAN,TSURU,VERACRUZ,BLANCO/VERDE,GA16770484Y,3N1EB351BK309198,PE - PÚBLICO ESTATAL,SI,49,HOMBRE,A,SI,NO GUARDAR DISTANCIA,NO APLICA,3000,0,,,,,,,,,,,,,,,,,,,,,
161,,,,,,,,,,,1,,,,,,,,,,,,,,,A - AUTOMÓVIL,NISSAN,VERSA,VERACRUZ,ROJO,HR167477746,3N1CN7AD5DK402865,P - PARTICULAR,SI,40,HOMBRE,B,SI,,,6000,,,,,,,,,,,,,,,,,,,,,,
162,XALAPA,20/06/2014,VIERNES,13:30,13:52,14:10,XALAPA,XALAPA,URBANA,,,AVENIDA 20 DE NOVIEMBRE,CENTRO,PIPILA Y 5 DE FEBRERO,BUENO,SOLEADO,CONCRETO,SECO,A NIVEL,NINGUNA,SIN RESTRICCIÓN,COLISIÓN,ÁNGULO,VEHÍCULO CIRCULANDO,2,C - CAMIONETA,CHRYSLER,JEEP,VERACRUZ,NEGRO,HECHO EN USA,3J4GK4BKX3W605712,P - PARTICULAR,NO,30,MUJER,C,SI,OTRO,NO APLICA,500,0,,,,,,,,,,,,,,,,,,,,,
162,,,,,,,,,,,,,,,,,,,,,,,,,,A - AUTOMÓVIL,NISSAN,TSURU,VERACRUZ,BLANCO/ROJO,GA16898656Y,3N1EB31S0DK313875,PE - PÚBLICO ESTATAL,SI,46,HOMBRE,A,SI,,,3000,,,,,,,,,,,,,,,,,,,,,,
163,XALAPA,20/06/2014,VIERNES,,14:05,14:20,XALAPA,XALAPA,URBANA,,,AVENIDA 20 DE NOVIEMBRE,BADILLO,,REGULAR,SOLEADO,ASFALTO,SECO,A NIVEL,SEMÁFORO FUNCIONANDO,SIN RESTRICCIÓN,COLISIÓN,LATERAL,VEHÍCULO CIRCULANDO,2,AS - AUTOBÚS SUBURBANO,MERCEDES BENZ,CHASIS CORAZA,VERACRUZ,BLANCO,3.91E+14,31M68528750040545,PE - PÚBLICO ESTATAL,NO,24,HOMBRE,A,SI,CAMBIAR CARRIL SIN PRECAUCIÓN,NO APLICA,2500,0,,,,,,,,,,,,,,,,,,,,,
163,,,,,,,,,,,5,,,,,,,,,,,,,,,A - AUTOMÓVIL,TOYOTA,COROLLA,VERACRUZ,PLATA,2ZRK657200,2T1BU4EE6DC969502,P - PARTICULAR,SI,59,MUJER,B,SI,,,12000,,,,,,,,,,,,,,,,,,,,,,
164,XALAPA,20/06/2014,VIERNES,,15:10,,XALAPA,XALAPA,URBANA,,,REVOLUCION,CENTRO,ALTAMIRANO,BUENO,SOLEADO,CONCRETO,SECO,ASCENDENTE,NINGUNA,SIN RESTRICCIÓN,COLISIÓN,POR ALCANCE,VEHÍCULO CIRCULANDO,2,C - CAMIONETA,CHRYSLER,TOWN COUNTRY,VERACRUZ,BLANCO,HECHO EN USA,2A4JREDG0BR659465,P - PARTICULAR,SI,43,MUJER,C,SI,,,500,0,,,,,,,,,,,,,,,,,,,,,
164,,,,,,,,,,,,,,,,,,,,,,,,,,A - AUTOMÓVIL,VOLKSWAGEN,NUEVO GOL,VERACRUZ,BLANCO/ROJO,CFZ866275,9BWABD5U8CP105414,PE - PÚBLICO ESTATAL,SI,63,HOMBRE,A,SI,NO GUARDAR DISTANCIA,NO APLICA,500,,,,,,,,,,,,,,,,,,,,,,
165,XALAPA,20/06/2014,VIERNES,20:30,20:40,21:05,XALAPA,XALAPA,URBANA,,,AVENIDA XALAPA,,FTE. A ECONOMIA,BUENO,NIEBLA,CONCRETO,SECO,A NIVEL,NINGUNA,SIN RESTRICCIÓN,COLISIÓN,POR ALCANCE,VEHÍCULO CIRCULANDO,2,AS - AUTOBÚS SUBURBANO,CHRYSLER,CHASIS,VERACRUZ,AMARILLO,9.25E+13,3MBAA2DK49M032089,PE - PÚBLICO ESTATAL,NO,28,HOMBRE,A,SI,NO GUARDAR DISTANCIA,NO APLICA,4500,0,,,,,,,,,,,,,,,,,,,,,
165,,,,,,,,,,,7,,,,,,,,,,,,,,,AS - AUTOBÚS SUBURBANO,CHRYSLER,CHASIS,VERACRUZ,AMARILLO,9.25E+13,3MBAA20K79M032412,PE - PÚBLICO ESTATAL,SI,28,HOMBRE,A,SI,,,,,,,,,,,,,,,,,,,,,,,,,
166,XALAPA,20/06/2014,VIERNES,22:25,22:45,11:20,XALAPA,XALAPA,URBANA,,,AGUASCALIENTES,PROGRESO MACUILTEPEC,GUADALAJARA,REGULAR,,CONCRETO,,DESCENDENTE,NINGUNA,SIN RESTRICCIÓN,COLISIÓN,LATERAL,VEHÍCULO CIRCULANDO,2,C - CAMIONETA,LIBERTY,JEEP,VERACRUZ,ROJO,,,P - PARTICULAR,NO,22,HOMBRE,,,OTRO,NO APLICA,SIN DAÑOS,0,,,,,,,,,,,,,,,,,,,,,
166,,,,,,,,,,,,,,,,,,,,,,,,,,C - CAMIONETA,CHEVROLET,EQUINOX,VERACRUZ,PLATA,,2CNP133F68606773,P - PARTICULAR,NO,40,HOMBRE,,,,,500,,,,,,,,,,,,,,,,,,,,,,
167,XALAPA,20/06/2014,VIERNES,,03:55,,XALAPA,XALAPA,URBANA,,,7 DE NOVIEMBRE,JARDINES DE XALAPA,,BUENO,NIEBLA,CONCRETO,SECO,DESCENDENTE,NINGUNA,SIN RESTRICCIÓN,COLISIÓN,,OBJETO FIJO,1,A - AUTOMÓVIL,VOLKSWAGEN,SEAT,VERACRUZ,GRIS,,,P - PARTICULAR,NO,30,HOMBRE,B,SI,OTRO,NO APLICA,2000,0,,,,,,,,,,,,,,,,,,,,,
168,XALAPA,20/06/2014,VIERNES,,13:05,,XALAPA,XALAPA,URBANA,,,CIRCUITO TAJIN,SEBASTIAN LERDO DE TEJADA,,BUENO,,CONCRETO,SECO,ASCENDENTE,NINGUNA,SIN RESTRICCIÓN,COLISIÓN,,OBJETO FIJO,1,C - CAMIONETA,FORD,F-550,OAXACA,,,3FDMF56P56MA24815,P - PARTICULAR,,44,HOMBRE,B,SI,VELOCIDAD INMODERADA,NO APLICA,10000,0,,,,,,,,,,,,,,,,,,,,,
169,XALAPA,20/06/2014,VIERNES,05:55,06:10,,XALAPA,XALAPA,URBANA,,,AVENIDA ARCO SUR,,,BUENO,,ASFALTO,SECO,DESCENDENTE,NINGUNA,SIN RESTRICCIÓN,COLISIÓN,,OBJETO FIJO,1,C - CAMIONETA,CHRYSLER,PACIFICA,MÉXICO,BLANCO,,,P - PARTICULAR,,,,,,OTRO,NO APLICA,8000,0,,,,,,,,,,,,,,,,,,,,,
169,,,,,,,,,,,14,,,,,,,,,,,,,,,,,,,,,,,,,,,,,,,,,,,,,,,,,,,,,,,,,,,,
170,XALAPA,20/06/2014,VIERNES,19:53,20:12,,XALAPA,XALAPA,URBANA,,,AVENIDA 20 DE NOVIEMBRE,CENTRO,LANDERO Y COSS,BUENO,,CONCRETO,SECO,DESCENDENTE,NINGUNA,SIN RESTRICCIÓN,OTRO,,,1,M - MOTOCICLETA,YAMAHA,YBR 125,,BLANCO,,,P - PARTICULAR,,23,HOMBRE,,,OTRO,NO APLICA,SIN DAÑOS,1,,,,1,,,,,,,,,,,,,,,,,
170,,,,,,,,,,,5,,,,,,,,,,,,,,,,,,,,,,,,,,,,,,,,,,,,,,,,,,,,,,,,,,,,
171,XALAPA,21/06/2014,SÁBADO,,11:30,,XALAPA,XALAPA,URBANA,,,ARAUCARIAS,MIRADOR,OBISPO,BUENO,,ASFALTO,SECO,ASCENDENTE,NINGUNA,SIN RESTRICCIÓN,COLISIÓN,ÁNGULO,VEHÍCULO CIRCULANDO,2,C - CAMIONETA,JEEP,CHEROKEE,VERACRUZ,GRIS,SIN NUMERO,1J4625853VC739841,P - PARTICULAR,NO,34,MUJER,B,SI,OTRO,NO APLICA,1500,0,,,,,,,,,,,,,,,,,,,,,
171,,,,,,,,,,,,,,,,,,,,,,,,,,A - AUTOMÓVIL,VOLKSWAGEN,SEAT,VERACRUZ,NEGRO,CDA209029,USSRJ61P3BR076443,P - PARTICULAR,SI,34,MUJER,,,,,15000,,,,,,,,,,,,,,,,,,,,,,
172,XALAPA,21/06/2014,SÁBADO,,18:30,,XALAPA,XALAPA,URBANA,,,LUCIO BLANCO,OBRERO CAMPESINA,PRIMERO DE MAYO Y ORIZABA,BUENO,,ASFALTO,SECO,A NIVEL,NINGUNA,SIN RESTRICCIÓN,COLISIÓN,LATERAL,VEHÍCULO CIRCULANDO,2,AS - AUTOBÚS SUBURBANO,INTERNATIONAL,CHASIS,VERACRUZ,BLANCO,,,PE - PÚBLICO ESTATAL,NO,40,HOMBRE,A,SI,CAMBIAR CARRIL SIN PRECAUCIÓN,NO APLICA,MINIMOS,0,,,,,,,,,,,,,,,,,,,,,
172,,,,,,,,,,,,,,,,,,,,,,,,,,M - MOTOCICLETA,ITALIKA,FT-110,VERACRUZ,AZUL,,3SCPFTCEXD1003371,P - PARTICULAR,NO,26,HOMBRE,,,,,1500,,,,,,,,,,,,,,,,,,,,,,
173,XALAPA,21/06/2014,SÁBADO,,18:55,,XALAPA,XALAPA,URBANA,,,AVENIDA RUIZ CORTINES,MAGISTERIAL,ACUEDUCTO Y PELICANOS,BUENO,,ASFALTO,SECO,A NIVEL,NINGUNA,SIN RESTRICCIÓN,COLISIÓN,ÁNGULO,VEHÍCULO CIRCULANDO,2,A - AUTOMÓVIL,NISSAN,TSURU,VERACRUZ,BLANCO/ROJO,GA16747545Y,3N1EB31S9AK342545,PE - PÚBLICO ESTATAL,SI,42,HOMBRE,A,SI,NO RESPETAR CEDA EL PASO,NO APLICA,7000,1,,,,,,1,,,,,,,,,,,,,,,
173,,,,,,,,,,,2,,,,,,,,,,,,,,,C - CAMIONETA,NISSAN,X-TRAIL,VERACRUZ,BLANCO,QR25340871,JNBBT08TX6W815038,P - PARTICULAR,NO,57,HOMBRE,C,SI,,,5000,,,,,,,,,,,,,,,,,,,,,,
174,XALAPA,21/06/2014,SÁBADO,,22:50,,XALAPA,XALAPA,URBANA,,,MAESTROS VERACRUZANOS,UNIDAD POMONA,NERCIZO MENDOZA,BUENO,,CONCRETO,SECO,DESCENDENTE,NINGUNA,SIN RESTRICCIÓN,COLISIÓN,ÁNGULO,VEHÍCULO CIRCULANDO,2,A - AUTOMÓVIL,FIAT,PALIO,VERACRUZ,VERDE,O303394,9BD17332984214549,P - PARTICULAR,NO,40,HOMBRE,C,SI,OTRO,NO APLICA,2500,0,,,,,,,,,,,,,,,,,,,,,
174,,,,,,,,,,,,,,,,,,,,,,,,,,M - MOTOCICLETA,ITALIKA,FX-110,VERACRUZ,GRIS,,,P - PARTICULAR,NO,46,HOMBRE,,,,,3000,,,,,,,,,,,,,,,,,,,,,,
175,XALAPA,21/06/2014,SÁBADO,,23:00,,XALAPA,XALAPA,URBANA,,,AVENIDA LAZARO CARDENAS,RAFAEL LUCIO,LEOPOLDO KIEL,BUENO,NIEBLA,CONCRETO,,A NIVEL,NINGUNA,SIN RESTRICCIÓN,COLISIÓN,POR ALCANCE,VEHÍCULO CIRCULANDO,2,A - AUTOMÓVIL,VOLKSWAGEN,DERBY,VERACRUZ,PLATA,A00288056,8AWJC09E85A67,P - PARTICULAR,NO,54,HOMBRE,B,SI,NO GUARDAR DISTANCIA,NO APLICA,9000,0,,,,,,,,,,,,,,,,,,,,,
175,,,,,,,,,,,1,,,,,,,,,,,,,,,A - AUTOMÓVIL,NISSAN,TSURU,VERACRUZ,BLANCO/ROJO,GA16707983Y,3N1EB31S8AX310265,PE - PÚBLICO ESTATAL,SI,47,HOMBRE,A,SI,,,12000,,,,,,,,,,,,,,,,,,,,,,
176,XALAPA,21/06/2014,SÁBADO,14:08,,,XALAPA,XALAPA,URBANA,,,LUIS HIDALGO MONROY,,,BUENO,SOLEADO,CONCRETO,SECO,A NIVEL,MARCA EN PAVIMENTO,SIN RESTRICCIÓN,COLISIÓN,ÁNGULO,VEHÍCULO CIRCULANDO,2,C - CAMIONETA,NISSAN,PICK UP,VERACRUZ,BLANCO,KA24318210A,3N60013S37K006240,P - PARTICULAR,NO,25,HOMBRE,,,OTRO,NO APLICA,200,1,,,,1,,,,,,,,,,,,,,,,,
176,,,,,,,,,,,,,,,,,,,,,,,,,,M - MOTOCICLETA,DINAMO,,VERACRUZ,ROJO,TX1101M030527615,TRXXME0563C270616,P - PARTICULAR,NO,50,HOMBRE,B,SI,,,500,,,,,,,,,,,,,,,,,,,,,,
177,XALAPA,21/06/2014,SÁBADO,02:40,,,XALAPA,XALAPA,URBANA,SAN ANDRES TLALNEHUAYOCAN,,,,,BUENO,,ASFALTO,SECO,ASCENDENTE,NINGUNA,SIN RESTRICCIÓN,VOLCADURA,,,1,A - AUTOMÓVIL,CHRYSLER,SHADOW,VERACRUZ,AZUL,,,P - PARTICULAR,,,,,,VELOCIDAD INMODERADA,NO APLICA,8000,0,,,,,,,,,,,,,,,,,,,,,
178,XALAPA,22/06/2014,DOMINGO,,04:30,,XALAPA,XALAPA,URBANA,,,AVENIDA RUIZ CORTINES,,,BUENO,NIEBLA,ASFALTO,SECO,A NIVEL,NINGUNA,SIN RESTRICCIÓN,COLISIÓN,,OBJETO FIJO,1,C - CAMIONETA,FORD,EXPEDITION,VERACRUZ,NEGRO,HECHO EN USA,1FMEU18W5WLA12933,P - PARTICULAR,NO,33,HOMBRE,B,SI,VELOCIDAD INMODERADA,NO APLICA,10000,0,,,,,,,,,,,,,,,,,,,,,
178,,,,,,,,,,,2,,,,,,,,,,,,,,,,,,,,,,,,,,,,,,,,,,,,,,,,,,,,,,,,,,,,
179,XALAPA,22/06/2014,DOMINGO,21:15,21:38,22:10,XALAPA,XALAPA,URBANA,,,AVENIDA JUSTINO SARMIENTO,UNIDAD Y TRABAJO,LAZARO CARDENAS Y PIPILA,BUENO,,ASFALTO,SECO,DESCENDENTE,NINGUNA,SIN RESTRICCIÓN,COLISIÓN,ÁNGULO,VEHÍCULO CIRCULANDO,2,C - CAMIONETA,TOYOTA,HILUX,VERACRUZ,AZUL,2TR7168798,MR0EX32G9C0002395,O - OFICIAL,SI,42,HOMBRE,B,SI,NO RESPETAR SEMÁFORO,NO APLICA,10000,0,,,,,,,,,,,,,,,,,,,,,
179,,,,,,,,,,,,,,,,,,,,,,,,,,A - AUTOMÓVIL,FORD,IKON,VERACRUZ,ROJO,SIN NUMERO,3FABP04803M106536,P - PARTICULAR,NO,,,,,,,1000,,,,,,,,,,,,,,,,,,,,,,
180,XALAPA,22/06/2014,DOMINGO,,20:45,10:30,XALAPA,XALAPA,URBANA,,,MONTES TAURO,PROVIPO,POPOCATEPETL,BUENO,,CONCRETO,SECO,DESCENDENTE,NINGUNA,SIN RESTRICCIÓN,COLISIÓN,,OBJETO FIJO,1,C - CAMIONETA,NISSAN,DOBLE CABINA,VERACRUZ,BLANCO,M8X40097,YV72001618,P - PARTICULAR,NO,35,HOMBRE,A,SI,OTRO,NO APLICA,1000,0,,,,,,,,,,,,,,,,,,,,,
181,XALAPA,22/06/2014,DOMINGO,,20:20,,XALAPA,XALAPA,URBANA,,,AVENIDA ATENAS VERACRUZANAS,REVOLUCION,EMILIO PORTO GIL,BUENO,,CONCRETO,SECO,DESCENDENTE,SEMÁFORO FUNCIONANDO,SIN RESTRICCIÓN,COLISIÓN,POR ALCANCE,VEHÍCULO CIRCULANDO,2,A - AUTOMÓVIL,CHEVROLET,CORSA,VERACRUZ,ROJO,HECHO EN BRASIL,93CXM192X7C136969,P - PARTICULAR,SI,24,HOMBRE,,,NO GUARDAR DISTANCIA,NO APLICA,10000,0,,,,,,,,,,,,,,,,,,,,,
181,,,,,,,,,,,,,,,,,,,,,,,,,,A - AUTOMÓVIL,CHRYSLER,ATOS,VERACRUZ,BLANCO/ROJO,HECHI EN INDIA,MALA05NM1CM705614,PE - PÚBLICO ESTATAL,SI,30,HOMBRE,A,SI,,,10000,,,,,,,,,,,,,,,,,,,,,,
182,XALAPA,22/06/2014,DOMINGO,,16:05,,XALAPA,XALAPA,URBANA,,,AVENIDA RUIZ CORTINES,UNIDAD Y TRABAJO,LAZARO CARDENAS,BUENO,,CONCRETO,SECO,A NIVEL,NINGUNA,SIN RESTRICCIÓN,COLISIÓN,LATERAL,VEHÍCULO CIRCULANDO,2,A - AUTOMÓVIL,NISSAN,TSURU,VERACRUZ,BLANCO/VERDE,GA16770695Y,3N1EB31S8BK309604,P - PARTICULAR,,35,HOMBRE,A,SI,OTRO,NO APLICA,500,0,,,,,,,,,,,,,,,,,,,,,
182,,,,,,,,,,,2,,,,,,,,,,,,,,,B - BICICLETA,MERCURIO,,,,,,P - PARTICULAR,,40,HOMBRE,,,,,100,,,,,,,,,,,,,,,,,,,,,,
183,XALAPA,22/06/2014,DOMINGO,,19:30,,XALAPA,XALAPA,URBANA,,,LUCIO BLANCO,CENTRO,ENRIQUEZ,BUENO,SOLEADO,CONCRETO,SECO,DESCENDENTE,NINGUNA,SIN RESTRICCIÓN,COLISIÓN,,VEHÍCULO ESTACIONADO,2,A - AUTOMÓVIL,VOLKSWAGEN,JETTA,VERACRUZ,AZUL,BHP142792,3VWRV09M67M647994,P - PARTICULAR,NO,19,HOMBRE,B,SI,OTRO,NO APLICA,1000,0,,,,,,,,,,,,,,,,,,,,,
183,,,,,,,,,,,,,,,,,,,,,,,,,,A - AUTOMÓVIL,HONDA,ODISSEY,VERACRUZ,PLATA,J35A63013199,5KBR138637B8020332,P - PARTICULAR,SI,,,,,,,3000,,,,,,,,,,,,,,,,,,,,,,
184,XALAPA,22/06/2014,DOMINGO,,23:00,,XALAPA,XALAPA,URBANA,,,RIO JAMAPA,CAROLINO ANAYA,PALMAS Y AMAZONAS,REGULAR,,TERRACERÍA,,A NIVEL,NINGUNA,SIN RESTRICCIÓN,ATROPELLAMIENTO,,,1,,,SE DESCONOCE,,SE DESCONOCE,SE DESCONOCE,SE DESCONOCE,,,,,,,OTRO,NO APLICA,,0,,,,,,,,,,,1,,,,,,,,1,,
185,XALAPA,22/06/2014,DOMINGO,20:30,20:50,,XALAPA,XALAPA,URBANA,,,BOULEVARD XALAPA-BANDERILLA,LAGUNILLA,MEXICO Y XALAPA,BUENO,,ASFALTO,SECO,DESCENDENTE,NINGUNA,SIN RESTRICCIÓN,COLISIÓN,,OBJETO FIJO,1,A - AUTOMÓVIL,NISSAN,PLATINA,VERACRUZ,CAPUCHINO,Q190707,3N1JH01KX6L211153,P - PARTICULAR,NO,42,HOMBRE,B,SI,VELOCIDAD INMODERADA,NO APLICA,18500,0,,,,,,,,,,,,,,,,,,,,,
186,XALAPA,22/06/2014,DOMINGO,20:00,20:25,22:50,XALAPA,XALAPA,URBANA,,,HORTENCIA,COAPEXPAN,CHIAPAS,BUENO,,ASFALTO,SECO,A NIVEL,NINGUNA,SIN RESTRICCIÓN,COLISIÓN,ÁNGULO,VEHÍCULO CIRCULANDO,2,C - CAMIONETA,VOLKSWAGEN,COMBI,VERACRUZ,BLANCO,AF950946,21H0055700,P - PARTICULAR,NO,17,HOMBRE,,,OTRO,NO APLICA,2000,0,,,,,,,,,,,,,,,,,,,,,
186,,,,,,,,,,,,,,,,,,,,,,,,,,A - AUTOMÓVIL,NISSAN,MARCH,VERACRUZ,NEGRO,HR16715604H,3N1CK3CDIEL227833,P - PARTICULAR,NO,53,MUJER,C,SI,,,10000,,,,,,,,,,,,,,,,,,,,,,
187,XALAPA,22/06/2014,DOMINGO,04:15,04:40,,XALAPA,XALAPA,URBANA,,,AVENIDA REBSAMEN,MARTIRES DE CHICAGO,XALAPA 2000 Y MONES XALAPA,BUENO,,ASFALTO,SECO,DESCENDENTE,NINGUNA,SIN RESTRICCIÓN,COLISIÓN,POR ALCANCE,VEHÍCULO ESTACIONADO,3,A - AUTOMÓVIL,GENERAL MOTORS,CHEVY,PUEBLA,CAPUCHINO,HECHO EN MÉXICO,3G1SF61694S112574,P - PARTICULAR,,,,,,VELOCIDAD INMODERADA,NO APLICA,15000,0,,,,,,,,,,,,,,,,,,,,,
187,,,,,,,,,,,10,,,,,,,,,,,,,,,A - AUTOMÓVIL,FORD,FIESTA,VERACRUZ,NEGRO,SIN NUMERO,WF0CT09F9Y411918,P - PARTICULAR,,,,,,,,25000,,,,,,,,,,,,,,,,,,,,,,
187,,,,,,,,,,,,,,,,,,,,,,,,,,A - AUTOMÓVIL,VOLKSWAGEN,CROSSFOX,DISTRITO FEDERAL,PLATA,CFC825652,9BWLB4528B4167021,P - PARTICULAR,,,,,,,,20000,,,,,,,,,,,,,,,,,,,,,,
188,XALAPA,22/06/2014,DOMINGO,06:55,07:20,,XALAPA,XALAPA,URBANA,,,AVENIDA LOS PINOS,VERACRUZ,OBREROS,REGULAR,,TERRACERÍA,SECO,A NIVEL,NINGUNA,HOYO/ZANJA,VOLCADURA,MANIOBRA EN REVERSA,,1,A - AUTOMÓVIL,NISSAN,TSURU,VERACRUZ,BLANCO/ROJO,GA16739945Y,3N1EB3138AK336204,PE - PÚBLICO ESTATAL,NO,,,,,OTRO,NO APLICA,9000,0,,,,,,,,,,,,,,,,,,,,,