idMES,DELEGACION DE TRANSITO,FECHA DEL ACCIDENTE,DIA DE LA SEMANA,HORA EN QUE SE RECIBIO LA LLAMADA REPORTANDO EL ACCIDENTE,HORA DE ARRIBO DEL PERITO AL SITIO,HORA DE REGRESO DEL PERITO A LAS INSTALACIONES DE SU DELEGACION,LOCALIDAD ACCIDENTE,MUNICIPIO ACCIDENTE,ZONA,CARRETERA/KILOMETRO DEL ACCIDENTE,NUMERO DE AVENIDA,CALLE/AVENIDA DEL ACCIDENTE,COLONIA,ENTRE CALLES,CONDICIONES DE LA VIA,CONDICIONES NATURALES,SUPERFICIE DE LA VIA,ESTADO DE LA VIA,TANGENTE,TIPO DE CONTROL DE TRANSITO,RESTRICCIONES DE LA VIA,TIPO DE ACCIDENTE,FORMA DE ACCIDENTARSE,CONTRA QUE FUE EL IMPACTO,CANTIDAD DE VEHICULOS,TIPO DE VEHICULO,MARCA,SUBMARCA,ENTIDAD FEDERATIVA DEL VEHICULO,COLOR DEL VEHICULO,MOTOR,SERIE,TIPO DE SERVICIO PARA EL QUE SE OCUPAN LOS VEHICULOS,ASEGURADO,EDAD CONDUCTOR,SEXO CONDUCTOR,TIPO LICENCIA,LICENCIA VIGENTE,CAUSA ATRIBUIBLE AL CONDUCTOR,CAUSA ATRIBUIBLE AL PEATON,DANIOS (MONTO APROXIMADO EN MXN),NUMERO DE HERIDOS,MUJER HERIDA DE 0-15 ANIOS,HOMBRE HERIDO DE 0-15 ANIOS,MUJER HERIDA DE 16-30 ANIOS,HOMBRE HERIDO DE 16-30 ANIOS,MUJER HERIDA DE 31-45 ANIOS,HOMBRE HERIDO DE 31-45 ANIOS,MUJER HERIDA DE 46-60 ANIOS,HOMBRE HERIDO DE 46-60 ANIOS,MUJER HERIDA MAS DE 60 ANIOS,HOMBRE HERIDO MAS DE 60 ANIOS,NUMERO DE MUERTOS,MUJER MUERTA DE 0-15 ANIOS,HOMBRE MUERTO DE 0-15 ANIOS,MUJER MUERTA DE 16-30 ANIOS,HOMBRE MUERTO DE 16-30 ANIOS,MUJER MUERTA DE 31-45 ANIOS,HOMBRE MUERTO DE 31-45 ANIOS,MUJER MUERTA DE 46-60 ANIOS,HOMBRE MUERTO DE 46-60 ANIOS,MUJER MUERTA MAS DE 60 ANIOS,HOMBRE MUERTO MAS DE 60 ANIOS
189,XALAPA,23/06/2014,LUNES,07:48,08:05,08:48,XALAPA,XALAPA,URBANA,,,MURILLO VIDAL,CUAUHTEMOC,RIO TESECHOACAN,BUENO,SOLEADO,CONCRETO,MOJADO,A NIVEL,NINGUNA,SIN RESTRICCIÓN,COLISIÓN,ÁNGULO,VEHÍCULO CIRCULANDO,2,A - AUTOMÓVIL,SUZUKI,SWIFT,VERACRUZ,ROJO,K14B1013362,JS2ZC82S7C6103192,P - PARTICULAR,SI,36,HOMBRE,C,SI,OTRO,NO APLICA,1500,0,,,,,,,,,,,,,,,,,,,,,
189,,,,,,,,,,,,,,,,,,,,,,,,,,A - AUTOMÓVIL,NISSAN,TSURU,VERACRUZ,VERDE,GA16789633V,3N1EB31S4XL096202,P - PARTICULAR,SI,54,HOMBRE,B,SI,,,500,,,,,,,,,,,,,,,,,,,,,,
190,XALAPA,23/06/2014,LUNES,,08:20,08:50,XALAPA,XALAPA,URBANA,,,MIGUEL ALEMAN,AGUACATAL,COFRE DE PEROTE,BUENO,,ASFALTO,SECO,A NIVEL,NINGUNA,ACCIDENTE PREVIO,COLISIÓN,ÁNGULO,VEHÍCULO CIRCULANDO,2,A - AUTOMÓVIL,NISSAN,TSURU,VERACRUZ,VINO,E16531947M,3BAMV1549129,P - PARTICULAR,NO,41,HOMBRE,A,SI,NO RESPETAR CEDA EL PASO,NO APLICA,500,0,,,,,,,,,,,,,,,,,,,,,
190,,,,,,,,,,,,,,,,,,,,,,,,,,A - AUTOMÓVIL,CHEVROLET,CHEVY,VERACRUZ,BLANCO,SIN NUMERO,3G1SF216333144802,P - PARTICULAR,SI,32,MUJER,B,SI,,,900,,,,,,,,,,,,,,,,,,,,,,
191,XALAPA,23/06/2014,LUNES,,09:18,,XALAPA,XALAPA,URBANA,,,AVENIDA LAZARO CARDENAS,ANIMAS,MURILLO VIDAL Y UNIDAD HABITACIONAL PASTORESA,BUENO,SOLEADO,ASFALTO,SECO,DESCENDENTE,NINGUNA,SIN RESTRICCIÓN,COLISIÓN,POR ALCANCE,VEHÍCULO CIRCULANDO,3,C - CAMIONETA,CHEVROLET,LUV,VERACRUZ,BLANCO,HECHO EN CHILE,8GGTFRC175A144060,P - PARTICULAR,SI,34,HOMBRE,B,SI,NO GUARDAR DISTANCIA,NO APLICA,5000,1,,,,,,,1,,,,,,,,,,,,,,
191,,,,,,,,,,,1,,,,,,,,,,,,,,,A - AUTOMÓVIL,CHRYSLER,VERNA,VERACRUZ,GRAFITO,HECHO EN COREA,KMHCG41G65U645839,P - PARTICULAR,NO,47,HOMBRE,C,SI,,,7000,,,,,,,,,,,,,,,,,,,,,,
191,,,,,,,,,,,,,,,,,,,,,,,,,,A - AUTOMÓVIL,VOLKSWAGEN,JETTA,VERACRUZ,BLANCO,CBP321605,3VW1V09M1CM040615,P - PARTICULAR,NO,38,HOMBRE,A,SI,,,2000,,,,,,,,,,,,,,,,,,,,,,
192,XALAPA,23/06/2014,LUNES,09:46,,,XALAPA,XALAPA,URBANA,,,AVENIDA MURILLO VIDAL,,,BUENO,SOLEADO,ASFALTO,SECO,A NIVEL,MARCA EN PAVIMENTO,SIN RESTRICCIÓN,COLISIÓN,ÁNGULO,VEHÍCULO CIRCULANDO,2,,,,,,,,,,,,,,,,,0,,,,,,,,,,,,,,,,,,,,,
192,,,,,,,,,,,11,,,,,,,,,,,,,,,A - AUTOMÓVIL,CHEVROLET,SONIC,VERACRUZ,BLANCO,HECHO EN MEXICO,3G1J85CCXES56,P - PARTICULAR,SI,44,MUJER,C,SI,OTRO,NO APLICA,7000,,,,,,,,,,,,,,,,,,,,,,
192,,,,,,,,,,,,,,,,,,,,,,,,,,A - AUTOMÓVIL,NISSAN,TSURU,VERACRUZ,BLANCO/ROJO,GA1684040435,3N1EB31574K519923,PE - PÚBLICO ESTATAL,SI,36,HOMBRE,A,SI,,,3000,,,,,,,,,,,,,,,,,,,,,,
193,XALAPA,23/06/2014,LUNES,,09:50,10:30,XALAPA,XALAPA,URBANA,,,HUIZACHE,ARBOLEDAS DEL SUMIDERO,GUSTAVO DIAZ ORDAZ Y DEL CAFÉ,BUENO,,CONCRETO,SECO,DESCENDENTE,NINGUNA,ACCIDENTE PREVIO,COLISIÓN,ÁNGULO,VEHÍCULO CIRCULANDO,2,C - CAMIONETA,FORD,AEROSTAR,VERACRUZ,AZUL,SIN NUMERO,1FM0A11UXN28568,P - PARTICULAR,NO,44,HOMBRE,A,SI,NO RESPETAR CEDA EL PASO,NO APLICA,400,0,,,,,,,,,,,,,,,,,,,,,
193,,,,,,,,,,,,,,,,,,,,,,,,,,A - AUTOMÓVIL,NISSAN,VERSA,VERACRUZ,AZUL,HR16740439,3N1CNA020K2408299,P - PARTICULAR,SI,29,MUJER,B,SI,,,1500,,,,,,,,,,,,,,,,,,,,,,
194,XALAPA,23/06/2014,LUNES,09:50,10:20,10:40,XALAPA,XALAPA,URBANA,CARRETERA COATEPEC-XALAPA VIA BRIONES,,,,,BUENO,SOLEADO,CONCRETO,SECO,A NIVEL,NINGUNA,SIN RESTRICCIÓN,COLISIÓN,POR ALCANCE,VEHÍCULO CIRCULANDO,2,A - AUTOMÓVIL,VOLKSWAGEN,JETTA,VERACRUZ,ROJO TORNADO,CBP515984,3VW1V49M3EM009571,P - PARTICULAR,SI,35,MUJER,C,SI,NO GUARDAR DISTANCIA,NO APLICA,7000,0,,,,,,,,,,,,,,,,,,,,,
194,,,,,,,,,,,,,,,,,,,,,,,,,,A - AUTOMÓVIL,HONDA,CRV,VERACRUZ,BLANCO MARFIL,K24293517605,3HGRM3857EG006766,P - PARTICULAR,SI,45,MUJER,B,SI,,,10000,,,,,,,,,,,,,,,,,,,,,,
195,XALAPA,23/06/2014,LUNES,,10:45,,XALAPA,XALAPA,URBANA,,,AVENIDA PRINCIPAL LAS TRANCAS,,FTE. AL SALON LA ROCA,BUENO,SOLEADO,ASFALTO,SECO,A NIVEL,NINGUNA,SIN RESTRICCIÓN,COLISIÓN,POR ALCANCE,VEHÍCULO CIRCULANDO,2,AS - AUTOBÚS SUBURBANO,NAVISTAR,INTERNATIONAL,VERACRUZ,BLANCO/VERDE,470HM2U1339064,3HVBPAAN82N542102,PE - PÚBLICO ESTATAL,SI,33,HOMBRE,A,SI,NO GUARDAR DISTANCIA,NO APLICA,1000,1,,,,,,,,,,,,,,,,,,,,,
195,,,,,,,,,,,,,,,,,,,,,,,,,,A - AUTOMÓVIL,VOLKSWAGEN,SEDAN,VERACRUZ,BLANCO,AF1139333,,P - PARTICULAR,SI,43,HOMBRE,B,SI,,,3000,,,,,,,1,,,,,,,,,,,,,,,
196,XALAPA,23/06/2014,LUNES,12:34,,,XALAPA,XALAPA,URBANA,,,AVENIDA LAZARO CARDENAS,,LATERAL VIPS,BUENO,SOLEADO,ASFALTO,SECO,A NIVEL,NINGUNA,SIN RESTRICCIÓN,COLISIÓN,LATERAL,VEHÍCULO CIRCULANDO,2,C - CAMIONETA,FORD,VAJA DECRRADA,VERACRUZ,AMARILLO,SIN NUMERO,3FBLF46598MA02079,P - PARTICULAR,SI,35,HOMBRE,,SI,OTRO,NO APLICA,500,0,,,,,,,,,,,,,,,,,,,,,
196,,,,,,,,,,,1,,,,,,,,,,,,,,,C - CAMIONETA,FORD,RANGER,VERACRUZ,PLATA,SIN NUMERO,8AFER5AD4A6284587,P - PARTICULAR,SI,38,HOMBRE,B,SI,,,6000,,,,,,,,,,,,,,,,,,,,,,
197,XALAPA,23/06/2014,LUNES,,15:40,16:15,XALAPA,XALAPA,URBANA,,,AVENIDA LAZARO CARDENAS,ANIMAS,PLAZA AMERICAS Y MURILLO VIDAL,BUENO,,ASFALTO,SECO,ASCENDENTE,NINGUNA,SIN RESTRICCIÓN,COLISIÓN,POR ALCANCE,VEHÍCULO CIRCULANDO,2,C - CAMIONETA,CHEVROLET,JIMMY,VERACRUZ,BLANCO,SIN NUMERO,1GRD113W0W2624197,P - PARTICULAR,NO,20,HOMBRE,,,NO GUARDAR DISTANCIA,NO APLICA,700,0,,,,,,,,,,,,,,,,,,,,,
197,,,,,,,,,,,1,,,,,,,,,,,,,,,C - CAMIONETA,TOYOTA,SIENNA,MORELOS,GRIS,25DRE251995,5TDYK3DCXDS330050,P - PARTICULAR,NO,19,HOMBRE,C,SI,,,2500,,,,,,,,,,,,,,,,,,,,,,
198,XALAPA,23/06/2014,LUNES,,16:05,,XALAPA,XALAPA,URBANA,,,AVENIDA ARCO SUR,RESERVA TERRITORIAL,,BUENO,SOLEADO,CONCRETO,,ASCENDENTE,NINGUNA,SIN RESTRICCIÓN,COLISIÓN,LATERAL,VEHÍCULO CIRCULANDO,2,A - AUTOMÓVIL,VOLKSWAGEN,POINTER,VERACRUZ,GRIS,UQG015411,9BWCSO5X43T028087,P - PARTICULAR,SI,37,HOMBRE,C,SI,CAMBIAR CARRIL SIN PRECAUCIÓN,NO APLICA,3000,0,,,,,,,,,,,,,,,,,,,,,
198,,,,,,,,,,,14,,,,,,,,,,,,,,,A - AUTOMÓVIL,VOLKSWAGEN,POLO,VERACRUZ,ROJO,,,P - PARTICULAR,NO,27,HOMBRE,,,,,5000,,,,,,,,,,,,,,,,,,,,,,
199,XALAPA,23/06/2014,LUNES,,18:00,18:50,XALAPA,XALAPA,URBANA,,,FRANCISCO JAVIER AGUIRRE,JARDINES DEL CASTILLO,MANUEL CARPIO Y JORGE CUESTA,BUENO,,CONCRETO,SECO,A NIVEL,NINGUNA,ACCIDENTE PREVIO,COLISIÓN,LATERAL,VEHÍCULO ESTACIONADO,2,CC - CAMIÓN DE CARGA,MERCEDES BENZ,,VERACRUZ,BLANCO,9.03E+13,3ALACVVCS89DAM5050,P - PARTICULAR,SI,45,HOMBRE,B,SI,CAMBIAR CARRIL SIN PRECAUCIÓN,NO APLICA,300,0,,,,,,,,,,,,,,,,,,,,,
199,,,,,,,,,,,,,,,,,,,,,,,,,,A - AUTOMÓVIL,VOLKSWAGEN,SEAT,VERACRUZ,ROJO,88X051320,V6SSKN1AL2282006092,P - PARTICULAR,NO,,,,,,,1500,,,,,,,,,,,,,,,,,,,,,,
200,XALAPA,23/06/2014,LUNES,,21:55,,XALAPA,XALAPA,URBANA,,,AVENIDA RUIZ CORTINES,OBRERO CAMPESINA,REYES HEROLES,MALO,LLUVIA,ASFALTO,MOJADO,DESCENDENTE,NINGUNA,SIN RESTRICCIÓN,COLISIÓN,ÁNGULO,VEHÍCULO CIRCULANDO,2,AS - AUTOBÚS SUBURBANO,MERCEDES BENZ,,,,3B21CG6279,WMEEK3CA2AK382576,P - PARTICULAR,SI,33,HOMBRE,C,SI,NO RESPETAR SEMÁFORO,NO APLICA,6000,0,,,,,,,,,,,,,,,,,,,,,
200,,,,,,,,,,,2,,,,,,,,,,,,,,,C - CAMIONETA,FORD,LINCOLN,VERACRUZ,NEGRO,1LNHM93R49G81261,1LNHM93R49G612613,P - PARTICULAR,SI,55,MUJER,C,SI,,,12000,,,,,,,,,,,,,,,,,,,,,,
201,XALAPA,23/06/2014,LUNES,,17:45,,XALAPA,XALAPA,URBANA,,,CIRCUITO PRESIDENTES,,BOLIVIA,BUENO,,ASFALTO,SECO,DESCENDENTE,NINGUNA,SIN RESTRICCIÓN,COLISIÓN,ÁNGULO,VEHÍCULO CIRCULANDO,2,A - AUTOMÓVIL,CHEVROLET,CHEVY,VERACRUZ,BLANCO,HECHO EN MÉXICO,3G1SF21X598120616,P - PARTICULAR,NO,24,MUJER,C,SI,NO RESPETAR CEDA EL PASO,NO APLICA,4000,0,,,,,,,,,,,,,,,,,,,,,
201,,,,,,,,,,,,,,,,,,,,,,,,,,A - AUTOMÓVIL,VOLKSWAGEN,JETTA,VERACRUZ,BLANCO,CBP067851,3VWEV09N28M670667,P - PARTICULAR,NO,37,HOMBRE,C,SI,,,6000,,,,,,,,,,,,,,,,,,,,,,
202,XALAPA,24/06/2014,MARTES,,08:25,08:50,XALAPA,XALAPA,URBANA,,,AVENIDA AVILA CAMACHO,FRACCIONAMIENTO VERACRUZ,CALLE COATEPEC,REGULAR,SOLEADO,ASFALTO,SECO,ASCENDENTE,NINGUNA,SIN RESTRICCIÓN,COLISIÓN,ÁNGULO,VEHÍCULO CIRCULANDO,2,A - AUTOMÓVIL,NISSAN,TSURU,VERACRUZ,BLANCO/ROJO,GA168067544,3N1EB31S2BK340436,PE - PÚBLICO ESTATAL,SI,42,HOMBRE,A,SI,CAMBIAR CARRIL SIN PRECAUCIÓN,NO APLICA,3000,0,,,,,,,,,,,,,,,,,,,,,
202,,,,,,,,,,,4,,,,,,,,,,,,,,,M - MOTOCICLETA,ITALIKA,RT-180,VERACRUZ,NEGRO,RW162FMK12010002,3SCMRTLE5C1009765,P - PARTICULAR,NO,30,HOMBRE,D,SI,,,4000,,,,,,,,,,,,,,,,,,,,,,
203,XALAPA,24/06/2014,MARTES,08:30,08:40,09:40,XALAPA,XALAPA,URBANA,,,AVENIDA XALAPA,OBRERO CAMPESINA,LUCIO BLANCO Y ERNESTO ORTIZ MEDINA,BUENO,,CONCRETO,MOJADO,A NIVEL,NINGUNA,SIN RESTRICCIÓN,COLISIÓN,ÁNGULO,VEHÍCULO CIRCULANDO,2,A - AUTOMÓVIL,NISSAN,TSURU,VERACRUZ,BLANCO/VERDE,GA16830713Y,3N1EB31S8CK308726,PE - PÚBLICO ESTATAL,SI,59,HOMBRE,A,SI,CAMBIAR CARRIL SIN PRECAUCIÓN,NO APLICA,1500,0,,,,,,,,,,,,,,,,,,,,,
203,,,,,,,,,,,7,,,,,,,,,,,,,,,M - MOTOCICLETA,YAMAHA,FX,VERACRUZ,NEGRO,1ES2012147,ME1KG0441CZ¿2022603,P - PARTICULAR,NO,24,HOMBRE,D,SI,,,3000,,,,,,,,,,,,,,,,,,,,,,
204,XALAPA,24/06/2014,MARTES,,10:15,,XALAPA,XALAPA,URBANA,,,AVENIDA RUIZ,OBRERO CAMPESINA,MARTIRES 28 DE AGOSTO,BUENO,SOLEADO,ASFALTO,SECO,A NIVEL,SEMÁFORO FUNCIONANDO,SIN RESTRICCIÓN,COLISIÓN,POR ALCANCE,VEHÍCULO CIRCULANDO,2,A - AUTOMÓVIL,RENAULT,CLIO,VERACRUZ,ROJO,HECHI EN MÉXICO,3BNBJ347L307027,P - PARTICULAR,NO,35,MUJER,,,NO GUARDAR DISTANCIA,NO APLICA,500,0,,,,,,,,,,,,,,,,,,,,,
204,,,,,,,,,,,2,,,,,,,,,,,,,,,A - AUTOMÓVIL,CHRYSLER,JEEP,VERACRUZ,GRIS,HECHO EN USA,1C4AJWBGSD1552564,P - PARTICULAR,NO,21,HOMBRE,C,SI,,,1000,,,,,,,,,,,,,,,,,,,,,,
205,XALAPA,24/06/2014,MARTES,,10:50,,XALAPA,XALAPA,URBANA,,,AVENIDA LAZARO CARDENAS,ENCINAL,Z MERCADO,BUENO,SOLEADO,CONCRETO,SECO,A NIVEL,MARCA EN PAVIMENTO,SIN RESTRICCIÓN,COLISIÓN,ÁNGULO,VEHÍCULO CIRCULANDO,2,A - AUTOMÓVIL,CHEVROLET,CHEVY,VERACRUZ,BLANCO,HECHO EN MÉXICO,3G1SE51X295125287,P - PARTICULAR,SI,35,HOMBRE,B,SI,CAMBIAR CARRIL SIN PRECAUCIÓN,NO APLICA,2000,0,,,,,,,,,,,,,,,,,,,,,
205,,,,,,,,,,,1,,,,,,,,,,,,,,,A - AUTOMÓVIL,NISSAN,TSURU,VERACRUZ,BLANCO/ROJO,GA1828721W,3N1EB31539K306441,PE - PÚBLICO ESTATAL,SI,56,HOMBRE,A,SI,,,3000,,,,,,,,,,,,,,,,,,,,,,
206,XALAPA,24/06/2014,MARTES,,11:10,,XALAPA,XALAPA,URBANA,,,1 DE MAYO,,VIRGINIO URIBE,BUENO,SOLEADO,CONCRETO,SECO,A NIVEL,NINGUNA,SIN RESTRICCIÓN,COLISIÓN,POR ALCANCE,VEHÍCULO CIRCULANDO,2,A - AUTOMÓVIL,CHRYSLER,SHADOW,VERACRUZ,BLANCO,,,P - PARTICULAR,NO,,,,,VELOCIDAD INMODERADA,NO APLICA,5000,0,,,,,,,,,,,,,,,,,,,,,
206,,,,,,,,,,,,,,,,,,,,,,,,,,A - AUTOMÓVIL,NISSAN,TSURU,VERACRUZ,BLANCO/ROJO,GA16732693W,3N1EB31S77K361569,PE - PÚBLICO ESTATAL,SI,63,HOMBRE,A,SI,,,5000,,,,,,,,,,,,,,,,,,,,,,
207,XALAPA,24/06/2014,MARTES,,12:45,,XALAPA,XALAPA,URBANA,,,PASEO LAS PALMAS,RESIDENCIAL DEL BOSQUE,BOULEVARD ESPAÑA,BUENO,,CONCRETO,SECO,A NIVEL,NINGUNA,SIN RESTRICCIÓN,COLISIÓN,,OBJETO FIJO,1,CC - CAMIÓN DE CARGA,DODGE,VOLTEO,VERACRUZ,AMARILLO,HECHO EN MÉXICO,L118853,P - PARTICULAR,NO,44,HOMBRE,,,OTRO,NO APLICA,500,0,,,,,,,,,,,,,,,,,,,,,
208,XALAPA,24/06/2014,MARTES,,14:25,,XALAPA,XALAPA,URBANA,,,AVENIDA LAZARO CARDENAS,21 DE MARZO,LATERAL PUENTE MACUILTEPEC,REGULAR,SOLEADO,ASFALTO,SECO,ASCENDENTE,NINGUNA,SIN RESTRICCIÓN,COLISIÓN,ÁNGULO,VEHÍCULO CIRCULANDO,2,C - CAMIONETA,RENAULT,DUSTER,VERACRUZ,GRIS,C014490,9FBH52A60DM0180888,P - PARTICULAR,SI,43,MUJER,C,SI,CAMBIAR CARRIL SIN PRECAUCIÓN,NO APLICA,5000,0,,,,,,,,,,,,,,,,,,,,,
208,,,,,,,,,,,1,,,,,,,,,,,,,,,AS - AUTOBÚS SUBURBANO,VOLKSWAGEN,,VERACRUZ,BLANCO/VERDE,36100722,3VW1V52R49M900941,PF- PÚBLICO FEDERAL,SI,34,HOMBRE,A,SI,,,1000,,,,,,,,,,,,,,,,,,,,,,
209,XALAPA,24/06/2014,MARTES,,16:00,16:20,XALAPA,XALAPA,URBANA,,,AVENIDA RUIZ CORTINES,PELICANOS,VILLAHERMOSA,REGULAR,SOLEADO,ASFALTO,SECO,A NIVEL,NINGUNA,SIN RESTRICCIÓN,COLISIÓN,ÁNGULO,VEHÍCULO CIRCULANDO,2,A - AUTOMÓVIL,SEAT,SEDAN,VERACRUZ,BLANCO,CAV198873,VSSTD26J9BR002548,P - PARTICULAR,SI,25,MUJER,C,SI,CAMBIAR CARRIL SIN PRECAUCIÓN,NO APLICA,4000,0,,,,,,,,,,,,,,,,,,,,,
209,,,,,,,,,,,2,,,,,,,,,,,,,,,C - CAMIONETA,NISSAN,PICK UP,VERACRUZ,BLANCO,H8U860589,72001203,P - PARTICULAR,NO,26,HOMBRE,B,SI,,,1000,,,,,,,,,,,,,,,,,,,,,,
210,XALAPA,24/06/2014,MARTES,,17:45,18:05,XALAPA,XALAPA,URBANA,,,BOLIVIA,,GLORIETA SAUCES,BUENO,,CONCRETO,SECO,A NIVEL,NINGUNA,SIN RESTRICCIÓN,COLISIÓN,LATERAL,VEHÍCULO CIRCULANDO,2,AS - AUTOBÚS SUBURBANO,INTERNATIONAL,TRACTOR,VERACRUZ,BLANCO,79036283,3HSNGAPT24N035294,P - PARTICULAR,NO,53,HOMBRE,B,SI,OTRO,NO APLICA,SIN DAÑOS,0,,,,,,,,,,,,,,,,,,,,,
210,,,,,,,,,,,,,,,,,,,,,,,,,,A - AUTOMÓVIL,CHEVROLET,CHEVY,VERACRUZ,AZUL,HECHO EN MÉXICO,3G1SF2423YS166668,P - PARTICULAR,NO,59,HOMBRE,B,SI,,,900,,,,,,,,,,,,,,,,,,,,,,
211,XALAPA,24/06/2014,MARTES,,14:00,19:10,XALAPA,XALAPA,URBANA,,,AVENIDA AVILA CAMACHO,CENTRO,FTE. TECNICA 3,BUENO,,CONCRETO,SECO,ASCENDENTE,NINGUNA,SIN RESTRICCIÓN,COLISIÓN,POR ALCANCE,VEHÍCULO CIRCULANDO,2,C - CAMIONETA,NISSAN,X-TRAIL,VERACRUZ,BEIGE,QR25122815A,JN1BT05A03N722591,P - PARTICULAR,NO,40,HOMBRE,B,SI,NO GUARDAR DISTANCIA,NO APLICA,1000,0,,,,,,,,,,,,,,,,,,,,,
211,,,,,,,,,,,4,,,,,,,,,,,,,,,A - AUTOMÓVIL,CHEVROLET,CHEVY,VERACRUZ,ROJO,HECHO EN MÉXICO,3G1SE51X055180303,P - PARTICULAR,SI,34,HOMBRE,B,SI,,,4000,,,,,,,,,,,,,,,,,,,,,,
212,XALAPA,24/06/2014,MARTES,,12:50,,XALAPA,XALAPA,URBANA,,,AVENIDA RUIZ CORTINES,UNIDAD DEL BOSQUE,MEDICOS,BUENO,,CONCRETO,SECO,A NIVEL,NINGUNA,SIN RESTRICCIÓN,COLISIÓN,ÁNGULO,VEHÍCULO CIRCULANDO,2,A - AUTOMÓVIL,VOLKSWAGEN,JETTA,PUEBLA,,,3VWJ2A1W6WM104633,P - PARTICULAR,NO,20,HOMBRE,,,NO RESPETAR SEÑAL DE ALTO,NO APLICA,6000,0,,,,,,,,,,,,,,,,,,,,,
212,,,,,,,,,,,2,,,,,,,,,,,,,,,C - CAMIONETA,NISSAN,CHASIS,VERACRUZ,BLANCO,KA24273231A,3N6DD14S36K007644,P - PARTICULAR,NO,29,HOMBRE,,,,,3000,,,,,,,,,,,,,,,,,,,,,,
213,XALAPA,24/06/2014,MARTES,07:50,08:00,08:40,XALAPA,XALAPA,URBANA,,,PASEO ARAUCARIAS,FRACCIONAMIENTO ANIMAS,OLMOS,BUENO,SOLEADO,CONCRETO,SECO,ASCENDENTE,NINGUNA,SIN RESTRICCIÓN,COLISIÓN,ÁNGULO,VEHÍCULO CIRCULANDO,2,A - AUTOMÓVIL,NISSAN,TSURU,VERACRUZ,BLANCO/ROJO,CA16855480Y,3N1EB3150CK329332,PE - PÚBLICO ESTATAL,SI,21,HOMBRE,A,SI,NO RESPETAR CEDA EL PASO,NO APLICA,3000,1,,,,,1,,,,,,,,,,,,,,,,
213,,,,,,,,,,,,,,,,,,,,,,,,,,A - AUTOMÓVIL,VOLKSWAGEN,JETTA,VERACRUZ,BLANCO,CCC116410,3VWZW1165ZBM361345,P - PARTICULAR,NO,39,MUJER,C,SI,,,20000,,,,,,,,,,,,,,,,,,,,,,
214,XALAPA,24/06/2014,MARTES,,18:59,,XALAPA,XALAPA,URBANA,,,AVENIDA JOAQUIN RAMIREZ CABAÑAS,RAFAEL LUCIO,FRAY ANDRES DE OLMOS,BUENO,,CONCRETO,SECO,A NIVEL,NINGUNA,SIN RESTRICCIÓN,COLISIÓN,ÁNGULO,VEHÍCULO CIRCULANDO,2,C - CAMIONETA,DODGE,GRAND CARAVAN,VERACRUZ,,,2B4GP4438WR824006,P - PARTICULAR,NO,47,HOMBRE,B,SI,NO RESPETAR CEDA EL PASO,NO APLICA,10000,0,,,,,,,,,,,,,,,,,,,,,
214,,,,,,,,,,,,,,,,,,,,,,,,,,C - CAMIONETA,FORD,LOBO,,,,1FTRX12W25KE82024,P - PARTICULAR,NO,18,MUJER,,,,,20000,,,,,,,,,,,,,,,,,,,,,,
215,XALAPA,24/06/2014,MARTES,20:10,20:20,,XALAPA,XALAPA,URBANA,,,SOCONUSCO,PROGRESO MACUILTEPEC,SOCONUSCO,BUENO,,CONCRETO,SECO,DESCENDENTE,NINGUNA,SIN RESTRICCIÓN,COLISIÓN,,VEHÍCULO ESTACIONADO,2,A - AUTOMÓVIL,CHEVROLET,CHEVY,TLAXCALA,NEGRO,HECHO EN MÉXICO,3G1SF61382S186930,P - PARTICULAR,NO,57,HOMBRE,A,SI,OTRO,NO APLICA,5000,1,,,,,,,,,,,,,,,,,,,,,
215,,,,,,,,,,,,,,,,,,,,,,,,,,A - AUTOMÓVIL,VOLKSWAGEN,SEAT,VERACRUZ,AZUL,CEK053909,VSSMK46J1DR134728,P - PARTICULAR,NO,,,,,,,4000,,,,1,,,,,,,,,,,,,,,,,,
216,XALAPA,24/06/2014,MARTES,14:38,15:20,,XALAPA,XALAPA,URBANA,,,GONZALO VASQUEZ VELA,MIRADOR,,BUENO,,CONCRETO,SECO,DESCENDENTE,NINGUNA,SIN RESTRICCIÓN,COLISIÓN,,VEHÍCULO ESTACIONADO,4,A - AUTOMÓVIL,FORD,MUSTANG,VERACRUZ,AZUL,HECHO EN USA,1FAFP4046YF22,P - PARTICULAR,NO,,,,,OTRO,NO APLICA,2500,0,,,,,,,,,,,,,,,,,,,,,
216,,,,,,,,,,,,,,,,,,,,,,,,,,A - AUTOMÓVIL,PEUGEOT,SEDAN,VERACRUZ,ROJO,100BS10005136,9362AKFW35,P - PARTICULAR,NO,,,,,,,,,,,,,,,,,,,,,,,,,,,,,