idMES,DELEGACION DE TRANSITO,FECHA DEL ACCIDENTE,DIA DE LA SEMANA,HORA EN QUE SE RECIBIO LA LLAMADA REPORTANDO EL ACCIDENTE,HORA DE ARRIBO DEL PERITO AL SITIO,HORA DE REGRESO DEL PERITO A LAS INSTALACIONES DE SU DELEGACION,LOCALIDAD ACCIDENTE,MUNICIPIO ACCIDENTE,ZONA,CARRETERA/KILOMETRO DEL ACCIDENTE,NUMERO DE AVENIDA,CALLE/AVENIDA DEL ACCIDENTE,COLONIA,ENTRE CALLES,CONDICIONES DE LA VIA,CONDICIONES NATURALES,SUPERFICIE DE LA VIA,ESTADO DE LA VIA,TANGENTE,TIPO DE CONTROL DE TRANSITO,RESTRICCIONES DE LA VIA,TIPO DE ACCIDENTE,FORMA DE ACCIDENTARSE,CONTRA QUE FUE EL IMPACTO,CANTIDAD DE VEHICULOS,TIPO DE VEHICULO,MARCA,SUBMARCA,ENTIDAD FEDERATIVA DEL VEHICULO,COLOR DEL VEHICULO,MOTOR,SERIE,TIPO DE SERVICIO PARA EL QUE SE OCUPAN LOS VEHICULOS,ASEGURADO,EDAD CONDUCTOR,SEXO CONDUCTOR,TIPO LICENCIA,LICENCIA VIGENTE,CAUSA ATRIBUIBLE AL CONDUCTOR,CAUSA ATRIBUIBLE AL PEATON,DANIOS (MONTO APROXIMADO EN MXN),NUMERO DE HERIDOS,MUJER HERIDA DE 0-15 ANIOS,HOMBRE HERIDO DE 0-15 ANIOS,MUJER HERIDA DE 16-30 ANIOS,HOMBRE HERIDO DE 16-30 ANIOS,MUJER HERIDA DE 31-45 ANIOS,HOMBRE HERIDO DE 31-45 ANIOS,MUJER HERIDA DE 46-60 ANIOS,HOMBRE HERIDO DE 46-60 ANIOS,MUJER HERIDA MAS DE 60 ANIOS,HOMBRE HERIDO MAS DE 60 ANIOS,NUMERO DE MUERTOS,MUJER MUERTA DE 0-15 ANIOS,HOMBRE MUERTO DE 0-15 ANIOS,MUJER MUERTA DE 16-30 ANIOS,HOMBRE MUERTO DE 16-30 ANIOS,MUJER MUERTA DE 31-45 ANIOS,HOMBRE MUERTO DE 31-45 ANIOS,MUJER MUERTA DE 46-60 ANIOS,HOMBRE MUERTO DE 46-60 ANIOS,MUJER MUERTA MAS DE 60 ANIOS,HOMBRE MUERTO MAS DE 60 ANIOS
216,,,,,,,,,,,,,,,,,,,,,,,,,,A - AUTOMÓVIL,NISSAN,SEDAN,MÉXICO,VERDE,GA16788554P,SBAYB13137321,P - PARTICULAR,NO,,,,,,,,,,,,,,,,,,,,,,,,,,,,,
217,XALAPA,25/06/2014,MIÉRCOLES,,08:45,,XALAPA,XALAPA,URBANA,,,CIRCUITO PRESIDENTES,ZONA UNIVERSITARIA,,REGULAR,,ASFALTO,MOJADO,DESCENDENTE,NINGUNA,SIN RESTRICCIÓN,COLISIÓN,LATERAL,VEHÍCULO CIRCULANDO,2,C - CAMIONETA,CHEVROLET,TORNADO,VERACRUZ,ROJO,HECHO EN BRASIL,93CXM802X9C150167,P - PARTICULAR,NO,58,HOMBRE,B,SI,CAMBIAR CARRIL SIN PRECAUCIÓN,NO APLICA,1500,0,,,,,,,,,,,,,,,,,,,,,
217,,,,,,,,,,,,,,,,,,,,,,,,,,A - AUTOMÓVIL,NISSAN,TSURU,VERACRUZ,BLANCO/VERDE,GA16765227Y,3N1EB3150BK304753,PE - PÚBLICO ESTATAL,SI,24,HOMBRE,A,SI,,,1000,,,,,,,,,,,,,,,,,,,,,,
218,XALAPA,25/06/2014,MIÉRCOLES,,11:30,,XALAPA,XALAPA,URBANA,,,AMERICAS,LAURELES,FERROCARRIL INTEROCEANICO Y LAURELES,BUENO,,ASFALTO,SECO,ASCENDENTE,NINGUNA,SIN RESTRICCIÓN,COLISIÓN,ÁNGULO,VEHÍCULO CIRCULANDO,2,A - AUTOMÓVIL,NISSAN,TSURU,VERACRUZ,BLANCO/ROJO,GA167964854,3N1EB31S7BK332792,PE - PÚBLICO ESTATAL,SI,46,HOMBRE,A,SI,CAMBIAR CARRIL SIN PRECAUCIÓN,NO APLICA,1500,0,,,,,,,,,,,,,,,,,,,,,
218,,,,,,,,,,,3,,,,,,,,,,,,,,,A - AUTOMÓVIL,NISSAN,TSURU,VERACRUZ,BLANCO/VERDE,GA16806615Y,3N1EB31S5BK342310,PE - PÚBLICO ESTATAL,NO,64,HOMBRE,A,SI,,,800,,,,,,,,,,,,,,,,,,,,,,
219,XALAPA,25/06/2014,MIÉRCOLES,,15:20,,XALAPA,XALAPA,URBANA,,,BOLIVIA,BENITO JUAREZ,,BUENO,,ASFALTO,SECO,A NIVEL,NINGUNA,SIN RESTRICCIÓN,COLISIÓN,POR ALCANCE,VEHÍCULO CIRCULANDO,2,C - CAMIONETA,CHEVROLET,F-150,VERACRUZ,BLANCO/AZUL,SIN NUMERO,3GCNC9CX5BG240606,O - OFICIAL,SI,24,HOMBRE,B,SI,NO GUARDAR DISTANCIA,NO APLICA,1000,0,,,,,,,,,,,,,,,,,,,,,
219,,,,,,,,,,,,,,,,,,,,,,,,,,A - AUTOMÓVIL,NISSAN,VERSA,VERACRUZ,BLANCO,HR1681895G,3N1CN7ADBEK399864,P - PARTICULAR,SI,27,HOMBRE,C,SI,,,8000,,,,,,,,,,,,,,,,,,,,,,
220,XALAPA,25/06/2014,MIÉRCOLES,,15:20,,XALAPA,XALAPA,URBANA,,,MELCHOR OCAMPO,CENTRO,AZUETA Y GUERRERO,BUENO,,CONCRETO,SECO,A NIVEL,NINGUNA,SIN RESTRICCIÓN,COLISIÓN,,VEHÍCULO ESTACIONADO,4,A - AUTOMÓVIL,FORD,FIESTA,VERACRUZ,PLATA,SIN NUMERO,1FADP3K27DL257311,P - PARTICULAR,SI,36,MUJER,C,SI,VELOCIDAD INMODERADA,NO APLICA,15000,0,,,,,,,,,,,,,,,,,,,,,
220,,,,,,,,,,,,,,,,,,,,,,,,,,C - CAMIONETA,CHRYSLER,CHEROKEE,DISTRITO FEDERAL,ROJO,SIN NUMERO,1J4FJ7859SL86635,P - PARTICULAR,NO,,,,,,,10000,,,,,,,,,,,,,,,,,,,,,,
220,,,,,,,,,,,,,,,,,,,,,,,,,,A - AUTOMÓVIL,CHEVROLET,CORSA,QUINTANA ROO,AZUL,SIN NUMERO,8AUXMD8N43C129450,P - PARTICULAR,NO,,,,,,,15000,,,,,,,,,,,,,,,,,,,,,,
221,XALAPA,25/06/2014,MIÉRCOLES,,17:55,,XALAPA,XALAPA,URBANA,,,AVENIDA XALAPA,MAGISTERIAL,VIADUCTO Y PRIMERO DE MAYO,BUENO,,CONCRETO,SECO,ASCENDENTE,NINGUNA,SIN RESTRICCIÓN,COLISIÓN,LATERAL,VEHÍCULO CIRCULANDO,2,A - AUTOMÓVIL,NISSAN,TSURU,VERACRUZ,BLANCO/ROJO,GA16782057Y,3N1EB3159BK320028,PE - PÚBLICO ESTATAL,SI,58,HOMBRE,A,SI,CAMBIAR CARRIL SIN PRECAUCIÓN,NO APLICA,MINIMOS,0,,,,,,,,,,,,,,,,,,,,,
221,,,,,,,,,,,7,,,,,,,,,,,,,,,A - AUTOMÓVIL,FORD,FIESTA,VERACRUZ,ROJO,HECHO EN BRASIL,9BFBP1AN388141367,P - PARTICULAR,SI,32,MUJER,C,SI,,,600,,,,,,,,,,,,,,,,,,,,,,
222,XALAPA,25/06/2014,MIÉRCOLES,18:57,,,XALAPA,XALAPA,URBANA,,,AVENIDA LAZARO CARDENAS,,MAESTROS VERACRUZANOS,BUENO,SOLEADO,ASFALTO,SECO,A NIVEL,NINGUNA,SIN RESTRICCIÓN,COLISIÓN,POR ALCANCE,VEHÍCULO CIRCULANDO,2,C - CAMIONETA,FORD,ESCAPE,VERACRUZ,ARENA,,1FMCV09749KA01600,P - PARTICULAR,NO,72,HOMBRE,B,SI,NO GUARDAR DISTANCIA,NO APLICA,700,1,,,,,,,,,,,,,,,,,,,,,
222,,,,,,,,,,,1,,,,,,,,,,,,,,,A - AUTOMÓVIL,FORD,IKON,VERACRUZ,PLATA,4M109465,3FABP04B54M109485,P - PARTICULAR,SI,22,HOMBRE,B,SI,,,550,,,,,,,1,,,,,,,,,,,,,,,
223,XALAPA,25/06/2014,MIÉRCOLES,,20:10,20:20,XALAPA,XALAPA,URBANA,,,AVENIDA 20 DE NOVIEMBRE,2 DE ABRIL,XALAPEÑOS ILUSTRES,BUENO,,CONCRETO,MOJADO,DESCENDENTE,NINGUNA,SIN RESTRICCIÓN,COLISIÓN,POR ALCANCE,VEHÍCULO CIRCULANDO,2,A - AUTOMÓVIL,NISSAN,TSURU,VERACRUZ,ROJO,GA167817884,3N1EB31S1BK319694,PE - PÚBLICO ESTATAL,SI,43,HOMBRE,A,SI,NO GUARDAR DISTANCIA,NO APLICA,800,0,,,,,,,,,,,,,,,,,,,,,
223,,,,,,,,,,,5,,,,,,,,,,,,,,,A - AUTOMÓVIL,NISSAN,TSURU,PUEBLA,ROJO,GA168012282,3N1EB31S9FK301422,P - PARTICULAR,SI,52,HOMBRE,A,SI,,,1200,,,,,,,,,,,,,,,,,,,,,,
224,XALAPA,25/06/2014,MIÉRCOLES,,13:00,,XALAPA,XALAPA,URBANA,XALAPA-VERACRUZ KM. 4,,,LAS TRANCAS,,BUENO,SOLEADO,ASFALTO,SECO,DESCENDENTE,NINGUNA,SIN RESTRICCIÓN,ATROPELLAMIENTO,,,1,A - AUTOMÓVIL,NISSAN,TSURU,VERACRUZ,BLANCO/VERDE,GA16770455Y,3N1EB31SXBK309152,PE - PÚBLICO ESTATAL,SI,26,HOMBRE,A,SI,OTRO,NO APLICA,600,1,,,,,,,,,1,,,,,,,,,,,,
225,XALAPA,25/06/2014,MIÉRCOLES,13:53,,,XALAPA,XALAPA,URBANA,,,NIÑO PERDIDO,BENITO JUAREZ,CRISTOBAL COLON,BUENO,SOLEADO,CONCRETO,SECO,A NIVEL,MARCA EN PAVIMENTO,SIN RESTRICCIÓN,COLISIÓN,MANIOBRA EN REVERSA,VEHÍCULO CIRCULANDO,2,AS - AUTOBÚS SUBURBANO,MERCEDES BENZ,CHASIS CABINA,VERACRUZ,BLANCO,9.07E+12,3ALABUCS8YDM81247,P - PARTICULAR,SI,31,HOMBRE,A,SI,VELOCIDAD INMODERADA,NO APLICA,20000,0,,,,,,,,,,,,,,,,,,,,,
226,XALAPA,25/06/2014,MIÉRCOLES,,15:48,,XALAPA,XALAPA,URBANA,,,LUCIO BLANCO,MAGISTERIAL,PRIMERO DE MAYO,BUENO,,CONCRETO,SECO,A NIVEL,NINGUNA,SIN RESTRICCIÓN,COLISIÓN,POR ALCANCE,VEHÍCULO CIRCULANDO,2,A - AUTOMÓVIL,CHEVROLET,CHEVY,VERACRUZ,PLATA,HECHO EN MÉXICO,3G1SE51X37S142826,P - PARTICULAR,NO,56,HOMBRE,C,SI,NO GUARDAR DISTANCIA,NO APLICA,4000,0,,,,,,,,,,,,,,,,,,,,,
226,,,,,,,,,,,,,,,,,,,,,,,,,,A - AUTOMÓVIL,CHEVROLET,SPARK,VERACRUZ,TITANIUM,HECHO EN KOREA,KL8CM6CD2EC544016,P - PARTICULAR,NO,42,HOMBRE,C,SI,,,10000,,,,,,,,,,,,,,,,,,,,,,
227,XALAPA,26/06/2014,JUEVES,,08:30,09:15,XALAPA,XALAPA,URBANA,,,ORIZABA,,MINATIT,BUENO,,CONCRETO,SECO,A NIVEL,NINGUNA,SIN RESTRICCIÓN,COLISIÓN,LATERAL,VEHÍCULO CIRCULANDO,2,C - CAMIONETA,CHRYSLER,MITSUBISHI,VERACRUZ,GRAFITO,2387,JE4LX41F66U00184,P - PARTICULAR,NO,45,HOMBRE,B,SI,NO RESPETAR CEDA EL PASO,NO APLICA,3500,0,,,,,,,,,,,,,,,,,,,,,
227,,,,,,,,,,,,,,,,,,,,,,,,,,A - AUTOMÓVIL,VOLKSWAGEN,JETTA,VERACRUZ,NEGRO,CCC136139,3VWW1AJ6DM229184,P - PARTICULAR,SI,39,HOMBRE,B,SI,,,4000,,,,,,,,,,,,,,,,,,,,,,
228,XALAPA,26/06/2014,JUEVES,,09:40,10:05,XALAPA,XALAPA,URBANA,,,AVENIDA XALAPA,,,REGULAR,SOLEADO,ASFALTO,SECO,A NIVEL,NINGUNA,SIN RESTRICCIÓN,COLISIÓN,ÁNGULO,VEHÍCULO CIRCULANDO,2,C - CAMIONETA,NISSAN,ESTACAS,VERACRUZ,ROJO,KA24766328M,3NGC01559XK02178,P - PARTICULAR,NO,32,HOMBRE,B,SI,CAMBIAR CARRIL SIN PRECAUCIÓN,NO APLICA,3500,0,,,,,,,,,,,,,,,,,,,,,
228,,,,,,,,,,,7,,,,,,,,,,,,,,,AS - AUTOBÚS SUBURBANO,FREIGHTLINER,,VERACRUZ,BLANCO/AZUL,9.07E+13,4UZAAXC5766V06287,PE - PÚBLICO ESTATAL,NO,31,HOMBRE,A,SI,,,2000,,,,,,,,,,,,,,,,,,,,,,
229,XALAPA,26/06/2014,JUEVES,,13:30,14:00,XALAPA,XALAPA,URBANA,,,AVENIDA AMERICAS,CENTRO,REVOLUCION,REGULAR,,CONCRETO,SECO,A NIVEL,SEMÁFORO FUNCIONANDO,SIN RESTRICCIÓN,COLISIÓN,LATERAL,VEHÍCULO CIRCULANDO,2,A - AUTOMÓVIL,NISSAN,TSURU,VERACRUZ,BLANCO/ROJO,GA167610154,3N1EB31S8BK800532,PE - PÚBLICO ESTATAL,SI,56,HOMBRE,A,SI,CAMBIAR CARRIL SIN PRECAUCIÓN,NO APLICA,700,0,,,,,,,,,,,,,,,,,,,,,
229,,,,,,,,,,,3,,,,,,,,,,,,,,,C - CAMIONETA,CHRYSLER,PT,VERACRUZ,PLATA,HECHO EN MÉXICO,77506674,P - PARTICULAR,SI,18,MUJER,,SI,,,1000,,,,,,,,,,,,,,,,,,,,,,
230,XALAPA,26/06/2014,JUEVES,,18:20,,XALAPA,XALAPA,URBANA,,,IGNACIO DE LA LLAVE,REPRESA DEL CARMEN,,BUENO,LLUVIA,CONCRETO,MOJADO,A NIVEL,NINGUNA,SIN RESTRICCIÓN,COLISIÓN,LATERAL,VEHÍCULO CIRCULANDO,2,C - CAMIONETA,NISSAN,DOBLE CABINA,VERACRUZ,PLATA,KA24897821M,3N1GCD13524K025455,P - PARTICULAR,NO,24,HOMBRE,B,SI,CAMBIAR CARRIL SIN PRECAUCIÓN,NO APLICA,500,0,,,,,,,,,,,,,,,,,,,,,
230,,,,,,,,,,,,,,,,,,,,,,,,,,A - AUTOMÓVIL,NISSAN,TSURU,VERACRUZ,BLANCO/ROJO,GA16844011W,3N1EB31504K320171,PE - PÚBLICO ESTATAL,SI,23,HOMBRE,A,SI,,,500,,,,,,,,,,,,,,,,,,,,,,
231,XALAPA,26/06/2014,JUEVES,19:58,20:15,21:10,XALAPA,XALAPA,URBANA,,,AVENIDA LAZARO CARDENAS,ANIMAS,ARAUCARIAS,BUENO,,CONCRETO,SECO,A NIVEL,NINGUNA,SIN RESTRICCIÓN,COLISIÓN,POR ALCANCE,VEHÍCULO CIRCULANDO,2,C - CAMIONETA,RENAULT,DUSTER,VERACRUZ,GRIS,31238,9fbh51a67em106244,P - PARTICULAR,SI,46,MUJER,C,SI,NO GUARDAR DISTANCIA,NO APLICA,1500,2,,,2,,,,,,,,,,,,,,,,,,
231,,,,,,,,,,,1,,,,,,,,,,,,,,,A - AUTOMÓVIL,NISSAN,TSURU,VERACRUZ,BLANCO/ROJO,GA168910955,eb31509k365109,PE - PÚBLICO ESTATAL,SI,40,HOMBRE,,,,,1000,,,,,,,,,,,,,,,,,,,,,,
232,XALAPA,26/06/2014,JUEVES,19:58,20:20,20:45,XALAPA,XALAPA,URBANA,,,AVENIDA LAZARO CARDENAS,HIDALGO,PIPILA,BUENO,,CONCRETO,SECO,A NIVEL,NINGUNA,SIN RESTRICCIÓN,COLISIÓN,LATERAL,VEHÍCULO CIRCULANDO,2,A - AUTOMÓVIL,NISSAN,TSURU,VERACRUZ,BLANCO/ROJO,GA16755793Y,3N1EB31S5AK349198,PE - PÚBLICO ESTATAL,SI,56,HOMBRE,A,SI,CAMBIAR CARRIL SIN PRECAUCIÓN,NO APLICA,2000,0,,,,,,,,,,,,,,,,,,,,,
232,,,,,,,,,,,1,,,,,,,,,,,,,,,AS - AUTOBÚS SUBURBANO,MERCEDES BENZ,CHASIS,VERACRUZ,BLANCO/AZUL,9.05E+13,3MBAA2CN25M009884,PE - PÚBLICO ESTATAL,SI,27,HOMBRE,A,SI,,,1000,,,,,,,,,,,,,,,,,,,,,,
233,XALAPA,26/06/2014,JUEVES,,00:05,,XALAPA,XALAPA,URBANA,,,AVENIDA LAZARO CARDENAS,RAFAEL LUCIO,FTE. A LA CORONA,BUENO,,CONCRETO,SECO,A NIVEL,MARCA EN PAVIMENTO,SIN RESTRICCIÓN,COLISIÓN,ÁNGULO,VEHÍCULO CIRCULANDO,2,M - MOTOCICLETA,ITALIKA,TS 170,VERACRUZ,NEGRO,161QMK081012787A,35CTTSFA541001755,P - PARTICULAR,NO,22,HOMBRE,B,SI,,,,0,,,,,,,,,,,,,,,,,,,,,
233,,,,,,,,,,,1,,,,,,,,,,,,,,,A - AUTOMÓVIL,VOLKSWAGEN,JETTA,VERACRUZ,AZUL,CBP158033,3VWRV09M6AM034146,P - PARTICULAR,SI,37,MUJER,B,SI,NO RESPETAR SEMÁFORO,NO APLICA,5000,,,,,,,,,,,,,,,,,,,,,,
233,,,,,,,,,,,,,,,,,,,,,,,,,,,,,,,,,,,,,,,,,3000,,,,,,,,,,,,,,,,,,,,,,
234,XALAPA,26/06/2014,JUEVES,,09:45,,XALAPA,XALAPA,URBANA,,,AMERICAS,PROGRESO MACUILTEPEC,NUEVO LEON,BUENO,,CONCRETO,MOJADO,A NIVEL,SEMÁFORO FUNCIONANDO,SIN RESTRICCIÓN,COLISIÓN,POR ALCANCE,VEHÍCULO CIRCULANDO,3,A - AUTOMÓVIL,CHRYSLER,MITSUBISHI,VERACRUZ,BLANCO,380,JE42X41F060038113,P - PARTICULAR,NO,40,HOMBRE,B,SI,NO GUARDAR DISTANCIA,NO APLICA,3000,1,,,1,,,,,,,,,,,,,,,,,,
234,,,,,,,,,,,,,,,,,,,,,,,,,,C - CAMIONETA,GM,CHEVY,HIDALGO,,1AMN2GM0,8AGSM35N12R116264,P - PARTICULAR,NO,56,HOMBRE,B,SI,,,1000,,,,,,,,,,,,,,,,,,,,,,
234,,,,,,,,,,,,,,,,,,,,,,,,,,A - AUTOMÓVIL,NISSAN,TS,VERACRUZ,BLANCO/ROJO,GA7034284,3N1EB31S5BK311925,PE - PÚBLICO ESTATAL,SI,37,HOMBRE,A,SI,,,500,,,,,,,,,,,,,,,,,,,,,,
235,XALAPA,26/06/2014,JUEVES,,19:30,,XALAPA,XALAPA,URBANA,,,IGNACIO DE LA LLAVE,,RUIZ CORTINES,BUENO,,CONCRETO,MOJADO,DESCENDENTE,NINGUNA,SIN RESTRICCIÓN,COLISIÓN,POR ALCANCE,VEHÍCULO CIRCULANDO,2,A - AUTOMÓVIL,NISSAN,TS,VERACRUZ,BLANCO,GA16767785P,3N1EB31S1XL21217,P - PARTICULAR,NO,32,HOMBRE,B,SI,NO GUARDAR DISTANCIA,NO APLICA,2000,0,,,,,,,,,,,,,,,,,,,,,
235,,,,,,,,,,,,,,,,,,,,,,,,,,A - AUTOMÓVIL,RENAULT,SONDERO,VERACRUZ,BLANCO/ROJO,Q033762,934B60BS8AJ063784,PE - PÚBLICO ESTATAL,SI,50,HOMBRE,A,SI,,,5000,,,,,,,,,,,,,,,,,,,,,,
236,XALAPA,26/06/2014,JUEVES,03:00,,,XALAPA,XALAPA,URBANA,XALAPA-EL CASTILLO,,,,,BUENO,,ASFALTO,SECO,DESCENDENTE,NINGUNA,SIN RESTRICCIÓN,VOLCADURA,,,1,C - CAMIONETA,FORD,EXPEDITION,CHIHUAHUA,,,,,,,,,,VELOCIDAD INMODERADA,NO APLICA,30000,0,,,,,,,,,,,,,,,,,,,,,
237,XALAPA,27/06/2014,VIERNES,,09:58,,XALAPA,XALAPA,URBANA,,,ADOLFO RUIZ CORTINES,28 DE AGOSTO,,BUENO,,ASFALTO,SECO,ASCENDENTE,NINGUNA,SIN RESTRICCIÓN,COLISIÓN,LATERAL,VEHÍCULO CIRCULANDO,2,C - CAMIONETA,FORD,F-150,VERACRUZ,GRIS,C77015,ACIJDR77015,P - PARTICULAR,NO,71,HOMBRE,A,SI,CAMBIAR CARRIL SIN PRECAUCIÓN,NO APLICA,MINIMOS,0,,,,,,,,,,,,,,,,,,,,,
237,,,,,,,,,,,,,,,,,,,,,,,,,,A - AUTOMÓVIL,NISSAN,TSURU,VERACRUZ,BLANCO/ROJO,GA16857964Y,3NIEB315XCK33167,PE - PÚBLICO ESTATAL,SI,38,HOMBRE,A,SI,,,500,,,,,,,,,,,,,,,,,,,,,,
238,XALAPA,27/06/2014,VIERNES,,16:05,,XALAPA,XALAPA,URBANA,,,ENCANTO,EL MIRADOR,,BUENO,,ASFALTO,,A NIVEL,NINGUNA,SIN RESTRICCIÓN,COLISIÓN,ÁNGULO,VEHÍCULO CIRCULANDO,2,,,,,,,,,,,,,,,,,0,,,,,,,,,,,,,,,,,,,,,
238,,,,,,,,,,,,,,,,,,,,,,,,,,A - AUTOMÓVIL,CHEVROLET,CAVALIER,VERACRUZ,AZUL,RS104599,3GSX542RS104899,P - PARTICULAR,NO,30,HOMBRE,C,SI,NO GUARDAR DISTANCIA,NO APLICA,800,,,,,,,,,,,,,,,,,,,,,,
238,,,,,,,,,,,,,,,,,,,,,,,,,,A - AUTOMÓVIL,NISSAN,TSURU,VERACRUZ,BLANCO/VERDE,GA167571424,3NIEB3159AK390418,PE - PÚBLICO ESTATAL,NO,23,HOMBRE,A,SI,,,1500,,,,,,,,,,,,,,,,,,,,,,
239,XALAPA,27/06/2014,VIERNES,,16:15,16:55,XALAPA,XALAPA,URBANA,,,CAMINO ANTIGUO A NAOLINCO,CAROLINO ANAYA,RIO TECOLUTLA,BUENO,,CONCRETO,SECO,ASCENDENTE,NINGUNA,ACCIDENTE PREVIO,COLISIÓN,LATERAL,VEHÍCULO CIRCULANDO,2,,,,,,,,,,,,,,,,,1,,,,,,,,,,,,,,,,,,,,,
239,,,,,,,,,,,,,,,,,,,,,,,,,,A - AUTOMÓVIL,VOLKSWAGEN,GOLF,VERACRUZ,VERDE,CF2M40508,SIN NUMERO,PE - PÚBLICO ESTATAL,SI,31,HOMBRE,A,SI,CAMBIAR CARRIL SIN PRECAUCIÓN,NO APLICA,1500,,,,,,,,,,,,,,,,,,,,,,
239,,,,,,,,,,,,,,,,,,,,,,,,,,M - MOTOCICLETA,KEEWAY,RK-111,VERACRUZ,NEGRO,9BWDB05DT1296963,LBBPFJ8B3498H,P - PARTICULAR,NO,24,HOMBRE,,NO,,,2500,,,,,1,,,,,,,,,,,,,,,,,
240,XALAPA,27/06/2014,VIERNES,,16:50,,XALAPA,XALAPA,URBANA,,,AVENIDA 20 DE NOVIEMBRE,JOSE CARDEL,SARABIA,BUENO,,CONCRETO,,DESCENDENTE,SEMÁFORO FUNCIONANDO,SIN RESTRICCIÓN,,FALLA MECÁNICA,,1,,,,,,,,,,,,,,,,,0,,,,,,,,,,,,,,,,,,,,,
240,,,,,,,,,,,,,,,,,,,,,,,,,,A - AUTOMÓVIL,NISSAN,TSURU,VERACRUZ,BLANCO/VERDE,GA167394752,3NIEB3155CK307913,P - PARTICULAR,SI,40,HOMBRE,A,SI,OTRO,NO APLICA,6000,,,,,,,,,,,,,,,,,,,,,,
241,XALAPA,27/06/2014,VIERNES,,20:45,21:30,XALAPA,XALAPA,URBANA,,,JOAQUIN RAMIREZ CABAÑAS,RAFAEL LUCIO,FRAY ANDRES DE OLMOS,BUENO,,CONCRETO,,ASCENDENTE,NINGUNA,ACCIDENTE PREVIO,COLISIÓN,ÁNGULO,VEHÍCULO CIRCULANDO,2,,,,,,,,,,,,,,,,,0,,,,,,,,,,,,,,,,,,,,,
241,,,,,,,,,,,,,,,,,,,,,,,,,,A - AUTOMÓVIL,NISSAN,TSURU,VERACRUZ,BLANCO/VERDE,GA16789405Y,3NIEB31536326584,PE - PÚBLICO ESTATAL,SI,42,HOMBRE,A,SI,CAMBIAR CARRIL SIN PRECAUCIÓN,NO APLICA,900,,,,,,,,,,,,,,,,,,,,,,
241,,,,,,,,,,,,,,,,,,,,,,,,,,CC - CAMIÓN DE CARGA,HONDA,CROSS,VERACRUZ,ROJO,JC309760535,9C321900833,P - PARTICULAR,NO,38,HOMBRE,,NO,,,400,,,,,,,,,,,,,,,,,,,,,,
242,XALAPA,27/06/2014,VIERNES,,17:20,,XALAPA,XALAPA,URBANA,,,MARMOL,PEÑASCAL,CHEDRAUI CARAM,BUENO,,CONCRETO,,A NIVEL,NINGUNA,SIN RESTRICCIÓN,COLISIÓN,ÁNGULO,VEHÍCULO CIRCULANDO,2,,,,,,,,,,,,,,,,,0,,,,,,,,,,,,,,,,,,,,,
242,,,,,,,,,,,,,,,,,,,,,,,,,,A - AUTOMÓVIL,FORD,FOCUS,VERACRUZ,PLATA,HECHO EN MEXICO,8AFBD656457872,P - PARTICULAR,NO,54,HOMBRE,A,SI,REBASAR INDEBIDAMENTE,NO APLICA,2500,,,,,,,,,,,,,,,,,,,,,,
242,,,,,,,,,,,,,,,,,,,,,,,,,,A - AUTOMÓVIL,CHRYSLER,SPIRIT,VERACRUZ,NEGRO,HECHO EN MEXICO,3C3B1484NT317414,P - PARTICULAR,SI,44,HOMBRE,A,SI,,,1000,,,,,,,,,,,,,,,,,,,,,,
243,XALAPA,27/06/2014,VIERNES,23:40,00:50,00:05,XALAPA,XALAPA,URBANA,,,AVENIDA XALAPA,OBRERO CAMPESINA,MONTERREY,BUENO,,CONCRETO,,ASCENDENTE,NINGUNA,ACCIDENTE PREVIO,COLISIÓN,ÁNGULO,VEHÍCULO ESTACIONADO,2,,,,,,,,,,,,,,,,,3,,,,,,,,,,,,,,,,,,,,,
243,,,,,,,,,,,7,,,,,,,,,,,,,,,A - AUTOMÓVIL,VOLKSWAGEN,VOLKSWAGEN,DISTRITO FEDERAL,ROJO,ACD354927,3VW1BAYM917962,P - PARTICULAR,NO,56,HOMBRE,,NO,NO GUARDAR DISTANCIA,NO APLICA,8000,,,,,,,,,,,,,,,,,,,,,,
243,,,,,,,,,,,,,,,,,,,,,,,,,,A - AUTOMÓVIL,SEDAN,SEDAN,VERACRUZ,BLANCO,SIN NUMERO,SIN NUMERO,P - PARTICULAR,SI,26,HOMBRE,A,SI,,,10000,,,2,,,1,,,,,,,,,,,,,,,,
244,XALAPA,28/06/2014,SÁBADO,,09:10,,XALAPA,XALAPA,URBANA,,,AVENIDA BOLIVIA,,,BUENO,SOLEADO,CONCRETO,MOJADO,A NIVEL,MARCA EN PAVIMENTO,SIN RESTRICCIÓN,COLISIÓN,ÁNGULO,VEHÍCULO CIRCULANDO,2,,,,,,,,,,,,,,,,,0,,,,,,,,,,,,,,,,,,,,,
244,,,,,,,,,,,19,,,,,,,,,,,,,,,C - CAMIONETA,NISSAN,ESTACAS,VERACRUZ,BLANCO,KA29289292A,3NG14556022311,P - PARTICULAR,NO,33,HOMBRE,,NO,NO GUARDAR DISTANCIA,NO APLICA,500,,,,,,,,,,,,,,,,,,,,,,