idMES,DELEGACION DE TRANSITO,FECHA DEL ACCIDENTE,DIA DE LA SEMANA,HORA EN QUE SE RECIBIO LA LLAMADA REPORTANDO EL ACCIDENTE,HORA DE ARRIBO DEL PERITO AL SITIO,HORA DE REGRESO DEL PERITO A LAS INSTALACIONES DE SU DELEGACION,LOCALIDAD ACCIDENTE,MUNICIPIO ACCIDENTE,ZONA,CARRETERA/KILOMETRO DEL ACCIDENTE,NUMERO DE AVENIDA,CALLE/AVENIDA DEL ACCIDENTE,COLONIA,ENTRE CALLES,CONDICIONES DE LA VIA,CONDICIONES NATURALES,SUPERFICIE DE LA VIA,ESTADO DE LA VIA,TANGENTE,TIPO DE CONTROL DE TRANSITO,RESTRICCIONES DE LA VIA,TIPO DE ACCIDENTE,FORMA DE ACCIDENTARSE,CONTRA QUE FUE EL IMPACTO,CANTIDAD DE VEHICULOS,TIPO DE VEHICULO,MARCA,SUBMARCA,ENTIDAD FEDERATIVA DEL VEHICULO,COLOR DEL VEHICULO,MOTOR,SERIE,TIPO DE SERVICIO PARA EL QUE SE OCUPAN LOS VEHICULOS,ASEGURADO,EDAD CONDUCTOR,SEXO CONDUCTOR,TIPO LICENCIA,LICENCIA VIGENTE,CAUSA ATRIBUIBLE AL CONDUCTOR,CAUSA ATRIBUIBLE AL PEATON,DANIOS (MONTO APROXIMADO EN MXN),NUMERO DE HERIDOS,MUJER HERIDA DE 0-15 ANIOS,HOMBRE HERIDO DE 0-15 ANIOS,MUJER HERIDA DE 16-30 ANIOS,HOMBRE HERIDO DE 16-30 ANIOS,MUJER HERIDA DE 31-45 ANIOS,HOMBRE HERIDO DE 31-45 ANIOS,MUJER HERIDA DE 46-60 ANIOS,HOMBRE HERIDO DE 46-60 ANIOS,MUJER HERIDA MAS DE 60 ANIOS,HOMBRE HERIDO MAS DE 60 ANIOS,NUMERO DE MUERTOS,MUJER MUERTA DE 0-15 ANIOS,HOMBRE MUERTO DE 0-15 ANIOS,MUJER MUERTA DE 16-30 ANIOS,HOMBRE MUERTO DE 16-30 ANIOS,MUJER MUERTA DE 31-45 ANIOS,HOMBRE MUERTO DE 31-45 ANIOS,MUJER MUERTA DE 46-60 ANIOS,HOMBRE MUERTO DE 46-60 ANIOS,MUJER MUERTA MAS DE 60 ANIOS,HOMBRE MUERTO MAS DE 60 ANIOS
244,,,,,,,,,,,,,,,,,,,,,,,,,,C - CAMIONETA,FORD,EXPLORER,VERACRUZ,VERDE,SIN NUMERO,1FM32XC38039,P - PARTICULAR,NO,35,HOMBRE,C,SI,,,500,,,,,,,,,,,,,,,,,,,,,,
245,XALAPA,28/06/2014,SÁBADO,10:20,10:40,11:10,XALAPA,XALAPA,URBANA,,,AVENIDA LAZARO CARDENAS,ENCINAL,INDEPENDENCIA,BUENO,SOLEADO,ASFALTO,SECO,A NIVEL,NINGUNA,SIN RESTRICCIÓN,COLISIÓN,ÁNGULO,VEHÍCULO CIRCULANDO,2,,,,,,,,,,,,,,,,,0,,,,,,,,,,,,,,,,,,,,,
245,,,,,,,,,,,1,,,,,,,,,,,,,,,A - AUTOMÓVIL,HONDA,CITY,VERACRUZ,PLATA,L15A76809682,CFZ058948,P - PARTICULAR,SI,42,HOMBRE,C,SI,NO RESPETAR SEMÁFORO,NO APLICA,10000,,,,,,,,,,,,,,,,,,,,,,
245,,,,,,,,,,,,,,,,,,,,,,,,,,A - AUTOMÓVIL,VOLKSWAGEN,GOLF,VERACRUZ,BLANCO/VERDE,9BWDB4B17410,9BWDB4BT019410,PE - PÚBLICO ESTATAL,SI,63,HOMBRE,A,SI,,,15000,,,,,,,,,,,,,,,,,,,,,,
246,XALAPA,28/06/2014,SÁBADO,14:31,14:50,15:02,XALAPA,XALAPA,URBANA,,,SAYAGO,CENTRO,AVILA CAMACHO,BUENO,SOLEADO,CONCRETO,SECO,A NIVEL,NINGUNA,SIN RESTRICCIÓN,COLISIÓN,LATERAL,VEHÍCULO CIRCULANDO,2,,,,,,,,,,,,,,,,,0,,,,,,,,,,,,,,,,,,,,,
246,,,,,,,,,,,,,,,,,,,,,,,,,,CC - CAMIÓN DE CARGA,FREIGHTLINER,TRACTOR,NUEVO LEÓN,BLANCO,4.61E+12,3ALHFOC7ADA3892,P - PARTICULAR,SI,35,HOMBRE,A,SI,CAMBIAR CARRIL SIN PRECAUCIÓN,NO APLICA,1000,,,,,,,,,,,,,,,,,,,,,,
246,,,,,,,,,,,,,,,,,,,,,,,,,,A - AUTOMÓVIL,NISSAN,TSURU,VERACRUZ,BLANCO/VERDE,GA168692175,3NIEB31456485624,PE - PÚBLICO ESTATAL,NO,43,HOMBRE,A,SI,,,2000,,,,,,,,,,,,,,,,,,,,,,
247,XALAPA,28/06/2014,SÁBADO,,18:30,18:50,XALAPA,XALAPA,URBANA,,,AVENIDA CHEDRAUI CARAM,ENCINAL,TEOTIHUACAN,BUENO,SOLEADO,ASFALTO,SECO,A NIVEL,NINGUNA,SIN RESTRICCIÓN,COLISIÓN,FALLA MECÁNICA,VEHÍCULO CIRCULANDO,2,,,,,,,,,,,,,,,,,0,,,,,,,,,,,,,,,,,,,,,
247,,,,,,,,,,,16,,,,,,,,,,,,,,,A - AUTOMÓVIL,NISSAN,TSURU,VERACRUZ,ROJO/BLANCO,GA167951704,3NIEB3152K31548,PE - PÚBLICO ESTATAL,SI,56,HOMBRE,A,SI,REBASAR INDEBIDAMENTE,NO APLICA,500,,,,,,,,,,,,,,,,,,,,,,
247,,,,,,,,,,,,,,,,,,,,,,,,,,A - AUTOMÓVIL,CHEVROLET,AVEO,VERACRUZ,BLANCO,HECHO EN MEXICO,36ITA5F6CLI62659,P - PARTICULAR,SI,32,HOMBRE,C,SI,,,2000,,,,,,,,,,,,,,,,,,,,,,
248,XALAPA,28/06/2014,SÁBADO,09:40,10:12,11:00,XALAPA,XALAPA,URBANA,,,AVENIDA ATENAS VERACRUZANAS,REVOLUCION,AVELARDO RODRIGUEZ,BUENO,,CONCRETO,SECO,A NIVEL,NINGUNA,SIN RESTRICCIÓN,COLISIÓN,LATERAL,VEHÍCULO CIRCULANDO,3,C - CAMIONETA,FORD,EXPLORER,VERACRUZ,VERDE,HECHO EN USA,1FMADU32X4TV25984,P - PARTICULAR,NO,32,HOMBRE,,NO,,,3500,1,,,,,,1,,,,,,,,,,,,,,,
248,,,,,,,,,,,,,,,,,,,,,,,,,,A - AUTOMÓVIL,NISSAN,TIDA,VERACRUZ,VERDE,MR18/526171H,3NIEBCIABA2445051,PE - PÚBLICO ESTATAL,SI,33,HOMBRE,A,SI,VELOCIDAD INMODERADA,NO APLICA,2500,,,,,,,,,,,,,,,,,,,,,,
248,,,,,,,,,,,,,,,,,,,,,,,,,,A - AUTOMÓVIL,DODGE,NEON,DISTRITO FEDERAL,ROJO,HECHO EN USA,6CYD608618,P - PARTICULAR,NO,27,HOMBRE,,NO,,,3000,,,,,,,,,,,,,,,,,,,,,,
249,XALAPA,29/06/2014,DOMINGO,,11:30,,XALAPA,XALAPA,URBANA,,,CAMINO ANTIGUO A NAOLINCO,CAROLINO ANAYA,,BUENO,,CONCRETO,SECO,ASCENDENTE,NINGUNA,SIN RESTRICCIÓN,COLISIÓN,ÁNGULO,VEHÍCULO CIRCULANDO,2,,,,,,,,,,,,,,,,,0,,,,,,,,,,,,,,,,,,,,,
249,,,,,,,,,,,,,,,,,,,,,,,,,,A - AUTOMÓVIL,NISSAN,TSURU,VERACRUZ,ROJO/BLANCO,GA16757664,3NIEB3153AK349109,P - PARTICULAR,SI,31,HOMBRE,A,SI,NO RESPETAR CEDA EL PASO,NO APLICA,900,,,,,,,,,,,,,,,,,,,,,,
249,,,,,,,,,,,,,,,,,,,,,,,,,,A - AUTOMÓVIL,CHEVROLET,PONTIAC MATIZ,VERACRUZ,ROJO/BLANCO,HECHO EN KOREA,K2MJ6A00AC540256,P - PARTICULAR,SI,61,HOMBRE,A,SI,,,700,,,,,,,,,,,,,,,,,,,,,,
250,XALAPA,29/06/2014,DOMINGO,,11:15,,XALAPA,XALAPA,URBANA,,,AVENIDA LAZARO CARDENAS,FERROCARRILERA,PUENTE MIGUEL ALEMAN,BUENO,,CONCRETO,,A NIVEL,NINGUNA,SIN RESTRICCIÓN,COLISIÓN,POR ALCANCE,VEHÍCULO CIRCULANDO,2,,,,,,,,,,,,,,,,,0,,,,,,,,,,,,,,,,,,,,,
250,,,,,,,,,,,1,,,,,,,,,,,,,,,A - AUTOMÓVIL,NISSAN,TSURU,VERACRUZ,BLANCO/VERDE,GA16871194W,3NIEB315K344970,PE - PÚBLICO ESTATAL,SI,32,HOMBRE,A,SI,NO GUARDAR DISTANCIA,NO APLICA,5000,,,,,,,,,,,,,,,,,,,,,,
250,,,,,,,,,,,,,,,,,,,,,,,,,,A - AUTOMÓVIL,CHRYSLER,FIAT,VERACRUZ,ROJA,HECHO EN BRASIL,9BD278269D7620586,P - PARTICULAR,SI,34,HOMBRE,A,SI,,,3000,,,,,,,,,,,,,,,,,,,,,,
251,XALAPA,29/06/2014,DOMINGO,,11:48,,XALAPA,XALAPA,URBANA,,,VENUSTIANO CARRANZA,FRANSCISCO I. MADERO,,BUENO,SOLEADO,CONCRETO,SECO,A NIVEL,NINGUNA,SIN RESTRICCIÓN,COLISIÓN,ÁNGULO,VEHÍCULO ESTACIONADO,2,,,,,,,,,,,,,,,,,0,,,,,,,,,,,,,,,,,,,,,
251,,,,,,,,,,,,,,,,,,,,,,,,,,AS - AUTOBÚS SUBURBANO,NAVISTAR,INTERNATIONAL,VERACRUZ,BLANCO,466HM2N8001436,3HVBMAAR89N129,PE - PÚBLICO ESTATAL,NO,47,HOMBRE,A,SI,NO GUARDAR DISTANCIA,NO APLICA,2000,,,,,,,,,,,,,,,,,,,,,,
251,,,,,,,,,,,,,,,,,,,,,,,,,,A - AUTOMÓVIL,CHEVROLET,CHEVY,VERACRUZ,PLATA,SIN NUMERO,3G1S213925199145,P - PARTICULAR,NO,,,,NO,,,4000,,,,,,,,,,,,,,,,,,,,,,
252,XALAPA,29/06/2014,DOMINGO,14:18,,,XALAPA,XALAPA,URBANA,,,AVENIDA LAZARO CARDENAS,RAFAEL LUCIO,,BUENO,SOLEADO,ASFALTO,SECO,DESCENDENTE,SEMÁFORO FUNCIONANDO,SIN RESTRICCIÓN,COLISIÓN,ÁNGULO,VEHÍCULO CIRCULANDO,2,,,,,,,,,,,,,,,,,0,,,,,,,,,,,,,,,,,,,,,
252,,,,,,,,,,,1,,,,,,,,,,,,,,,A - AUTOMÓVIL,NISSAN,APRIO,VERACRUZ,BLANCO/VERDE,QO26579,93YYL60850A1058,PE - PÚBLICO ESTATAL,SI,30,HOMBRE,A,SI,NO GUARDAR DISTANCIA,NO APLICA,5000,,,,,,,,,,,,,,,,,,,,,,
252,,,,,,,,,,,,,,,,,,,,,,,,,,A - AUTOMÓVIL,NISSAN,TSURU,VERACRUZ,BLANCO/ROJO,GA16725648Y,3MI583154AK325121,PE - PÚBLICO ESTATAL,SI,32,HOMBRE,A,SI,,,4000,,,,,,,,,,,,,,,,,,,,,,
253,XALAPA,29/06/2014,DOMINGO,,15:15,15:45,XALAPA,XALAPA,URBANA,,,AVENIDA LAZARO CARDENAS,ANIMAS,CIRCUITO COLON,BUENO,,ASFALTO,,ASCENDENTE,NINGUNA,ACCIDENTE PREVIO,COLISIÓN,LATERAL,VEHÍCULO CIRCULANDO,2,,,,,,,,,,,,,,,,,0,,,,,,,,,,,,,,,,,,,,,
253,,,,,,,,,,,1,,,,,,,,,,,,,,,A - AUTOMÓVIL,VOLKSWAGEN,VOCHO,VERACRUZ,BLANCO,AF1RA0559,SIN NUMERO,P - PARTICULAR,SI,20,HOMBRE,B,SI,CAMBIAR CARRIL SIN PRECAUCIÓN,NO APLICA,300,,,,,,,,,,,,,,,,,,,,,,
253,,,,,,,,,,,,,,,,,,,,,,,,,,C - CAMIONETA,HONDA,CRV,PUEBLA,AZUL,L003489,SIN NUMERO,P - PARTICULAR,NO,34,MUJER,,NO,,,300,,,,,,,,,,,,,,,,,,,,,,
254,XALAPA,29/06/2014,DOMINGO,17:50,,,XALAPA,XALAPA,URBANA,,,AVENIDA 20 DE NOVIEMBRE,CENTRO,CLAVIJERO,BUENO,SOLEADO,ASFALTO,MOJADO,A NIVEL,MARCA EN PAVIMENTO,SIN RESTRICCIÓN,COLISIÓN,ÁNGULO,VEHÍCULO CIRCULANDO,2,,,,,,,,,,,,,,,,,0,,,,,,,,,,,,,,,,,,,,,
254,,,,,,,,,,,5,,,,,,,,,,,,,,,A - AUTOMÓVIL,NISSAN,TSURU,VERACRUZ,BLANCO/VERDE,GA16786453Y,3NIEB5150BK323755,PE - PÚBLICO ESTATAL,SI,42,HOMBRE,A,SI,NO RESPETAR CEDA EL PASO,NO APLICA,2500,,,,,,,,,,,,,,,,,,,,,,
254,,,,,,,,,,,,,,,,,,,,,,,,,,A - AUTOMÓVIL,VOLKSWAGEN,SEDAN,VERACRUZ,BLANCO,CFZ123511,98WAB05N6CP169930,P - PARTICULAR,NO,26,HOMBRE,C,SI,,,2000,,,,,,,,,,,,,,,,,,,,,,
255,XALAPA,29/06/2014,DOMINGO,18:00,,,XALAPA,XALAPA,URBANA,,,IGNACIO DE LA LLAVE,BENITO JUAREZ,LAZARO CARDENAS,BUENO,LLUVIA,ASFALTO,MOJADO,A NIVEL,MARCA EN PAVIMENTO,SIN RESTRICCIÓN,COLISIÓN,ÁNGULO,VEHÍCULO CIRCULANDO,2,,,,,,,,,,,,,,,,,0,,,,,,,,,,,,,,,,,,,,,
255,,,,,,,,,,,,,,,,,,,,,,,,,,AS - AUTOBÚS SUBURBANO,NAVISTAR,INTERNATIONAL,VERACRUZ,BLANCO/AZUL,470HMZU149811,3HBBMAAN74613832,PE - PÚBLICO ESTATAL,NO,30,HOMBRE,A,SI,NO GUARDAR DISTANCIA,OTRO,1000,,,,,,,,,,,,,,,,,,,,,,
255,,,,,,,,,,,8,,,,,,,,,,,,,,,A - AUTOMÓVIL,RENAULT,CLIO,VERACRUZ,GRIS,Q100535,36NBB2644L902878,P - PARTICULAR,NO,33,HOMBRE,C,SI,,,3500,,,,,,,,,,,,,,,,,,,,,,
256,XALAPA,29/06/2014,DOMINGO,,18:10,19:00,XALAPA,XALAPA,URBANA,,,CIRCUITO PRESIDENTES,,,BUENO,SOLEADO,ASFALTO,,ASCENDENTE,NINGUNA,ACCIDENTE PREVIO,COLISIÓN,ÁNGULO,VEHÍCULO CIRCULANDO,2,,,,,,,,,,,,,,,,,0,,,,,,,,,,,,,,,,,,,,,
256,,,,,,,,,,,9,,,,,,,,,,,,,,,A - AUTOMÓVIL,VOLKSWAGEN,GOLF,VERACRUZ,GRIS,CF2905854,SIN NUMERO,P - PARTICULAR,NO,25,HOMBRE,B,SI,CAMBIAR CARRIL SIN PRECAUCIÓN,NO APLICA,4500,,,,,,,,,,,,,,,,,,,,,,
256,,,,,,,,,,,,,,,,,,,,,,,,,,AS - AUTOBÚS SUBURBANO,INTERNATIONAL,MAGNO,VERACRUZ,BLANCO,9BWA80CP17575,SIN NUMERO,PE - PÚBLICO ESTATAL,NO,43,HOMBRE,A,SI,,,500,,,,,,,,,,,,,,,,,,,,,,
257,XALAPA,29/06/2014,DOMINGO,,05:20,,XALAPA,XALAPA,URBANA,,,MONTES TAURO No 5,CASA BLANCA,,BUENO,LLUVIA,CONCRETO,,A NIVEL,NINGUNA,SIN RESTRICCIÓN,COLISIÓN,,OBJETO FIJO,1,,,,,,,,,,,,,,,,,0,,,,,,,,,,,,,,,,,,,,,
257,,,,,,,,,,,,,,,,,,,,,,,,,,A - AUTOMÓVIL,NISSAN,TSURU,VERACRUZ,BLANCO/VERDE,GA16751556Y,3NIEB3156AK34604,PE - PÚBLICO ESTATAL,SI,53,HOMBRE,A,SI,VELOCIDAD INMODERADA,NO APLICA,1000,,,,,,,,,,,,,,,,,,,,,,
258,XALAPA,29/06/2014,DOMINGO,,22:10,,XALAPA,XALAPA,URBANA,,,AVENIDA 20 DE NOVIEMBRE,ALVARO OBREGON,AGUA SANTA,MALO,LLUVIA,CONCRETO,MOJADO,A NIVEL,NINGUNA,SIN RESTRICCIÓN,COLISIÓN,ÁNGULO,VEHÍCULO CIRCULANDO,2,,,,,,,,,,,,,,,,,1,,,,,,,,,,,,,,,,,,,,,
258,,,,,,,,,,,5,,,,,,,,,,,,,,,C - CAMIONETA,CHEVROLET,SILVERADO,VERACRUZ,BLANCO,SIN NUMERO,3GCC14X38M117820,P - PARTICULAR,SI,23,HOMBRE,B,SI,CAMBIAR CARRIL SIN PRECAUCIÓN,NO APLICA,6000,,,,,,,,,,,,,,,,,,,,,,
258,,,,,,,,,,,,,,,,,,,,,,,,,,C - CAMIONETA,NISSAN,NP-300,VERACRUZ,BLANCO,KA24726990,3N6DD23T8EK082645,P - PARTICULAR,SI,27,HOMBRE,C,SI,,,8000,,,,,1,,,,,,,,,,,,,,,,,
259,XALAPA,29/06/2014,DOMINGO,,11:15,,XALAPA,XALAPA,URBANA,,,AVENIDA LAZARO CARDENAS,FERROCARRILERA,,BUENO,,CONCRETO,,A NIVEL,NINGUNA,SIN RESTRICCIÓN,COLISIÓN,POR ALCANCE,VEHÍCULO CIRCULANDO,3,C - CAMIONETA,TOYOTA,HILUX,VERACRUZ,ARENA,ZTR2623516,3ROEX32IE0006208,P - PARTICULAR,SI,54,HOMBRE,,NO,,,3000,0,,,,,,,,,,,,,,,,,,,,,
259,,,,,,,,,,,1,,,,,,,,,,,,,,,C - CAMIONETA,TOYOTA,AVANZA,VERACRUZ,BLANCO,35ZDBK1984,HFHMCBBE9A002474,P - PARTICULAR,SI,23,HOMBRE,C,SI,NO GUARDAR DISTANCIA,NO APLICA,5000,,,,,,,,,,,,,,,,,,,,,,
259,,,,,,,,,,,,,,,,,,,,,,,,,,A - AUTOMÓVIL,CHEVROLET,CHEVY,VERACRUZ,PLATA,HECHO EN MEXICO,3G1SES6X451551350,P - PARTICULAR,NO,24,HOMBRE,B,SI,,,1000,,,,,,,,,,,,,,,,,,,,,,
260,XALAPA,30/06/2014,LUNES,,14:20,,XALAPA,XALAPA,URBANA,,,MELCHOR OCAMPO,CENTRO,JOSE AZUETA,BUENO,LLUVIA,CONCRETO,MOJADO,A NIVEL,NINGUNA,SIN RESTRICCIÓN,COLISIÓN,POR ALCANCE,VEHÍCULO CIRCULANDO,2,,,,,,,,,,,,,,,,,0,,,,,,,,,,,,,,,,,,,,,
260,,,,,,,,,,,,,,,,,,,,,,,,,,A - AUTOMÓVIL,NISSAN,SENTRA,VERACRUZ,VERDE,GA16754423T,3NLD848WK020012,P - PARTICULAR,NO,61,HOMBRE,A,SI,NO GUARDAR DISTANCIA,NO APLICA,MINIMOS,,,,,,,,,,,,,,,,,,,,,,
260,,,,,,,,,,,,,,,,,,,,,,,,,,A - AUTOMÓVIL,NISSAN,TSURU,VERACRUZ,BLANCO/VERDE,GA16822403Y,3NIEB315CK302218,PE - PÚBLICO ESTATAL,SI,28,HOMBRE,A,SI,,,3000,,,,,,,,,,,,,,,,,,,,,,
261,XALAPA,30/06/2014,LUNES,14:54,15:20,14:47,XALAPA,XALAPA,URBANA,,,AVENIDA 20 DE NOVIEMBRE,CENTRO,REVOLUCION,MALO,LLUVIA,CONCRETO,MOJADO,DESCENDENTE,NINGUNA,SIN RESTRICCIÓN,COLISIÓN,POR ALCANCE,VEHÍCULO CIRCULANDO,2,,,,,,,,,,,,,,,,,0,,,,,,,,,,,,,,,,,,,,,
261,,,,,,,,,,,5,,,,,,,,,,,,,,,A - AUTOMÓVIL,VOLKSWAGEN,JETTA,VERACRUZ,NEGRO,BHPIZ3559,3VWRV09MXM015168,P - PARTICULAR,SI,34,MUJER,C,SI,NO GUARDAR DISTANCIA,NO APLICA,7000,,,,,,,,,,,,,,,,,,,,,,
261,,,,,,,,,,,,,,,,,,,,,,,,,,A - AUTOMÓVIL,NISSAN,TSURU,VERACRUZ,BLANCO/VERDE,GA16723966Y,3NIEB3154AK23711,PE - PÚBLICO ESTATAL,SI,66,HOMBRE,A,SI,,,4000,,,,,,,,,,,,,,,,,,,,,,
262,XALAPA,30/06/2014,LUNES,,21:10,,XALAPA,XALAPA,URBANA,,,SONORA,PROGRESO MACUILTEPEC,,REGULAR,,CONCRETO,,A NIVEL,NINGUNA,SIN RESTRICCIÓN,COLISIÓN,ÁNGULO,VEHÍCULO CIRCULANDO,2,,,,,,,,,,,,,,,,,0,,,,,,,,,,,,,,,,,,,,,
262,,,,,,,,,,,,,,,,,,,,,,,,,,M - MOTOCICLETA,YAMAHA,,VERACRUZ,ROJO,SIN NUMERO,GA167617544,P - PARTICULAR,NO,,,,NO,NO RESPETAR CEDA EL PASO,NO APLICA,2000,,,,,,,,,,,,,,,,,,,,,,
262,,,,,,,,,,,,,,,,,,,,,,,,,,A - AUTOMÓVIL,NISSAN,TSURU,VERACRUZ,BLANCO/VERDE,SIN NUMERO,3NIEB3156BK301241,PE - PÚBLICO ESTATAL,SI,44,HOMBRE,A,SI,,,5000,,,,,,,,,,,,,,,,,,,,,,
263,XALAPA,30/06/2014,LUNES,,08:31,,XALAPA,XALAPA,URBANA,,,CLAVIJERO,CENTRO,ALTAMIRANO,BUENO,,CONCRETO,,A NIVEL,NINGUNA,SIN RESTRICCIÓN,COLISIÓN,ÁNGULO,VEHÍCULO CIRCULANDO,2,,,,,,,,,,,,,,,,,0,,,,,,,,,,,,,,,,,,,,,
263,,,,,,,,,,,,,,,,,,,,,,,,,,A - AUTOMÓVIL,SEAT,IBIZA,VERACRUZ,NEGRO,SIN NUMERO,VSSMK46J7CR075490,P - PARTICULAR,NO,36,HOMBRE,A,SI,VELOCIDAD INMODERADA,NO APLICA,5000,,,,,,,,,,,,,,,,,,,,,,
263,,,,,,,,,,,,,,,,,,,,,,,,,,M - MOTOCICLETA,HONDA,CARGO,VERACRUZ,AZUL,SIN NUMERO,3HIJC30563D201889,P - PARTICULAR,NO,18,HOMBRE,,NO,,,2000,,,,,,,,,,,,,,,,,,,,,,
264,XALAPA,30/06/2014,LUNES,,18:30,,XALAPA,XALAPA,URBANA,,,INSURGENTES,CENTRO,ALDAMA,BUENO,SOLEADO,CONCRETO,SECO,A NIVEL,NINGUNA,SIN RESTRICCIÓN,COLISIÓN,LATERAL,VEHÍCULO CIRCULANDO,2,,,,,,,,,,,,,,,,,0,,,,,,,,,,,,,,,,,,,,,
264,,,,,,,,,,,,,,,,,,,,,,,,,,AF- AUTOBÚS FORANEO,FREIGHTLINER,CHASIS,VERACRUZ,BLANCO,SIN NUMERO,4UZ6CFAA1YCG09134,PE - PÚBLICO ESTATAL,NO,43,HOMBRE,,NO,VELOCIDAD INMODERADA,NO APLICA,2000,,,,,,,,,,,,,,,,,,,,,,
264,,,,,,,,,,,,,,,,,,,,,,,,,,A - AUTOMÓVIL,VOLKSWAGEN,POINTER,VERACRUZ,NEGRO,SIN NUMERO,9BWCC05X15T150848,P - PARTICULAR,NO,45,HOMBRE,A,SI,,,3500,,,,,,,,,,,,,,,,,,,,,,
265,XALAPA,30/06/2014,LUNES,08:22,09:15,09:30,XALAPA,XALAPA,URBANA,,,AVENIDA LAZARO CARDENAS,,,BUENO,SOLEADO,CONCRETO,SECO,ASCENDENTE,NINGUNA,SIN RESTRICCIÓN,COLISIÓN,POR ALCANCE,VEHÍCULO CIRCULANDO,2,,,,,,,,,,,,,,,,,0,,,,,,,,,,,,,,,,,,,,,
265,,,,,,,,,,,1,,,,,,,,,,,,,,,C - CAMIONETA,FORD,ESCAPE,VERACRUZ,BLANCO,8KC30487,1FMCU02Z68KC30487,P - PARTICULAR,NO,40,MUJER,C,SI,NO GUARDAR DISTANCIA,NO APLICA,7000,,,,,,,,,,,,,,,,,,,,,,
265,,,,,,,,,,,,,,,,,,,,,,,,,,C - CAMIONETA,HONDA,PILOT,VERACRUZ,BLANCO,33244057436,5KBYF488XCB802131,P - PARTICULAR,NO,35,HOMBRE,B,SI,,,12000,,,,,,,,,,,,,,,,,,,,,,
266,XALAPA,30/06/2014,LUNES,,17:50,19:00,XALAPA,XALAPA,URBANA,,,AVENIDA PRINCIPAL LAS TRANCAS,TRANCAS,,BUENO,,ASFALTO,SECO,ASCENDENTE,NINGUNA,SIN RESTRICCIÓN,COLISIÓN,LATERAL,VEHÍCULO CIRCULANDO,2,,,,,,,,,,,,,,,,,3,,,,,,,,,,,,,,,,,,,,,
266,,,,,,,,,,,15,,,,,,,,,,,,,,,C - CAMIONETA,DODGE,RAM 4000,NUEVO LEÓN,BLANCO/AZUL,HECHO EN MEXICO,3BGMC3655YM55639,P - PARTICULAR,SI,32,HOMBRE,B,SI,NO RESPETAR CEDA EL PASO,NO APLICA,2000,,,,,,,,,,,,,,,,,,,,,,
266,,,,,,,,,,,,,,,,,,,,,,,,,,A - AUTOMÓVIL,NISSAN,TSURU,VERACRUZ,BLANCO/VERDE,GA167439597,3NIEB315539112,PE - PÚBLICO ESTATAL,SI,37,HOMBRE,A,SI,,,5000,,,,,,2,,1,,,,,,,,,,,,,,
267,XALAPA,,LUNES,,22:45,,XALAPA,XALAPA,URBANA,,,CALLE MEDICOS,,RUIZ CORTINES,BUENO,,CONCRETO,MOJADO,A NIVEL,NINGUNA,SIN RESTRICCIÓN,COLISIÓN,,OBJETO FIJO,1,,,,,,,,,,,,,,,,,0,,,,,,,,,,,,,,,,,,,,,
267,,,,,,,,,,,,,,,,,,,,,,,,,,CC - CAMIÓN DE CARGA,INTERNATIONAL,DOBLE CABINA,DISTRITO FEDERAL,BLANCO,14461412,3ASDJAPT3CN548204,PF- PÚBLICO FEDERAL,SI,40,HOMBRE,B,SI,VELOCIDAD INMODERADA,NO APLICA,MINIMOS,,,,,,,,,,,,,,,,,,,,,,
268,XALAPA,30/06/2014,LUNES,,19:20,20:00,XALAPA,XALAPA,URBANA,,,CIRCUITO PRESIDENTES,MARTIRES DE CHICAGO,,REGULAR,LLUVIA,ASFALTO,MOJADO,A NIVEL,SEMÁFORO FUNCIONANDO,SIN RESTRICCIÓN,COLISIÓN,ÁNGULO,VEHÍCULO CIRCULANDO,2,,,,,,,,,,,,,,,,,1,,,,,,,,,,,,,,,,,,,,,
268,,,,,,,,,,,9,,,,,,,,,,,,,,,A - AUTOMÓVIL,NISSAN,TSURU,VERACRUZ,ROJO/BLANCO,GA16891113W,3NIEB31539K365053,PE - PÚBLICO ESTATAL,SI,21,HOMBRE,A,SI,NO GUARDAR DISTANCIA,NO APLICA,15000,,,,,,,,,,,,,,,,,,,,,,
268,,,,,,,,,,,,,,,,,,,,,,,,,,A - AUTOMÓVIL,CHRYSLER,DODGE,DISTRITO FEDERAL,GRIS,HECHO EN USA,1K3D46X11N5777825,P - PARTICULAR,NO,,,,NO,,,9500,,,,,,,,1,,,,,,,,,,,,,,
269,XALAPA,30/06/2014,LUNES,14:30,14:55,15:15,XALAPA,XALAPA,URBANA,,,AVENIDA ATENAS VERACRUZANAS,REVOLUCION,,REGULAR,LLUVIA,CONCRETO,MOJADO,A NIVEL,NINGUNA,SIN RESTRICCIÓN,COLISIÓN,MANIOBRA EN REVERSA,VEHÍCULO CIRCULANDO,2,,,,,,,,,,,,,,,,,0,,,,,,,,,,,,,,,,,,,,,
269,,,,,,,,,,,,,,,,,,,,,,,,,,A - AUTOMÓVIL,DODGE,I10,VERACRUZ,BLANCO/VERDE,HECHO EN INDIA,MALA5NBEM373670,P - PARTICULAR,SI,25,HOMBRE,A,SI,VELOCIDAD INMODERADA,NO APLICA,2500,,,,,,,,,,,,,,,,,,,,,,
269,,,,,,,,,,,,,,,,,,,,,,,,,,A - AUTOMÓVIL,NISSAN,TSURU,VERACRUZ,ROJO/BLANCO,GA168476374,3NIEB3153CK322777,PE - PÚBLICO ESTATAL,SI,30,HOMBRE,,NO,,,3500,,,,,,,,,,,,,,,,,,,,,,